<?xml version='1.0' encoding='UTF-8' standalone='yes' ?><gpx creator="Samsung Health" xmlns:xsi="http://www.w3.org/2001/XMLSchema-instance" xmlns:schemaLocation="http://www.topografix.com/GPX/1/1 http://www.topografix.com/GPX/1/1/gpx.xsd http://www.garmin.com/xmlschemas/GpxExtensions/v3 http://www.garmin.com/xmlschemas/GpxExtensionsv3.xsd http://www.garmin.com/xmlschemas/TrackPointExtension/v1 http://www.garmin.com/xmlschemas/TrackPointExtensionv1.xsd" version="1.1" xmlns="http://www.topografix.com/GPX/1/1" xmlns:gpxtpx="http://www.garmin.com/xmlschemas/TrackPointExtension/v1" xmlns:gpxx="http://www.garmin.com/xmlschemas/GpxExtensions/v3"><metadata><link href="https://healthsync.app"><text>Health Sync</text></link><time>2026-05-01T07:40:38.394Z</time></metadata><trk><name>CYCLING</name><type>1</type><trkseg><trkpt lat="60.068596" lon="18.757484"><ele>16.868</ele><time>2026-05-01T07:41:19.710Z</time><extensions><gpxtpx:TrackPointExtension><gpxtpx:hr>109</gpxtpx:hr></gpxtpx:TrackPointExtension></extensions></trkpt><trkpt lat="60.06862" lon="18.75742"><ele>16.975</ele><time>2026-05-01T07:41:20.711Z</time><extensions><gpxtpx:TrackPointExtension><gpxtpx:hr>109</gpxtpx:hr></gpxtpx:TrackPointExtension></extensions></trkpt><trkpt lat="60.06863" lon="18.757355"><ele>17.074</ele><time>2026-05-01T07:41:21.712Z</time><extensions><gpxtpx:TrackPointExtension><gpxtpx:hr>110</gpxtpx:hr></gpxtpx:TrackPointExtension></extensions></trkpt><trkpt lat="60.068638" lon="18.757292"><ele>17.1</ele><time>2026-05-01T07:41:22.713Z</time><extensions><gpxtpx:TrackPointExtension><gpxtpx:hr>110</gpxtpx:hr></gpxtpx:TrackPointExtension></extensions></trkpt><trkpt lat="60.068645" lon="18.757223"><ele>17.093</ele><time>2026-05-01T07:41:23.722Z</time><extensions><gpxtpx:TrackPointExtension><gpxtpx:hr>110</gpxtpx:hr></gpxtpx:TrackPointExtension></extensions></trkpt><trkpt lat="60.068653" lon="18.757154"><ele>17.182</ele><time>2026-05-01T07:41:24.730Z</time><extensions><gpxtpx:TrackPointExtension><gpxtpx:hr>111</gpxtpx:hr></gpxtpx:TrackPointExtension></extensions></trkpt><trkpt lat="60.06866" lon="18.75709"><ele>17.387</ele><time>2026-05-01T07:41:25.740Z</time><extensions><gpxtpx:TrackPointExtension><gpxtpx:hr>112</gpxtpx:hr></gpxtpx:TrackPointExtension></extensions></trkpt><trkpt lat="60.06867" lon="18.757023"><ele>17.514</ele><time>2026-05-01T07:41:26.748Z</time><extensions><gpxtpx:TrackPointExtension><gpxtpx:hr>112</gpxtpx:hr></gpxtpx:TrackPointExtension></extensions></trkpt><trkpt lat="60.068676" lon="18.756956"><ele>17.608</ele><time>2026-05-01T07:41:27.757Z</time><extensions><gpxtpx:TrackPointExtension><gpxtpx:hr>112</gpxtpx:hr></gpxtpx:TrackPointExtension></extensions></trkpt><trkpt lat="60.068684" lon="18.75689"><ele>17.638</ele><time>2026-05-01T07:41:28.765Z</time><extensions><gpxtpx:TrackPointExtension><gpxtpx:hr>112</gpxtpx:hr></gpxtpx:TrackPointExtension></extensions></trkpt><trkpt lat="60.068695" lon="18.756823"><ele>17.653</ele><time>2026-05-01T07:41:29.775Z</time><extensions><gpxtpx:TrackPointExtension><gpxtpx:hr>112</gpxtpx:hr></gpxtpx:TrackPointExtension></extensions></trkpt><trkpt lat="60.068703" lon="18.756754"><ele>17.711</ele><time>2026-05-01T07:41:30.783Z</time><extensions><gpxtpx:TrackPointExtension><gpxtpx:hr>112</gpxtpx:hr></gpxtpx:TrackPointExtension></extensions></trkpt><trkpt lat="60.068714" lon="18.756685"><ele>17.793</ele><time>2026-05-01T07:41:31.792Z</time><extensions><gpxtpx:TrackPointExtension><gpxtpx:hr>111</gpxtpx:hr></gpxtpx:TrackPointExtension></extensions></trkpt><trkpt lat="60.068726" lon="18.75662"><ele>17.806</ele><time>2026-05-01T07:41:32.801Z</time><extensions><gpxtpx:TrackPointExtension><gpxtpx:hr>111</gpxtpx:hr></gpxtpx:TrackPointExtension></extensions></trkpt><trkpt lat="60.068737" lon="18.75655"><ele>17.956</ele><time>2026-05-01T07:41:33.810Z</time><extensions><gpxtpx:TrackPointExtension><gpxtpx:hr>111</gpxtpx:hr></gpxtpx:TrackPointExtension></extensions></trkpt><trkpt lat="60.06875" lon="18.756481"><ele>18.108</ele><time>2026-05-01T07:41:34.817Z</time><extensions><gpxtpx:TrackPointExtension><gpxtpx:hr>112</gpxtpx:hr></gpxtpx:TrackPointExtension></extensions></trkpt><trkpt lat="60.06876" lon="18.75641"><ele>18.347</ele><time>2026-05-01T07:41:35.827Z</time><extensions><gpxtpx:TrackPointExtension><gpxtpx:hr>112</gpxtpx:hr></gpxtpx:TrackPointExtension></extensions></trkpt><trkpt lat="60.06877" lon="18.756342"><ele>18.563</ele><time>2026-05-01T07:41:36.834Z</time><extensions><gpxtpx:TrackPointExtension><gpxtpx:hr>112</gpxtpx:hr></gpxtpx:TrackPointExtension></extensions></trkpt><trkpt lat="60.068783" lon="18.756275"><ele>18.823</ele><time>2026-05-01T07:41:37.843Z</time><extensions><gpxtpx:TrackPointExtension><gpxtpx:hr>111</gpxtpx:hr></gpxtpx:TrackPointExtension></extensions></trkpt><trkpt lat="60.06879" lon="18.756207"><ele>19.026</ele><time>2026-05-01T07:41:38.849Z</time><extensions><gpxtpx:TrackPointExtension><gpxtpx:hr>110</gpxtpx:hr></gpxtpx:TrackPointExtension></extensions></trkpt><trkpt lat="60.0688" lon="18.756144"><ele>10.621</ele><time>2026-05-01T07:41:39.858Z</time><extensions><gpxtpx:TrackPointExtension><gpxtpx:hr>109</gpxtpx:hr></gpxtpx:TrackPointExtension></extensions></trkpt><trkpt lat="60.068817" lon="18.756084"><ele>10.82</ele><time>2026-05-01T07:41:40.867Z</time><extensions><gpxtpx:TrackPointExtension><gpxtpx:hr>108</gpxtpx:hr></gpxtpx:TrackPointExtension></extensions></trkpt><trkpt lat="60.068832" lon="18.75603"><ele>10.982</ele><time>2026-05-01T07:41:41.874Z</time><extensions><gpxtpx:TrackPointExtension><gpxtpx:hr>107</gpxtpx:hr></gpxtpx:TrackPointExtension></extensions></trkpt><trkpt lat="60.068848" lon="18.755972"><ele>11.174</ele><time>2026-05-01T07:41:42.884Z</time><extensions><gpxtpx:TrackPointExtension><gpxtpx:hr>108</gpxtpx:hr></gpxtpx:TrackPointExtension></extensions></trkpt><trkpt lat="60.068867" lon="18.75593"><ele>11.482</ele><time>2026-05-01T07:41:43.893Z</time><extensions><gpxtpx:TrackPointExtension><gpxtpx:hr>110</gpxtpx:hr></gpxtpx:TrackPointExtension></extensions></trkpt><trkpt lat="60.06889" lon="18.75589"><ele>11.824</ele><time>2026-05-01T07:41:44.901Z</time><extensions><gpxtpx:TrackPointExtension><gpxtpx:hr>113</gpxtpx:hr></gpxtpx:TrackPointExtension></extensions></trkpt><trkpt lat="60.068913" lon="18.755857"><ele>12.18</ele><time>2026-05-01T07:41:45.911Z</time><extensions><gpxtpx:TrackPointExtension><gpxtpx:hr>116</gpxtpx:hr></gpxtpx:TrackPointExtension></extensions></trkpt><trkpt lat="60.068935" lon="18.755827"><ele>12.473</ele><time>2026-05-01T07:41:46.918Z</time><extensions><gpxtpx:TrackPointExtension><gpxtpx:hr>119</gpxtpx:hr></gpxtpx:TrackPointExtension></extensions></trkpt><trkpt lat="60.068962" lon="18.755795"><ele>12.617</ele><time>2026-05-01T07:41:47.927Z</time><extensions><gpxtpx:TrackPointExtension><gpxtpx:hr>121</gpxtpx:hr></gpxtpx:TrackPointExtension></extensions></trkpt><trkpt lat="60.06899" lon="18.755764"><ele>12.77</ele><time>2026-05-01T07:41:48.936Z</time><extensions><gpxtpx:TrackPointExtension><gpxtpx:hr>123</gpxtpx:hr></gpxtpx:TrackPointExtension></extensions></trkpt><trkpt lat="60.06901" lon="18.75573"><ele>12.923</ele><time>2026-05-01T07:41:49.946Z</time><extensions><gpxtpx:TrackPointExtension><gpxtpx:hr>125</gpxtpx:hr></gpxtpx:TrackPointExtension></extensions></trkpt><trkpt lat="60.069035" lon="18.755695"><ele>13.134</ele><time>2026-05-01T07:41:50.955Z</time><extensions><gpxtpx:TrackPointExtension><gpxtpx:hr>127</gpxtpx:hr></gpxtpx:TrackPointExtension></extensions></trkpt><trkpt lat="60.069057" lon="18.755661"><ele>13.274</ele><time>2026-05-01T07:41:51.964Z</time><extensions><gpxtpx:TrackPointExtension><gpxtpx:hr>128</gpxtpx:hr></gpxtpx:TrackPointExtension></extensions></trkpt><trkpt lat="60.069077" lon="18.755627"><ele>13.423</ele><time>2026-05-01T07:41:52.973Z</time><extensions><gpxtpx:TrackPointExtension><gpxtpx:hr>129</gpxtpx:hr></gpxtpx:TrackPointExtension></extensions></trkpt><trkpt lat="60.06909" lon="18.755596"><ele>13.564</ele><time>2026-05-01T07:41:53.982Z</time><extensions><gpxtpx:TrackPointExtension><gpxtpx:hr>130</gpxtpx:hr></gpxtpx:TrackPointExtension></extensions></trkpt><trkpt lat="60.069107" lon="18.75557"><ele>13.739</ele><time>2026-05-01T07:41:54.991Z</time><extensions><gpxtpx:TrackPointExtension><gpxtpx:hr>131</gpxtpx:hr></gpxtpx:TrackPointExtension></extensions></trkpt><trkpt lat="60.069122" lon="18.755539"><ele>13.956</ele><time>2026-05-01T07:41:56Z</time><extensions><gpxtpx:TrackPointExtension><gpxtpx:hr>132</gpxtpx:hr></gpxtpx:TrackPointExtension></extensions></trkpt><trkpt lat="60.06914" lon="18.755512"><ele>14.148</ele><time>2026-05-01T07:41:57.006Z</time><extensions><gpxtpx:TrackPointExtension><gpxtpx:hr>133</gpxtpx:hr></gpxtpx:TrackPointExtension></extensions></trkpt><trkpt lat="60.069153" lon="18.75549"><ele>14.3</ele><time>2026-05-01T07:41:58.015Z</time><extensions><gpxtpx:TrackPointExtension><gpxtpx:hr>133</gpxtpx:hr></gpxtpx:TrackPointExtension></extensions></trkpt><trkpt lat="60.06917" lon="18.755465"><ele>14.483</ele><time>2026-05-01T07:41:59.025Z</time></trkpt><trkpt lat="60.06919" lon="18.755436"><ele>14.587</ele><time>2026-05-01T07:42:00.033Z</time><extensions><gpxtpx:TrackPointExtension><gpxtpx:hr>134</gpxtpx:hr></gpxtpx:TrackPointExtension></extensions></trkpt><trkpt lat="60.069206" lon="18.755404"><ele>14.685</ele><time>2026-05-01T07:42:01.043Z</time><extensions><gpxtpx:TrackPointExtension><gpxtpx:hr>134</gpxtpx:hr></gpxtpx:TrackPointExtension></extensions></trkpt><trkpt lat="60.06922" lon="18.755379"><ele>14.868</ele><time>2026-05-01T07:42:02.049Z</time><extensions><gpxtpx:TrackPointExtension><gpxtpx:hr>133</gpxtpx:hr></gpxtpx:TrackPointExtension></extensions></trkpt><trkpt lat="60.069237" lon="18.755352"><ele>14.985</ele><time>2026-05-01T07:42:03.059Z</time><extensions><gpxtpx:TrackPointExtension><gpxtpx:hr>133</gpxtpx:hr></gpxtpx:TrackPointExtension></extensions></trkpt><trkpt lat="60.069252" lon="18.755325"><ele>15.083</ele><time>2026-05-01T07:42:04.067Z</time></trkpt><trkpt lat="60.06927" lon="18.755299"><ele>15.221</ele><time>2026-05-01T07:42:05.075Z</time><extensions><gpxtpx:TrackPointExtension><gpxtpx:hr>132</gpxtpx:hr></gpxtpx:TrackPointExtension></extensions></trkpt><trkpt lat="60.069286" lon="18.755278"><ele>15.359</ele><time>2026-05-01T07:42:06.084Z</time><extensions><gpxtpx:TrackPointExtension><gpxtpx:hr>132</gpxtpx:hr></gpxtpx:TrackPointExtension></extensions></trkpt><trkpt lat="60.0693" lon="18.755259"><ele>15.493</ele><time>2026-05-01T07:42:07.094Z</time><extensions><gpxtpx:TrackPointExtension><gpxtpx:hr>131</gpxtpx:hr></gpxtpx:TrackPointExtension></extensions></trkpt><trkpt lat="60.06932" lon="18.75524"><ele>15.709</ele><time>2026-05-01T07:42:08.102Z</time><extensions><gpxtpx:TrackPointExtension><gpxtpx:hr>131</gpxtpx:hr></gpxtpx:TrackPointExtension></extensions></trkpt><trkpt lat="60.069336" lon="18.755222"><ele>15.863</ele><time>2026-05-01T07:42:09.112Z</time></trkpt><trkpt lat="60.06935" lon="18.75521"><ele>16.107</ele><time>2026-05-01T07:42:10.119Z</time><extensions><gpxtpx:TrackPointExtension><gpxtpx:hr>133</gpxtpx:hr></gpxtpx:TrackPointExtension></extensions></trkpt><trkpt lat="60.06937" lon="18.755201"><ele>16.239</ele><time>2026-05-01T07:42:11.128Z</time><extensions><gpxtpx:TrackPointExtension><gpxtpx:hr>134</gpxtpx:hr></gpxtpx:TrackPointExtension></extensions></trkpt><trkpt lat="60.069386" lon="18.75519"><ele>16.223</ele><time>2026-05-01T07:42:12.137Z</time><extensions><gpxtpx:TrackPointExtension><gpxtpx:hr>134</gpxtpx:hr></gpxtpx:TrackPointExtension></extensions></trkpt><trkpt lat="60.069393" lon="18.755175"><ele>16.206</ele><time>2026-05-01T07:42:13.146Z</time><extensions><gpxtpx:TrackPointExtension><gpxtpx:hr>134</gpxtpx:hr></gpxtpx:TrackPointExtension></extensions></trkpt><trkpt lat="60.069397" lon="18.75516"><ele>16.189</ele><time>2026-05-01T07:42:14.155Z</time></trkpt><trkpt lat="60.069397" lon="18.755148"><ele>16.051</ele><time>2026-05-01T07:42:15.161Z</time><extensions><gpxtpx:TrackPointExtension><gpxtpx:hr>136</gpxtpx:hr></gpxtpx:TrackPointExtension></extensions></trkpt><trkpt lat="60.069393" lon="18.75514"><ele>15.941</ele><time>2026-05-01T07:42:16.160Z</time><extensions><gpxtpx:TrackPointExtension><gpxtpx:hr>136</gpxtpx:hr></gpxtpx:TrackPointExtension></extensions></trkpt><trkpt lat="60.069386" lon="18.755136"><ele>15.974</ele><time>2026-05-01T07:42:17.161Z</time><extensions><gpxtpx:TrackPointExtension><gpxtpx:hr>136</gpxtpx:hr></gpxtpx:TrackPointExtension></extensions></trkpt><trkpt lat="60.069378" lon="18.755138"><ele>15.911</ele><time>2026-05-01T07:42:18.159Z</time><extensions><gpxtpx:TrackPointExtension><gpxtpx:hr>137</gpxtpx:hr></gpxtpx:TrackPointExtension></extensions></trkpt><trkpt lat="60.069366" lon="18.755144"><ele>15.904</ele><time>2026-05-01T07:42:19.166Z</time></trkpt><trkpt lat="60.06936" lon="18.755148"><ele>15.965</ele><time>2026-05-01T07:42:20.175Z</time><extensions><gpxtpx:TrackPointExtension><gpxtpx:hr>137</gpxtpx:hr></gpxtpx:TrackPointExtension></extensions></trkpt><trkpt lat="60.069347" lon="18.755157"><ele>16.05</ele><time>2026-05-01T07:42:21.185Z</time><extensions><gpxtpx:TrackPointExtension><gpxtpx:hr>136</gpxtpx:hr></gpxtpx:TrackPointExtension></extensions></trkpt><trkpt lat="60.06934" lon="18.75517"><ele>16.246</ele><time>2026-05-01T07:42:22.193Z</time><extensions><gpxtpx:TrackPointExtension><gpxtpx:hr>135</gpxtpx:hr></gpxtpx:TrackPointExtension></extensions></trkpt><trkpt lat="60.069332" lon="18.755188"><ele>16.463</ele><time>2026-05-01T07:42:23.203Z</time><extensions><gpxtpx:TrackPointExtension><gpxtpx:hr>134</gpxtpx:hr></gpxtpx:TrackPointExtension></extensions></trkpt><trkpt lat="60.06932" lon="18.755209"><ele>16.388</ele><time>2026-05-01T07:42:24.212Z</time></trkpt><trkpt lat="60.069313" lon="18.755232"><ele>16.234</ele><time>2026-05-01T07:42:25.222Z</time><extensions><gpxtpx:TrackPointExtension><gpxtpx:hr>133</gpxtpx:hr></gpxtpx:TrackPointExtension></extensions></trkpt><trkpt lat="60.0693" lon="18.755255"><ele>16.002</ele><time>2026-05-01T07:42:26.229Z</time><extensions><gpxtpx:TrackPointExtension><gpxtpx:hr>133</gpxtpx:hr></gpxtpx:TrackPointExtension></extensions></trkpt><trkpt lat="60.069294" lon="18.755276"><ele>16.016</ele><time>2026-05-01T07:42:27.237Z</time><extensions><gpxtpx:TrackPointExtension><gpxtpx:hr>134</gpxtpx:hr></gpxtpx:TrackPointExtension></extensions></trkpt><trkpt lat="60.069283" lon="18.755297"><ele>15.989</ele><time>2026-05-01T07:42:28.245Z</time></trkpt><trkpt lat="60.06927" lon="18.75532"><ele>15.86</ele><time>2026-05-01T07:42:29.254Z</time></trkpt><trkpt lat="60.069256" lon="18.755342"><ele>15.79</ele><time>2026-05-01T07:42:30.262Z</time><extensions><gpxtpx:TrackPointExtension><gpxtpx:hr>135</gpxtpx:hr></gpxtpx:TrackPointExtension></extensions></trkpt><trkpt lat="60.06925" lon="18.755365"><ele>15.787</ele><time>2026-05-01T07:42:31.272Z</time><extensions><gpxtpx:TrackPointExtension><gpxtpx:hr>135</gpxtpx:hr></gpxtpx:TrackPointExtension></extensions></trkpt><trkpt lat="60.069233" lon="18.755392"><ele>15.406</ele><time>2026-05-01T07:42:32.281Z</time><extensions><gpxtpx:TrackPointExtension><gpxtpx:hr>135</gpxtpx:hr></gpxtpx:TrackPointExtension></extensions></trkpt><trkpt lat="60.06922" lon="18.755417"><ele>15.154</ele><time>2026-05-01T07:42:33.290Z</time><extensions><gpxtpx:TrackPointExtension><gpxtpx:hr>134</gpxtpx:hr></gpxtpx:TrackPointExtension></extensions></trkpt><trkpt lat="60.069206" lon="18.755444"><ele>14.969</ele><time>2026-05-01T07:42:34.297Z</time></trkpt><trkpt lat="60.069187" lon="18.75547"><ele>14.685</ele><time>2026-05-01T07:42:35.306Z</time><extensions><gpxtpx:TrackPointExtension><gpxtpx:hr>130</gpxtpx:hr></gpxtpx:TrackPointExtension></extensions></trkpt><trkpt lat="60.069168" lon="18.755499"><ele>14.364</ele><time>2026-05-01T07:42:36.316Z</time><extensions><gpxtpx:TrackPointExtension><gpxtpx:hr>128</gpxtpx:hr></gpxtpx:TrackPointExtension></extensions></trkpt><trkpt lat="60.06915" lon="18.755526"><ele>14.214</ele><time>2026-05-01T07:42:37.325Z</time><extensions><gpxtpx:TrackPointExtension><gpxtpx:hr>127</gpxtpx:hr></gpxtpx:TrackPointExtension></extensions></trkpt><trkpt lat="60.069126" lon="18.755558"><ele>14.059</ele><time>2026-05-01T07:42:38.327Z</time><extensions><gpxtpx:TrackPointExtension><gpxtpx:hr>126</gpxtpx:hr></gpxtpx:TrackPointExtension></extensions></trkpt><trkpt lat="60.069103" lon="18.755596"><ele>14.157</ele><time>2026-05-01T07:42:39.328Z</time></trkpt><trkpt lat="60.069073" lon="18.75564"><ele>13.831</ele><time>2026-05-01T07:42:40.333Z</time><extensions><gpxtpx:TrackPointExtension><gpxtpx:hr>124</gpxtpx:hr></gpxtpx:TrackPointExtension></extensions></trkpt><trkpt lat="60.069046" lon="18.755686"><ele>13.445</ele><time>2026-05-01T07:42:41.336Z</time><extensions><gpxtpx:TrackPointExtension><gpxtpx:hr>123</gpxtpx:hr></gpxtpx:TrackPointExtension></extensions></trkpt><trkpt lat="60.06901" lon="18.755728"><ele>13.327</ele><time>2026-05-01T07:42:42.345Z</time><extensions><gpxtpx:TrackPointExtension><gpxtpx:hr>122</gpxtpx:hr></gpxtpx:TrackPointExtension></extensions></trkpt><trkpt lat="60.06898" lon="18.755764"><ele>12.998</ele><time>2026-05-01T07:42:43.353Z</time><extensions><gpxtpx:TrackPointExtension><gpxtpx:hr>121</gpxtpx:hr></gpxtpx:TrackPointExtension></extensions></trkpt><trkpt lat="60.068947" lon="18.755798"><ele>12.819</ele><time>2026-05-01T07:42:44.363Z</time></trkpt><trkpt lat="60.068913" lon="18.75583"><ele>12.347</ele><time>2026-05-01T07:42:45.373Z</time><extensions><gpxtpx:TrackPointExtension><gpxtpx:hr>120</gpxtpx:hr></gpxtpx:TrackPointExtension></extensions></trkpt><trkpt lat="60.06887" lon="18.755867"><ele>12.287</ele><time>2026-05-01T07:42:46.382Z</time><extensions><gpxtpx:TrackPointExtension><gpxtpx:hr>120</gpxtpx:hr></gpxtpx:TrackPointExtension></extensions></trkpt><trkpt lat="60.068832" lon="18.755909"><ele>12.426</ele><time>2026-05-01T07:42:47.391Z</time><extensions><gpxtpx:TrackPointExtension><gpxtpx:hr>121</gpxtpx:hr></gpxtpx:TrackPointExtension></extensions></trkpt><trkpt lat="60.0688" lon="18.755964"><ele>11.981</ele><time>2026-05-01T07:42:48.398Z</time></trkpt><trkpt lat="60.068775" lon="18.756027"><ele>11.666</ele><time>2026-05-01T07:42:49.405Z</time><extensions><gpxtpx:TrackPointExtension><gpxtpx:hr>121</gpxtpx:hr></gpxtpx:TrackPointExtension></extensions></trkpt><trkpt lat="60.068752" lon="18.7561"><ele>11.315</ele><time>2026-05-01T07:42:50.414Z</time><extensions><gpxtpx:TrackPointExtension><gpxtpx:hr>120</gpxtpx:hr></gpxtpx:TrackPointExtension></extensions></trkpt><trkpt lat="60.068737" lon="18.756182"><ele>10.902</ele><time>2026-05-01T07:42:51.423Z</time><extensions><gpxtpx:TrackPointExtension><gpxtpx:hr>119</gpxtpx:hr></gpxtpx:TrackPointExtension></extensions></trkpt><trkpt lat="60.068726" lon="18.75626"><ele>10.852</ele><time>2026-05-01T07:42:52.433Z</time><extensions><gpxtpx:TrackPointExtension><gpxtpx:hr>118</gpxtpx:hr></gpxtpx:TrackPointExtension></extensions></trkpt><trkpt lat="60.068718" lon="18.756344"><ele>10.964</ele><time>2026-05-01T07:42:53.441Z</time></trkpt><trkpt lat="60.068714" lon="18.756428"><ele>11.003</ele><time>2026-05-01T07:42:54.448Z</time><extensions><gpxtpx:TrackPointExtension><gpxtpx:hr>118</gpxtpx:hr></gpxtpx:TrackPointExtension></extensions></trkpt><trkpt lat="60.068714" lon="18.756517"><ele>11.141</ele><time>2026-05-01T07:42:55.448Z</time></trkpt><trkpt lat="60.068714" lon="18.756609"><ele>11.071</ele><time>2026-05-01T07:42:56.446Z</time><extensions><gpxtpx:TrackPointExtension><gpxtpx:hr>118</gpxtpx:hr></gpxtpx:TrackPointExtension></extensions></trkpt><trkpt lat="60.068707" lon="18.756706"><ele>10.876</ele><time>2026-05-01T07:42:57.455Z</time><extensions><gpxtpx:TrackPointExtension><gpxtpx:hr>118</gpxtpx:hr></gpxtpx:TrackPointExtension></extensions></trkpt><trkpt lat="60.068703" lon="18.756802"><ele>10.455</ele><time>2026-05-01T07:42:58.464Z</time></trkpt><trkpt lat="60.06869" lon="18.756903"><ele>10.267</ele><time>2026-05-01T07:42:59.473Z</time><extensions><gpxtpx:TrackPointExtension><gpxtpx:hr>119</gpxtpx:hr></gpxtpx:TrackPointExtension></extensions></trkpt><trkpt lat="60.06868" lon="18.757006"><ele>9.891</ele><time>2026-05-01T07:43:00.482Z</time><extensions><gpxtpx:TrackPointExtension><gpxtpx:hr>120</gpxtpx:hr></gpxtpx:TrackPointExtension></extensions></trkpt><trkpt lat="60.06867" lon="18.757109"><ele>9.585</ele><time>2026-05-01T07:43:01.489Z</time><extensions><gpxtpx:TrackPointExtension><gpxtpx:hr>120</gpxtpx:hr></gpxtpx:TrackPointExtension></extensions></trkpt><trkpt lat="60.068657" lon="18.757206"><ele>9.892</ele><time>2026-05-01T07:43:02.497Z</time><extensions><gpxtpx:TrackPointExtension><gpxtpx:hr>119</gpxtpx:hr></gpxtpx:TrackPointExtension></extensions></trkpt><trkpt lat="60.06865" lon="18.757301"><ele>10.084</ele><time>2026-05-01T07:43:03.505Z</time><extensions><gpxtpx:TrackPointExtension><gpxtpx:hr>119</gpxtpx:hr></gpxtpx:TrackPointExtension></extensions></trkpt><trkpt lat="60.068638" lon="18.757393"><ele>10.197</ele><time>2026-05-01T07:43:04.514Z</time><extensions><gpxtpx:TrackPointExtension><gpxtpx:hr>119</gpxtpx:hr></gpxtpx:TrackPointExtension></extensions></trkpt><trkpt lat="60.06863" lon="18.757479"><ele>9.797</ele><time>2026-05-01T07:43:05.525Z</time><extensions><gpxtpx:TrackPointExtension><gpxtpx:hr>118</gpxtpx:hr></gpxtpx:TrackPointExtension></extensions></trkpt><trkpt lat="60.068623" lon="18.757568"><ele>9.372</ele><time>2026-05-01T07:43:06.534Z</time><extensions><gpxtpx:TrackPointExtension><gpxtpx:hr>117</gpxtpx:hr></gpxtpx:TrackPointExtension></extensions></trkpt><trkpt lat="60.068615" lon="18.757648"><ele>9.167</ele><time>2026-05-01T07:43:07.542Z</time><extensions><gpxtpx:TrackPointExtension><gpxtpx:hr>116</gpxtpx:hr></gpxtpx:TrackPointExtension></extensions></trkpt><trkpt lat="60.068607" lon="18.757729"><ele>8.932</ele><time>2026-05-01T07:43:08.548Z</time><extensions><gpxtpx:TrackPointExtension><gpxtpx:hr>114</gpxtpx:hr></gpxtpx:TrackPointExtension></extensions></trkpt><trkpt lat="60.0686" lon="18.75781"><ele>8.523</ele><time>2026-05-01T07:43:09.557Z</time><extensions><gpxtpx:TrackPointExtension><gpxtpx:hr>112</gpxtpx:hr></gpxtpx:TrackPointExtension></extensions></trkpt><trkpt lat="60.06859" lon="18.757893"><ele>8.43</ele><time>2026-05-01T07:43:10.566Z</time><extensions><gpxtpx:TrackPointExtension><gpxtpx:hr>109</gpxtpx:hr></gpxtpx:TrackPointExtension></extensions></trkpt><trkpt lat="60.06858" lon="18.757973"><ele>8.496</ele><time>2026-05-01T07:43:11.575Z</time><extensions><gpxtpx:TrackPointExtension><gpxtpx:hr>107</gpxtpx:hr></gpxtpx:TrackPointExtension></extensions></trkpt><trkpt lat="60.068573" lon="18.758055"><ele>8.263</ele><time>2026-05-01T07:43:12.583Z</time><extensions><gpxtpx:TrackPointExtension><gpxtpx:hr>106</gpxtpx:hr></gpxtpx:TrackPointExtension></extensions></trkpt><trkpt lat="60.06856" lon="18.758135"><ele>8.034</ele><time>2026-05-01T07:43:13.592Z</time><extensions><gpxtpx:TrackPointExtension><gpxtpx:hr>105</gpxtpx:hr></gpxtpx:TrackPointExtension></extensions></trkpt><trkpt lat="60.068554" lon="18.758219"><ele>7.991</ele><time>2026-05-01T07:43:14.599Z</time><extensions><gpxtpx:TrackPointExtension><gpxtpx:hr>103</gpxtpx:hr></gpxtpx:TrackPointExtension></extensions></trkpt><trkpt lat="60.068542" lon="18.758303"><ele>7.661</ele><time>2026-05-01T07:43:15.608Z</time><extensions><gpxtpx:TrackPointExtension><gpxtpx:hr>102</gpxtpx:hr></gpxtpx:TrackPointExtension></extensions></trkpt><trkpt lat="60.06853" lon="18.758387"><ele>7.407</ele><time>2026-05-01T07:43:16.617Z</time><extensions><gpxtpx:TrackPointExtension><gpxtpx:hr>102</gpxtpx:hr></gpxtpx:TrackPointExtension></extensions></trkpt><trkpt lat="60.06852" lon="18.75847"><ele>7.23</ele><time>2026-05-01T07:43:17.626Z</time><extensions><gpxtpx:TrackPointExtension><gpxtpx:hr>102</gpxtpx:hr></gpxtpx:TrackPointExtension></extensions></trkpt><trkpt lat="60.068512" lon="18.758554"><ele>7.152</ele><time>2026-05-01T07:43:18.634Z</time><extensions><gpxtpx:TrackPointExtension><gpxtpx:hr>102</gpxtpx:hr></gpxtpx:TrackPointExtension></extensions></trkpt><trkpt lat="60.068497" lon="18.758642"><ele>6.724</ele><time>2026-05-01T07:43:19.643Z</time><extensions><gpxtpx:TrackPointExtension><gpxtpx:hr>103</gpxtpx:hr></gpxtpx:TrackPointExtension></extensions></trkpt><trkpt lat="60.06848" lon="18.75873"><ele>6.407</ele><time>2026-05-01T07:43:20.649Z</time><extensions><gpxtpx:TrackPointExtension><gpxtpx:hr>102</gpxtpx:hr></gpxtpx:TrackPointExtension></extensions></trkpt><trkpt lat="60.06847" lon="18.75883"><ele>5.906</ele><time>2026-05-01T07:43:21.658Z</time><extensions><gpxtpx:TrackPointExtension><gpxtpx:hr>102</gpxtpx:hr></gpxtpx:TrackPointExtension></extensions></trkpt><trkpt lat="60.068455" lon="18.758926"><ele>5.612</ele><time>2026-05-01T07:43:22.670Z</time><extensions><gpxtpx:TrackPointExtension><gpxtpx:hr>102</gpxtpx:hr></gpxtpx:TrackPointExtension></extensions></trkpt><trkpt lat="60.068443" lon="18.75903"><ele>5.163</ele><time>2026-05-01T07:43:23.677Z</time><extensions><gpxtpx:TrackPointExtension><gpxtpx:hr>102</gpxtpx:hr></gpxtpx:TrackPointExtension></extensions></trkpt><trkpt lat="60.068436" lon="18.75914"><ele>5.222</ele><time>2026-05-01T07:43:24.685Z</time><extensions><gpxtpx:TrackPointExtension><gpxtpx:hr>102</gpxtpx:hr></gpxtpx:TrackPointExtension></extensions></trkpt><trkpt lat="60.068424" lon="18.759249"><ele>5.068</ele><time>2026-05-01T07:43:25.694Z</time><extensions><gpxtpx:TrackPointExtension><gpxtpx:hr>102</gpxtpx:hr></gpxtpx:TrackPointExtension></extensions></trkpt><trkpt lat="60.068413" lon="18.759356"><ele>4.652</ele><time>2026-05-01T07:43:26.702Z</time><extensions><gpxtpx:TrackPointExtension><gpxtpx:hr>102</gpxtpx:hr></gpxtpx:TrackPointExtension></extensions></trkpt><trkpt lat="60.0684" lon="18.75946"><ele>4.417</ele><time>2026-05-01T07:43:27.709Z</time><extensions><gpxtpx:TrackPointExtension><gpxtpx:hr>103</gpxtpx:hr></gpxtpx:TrackPointExtension></extensions></trkpt><trkpt lat="60.06839" lon="18.759567"><ele>4.896</ele><time>2026-05-01T07:43:28.717Z</time><extensions><gpxtpx:TrackPointExtension><gpxtpx:hr>104</gpxtpx:hr></gpxtpx:TrackPointExtension></extensions></trkpt><trkpt lat="60.068382" lon="18.759666"><ele>4.765</ele><time>2026-05-01T07:43:29.726Z</time><extensions><gpxtpx:TrackPointExtension><gpxtpx:hr>104</gpxtpx:hr></gpxtpx:TrackPointExtension></extensions></trkpt><trkpt lat="60.068375" lon="18.759766"><ele>4.312</ele><time>2026-05-01T07:43:30.733Z</time><extensions><gpxtpx:TrackPointExtension><gpxtpx:hr>104</gpxtpx:hr></gpxtpx:TrackPointExtension></extensions></trkpt><trkpt lat="60.068367" lon="18.75985"><ele>3.98</ele><time>2026-05-01T07:43:31.742Z</time><extensions><gpxtpx:TrackPointExtension><gpxtpx:hr>103</gpxtpx:hr></gpxtpx:TrackPointExtension></extensions></trkpt><trkpt lat="60.068363" lon="18.759926"><ele>3.633</ele><time>2026-05-01T07:43:32.749Z</time><extensions><gpxtpx:TrackPointExtension><gpxtpx:hr>102</gpxtpx:hr></gpxtpx:TrackPointExtension></extensions></trkpt><trkpt lat="60.068363" lon="18.759985"><ele>3.392</ele><time>2026-05-01T07:43:33.758Z</time><extensions><gpxtpx:TrackPointExtension><gpxtpx:hr>101</gpxtpx:hr></gpxtpx:TrackPointExtension></extensions></trkpt><trkpt lat="60.06837" lon="18.760025"><ele>3.186</ele><time>2026-05-01T07:43:34.767Z</time><extensions><gpxtpx:TrackPointExtension><gpxtpx:hr>100</gpxtpx:hr></gpxtpx:TrackPointExtension></extensions></trkpt><trkpt lat="60.068382" lon="18.760052"><ele>2.964</ele><time>2026-05-01T07:43:35.776Z</time><extensions><gpxtpx:TrackPointExtension><gpxtpx:hr>99</gpxtpx:hr></gpxtpx:TrackPointExtension></extensions></trkpt><trkpt lat="60.068398" lon="18.760067"><ele>3.009</ele><time>2026-05-01T07:43:36.785Z</time><extensions><gpxtpx:TrackPointExtension><gpxtpx:hr>100</gpxtpx:hr></gpxtpx:TrackPointExtension></extensions></trkpt><trkpt lat="60.06841" lon="18.760073"><ele>3.031</ele><time>2026-05-01T07:43:37.794Z</time><extensions><gpxtpx:TrackPointExtension><gpxtpx:hr>100</gpxtpx:hr></gpxtpx:TrackPointExtension></extensions></trkpt><trkpt lat="60.068417" lon="18.760078"><ele>2.946</ele><time>2026-05-01T07:43:38.803Z</time><extensions><gpxtpx:TrackPointExtension><gpxtpx:hr>100</gpxtpx:hr></gpxtpx:TrackPointExtension></extensions></trkpt><trkpt lat="60.068413" lon="18.760088"><ele>2.898</ele><time>2026-05-01T07:43:39.812Z</time><extensions><gpxtpx:TrackPointExtension><gpxtpx:hr>100</gpxtpx:hr></gpxtpx:TrackPointExtension></extensions></trkpt><trkpt lat="60.0684" lon="18.760109"><ele>2.905</ele><time>2026-05-01T07:43:40.821Z</time><extensions><gpxtpx:TrackPointExtension><gpxtpx:hr>100</gpxtpx:hr></gpxtpx:TrackPointExtension></extensions></trkpt><trkpt lat="60.068386" lon="18.76014"><ele>2.861</ele><time>2026-05-01T07:43:41.828Z</time><extensions><gpxtpx:TrackPointExtension><gpxtpx:hr>99</gpxtpx:hr></gpxtpx:TrackPointExtension></extensions></trkpt><trkpt lat="60.068367" lon="18.760172"><ele>2.86</ele><time>2026-05-01T07:46:25.675Z</time><extensions><gpxtpx:TrackPointExtension><gpxtpx:hr>102</gpxtpx:hr></gpxtpx:TrackPointExtension></extensions></trkpt><trkpt lat="60.068344" lon="18.760214"><ele>2.71</ele><time>2026-05-01T07:46:26.674Z</time><extensions><gpxtpx:TrackPointExtension><gpxtpx:hr>102</gpxtpx:hr></gpxtpx:TrackPointExtension></extensions></trkpt><trkpt lat="60.068325" lon="18.760265"><ele>2.794</ele><time>2026-05-01T07:46:27.675Z</time><extensions><gpxtpx:TrackPointExtension><gpxtpx:hr>102</gpxtpx:hr></gpxtpx:TrackPointExtension></extensions></trkpt><trkpt lat="60.06831" lon="18.760323"><ele>2.782</ele><time>2026-05-01T07:46:28.673Z</time><extensions><gpxtpx:TrackPointExtension><gpxtpx:hr>101</gpxtpx:hr></gpxtpx:TrackPointExtension></extensions></trkpt><trkpt lat="60.0683" lon="18.760387"><ele>2.917</ele><time>2026-05-01T07:46:29.673Z</time><extensions><gpxtpx:TrackPointExtension><gpxtpx:hr>99</gpxtpx:hr></gpxtpx:TrackPointExtension></extensions></trkpt><trkpt lat="60.06829" lon="18.760458"><ele>2.992</ele><time>2026-05-01T07:46:30.672Z</time><extensions><gpxtpx:TrackPointExtension><gpxtpx:hr>99</gpxtpx:hr></gpxtpx:TrackPointExtension></extensions></trkpt><trkpt lat="60.068283" lon="18.76053"><ele>2.982</ele><time>2026-05-01T07:46:31.673Z</time><extensions><gpxtpx:TrackPointExtension><gpxtpx:hr>100</gpxtpx:hr></gpxtpx:TrackPointExtension></extensions></trkpt><trkpt lat="60.068275" lon="18.760605"><ele>2.891</ele><time>2026-05-01T07:46:32.673Z</time><extensions><gpxtpx:TrackPointExtension><gpxtpx:hr>101</gpxtpx:hr></gpxtpx:TrackPointExtension></extensions></trkpt><trkpt lat="60.068268" lon="18.760677"><ele>2.844</ele><time>2026-05-01T07:46:33.674Z</time><extensions><gpxtpx:TrackPointExtension><gpxtpx:hr>102</gpxtpx:hr></gpxtpx:TrackPointExtension></extensions></trkpt><trkpt lat="60.068256" lon="18.760736"><ele>2.565</ele><time>2026-05-01T07:46:34.674Z</time><extensions><gpxtpx:TrackPointExtension><gpxtpx:hr>102</gpxtpx:hr></gpxtpx:TrackPointExtension></extensions></trkpt><trkpt lat="60.06825" lon="18.760794"><ele>2.354</ele><time>2026-05-01T07:46:35.675Z</time><extensions><gpxtpx:TrackPointExtension><gpxtpx:hr>102</gpxtpx:hr></gpxtpx:TrackPointExtension></extensions></trkpt><trkpt lat="60.068253" lon="18.760853"><ele>2.422</ele><time>2026-05-01T07:46:36.676Z</time><extensions><gpxtpx:TrackPointExtension><gpxtpx:hr>102</gpxtpx:hr></gpxtpx:TrackPointExtension></extensions></trkpt><trkpt lat="60.068264" lon="18.760904"><ele>2.322</ele><time>2026-05-01T07:46:37.677Z</time><extensions><gpxtpx:TrackPointExtension><gpxtpx:hr>101</gpxtpx:hr></gpxtpx:TrackPointExtension></extensions></trkpt><trkpt lat="60.06828" lon="18.760954"><ele>2.234</ele><time>2026-05-01T07:46:38.677Z</time><extensions><gpxtpx:TrackPointExtension><gpxtpx:hr>101</gpxtpx:hr></gpxtpx:TrackPointExtension></extensions></trkpt><trkpt lat="60.068302" lon="18.760986"><ele>2.15</ele><time>2026-05-01T07:46:39.679Z</time></trkpt><trkpt lat="60.068333" lon="18.761013"><ele>1.895</ele><time>2026-05-01T07:46:40.678Z</time></trkpt><trkpt lat="60.068367" lon="18.761034"><ele>1.698</ele><time>2026-05-01T07:46:41.683Z</time></trkpt><trkpt lat="60.068405" lon="18.761055"><ele>1.652</ele><time>2026-05-01T07:46:42.689Z</time><extensions><gpxtpx:TrackPointExtension><gpxtpx:hr>101</gpxtpx:hr></gpxtpx:TrackPointExtension></extensions></trkpt><trkpt lat="60.068447" lon="18.761078"><ele>1.646</ele><time>2026-05-01T07:46:43.698Z</time><extensions><gpxtpx:TrackPointExtension><gpxtpx:hr>101</gpxtpx:hr></gpxtpx:TrackPointExtension></extensions></trkpt><trkpt lat="60.068493" lon="18.761103"><ele>1.42</ele><time>2026-05-01T07:46:44.706Z</time></trkpt><trkpt lat="60.06854" lon="18.761126"><ele>1.135</ele><time>2026-05-01T07:46:45.715Z</time></trkpt><trkpt lat="60.068584" lon="18.76115"><ele>0.861</ele><time>2026-05-01T07:46:46.724Z</time><extensions><gpxtpx:TrackPointExtension><gpxtpx:hr>100</gpxtpx:hr></gpxtpx:TrackPointExtension></extensions></trkpt><trkpt lat="60.068634" lon="18.761173"><ele>0.721</ele><time>2026-05-01T07:46:47.733Z</time><extensions><gpxtpx:TrackPointExtension><gpxtpx:hr>99</gpxtpx:hr></gpxtpx:TrackPointExtension></extensions></trkpt><trkpt lat="60.06868" lon="18.7612"><ele>0.474</ele><time>2026-05-01T07:46:48.740Z</time><extensions><gpxtpx:TrackPointExtension><gpxtpx:hr>99</gpxtpx:hr></gpxtpx:TrackPointExtension></extensions></trkpt><trkpt lat="60.068726" lon="18.76123"><ele>0.204</ele><time>2026-05-01T07:46:49.750Z</time><extensions><gpxtpx:TrackPointExtension><gpxtpx:hr>98</gpxtpx:hr></gpxtpx:TrackPointExtension></extensions></trkpt><trkpt lat="60.068775" lon="18.761261"><ele>-0.05</ele><time>2026-05-01T07:46:50.757Z</time></trkpt><trkpt lat="60.06882" lon="18.761284"><ele>-0.094</ele><time>2026-05-01T07:46:51.766Z</time><extensions><gpxtpx:TrackPointExtension><gpxtpx:hr>97</gpxtpx:hr></gpxtpx:TrackPointExtension></extensions></trkpt><trkpt lat="60.068867" lon="18.76131"><ele>-0.277</ele><time>2026-05-01T07:46:52.774Z</time><extensions><gpxtpx:TrackPointExtension><gpxtpx:hr>96</gpxtpx:hr></gpxtpx:TrackPointExtension></extensions></trkpt><trkpt lat="60.068916" lon="18.761335"><ele>-0.436</ele><time>2026-05-01T07:46:53.781Z</time><extensions><gpxtpx:TrackPointExtension><gpxtpx:hr>96</gpxtpx:hr></gpxtpx:TrackPointExtension></extensions></trkpt><trkpt lat="60.068962" lon="18.76136"><ele>-0.642</ele><time>2026-05-01T07:46:54.789Z</time><extensions><gpxtpx:TrackPointExtension><gpxtpx:hr>96</gpxtpx:hr></gpxtpx:TrackPointExtension></extensions></trkpt><trkpt lat="60.06901" lon="18.761396"><ele>-0.777</ele><time>2026-05-01T07:46:55.799Z</time><extensions><gpxtpx:TrackPointExtension><gpxtpx:hr>96</gpxtpx:hr></gpxtpx:TrackPointExtension></extensions></trkpt><trkpt lat="60.06906" lon="18.76143"><ele>-0.776</ele><time>2026-05-01T07:46:56.807Z</time><extensions><gpxtpx:TrackPointExtension><gpxtpx:hr>96</gpxtpx:hr></gpxtpx:TrackPointExtension></extensions></trkpt><trkpt lat="60.069107" lon="18.761473"><ele>-0.814</ele><time>2026-05-01T07:46:57.816Z</time><extensions><gpxtpx:TrackPointExtension><gpxtpx:hr>96</gpxtpx:hr></gpxtpx:TrackPointExtension></extensions></trkpt><trkpt lat="60.069153" lon="18.761513"><ele>-0.81</ele><time>2026-05-01T07:46:58.825Z</time><extensions><gpxtpx:TrackPointExtension><gpxtpx:hr>96</gpxtpx:hr></gpxtpx:TrackPointExtension></extensions></trkpt><trkpt lat="60.069202" lon="18.761547"><ele>-0.856</ele><time>2026-05-01T07:46:59.831Z</time><extensions><gpxtpx:TrackPointExtension><gpxtpx:hr>96</gpxtpx:hr></gpxtpx:TrackPointExtension></extensions></trkpt><trkpt lat="60.06925" lon="18.76158"><ele>-0.822</ele><time>2026-05-01T07:47:00.839Z</time><extensions><gpxtpx:TrackPointExtension><gpxtpx:hr>96</gpxtpx:hr></gpxtpx:TrackPointExtension></extensions></trkpt><trkpt lat="60.069294" lon="18.761599"><ele>-0.803</ele><time>2026-05-01T07:47:01.847Z</time><extensions><gpxtpx:TrackPointExtension><gpxtpx:hr>96</gpxtpx:hr></gpxtpx:TrackPointExtension></extensions></trkpt><trkpt lat="60.06934" lon="18.761618"><ele>-0.778</ele><time>2026-05-01T07:47:02.854Z</time><extensions><gpxtpx:TrackPointExtension><gpxtpx:hr>95</gpxtpx:hr></gpxtpx:TrackPointExtension></extensions></trkpt><trkpt lat="60.06938" lon="18.761639"><ele>-0.812</ele><time>2026-05-01T07:47:03.860Z</time><extensions><gpxtpx:TrackPointExtension><gpxtpx:hr>94</gpxtpx:hr></gpxtpx:TrackPointExtension></extensions></trkpt><trkpt lat="60.069427" lon="18.761667"><ele>-0.812</ele><time>2026-05-01T07:47:04.869Z</time><extensions><gpxtpx:TrackPointExtension><gpxtpx:hr>94</gpxtpx:hr></gpxtpx:TrackPointExtension></extensions></trkpt><trkpt lat="60.069466" lon="18.761703"><ele>-0.797</ele><time>2026-05-01T07:47:05.877Z</time><extensions><gpxtpx:TrackPointExtension><gpxtpx:hr>93</gpxtpx:hr></gpxtpx:TrackPointExtension></extensions></trkpt><trkpt lat="60.069504" lon="18.76174"><ele>-0.724</ele><time>2026-05-01T07:47:06.886Z</time><extensions><gpxtpx:TrackPointExtension><gpxtpx:hr>93</gpxtpx:hr></gpxtpx:TrackPointExtension></extensions></trkpt><trkpt lat="60.069534" lon="18.761776"><ele>-0.667</ele><time>2026-05-01T07:47:07.895Z</time><extensions><gpxtpx:TrackPointExtension><gpxtpx:hr>94</gpxtpx:hr></gpxtpx:TrackPointExtension></extensions></trkpt><trkpt lat="60.06956" lon="18.761812"><ele>-0.577</ele><time>2026-05-01T07:47:08.904Z</time><extensions><gpxtpx:TrackPointExtension><gpxtpx:hr>94</gpxtpx:hr></gpxtpx:TrackPointExtension></extensions></trkpt><trkpt lat="60.069584" lon="18.761848"><ele>-0.505</ele><time>2026-05-01T07:47:09.911Z</time><extensions><gpxtpx:TrackPointExtension><gpxtpx:hr>93</gpxtpx:hr></gpxtpx:TrackPointExtension></extensions></trkpt><trkpt lat="60.069607" lon="18.761875"><ele>-0.493</ele><time>2026-05-01T07:47:10.920Z</time><extensions><gpxtpx:TrackPointExtension><gpxtpx:hr>93</gpxtpx:hr></gpxtpx:TrackPointExtension></extensions></trkpt><trkpt lat="60.06963" lon="18.761887"><ele>-0.57</ele><time>2026-05-01T07:47:11.928Z</time><extensions><gpxtpx:TrackPointExtension><gpxtpx:hr>93</gpxtpx:hr></gpxtpx:TrackPointExtension></extensions></trkpt><trkpt lat="60.069653" lon="18.761887"><ele>-0.573</ele><time>2026-05-01T07:47:12.937Z</time><extensions><gpxtpx:TrackPointExtension><gpxtpx:hr>93</gpxtpx:hr></gpxtpx:TrackPointExtension></extensions></trkpt><trkpt lat="60.06968" lon="18.76188"><ele>-0.444</ele><time>2026-05-01T07:47:13.945Z</time><extensions><gpxtpx:TrackPointExtension><gpxtpx:hr>94</gpxtpx:hr></gpxtpx:TrackPointExtension></extensions></trkpt><trkpt lat="60.069702" lon="18.76187"><ele>-0.267</ele><time>2026-05-01T07:47:14.954Z</time><extensions><gpxtpx:TrackPointExtension><gpxtpx:hr>94</gpxtpx:hr></gpxtpx:TrackPointExtension></extensions></trkpt><trkpt lat="60.06973" lon="18.76186"><ele>-0.091</ele><time>2026-05-01T07:47:15.961Z</time><extensions><gpxtpx:TrackPointExtension><gpxtpx:hr>94</gpxtpx:hr></gpxtpx:TrackPointExtension></extensions></trkpt><trkpt lat="60.06976" lon="18.761864"><ele>0.126</ele><time>2026-05-01T07:47:16.969Z</time><extensions><gpxtpx:TrackPointExtension><gpxtpx:hr>94</gpxtpx:hr></gpxtpx:TrackPointExtension></extensions></trkpt><trkpt lat="60.069798" lon="18.761873"><ele>0.224</ele><time>2026-05-01T07:47:17.977Z</time><extensions><gpxtpx:TrackPointExtension><gpxtpx:hr>94</gpxtpx:hr></gpxtpx:TrackPointExtension></extensions></trkpt><trkpt lat="60.06985" lon="18.761885"><ele>0.253</ele><time>2026-05-01T07:47:18.986Z</time><extensions><gpxtpx:TrackPointExtension><gpxtpx:hr>93</gpxtpx:hr></gpxtpx:TrackPointExtension></extensions></trkpt><trkpt lat="60.069923" lon="18.761908"><ele>0.236</ele><time>2026-05-01T07:47:19.995Z</time><extensions><gpxtpx:TrackPointExtension><gpxtpx:hr>92</gpxtpx:hr></gpxtpx:TrackPointExtension></extensions></trkpt><trkpt lat="60.06998" lon="18.761925"><ele>0.37</ele><time>2026-05-01T07:47:21.005Z</time></trkpt><trkpt lat="60.07003" lon="18.761927"><ele>0.526</ele><time>2026-05-01T07:47:22.011Z</time><extensions><gpxtpx:TrackPointExtension><gpxtpx:hr>93</gpxtpx:hr></gpxtpx:TrackPointExtension></extensions></trkpt><trkpt lat="60.070076" lon="18.761911"><ele>0.65</ele><time>2026-05-01T07:47:23.019Z</time><extensions><gpxtpx:TrackPointExtension><gpxtpx:hr>93</gpxtpx:hr></gpxtpx:TrackPointExtension></extensions></trkpt><trkpt lat="60.070118" lon="18.76189"><ele>0.839</ele><time>2026-05-01T07:47:24.028Z</time><extensions><gpxtpx:TrackPointExtension><gpxtpx:hr>92</gpxtpx:hr></gpxtpx:TrackPointExtension></extensions></trkpt><trkpt lat="60.07016" lon="18.761866"><ele>1.074</ele><time>2026-05-01T07:47:25.036Z</time><extensions><gpxtpx:TrackPointExtension><gpxtpx:hr>93</gpxtpx:hr></gpxtpx:TrackPointExtension></extensions></trkpt><trkpt lat="60.070198" lon="18.761847"><ele>1.475</ele><time>2026-05-01T07:47:26.044Z</time></trkpt><trkpt lat="60.07024" lon="18.76183"><ele>1.836</ele><time>2026-05-01T07:47:27.053Z</time></trkpt><trkpt lat="60.07028" lon="18.76181"><ele>2.198</ele><time>2026-05-01T07:47:28.060Z</time><extensions><gpxtpx:TrackPointExtension><gpxtpx:hr>97</gpxtpx:hr></gpxtpx:TrackPointExtension></extensions></trkpt><trkpt lat="60.070316" lon="18.76179"><ele>2.584</ele><time>2026-05-01T07:47:29.069Z</time><extensions><gpxtpx:TrackPointExtension><gpxtpx:hr>98</gpxtpx:hr></gpxtpx:TrackPointExtension></extensions></trkpt><trkpt lat="60.07035" lon="18.761768"><ele>3.012</ele><time>2026-05-01T07:47:30.077Z</time><extensions><gpxtpx:TrackPointExtension><gpxtpx:hr>98</gpxtpx:hr></gpxtpx:TrackPointExtension></extensions></trkpt><trkpt lat="60.07039" lon="18.761755"><ele>3.332</ele><time>2026-05-01T07:47:31.087Z</time></trkpt><trkpt lat="60.070423" lon="18.761744"><ele>3.526</ele><time>2026-05-01T07:47:32.096Z</time><extensions><gpxtpx:TrackPointExtension><gpxtpx:hr>100</gpxtpx:hr></gpxtpx:TrackPointExtension></extensions></trkpt><trkpt lat="60.07046" lon="18.761736"><ele>3.803</ele><time>2026-05-01T07:47:33.104Z</time><extensions><gpxtpx:TrackPointExtension><gpxtpx:hr>102</gpxtpx:hr></gpxtpx:TrackPointExtension></extensions></trkpt><trkpt lat="60.070496" lon="18.761728"><ele>4.015</ele><time>2026-05-01T07:47:34.111Z</time><extensions><gpxtpx:TrackPointExtension><gpxtpx:hr>104</gpxtpx:hr></gpxtpx:TrackPointExtension></extensions></trkpt><trkpt lat="60.07053" lon="18.761719"><ele>4.195</ele><time>2026-05-01T07:47:35.120Z</time><extensions><gpxtpx:TrackPointExtension><gpxtpx:hr>106</gpxtpx:hr></gpxtpx:TrackPointExtension></extensions></trkpt><trkpt lat="60.070568" lon="18.76171"><ele>4.299</ele><time>2026-05-01T07:47:36.129Z</time></trkpt><trkpt lat="60.070606" lon="18.761703"><ele>4.33</ele><time>2026-05-01T07:47:37.138Z</time><extensions><gpxtpx:TrackPointExtension><gpxtpx:hr>108</gpxtpx:hr></gpxtpx:TrackPointExtension></extensions></trkpt><trkpt lat="60.07065" lon="18.761707"><ele>4.3</ele><time>2026-05-01T07:47:38.146Z</time><extensions><gpxtpx:TrackPointExtension><gpxtpx:hr>108</gpxtpx:hr></gpxtpx:TrackPointExtension></extensions></trkpt><trkpt lat="60.07069" lon="18.761717"><ele>4.234</ele><time>2026-05-01T07:47:39.154Z</time><extensions><gpxtpx:TrackPointExtension><gpxtpx:hr>109</gpxtpx:hr></gpxtpx:TrackPointExtension></extensions></trkpt><trkpt lat="60.07074" lon="18.761715"><ele>4.162</ele><time>2026-05-01T07:47:40.157Z</time><extensions><gpxtpx:TrackPointExtension><gpxtpx:hr>110</gpxtpx:hr></gpxtpx:TrackPointExtension></extensions></trkpt><trkpt lat="60.07079" lon="18.761698"><ele>4.27</ele><time>2026-05-01T07:47:41.159Z</time></trkpt><trkpt lat="60.070835" lon="18.761679"><ele>4.295</ele><time>2026-05-01T07:47:42.160Z</time><extensions><gpxtpx:TrackPointExtension><gpxtpx:hr>112</gpxtpx:hr></gpxtpx:TrackPointExtension></extensions></trkpt><trkpt lat="60.070877" lon="18.761658"><ele>4.363</ele><time>2026-05-01T07:47:43.165Z</time><extensions><gpxtpx:TrackPointExtension><gpxtpx:hr>111</gpxtpx:hr></gpxtpx:TrackPointExtension></extensions></trkpt><trkpt lat="60.07091" lon="18.761637"><ele>4.665</ele><time>2026-05-01T07:47:44.175Z</time><extensions><gpxtpx:TrackPointExtension><gpxtpx:hr>111</gpxtpx:hr></gpxtpx:TrackPointExtension></extensions></trkpt><trkpt lat="60.07095" lon="18.76162"><ele>5.044</ele><time>2026-05-01T07:47:45.183Z</time><extensions><gpxtpx:TrackPointExtension><gpxtpx:hr>110</gpxtpx:hr></gpxtpx:TrackPointExtension></extensions></trkpt><trkpt lat="60.070984" lon="18.76161"><ele>5.369</ele><time>2026-05-01T07:47:46.189Z</time></trkpt><trkpt lat="60.07102" lon="18.761602"><ele>5.537</ele><time>2026-05-01T07:47:47.198Z</time><extensions><gpxtpx:TrackPointExtension><gpxtpx:hr>109</gpxtpx:hr></gpxtpx:TrackPointExtension></extensions></trkpt><trkpt lat="60.071053" lon="18.761597"><ele>5.546</ele><time>2026-05-01T07:47:48.208Z</time></trkpt><trkpt lat="60.07109" lon="18.76159"><ele>5.366</ele><time>2026-05-01T07:47:49.216Z</time><extensions><gpxtpx:TrackPointExtension><gpxtpx:hr>109</gpxtpx:hr></gpxtpx:TrackPointExtension></extensions></trkpt><trkpt lat="60.071133" lon="18.761585"><ele>5.27</ele><time>2026-05-01T07:47:50.225Z</time><extensions><gpxtpx:TrackPointExtension><gpxtpx:hr>111</gpxtpx:hr></gpxtpx:TrackPointExtension></extensions></trkpt><trkpt lat="60.071175" lon="18.761583"><ele>5.211</ele><time>2026-05-01T07:47:51.233Z</time></trkpt><trkpt lat="60.071217" lon="18.761581"><ele>5.183</ele><time>2026-05-01T07:47:52.240Z</time><extensions><gpxtpx:TrackPointExtension><gpxtpx:hr>113</gpxtpx:hr></gpxtpx:TrackPointExtension></extensions></trkpt><trkpt lat="60.07126" lon="18.76158"><ele>5.107</ele><time>2026-05-01T07:47:53.249Z</time><extensions><gpxtpx:TrackPointExtension><gpxtpx:hr>115</gpxtpx:hr></gpxtpx:TrackPointExtension></extensions></trkpt><trkpt lat="60.0713" lon="18.761578"><ele>5.097</ele><time>2026-05-01T07:47:54.258Z</time><extensions><gpxtpx:TrackPointExtension><gpxtpx:hr>117</gpxtpx:hr></gpxtpx:TrackPointExtension></extensions></trkpt><trkpt lat="60.071342" lon="18.76157"><ele>5.199</ele><time>2026-05-01T07:47:55.267Z</time><extensions><gpxtpx:TrackPointExtension><gpxtpx:hr>119</gpxtpx:hr></gpxtpx:TrackPointExtension></extensions></trkpt><trkpt lat="60.07139" lon="18.761562"><ele>5.177</ele><time>2026-05-01T07:47:56.275Z</time></trkpt><trkpt lat="60.07143" lon="18.761557"><ele>5.133</ele><time>2026-05-01T07:47:57.283Z</time><extensions><gpxtpx:TrackPointExtension><gpxtpx:hr>121</gpxtpx:hr></gpxtpx:TrackPointExtension></extensions></trkpt><trkpt lat="60.071476" lon="18.761543"><ele>5.257</ele><time>2026-05-01T07:47:58.291Z</time><extensions><gpxtpx:TrackPointExtension><gpxtpx:hr>122</gpxtpx:hr></gpxtpx:TrackPointExtension></extensions></trkpt><trkpt lat="60.071514" lon="18.76151"><ele>5.543</ele><time>2026-05-01T07:47:59.299Z</time><extensions><gpxtpx:TrackPointExtension><gpxtpx:hr>122</gpxtpx:hr></gpxtpx:TrackPointExtension></extensions></trkpt><trkpt lat="60.071556" lon="18.761477"><ele>5.855</ele><time>2026-05-01T07:48:00.307Z</time><extensions><gpxtpx:TrackPointExtension><gpxtpx:hr>123</gpxtpx:hr></gpxtpx:TrackPointExtension></extensions></trkpt><trkpt lat="60.071587" lon="18.761435"><ele>6.233</ele><time>2026-05-01T07:48:01.314Z</time></trkpt><trkpt lat="60.071613" lon="18.761395"><ele>6.651</ele><time>2026-05-01T07:48:02.324Z</time><extensions><gpxtpx:TrackPointExtension><gpxtpx:hr>125</gpxtpx:hr></gpxtpx:TrackPointExtension></extensions></trkpt><trkpt lat="60.07164" lon="18.76136"><ele>6.933</ele><time>2026-05-01T07:48:03.332Z</time><extensions><gpxtpx:TrackPointExtension><gpxtpx:hr>125</gpxtpx:hr></gpxtpx:TrackPointExtension></extensions></trkpt><trkpt lat="60.071667" lon="18.761328"><ele>7.278</ele><time>2026-05-01T07:48:04.339Z</time><extensions><gpxtpx:TrackPointExtension><gpxtpx:hr>126</gpxtpx:hr></gpxtpx:TrackPointExtension></extensions></trkpt><trkpt lat="60.07169" lon="18.761297"><ele>7.582</ele><time>2026-05-01T07:48:05.348Z</time></trkpt><trkpt lat="60.071712" lon="18.761261"><ele>7.828</ele><time>2026-05-01T07:48:06.357Z</time><extensions><gpxtpx:TrackPointExtension><gpxtpx:hr>128</gpxtpx:hr></gpxtpx:TrackPointExtension></extensions></trkpt><trkpt lat="60.071735" lon="18.761219"><ele>8.026</ele><time>2026-05-01T07:48:07.366Z</time><extensions><gpxtpx:TrackPointExtension><gpxtpx:hr>129</gpxtpx:hr></gpxtpx:TrackPointExtension></extensions></trkpt><trkpt lat="60.071754" lon="18.761173"><ele>8.233</ele><time>2026-05-01T07:48:08.376Z</time><extensions><gpxtpx:TrackPointExtension><gpxtpx:hr>130</gpxtpx:hr></gpxtpx:TrackPointExtension></extensions></trkpt><trkpt lat="60.07177" lon="18.761131"><ele>8.456</ele><time>2026-05-01T07:48:09.384Z</time><extensions><gpxtpx:TrackPointExtension><gpxtpx:hr>130</gpxtpx:hr></gpxtpx:TrackPointExtension></extensions></trkpt><trkpt lat="60.07179" lon="18.761097"><ele>8.664</ele><time>2026-05-01T07:48:10.391Z</time></trkpt><trkpt lat="60.071808" lon="18.761065"><ele>8.865</ele><time>2026-05-01T07:48:11.399Z</time><extensions><gpxtpx:TrackPointExtension><gpxtpx:hr>130</gpxtpx:hr></gpxtpx:TrackPointExtension></extensions></trkpt><trkpt lat="60.071827" lon="18.761038"><ele>9.122</ele><time>2026-05-01T07:48:12.407Z</time></trkpt><trkpt lat="60.07185" lon="18.76102"><ele>9.365</ele><time>2026-05-01T07:48:13.416Z</time><extensions><gpxtpx:TrackPointExtension><gpxtpx:hr>130</gpxtpx:hr></gpxtpx:TrackPointExtension></extensions></trkpt><trkpt lat="60.07187" lon="18.761003"><ele>9.608</ele><time>2026-05-01T07:48:14.424Z</time><extensions><gpxtpx:TrackPointExtension><gpxtpx:hr>131</gpxtpx:hr></gpxtpx:TrackPointExtension></extensions></trkpt><trkpt lat="60.071884" lon="18.760988"><ele>9.814</ele><time>2026-05-01T07:48:15.433Z</time></trkpt><trkpt lat="60.071907" lon="18.760973"><ele>9.975</ele><time>2026-05-01T07:48:16.440Z</time><extensions><gpxtpx:TrackPointExtension><gpxtpx:hr>132</gpxtpx:hr></gpxtpx:TrackPointExtension></extensions></trkpt><trkpt lat="60.071926" lon="18.760956"><ele>10.112</ele><time>2026-05-01T07:48:17.452Z</time><extensions><gpxtpx:TrackPointExtension><gpxtpx:hr>133</gpxtpx:hr></gpxtpx:TrackPointExtension></extensions></trkpt><trkpt lat="60.071953" lon="18.760939"><ele>10.161</ele><time>2026-05-01T07:48:18.458Z</time><extensions><gpxtpx:TrackPointExtension><gpxtpx:hr>134</gpxtpx:hr></gpxtpx:TrackPointExtension></extensions></trkpt><trkpt lat="60.071976" lon="18.760921"><ele>10.201</ele><time>2026-05-01T07:48:19.467Z</time><extensions><gpxtpx:TrackPointExtension><gpxtpx:hr>134</gpxtpx:hr></gpxtpx:TrackPointExtension></extensions></trkpt><trkpt lat="60.072006" lon="18.760906"><ele>10.27</ele><time>2026-05-01T07:48:20.477Z</time></trkpt><trkpt lat="60.072033" lon="18.760895"><ele>10.33</ele><time>2026-05-01T07:48:21.485Z</time><extensions><gpxtpx:TrackPointExtension><gpxtpx:hr>135</gpxtpx:hr></gpxtpx:TrackPointExtension></extensions></trkpt><trkpt lat="60.07206" lon="18.760885"><ele>10.346</ele><time>2026-05-01T07:48:22.494Z</time><extensions><gpxtpx:TrackPointExtension><gpxtpx:hr>135</gpxtpx:hr></gpxtpx:TrackPointExtension></extensions></trkpt><trkpt lat="60.072083" lon="18.760876"><ele>10.247</ele><time>2026-05-01T07:48:23.502Z</time><extensions><gpxtpx:TrackPointExtension><gpxtpx:hr>135</gpxtpx:hr></gpxtpx:TrackPointExtension></extensions></trkpt><trkpt lat="60.072098" lon="18.760866"><ele>10.205</ele><time>2026-05-01T07:48:24.503Z</time><extensions><gpxtpx:TrackPointExtension><gpxtpx:hr>135</gpxtpx:hr></gpxtpx:TrackPointExtension></extensions></trkpt><trkpt lat="60.072117" lon="18.76086"><ele>10.089</ele><time>2026-05-01T07:48:25.502Z</time></trkpt><trkpt lat="60.072132" lon="18.760857"><ele>10.086</ele><time>2026-05-01T07:48:26.500Z</time><extensions><gpxtpx:TrackPointExtension><gpxtpx:hr>134</gpxtpx:hr></gpxtpx:TrackPointExtension></extensions></trkpt><trkpt lat="60.07215" lon="18.760857"><ele>10.122</ele><time>2026-05-01T07:48:27.507Z</time><extensions><gpxtpx:TrackPointExtension><gpxtpx:hr>133</gpxtpx:hr></gpxtpx:TrackPointExtension></extensions></trkpt><trkpt lat="60.07217" lon="18.760857"><ele>10.076</ele><time>2026-05-01T07:48:28.516Z</time><extensions><gpxtpx:TrackPointExtension><gpxtpx:hr>132</gpxtpx:hr></gpxtpx:TrackPointExtension></extensions></trkpt><trkpt lat="60.07219" lon="18.760859"><ele>10.028</ele><time>2026-05-01T07:48:29.525Z</time><extensions><gpxtpx:TrackPointExtension><gpxtpx:hr>132</gpxtpx:hr></gpxtpx:TrackPointExtension></extensions></trkpt><trkpt lat="60.07221" lon="18.760859"><ele>10.082</ele><time>2026-05-01T07:48:30.534Z</time></trkpt><trkpt lat="60.072227" lon="18.76086"><ele>10.147</ele><time>2026-05-01T07:48:31.540Z</time><extensions><gpxtpx:TrackPointExtension><gpxtpx:hr>131</gpxtpx:hr></gpxtpx:TrackPointExtension></extensions></trkpt><trkpt lat="60.07225" lon="18.760859"><ele>10.124</ele><time>2026-05-01T07:48:32.549Z</time><extensions><gpxtpx:TrackPointExtension><gpxtpx:hr>131</gpxtpx:hr></gpxtpx:TrackPointExtension></extensions></trkpt><trkpt lat="60.072277" lon="18.760855"><ele>10.126</ele><time>2026-05-01T07:48:33.557Z</time><extensions><gpxtpx:TrackPointExtension><gpxtpx:hr>132</gpxtpx:hr></gpxtpx:TrackPointExtension></extensions></trkpt><trkpt lat="60.072308" lon="18.760853"><ele>10.137</ele><time>2026-05-01T07:48:34.567Z</time><extensions><gpxtpx:TrackPointExtension><gpxtpx:hr>131</gpxtpx:hr></gpxtpx:TrackPointExtension></extensions></trkpt><trkpt lat="60.07234" lon="18.76085"><ele>10.087</ele><time>2026-05-01T07:48:35.575Z</time></trkpt><trkpt lat="60.072365" lon="18.760849"><ele>10.07</ele><time>2026-05-01T07:48:36.583Z</time><extensions><gpxtpx:TrackPointExtension><gpxtpx:hr>129</gpxtpx:hr></gpxtpx:TrackPointExtension></extensions></trkpt><trkpt lat="60.072395" lon="18.760847"><ele>10.047</ele><time>2026-05-01T07:48:37.589Z</time><extensions><gpxtpx:TrackPointExtension><gpxtpx:hr>127</gpxtpx:hr></gpxtpx:TrackPointExtension></extensions></trkpt><trkpt lat="60.072422" lon="18.760841"><ele>10.033</ele><time>2026-05-01T07:48:38.599Z</time><extensions><gpxtpx:TrackPointExtension><gpxtpx:hr>127</gpxtpx:hr></gpxtpx:TrackPointExtension></extensions></trkpt><trkpt lat="60.07245" lon="18.76083"><ele>10.077</ele><time>2026-05-01T07:48:39.607Z</time><extensions><gpxtpx:TrackPointExtension><gpxtpx:hr>126</gpxtpx:hr></gpxtpx:TrackPointExtension></extensions></trkpt><trkpt lat="60.072475" lon="18.76081"><ele>10.161</ele><time>2026-05-01T07:48:40.617Z</time></trkpt><trkpt lat="60.0725" lon="18.760792"><ele>10.26</ele><time>2026-05-01T07:48:41.625Z</time><extensions><gpxtpx:TrackPointExtension><gpxtpx:hr>125</gpxtpx:hr></gpxtpx:TrackPointExtension></extensions></trkpt><trkpt lat="60.07253" lon="18.760769"><ele>10.239</ele><time>2026-05-01T07:48:42.634Z</time><extensions><gpxtpx:TrackPointExtension><gpxtpx:hr>125</gpxtpx:hr></gpxtpx:TrackPointExtension></extensions></trkpt><trkpt lat="60.07256" lon="18.760746"><ele>10.217</ele><time>2026-05-01T07:48:43.641Z</time><extensions><gpxtpx:TrackPointExtension><gpxtpx:hr>125</gpxtpx:hr></gpxtpx:TrackPointExtension></extensions></trkpt><trkpt lat="60.07259" lon="18.760723"><ele>10.186</ele><time>2026-05-01T07:48:44.652Z</time><extensions><gpxtpx:TrackPointExtension><gpxtpx:hr>125</gpxtpx:hr></gpxtpx:TrackPointExtension></extensions></trkpt><trkpt lat="60.07262" lon="18.760706"><ele>10.064</ele><time>2026-05-01T07:48:45.659Z</time></trkpt><trkpt lat="60.07266" lon="18.760693"><ele>10.041</ele><time>2026-05-01T07:48:46.668Z</time><extensions><gpxtpx:TrackPointExtension><gpxtpx:hr>125</gpxtpx:hr></gpxtpx:TrackPointExtension></extensions></trkpt><trkpt lat="60.072697" lon="18.760677"><ele>10.019</ele><time>2026-05-01T07:48:47.677Z</time></trkpt><trkpt lat="60.07274" lon="18.760662"><ele>9.965</ele><time>2026-05-01T07:48:48.686Z</time><extensions><gpxtpx:TrackPointExtension><gpxtpx:hr>126</gpxtpx:hr></gpxtpx:TrackPointExtension></extensions></trkpt><trkpt lat="60.072777" lon="18.760645"><ele>9.919</ele><time>2026-05-01T07:48:49.694Z</time><extensions><gpxtpx:TrackPointExtension><gpxtpx:hr>126</gpxtpx:hr></gpxtpx:TrackPointExtension></extensions></trkpt><trkpt lat="60.072807" lon="18.760628"><ele>9.993</ele><time>2026-05-01T07:48:50.703Z</time></trkpt><trkpt lat="60.07284" lon="18.760614"><ele>10.179</ele><time>2026-05-01T07:48:51.709Z</time><extensions><gpxtpx:TrackPointExtension><gpxtpx:hr>126</gpxtpx:hr></gpxtpx:TrackPointExtension></extensions></trkpt><trkpt lat="60.072872" lon="18.760601"><ele>10.32</ele><time>2026-05-01T07:48:52.719Z</time><extensions><gpxtpx:TrackPointExtension><gpxtpx:hr>126</gpxtpx:hr></gpxtpx:TrackPointExtension></extensions></trkpt><trkpt lat="60.072903" lon="18.760584"><ele>10.359</ele><time>2026-05-01T07:48:53.727Z</time><extensions><gpxtpx:TrackPointExtension><gpxtpx:hr>125</gpxtpx:hr></gpxtpx:TrackPointExtension></extensions></trkpt><trkpt lat="60.072937" lon="18.760565"><ele>10.272</ele><time>2026-05-01T07:48:54.736Z</time><extensions><gpxtpx:TrackPointExtension><gpxtpx:hr>124</gpxtpx:hr></gpxtpx:TrackPointExtension></extensions></trkpt><trkpt lat="60.072968" lon="18.760538"><ele>10.211</ele><time>2026-05-01T07:48:55.745Z</time></trkpt><trkpt lat="60.072987" lon="18.760502"><ele>10.104</ele><time>2026-05-01T07:48:56.754Z</time><extensions><gpxtpx:TrackPointExtension><gpxtpx:hr>124</gpxtpx:hr></gpxtpx:TrackPointExtension></extensions></trkpt><trkpt lat="60.072994" lon="18.760473"><ele>9.98</ele><time>2026-05-01T07:48:57.760Z</time><extensions><gpxtpx:TrackPointExtension><gpxtpx:hr>124</gpxtpx:hr></gpxtpx:TrackPointExtension></extensions></trkpt><trkpt lat="60.07299" lon="18.76046"><ele>10.144</ele><time>2026-05-01T07:48:58.769Z</time><extensions><gpxtpx:TrackPointExtension><gpxtpx:hr>124</gpxtpx:hr></gpxtpx:TrackPointExtension></extensions></trkpt><trkpt lat="60.072975" lon="18.760464"><ele>10.455</ele><time>2026-05-01T07:48:59.778Z</time><extensions><gpxtpx:TrackPointExtension><gpxtpx:hr>124</gpxtpx:hr></gpxtpx:TrackPointExtension></extensions></trkpt><trkpt lat="60.07296" lon="18.760475"><ele>10.7</ele><time>2026-05-01T07:49:00.786Z</time><extensions><gpxtpx:TrackPointExtension><gpxtpx:hr>124</gpxtpx:hr></gpxtpx:TrackPointExtension></extensions></trkpt><trkpt lat="60.072937" lon="18.760498"><ele>10.663</ele><time>2026-05-01T07:49:01.794Z</time><extensions><gpxtpx:TrackPointExtension><gpxtpx:hr>124</gpxtpx:hr></gpxtpx:TrackPointExtension></extensions></trkpt><trkpt lat="60.07291" lon="18.760527"><ele>10.501</ele><time>2026-05-01T07:49:02.803Z</time><extensions><gpxtpx:TrackPointExtension><gpxtpx:hr>124</gpxtpx:hr></gpxtpx:TrackPointExtension></extensions></trkpt><trkpt lat="60.07288" lon="18.760551"><ele>10.313</ele><time>2026-05-01T07:49:03.813Z</time><extensions><gpxtpx:TrackPointExtension><gpxtpx:hr>124</gpxtpx:hr></gpxtpx:TrackPointExtension></extensions></trkpt><trkpt lat="60.07285" lon="18.760576"><ele>10.244</ele><time>2026-05-01T07:49:04.820Z</time><extensions><gpxtpx:TrackPointExtension><gpxtpx:hr>124</gpxtpx:hr></gpxtpx:TrackPointExtension></extensions></trkpt><trkpt lat="60.07282" lon="18.760593"><ele>10.097</ele><time>2026-05-01T07:49:05.828Z</time><extensions><gpxtpx:TrackPointExtension><gpxtpx:hr>124</gpxtpx:hr></gpxtpx:TrackPointExtension></extensions></trkpt><trkpt lat="60.072784" lon="18.76061"><ele>10.148</ele><time>2026-05-01T07:49:06.836Z</time><extensions><gpxtpx:TrackPointExtension><gpxtpx:hr>124</gpxtpx:hr></gpxtpx:TrackPointExtension></extensions></trkpt><trkpt lat="60.072754" lon="18.760628"><ele>10.024</ele><time>2026-05-01T07:49:07.845Z</time><extensions><gpxtpx:TrackPointExtension><gpxtpx:hr>123</gpxtpx:hr></gpxtpx:TrackPointExtension></extensions></trkpt><trkpt lat="60.07272" lon="18.760649"><ele>9.961</ele><time>2026-05-01T07:49:08.853Z</time><extensions><gpxtpx:TrackPointExtension><gpxtpx:hr>123</gpxtpx:hr></gpxtpx:TrackPointExtension></extensions></trkpt><trkpt lat="60.07268" lon="18.76067"><ele>9.757</ele><time>2026-05-01T07:49:09.857Z</time><extensions><gpxtpx:TrackPointExtension><gpxtpx:hr>123</gpxtpx:hr></gpxtpx:TrackPointExtension></extensions></trkpt><trkpt lat="60.072643" lon="18.760689"><ele>9.894</ele><time>2026-05-01T07:49:10.856Z</time><extensions><gpxtpx:TrackPointExtension><gpxtpx:hr>123</gpxtpx:hr></gpxtpx:TrackPointExtension></extensions></trkpt><trkpt lat="60.07261" lon="18.760708"><ele>9.902</ele><time>2026-05-01T07:49:11.856Z</time><extensions><gpxtpx:TrackPointExtension><gpxtpx:hr>123</gpxtpx:hr></gpxtpx:TrackPointExtension></extensions></trkpt><trkpt lat="60.07257" lon="18.760721"><ele>9.803</ele><time>2026-05-01T07:49:12.863Z</time><extensions><gpxtpx:TrackPointExtension><gpxtpx:hr>122</gpxtpx:hr></gpxtpx:TrackPointExtension></extensions></trkpt><trkpt lat="60.072536" lon="18.760733"><ele>9.993</ele><time>2026-05-01T07:49:13.872Z</time><extensions><gpxtpx:TrackPointExtension><gpxtpx:hr>122</gpxtpx:hr></gpxtpx:TrackPointExtension></extensions></trkpt><trkpt lat="60.072502" lon="18.76074"><ele>10.026</ele><time>2026-05-01T07:49:14.879Z</time><extensions><gpxtpx:TrackPointExtension><gpxtpx:hr>122</gpxtpx:hr></gpxtpx:TrackPointExtension></extensions></trkpt><trkpt lat="60.07247" lon="18.760746"><ele>10.188</ele><time>2026-05-01T07:49:15.888Z</time><extensions><gpxtpx:TrackPointExtension><gpxtpx:hr>122</gpxtpx:hr></gpxtpx:TrackPointExtension></extensions></trkpt><trkpt lat="60.07244" lon="18.760752"><ele>10.168</ele><time>2026-05-01T07:49:16.897Z</time><extensions><gpxtpx:TrackPointExtension><gpxtpx:hr>122</gpxtpx:hr></gpxtpx:TrackPointExtension></extensions></trkpt><trkpt lat="60.07241" lon="18.760757"><ele>10.163</ele><time>2026-05-01T07:49:17.907Z</time><extensions><gpxtpx:TrackPointExtension><gpxtpx:hr>123</gpxtpx:hr></gpxtpx:TrackPointExtension></extensions></trkpt><trkpt lat="60.07238" lon="18.760765"><ele>10.083</ele><time>2026-05-01T07:49:18.916Z</time><extensions><gpxtpx:TrackPointExtension><gpxtpx:hr>123</gpxtpx:hr></gpxtpx:TrackPointExtension></extensions></trkpt><trkpt lat="60.07235" lon="18.760777"><ele>10.05</ele><time>2026-05-01T07:49:19.924Z</time><extensions><gpxtpx:TrackPointExtension><gpxtpx:hr>124</gpxtpx:hr></gpxtpx:TrackPointExtension></extensions></trkpt><trkpt lat="60.072315" lon="18.760786"><ele>10.143</ele><time>2026-05-01T07:49:20.933Z</time><extensions><gpxtpx:TrackPointExtension><gpxtpx:hr>124</gpxtpx:hr></gpxtpx:TrackPointExtension></extensions></trkpt><trkpt lat="60.072285" lon="18.760794"><ele>10.079</ele><time>2026-05-01T07:49:21.940Z</time><extensions><gpxtpx:TrackPointExtension><gpxtpx:hr>125</gpxtpx:hr></gpxtpx:TrackPointExtension></extensions></trkpt><trkpt lat="60.07225" lon="18.760801"><ele>9.929</ele><time>2026-05-01T07:49:22.948Z</time><extensions><gpxtpx:TrackPointExtension><gpxtpx:hr>125</gpxtpx:hr></gpxtpx:TrackPointExtension></extensions></trkpt><trkpt lat="60.072212" lon="18.760813"><ele>10.135</ele><time>2026-05-01T07:49:23.956Z</time><extensions><gpxtpx:TrackPointExtension><gpxtpx:hr>124</gpxtpx:hr></gpxtpx:TrackPointExtension></extensions></trkpt><trkpt lat="60.072178" lon="18.760824"><ele>10.147</ele><time>2026-05-01T07:49:24.965Z</time><extensions><gpxtpx:TrackPointExtension><gpxtpx:hr>123</gpxtpx:hr></gpxtpx:TrackPointExtension></extensions></trkpt><trkpt lat="60.072136" lon="18.760843"><ele>10.128</ele><time>2026-05-01T07:49:25.974Z</time><extensions><gpxtpx:TrackPointExtension><gpxtpx:hr>123</gpxtpx:hr></gpxtpx:TrackPointExtension></extensions></trkpt><trkpt lat="60.072094" lon="18.760868"><ele>10.01</ele><time>2026-05-01T07:49:26.982Z</time><extensions><gpxtpx:TrackPointExtension><gpxtpx:hr>122</gpxtpx:hr></gpxtpx:TrackPointExtension></extensions></trkpt><trkpt lat="60.07205" lon="18.760891"><ele>9.865</ele><time>2026-05-01T07:49:27.990Z</time><extensions><gpxtpx:TrackPointExtension><gpxtpx:hr>122</gpxtpx:hr></gpxtpx:TrackPointExtension></extensions></trkpt><trkpt lat="60.072006" lon="18.76091"><ele>9.984</ele><time>2026-05-01T07:49:28.999Z</time><extensions><gpxtpx:TrackPointExtension><gpxtpx:hr>120</gpxtpx:hr></gpxtpx:TrackPointExtension></extensions></trkpt><trkpt lat="60.071968" lon="18.760925"><ele>10.119</ele><time>2026-05-01T07:49:30.007Z</time><extensions><gpxtpx:TrackPointExtension><gpxtpx:hr>118</gpxtpx:hr></gpxtpx:TrackPointExtension></extensions></trkpt><trkpt lat="60.071938" lon="18.76094"><ele>9.985</ele><time>2026-05-01T07:49:31.017Z</time></trkpt><trkpt lat="60.07191" lon="18.76096"><ele>10.052</ele><time>2026-05-01T07:49:32.025Z</time><extensions><gpxtpx:TrackPointExtension><gpxtpx:hr>117</gpxtpx:hr></gpxtpx:TrackPointExtension></extensions></trkpt><trkpt lat="60.07188" lon="18.760983"><ele>10.091</ele><time>2026-05-01T07:49:33.034Z</time><extensions><gpxtpx:TrackPointExtension><gpxtpx:hr>116</gpxtpx:hr></gpxtpx:TrackPointExtension></extensions></trkpt><trkpt lat="60.071854" lon="18.76102"><ele>10.108</ele><time>2026-05-01T07:49:34.043Z</time><extensions><gpxtpx:TrackPointExtension><gpxtpx:hr>116</gpxtpx:hr></gpxtpx:TrackPointExtension></extensions></trkpt><trkpt lat="60.071823" lon="18.76106"><ele>9.96</ele><time>2026-05-01T07:49:35.052Z</time><extensions><gpxtpx:TrackPointExtension><gpxtpx:hr>117</gpxtpx:hr></gpxtpx:TrackPointExtension></extensions></trkpt><trkpt lat="60.071793" lon="18.761108"><ele>9.674</ele><time>2026-05-01T07:49:36.059Z</time></trkpt><trkpt lat="60.071762" lon="18.761162"><ele>9.42</ele><time>2026-05-01T07:49:37.068Z</time><extensions><gpxtpx:TrackPointExtension><gpxtpx:hr>117</gpxtpx:hr></gpxtpx:TrackPointExtension></extensions></trkpt><trkpt lat="60.071728" lon="18.76122"><ele>9.367</ele><time>2026-05-01T07:49:38.076Z</time><extensions><gpxtpx:TrackPointExtension><gpxtpx:hr>117</gpxtpx:hr></gpxtpx:TrackPointExtension></extensions></trkpt><trkpt lat="60.07169" lon="18.761278"><ele>9.369</ele><time>2026-05-01T07:49:39.084Z</time></trkpt><trkpt lat="60.07165" lon="18.761335"><ele>9.363</ele><time>2026-05-01T07:49:40.092Z</time><extensions><gpxtpx:TrackPointExtension><gpxtpx:hr>118</gpxtpx:hr></gpxtpx:TrackPointExtension></extensions></trkpt><trkpt lat="60.071613" lon="18.761393"><ele>9.145</ele><time>2026-05-01T07:49:41.099Z</time></trkpt><trkpt lat="60.071564" lon="18.761461"><ele>8.477</ele><time>2026-05-01T07:49:42.100Z</time><extensions><gpxtpx:TrackPointExtension><gpxtpx:hr>118</gpxtpx:hr></gpxtpx:TrackPointExtension></extensions></trkpt><trkpt lat="60.07151" lon="18.76148"><ele>7.717</ele><time>2026-05-01T07:49:43.109Z</time><extensions><gpxtpx:TrackPointExtension><gpxtpx:hr>118</gpxtpx:hr></gpxtpx:TrackPointExtension></extensions></trkpt><trkpt lat="60.07145" lon="18.761522"><ele>7.071</ele><time>2026-05-01T07:49:44.118Z</time><extensions><gpxtpx:TrackPointExtension><gpxtpx:hr>118</gpxtpx:hr></gpxtpx:TrackPointExtension></extensions></trkpt><trkpt lat="60.071384" lon="18.761557"><ele>6.435</ele><time>2026-05-01T07:49:45.128Z</time><extensions><gpxtpx:TrackPointExtension><gpxtpx:hr>118</gpxtpx:hr></gpxtpx:TrackPointExtension></extensions></trkpt><trkpt lat="60.07133" lon="18.76157"><ele>6.101</ele><time>2026-05-01T07:49:46.136Z</time></trkpt><trkpt lat="60.07127" lon="18.761572"><ele>5.864</ele><time>2026-05-01T07:49:47.145Z</time></trkpt><trkpt lat="60.07121" lon="18.761578"><ele>5.577</ele><time>2026-05-01T07:49:48.154Z</time><extensions><gpxtpx:TrackPointExtension><gpxtpx:hr>118</gpxtpx:hr></gpxtpx:TrackPointExtension></extensions></trkpt><trkpt lat="60.071156" lon="18.76158"><ele>5.543</ele><time>2026-05-01T07:49:49.162Z</time><extensions><gpxtpx:TrackPointExtension><gpxtpx:hr>117</gpxtpx:hr></gpxtpx:TrackPointExtension></extensions></trkpt><trkpt lat="60.07111" lon="18.76159"><ele>5.554</ele><time>2026-05-01T07:49:50.172Z</time><extensions><gpxtpx:TrackPointExtension><gpxtpx:hr>117</gpxtpx:hr></gpxtpx:TrackPointExtension></extensions></trkpt><trkpt lat="60.071068" lon="18.761587"><ele>5.55</ele><time>2026-05-01T07:49:51.179Z</time></trkpt><trkpt lat="60.071026" lon="18.761585"><ele>5.719</ele><time>2026-05-01T07:49:52.188Z</time><extensions><gpxtpx:TrackPointExtension><gpxtpx:hr>116</gpxtpx:hr></gpxtpx:TrackPointExtension></extensions></trkpt><trkpt lat="60.070988" lon="18.761585"><ele>5.863</ele><time>2026-05-01T07:49:53.197Z</time><extensions><gpxtpx:TrackPointExtension><gpxtpx:hr>115</gpxtpx:hr></gpxtpx:TrackPointExtension></extensions></trkpt><trkpt lat="60.070946" lon="18.761587"><ele>5.783</ele><time>2026-05-01T07:49:54.206Z</time><extensions><gpxtpx:TrackPointExtension><gpxtpx:hr>114</gpxtpx:hr></gpxtpx:TrackPointExtension></extensions></trkpt><trkpt lat="60.070904" lon="18.761593"><ele>5.669</ele><time>2026-05-01T07:49:55.215Z</time><extensions><gpxtpx:TrackPointExtension><gpxtpx:hr>115</gpxtpx:hr></gpxtpx:TrackPointExtension></extensions></trkpt><trkpt lat="60.070854" lon="18.761612"><ele>5.482</ele><time>2026-05-01T07:49:56.225Z</time></trkpt><trkpt lat="60.0708" lon="18.76164"><ele>5.192</ele><time>2026-05-01T07:49:57.233Z</time></trkpt><trkpt lat="60.07074" lon="18.761677"><ele>5.023</ele><time>2026-05-01T07:49:58.240Z</time><extensions><gpxtpx:TrackPointExtension><gpxtpx:hr>115</gpxtpx:hr></gpxtpx:TrackPointExtension></extensions></trkpt><trkpt lat="60.070686" lon="18.761702"><ele>4.912</ele><time>2026-05-01T07:49:59.248Z</time><extensions><gpxtpx:TrackPointExtension><gpxtpx:hr>115</gpxtpx:hr></gpxtpx:TrackPointExtension></extensions></trkpt><trkpt lat="60.07064" lon="18.761717"><ele>4.87</ele><time>2026-05-01T07:50:00.257Z</time><extensions><gpxtpx:TrackPointExtension><gpxtpx:hr>116</gpxtpx:hr></gpxtpx:TrackPointExtension></extensions></trkpt><trkpt lat="60.070606" lon="18.761724"><ele>4.805</ele><time>2026-05-01T07:50:01.266Z</time></trkpt><trkpt lat="60.07057" lon="18.761726"><ele>4.912</ele><time>2026-05-01T07:50:02.275Z</time><extensions><gpxtpx:TrackPointExtension><gpxtpx:hr>115</gpxtpx:hr></gpxtpx:TrackPointExtension></extensions></trkpt><trkpt lat="60.070534" lon="18.76173"><ele>4.977</ele><time>2026-05-01T07:50:03.283Z</time><extensions><gpxtpx:TrackPointExtension><gpxtpx:hr>115</gpxtpx:hr></gpxtpx:TrackPointExtension></extensions></trkpt><trkpt lat="60.070496" lon="18.761738"><ele>4.894</ele><time>2026-05-01T07:50:04.292Z</time><extensions><gpxtpx:TrackPointExtension><gpxtpx:hr>115</gpxtpx:hr></gpxtpx:TrackPointExtension></extensions></trkpt><trkpt lat="60.07045" lon="18.761742"><ele>4.768</ele><time>2026-05-01T07:50:05.299Z</time><extensions><gpxtpx:TrackPointExtension><gpxtpx:hr>114</gpxtpx:hr></gpxtpx:TrackPointExtension></extensions></trkpt><trkpt lat="60.070408" lon="18.761751"><ele>4.415</ele><time>2026-05-01T07:50:06.308Z</time></trkpt><trkpt lat="60.070362" lon="18.761772"><ele>4.241</ele><time>2026-05-01T07:50:07.318Z</time><extensions><gpxtpx:TrackPointExtension><gpxtpx:hr>113</gpxtpx:hr></gpxtpx:TrackPointExtension></extensions></trkpt><trkpt lat="60.07032" lon="18.761797"><ele>4.245</ele><time>2026-05-01T07:50:08.327Z</time><extensions><gpxtpx:TrackPointExtension><gpxtpx:hr>113</gpxtpx:hr></gpxtpx:TrackPointExtension></extensions></trkpt><trkpt lat="60.07028" lon="18.761822"><ele>3.999</ele><time>2026-05-01T07:50:09.337Z</time><extensions><gpxtpx:TrackPointExtension><gpxtpx:hr>113</gpxtpx:hr></gpxtpx:TrackPointExtension></extensions></trkpt><trkpt lat="60.070236" lon="18.761858"><ele>3.604</ele><time>2026-05-01T07:50:10.346Z</time></trkpt><trkpt lat="60.07018" lon="18.7619"><ele>3.284</ele><time>2026-05-01T07:50:11.354Z</time><extensions><gpxtpx:TrackPointExtension><gpxtpx:hr>114</gpxtpx:hr></gpxtpx:TrackPointExtension></extensions></trkpt><trkpt lat="60.070118" lon="18.761923"><ele>2.87</ele><time>2026-05-01T07:50:12.360Z</time><extensions><gpxtpx:TrackPointExtension><gpxtpx:hr>114</gpxtpx:hr></gpxtpx:TrackPointExtension></extensions></trkpt><trkpt lat="60.070057" lon="18.761936"><ele>2.346</ele><time>2026-05-01T07:50:13.369Z</time><extensions><gpxtpx:TrackPointExtension><gpxtpx:hr>113</gpxtpx:hr></gpxtpx:TrackPointExtension></extensions></trkpt><trkpt lat="60.069996" lon="18.761948"><ele>2.172</ele><time>2026-05-01T07:50:14.378Z</time></trkpt><trkpt lat="60.069927" lon="18.761944"><ele>1.665</ele><time>2026-05-01T07:50:15.388Z</time></trkpt><trkpt lat="60.06986" lon="18.761942"><ele>1.205</ele><time>2026-05-01T07:50:16.396Z</time><extensions><gpxtpx:TrackPointExtension><gpxtpx:hr>112</gpxtpx:hr></gpxtpx:TrackPointExtension></extensions></trkpt><trkpt lat="60.069794" lon="18.761915"><ele>0.879</ele><time>2026-05-01T07:50:17.405Z</time><extensions><gpxtpx:TrackPointExtension><gpxtpx:hr>111</gpxtpx:hr></gpxtpx:TrackPointExtension></extensions></trkpt><trkpt lat="60.069736" lon="18.76189"><ele>0.626</ele><time>2026-05-01T07:50:18.414Z</time><extensions><gpxtpx:TrackPointExtension><gpxtpx:hr>111</gpxtpx:hr></gpxtpx:TrackPointExtension></extensions></trkpt><trkpt lat="60.069683" lon="18.761858"><ele>0.22</ele><time>2026-05-01T07:50:19.423Z</time><extensions><gpxtpx:TrackPointExtension><gpxtpx:hr>111</gpxtpx:hr></gpxtpx:TrackPointExtension></extensions></trkpt><trkpt lat="60.06963" lon="18.761822"><ele>-0.014</ele><time>2026-05-01T07:50:20.430Z</time></trkpt><trkpt lat="60.069576" lon="18.761782"><ele>-0.028</ele><time>2026-05-01T07:50:21.439Z</time><extensions><gpxtpx:TrackPointExtension><gpxtpx:hr>110</gpxtpx:hr></gpxtpx:TrackPointExtension></extensions></trkpt><trkpt lat="60.069523" lon="18.761742"><ele>-0.295</ele><time>2026-05-01T07:50:22.447Z</time><extensions><gpxtpx:TrackPointExtension><gpxtpx:hr>109</gpxtpx:hr></gpxtpx:TrackPointExtension></extensions></trkpt><trkpt lat="60.069466" lon="18.761702"><ele>-0.342</ele><time>2026-05-01T07:50:23.456Z</time><extensions><gpxtpx:TrackPointExtension><gpxtpx:hr>109</gpxtpx:hr></gpxtpx:TrackPointExtension></extensions></trkpt><trkpt lat="60.069416" lon="18.761665"><ele>-0.569</ele><time>2026-05-01T07:50:24.464Z</time><extensions><gpxtpx:TrackPointExtension><gpxtpx:hr>108</gpxtpx:hr></gpxtpx:TrackPointExtension></extensions></trkpt><trkpt lat="60.069366" lon="18.761633"><ele>-0.827</ele><time>2026-05-01T07:50:25.474Z</time></trkpt><trkpt lat="60.06932" lon="18.761606"><ele>-0.941</ele><time>2026-05-01T07:50:26.481Z</time><extensions><gpxtpx:TrackPointExtension><gpxtpx:hr>108</gpxtpx:hr></gpxtpx:TrackPointExtension></extensions></trkpt><trkpt lat="60.069275" lon="18.76158"><ele>-1.459</ele><time>2026-05-01T07:50:27.490Z</time><extensions><gpxtpx:TrackPointExtension><gpxtpx:hr>108</gpxtpx:hr></gpxtpx:TrackPointExtension></extensions></trkpt><trkpt lat="60.06923" lon="18.761553"><ele>-1.53</ele><time>2026-05-01T07:50:28.498Z</time><extensions><gpxtpx:TrackPointExtension><gpxtpx:hr>107</gpxtpx:hr></gpxtpx:TrackPointExtension></extensions></trkpt><trkpt lat="60.06918" lon="18.761526"><ele>-1.333</ele><time>2026-05-01T07:50:29.508Z</time><extensions><gpxtpx:TrackPointExtension><gpxtpx:hr>107</gpxtpx:hr></gpxtpx:TrackPointExtension></extensions></trkpt><trkpt lat="60.069134" lon="18.761503"><ele>-1.382</ele><time>2026-05-01T07:50:30.515Z</time></trkpt><trkpt lat="60.069084" lon="18.76148"><ele>-1.288</ele><time>2026-05-01T07:50:31.522Z</time></trkpt><trkpt lat="60.06903" lon="18.761435"><ele>-1.081</ele><time>2026-05-01T07:50:32.530Z</time><extensions><gpxtpx:TrackPointExtension><gpxtpx:hr>108</gpxtpx:hr></gpxtpx:TrackPointExtension></extensions></trkpt><trkpt lat="60.068977" lon="18.761387"><ele>-0.87</ele><time>2026-05-01T07:50:33.538Z</time><extensions><gpxtpx:TrackPointExtension><gpxtpx:hr>109</gpxtpx:hr></gpxtpx:TrackPointExtension></extensions></trkpt><trkpt lat="60.068935" lon="18.761332"><ele>-0.952</ele><time>2026-05-01T07:50:34.547Z</time><extensions><gpxtpx:TrackPointExtension><gpxtpx:hr>110</gpxtpx:hr></gpxtpx:TrackPointExtension></extensions></trkpt><trkpt lat="60.068882" lon="18.761312"><ele>-0.799</ele><time>2026-05-01T07:50:35.556Z</time></trkpt><trkpt lat="60.068832" lon="18.761295"><ele>-0.445</ele><time>2026-05-01T07:50:36.564Z</time><extensions><gpxtpx:TrackPointExtension><gpxtpx:hr>112</gpxtpx:hr></gpxtpx:TrackPointExtension></extensions></trkpt><trkpt lat="60.06879" lon="18.761274"><ele>-0.115</ele><time>2026-05-01T07:50:37.573Z</time><extensions><gpxtpx:TrackPointExtension><gpxtpx:hr>113</gpxtpx:hr></gpxtpx:TrackPointExtension></extensions></trkpt><trkpt lat="60.068752" lon="18.761251"><ele>0.22</ele><time>2026-05-01T07:50:38.582Z</time><extensions><gpxtpx:TrackPointExtension><gpxtpx:hr>113</gpxtpx:hr></gpxtpx:TrackPointExtension></extensions></trkpt><trkpt lat="60.06871" lon="18.76123"><ele>0.369</ele><time>2026-05-01T07:50:39.589Z</time><extensions><gpxtpx:TrackPointExtension><gpxtpx:hr>113</gpxtpx:hr></gpxtpx:TrackPointExtension></extensions></trkpt><trkpt lat="60.06867" lon="18.761211"><ele>0.496</ele><time>2026-05-01T07:50:40.598Z</time></trkpt><trkpt lat="60.068626" lon="18.76119"><ele>0.594</ele><time>2026-05-01T07:50:41.605Z</time><extensions><gpxtpx:TrackPointExtension><gpxtpx:hr>113</gpxtpx:hr></gpxtpx:TrackPointExtension></extensions></trkpt><trkpt lat="60.068584" lon="18.761168"><ele>0.703</ele><time>2026-05-01T07:50:42.613Z</time><extensions><gpxtpx:TrackPointExtension><gpxtpx:hr>113</gpxtpx:hr></gpxtpx:TrackPointExtension></extensions></trkpt><trkpt lat="60.068542" lon="18.761147"><ele>0.83</ele><time>2026-05-01T07:50:43.622Z</time><extensions><gpxtpx:TrackPointExtension><gpxtpx:hr>113</gpxtpx:hr></gpxtpx:TrackPointExtension></extensions></trkpt><trkpt lat="60.068504" lon="18.761126"><ele>0.971</ele><time>2026-05-01T07:50:44.628Z</time><extensions><gpxtpx:TrackPointExtension><gpxtpx:hr>113</gpxtpx:hr></gpxtpx:TrackPointExtension></extensions></trkpt><trkpt lat="60.068466" lon="18.761105"><ele>1.164</ele><time>2026-05-01T07:50:45.636Z</time></trkpt><trkpt lat="60.068428" lon="18.761084"><ele>1.403</ele><time>2026-05-01T07:50:46.643Z</time><extensions><gpxtpx:TrackPointExtension><gpxtpx:hr>113</gpxtpx:hr></gpxtpx:TrackPointExtension></extensions></trkpt><trkpt lat="60.068394" lon="18.761065"><ele>1.688</ele><time>2026-05-01T07:50:47.650Z</time><extensions><gpxtpx:TrackPointExtension><gpxtpx:hr>113</gpxtpx:hr></gpxtpx:TrackPointExtension></extensions></trkpt><trkpt lat="60.068363" lon="18.761044"><ele>1.864</ele><time>2026-05-01T07:50:48.657Z</time><extensions><gpxtpx:TrackPointExtension><gpxtpx:hr>113</gpxtpx:hr></gpxtpx:TrackPointExtension></extensions></trkpt><trkpt lat="60.068333" lon="18.761019"><ele>1.974</ele><time>2026-05-01T07:50:49.665Z</time><extensions><gpxtpx:TrackPointExtension><gpxtpx:hr>113</gpxtpx:hr></gpxtpx:TrackPointExtension></extensions></trkpt><trkpt lat="60.068314" lon="18.760979"><ele>1.996</ele><time>2026-05-01T07:50:50.675Z</time></trkpt><trkpt lat="60.068295" lon="18.760935"><ele>2.093</ele><time>2026-05-01T07:50:51.684Z</time></trkpt><trkpt lat="60.068283" lon="18.760883"><ele>2.301</ele><time>2026-05-01T07:50:52.689Z</time><extensions><gpxtpx:TrackPointExtension><gpxtpx:hr>111</gpxtpx:hr></gpxtpx:TrackPointExtension></extensions></trkpt><trkpt lat="60.068275" lon="18.760824"><ele>2.565</ele><time>2026-05-01T07:50:53.698Z</time><extensions><gpxtpx:TrackPointExtension><gpxtpx:hr>110</gpxtpx:hr></gpxtpx:TrackPointExtension></extensions></trkpt><trkpt lat="60.068275" lon="18.76076"><ele>2.631</ele><time>2026-05-01T07:50:54.707Z</time><extensions><gpxtpx:TrackPointExtension><gpxtpx:hr>109</gpxtpx:hr></gpxtpx:TrackPointExtension></extensions></trkpt><trkpt lat="60.068275" lon="18.760693"><ele>2.682</ele><time>2026-05-01T07:50:55.716Z</time></trkpt><trkpt lat="60.06828" lon="18.76062"><ele>2.772</ele><time>2026-05-01T07:50:56.724Z</time><extensions><gpxtpx:TrackPointExtension><gpxtpx:hr>112</gpxtpx:hr></gpxtpx:TrackPointExtension></extensions></trkpt><trkpt lat="60.068287" lon="18.760544"><ele>2.785</ele><time>2026-05-01T07:50:57.731Z</time><extensions><gpxtpx:TrackPointExtension><gpxtpx:hr>114</gpxtpx:hr></gpxtpx:TrackPointExtension></extensions></trkpt><trkpt lat="60.068295" lon="18.760468"><ele>2.937</ele><time>2026-05-01T07:50:58.739Z</time><extensions><gpxtpx:TrackPointExtension><gpxtpx:hr>117</gpxtpx:hr></gpxtpx:TrackPointExtension></extensions></trkpt><trkpt lat="60.068302" lon="18.760391"><ele>2.898</ele><time>2026-05-01T07:50:59.748Z</time><extensions><gpxtpx:TrackPointExtension><gpxtpx:hr>119</gpxtpx:hr></gpxtpx:TrackPointExtension></extensions></trkpt><trkpt lat="60.06831" lon="18.760319"><ele>2.841</ele><time>2026-05-01T07:51:00.756Z</time></trkpt><trkpt lat="60.068317" lon="18.760244"><ele>2.918</ele><time>2026-05-01T07:51:01.764Z</time><extensions><gpxtpx:TrackPointExtension><gpxtpx:hr>121</gpxtpx:hr></gpxtpx:TrackPointExtension></extensions></trkpt><trkpt lat="60.06832" lon="18.760193"><ele>2.963</ele><time>2026-05-01T07:51:02.773Z</time><extensions><gpxtpx:TrackPointExtension><gpxtpx:hr>120</gpxtpx:hr></gpxtpx:TrackPointExtension></extensions></trkpt><trkpt lat="60.06833" lon="18.760153"><ele>3.132</ele><time>2026-05-01T07:51:03.780Z</time><extensions><gpxtpx:TrackPointExtension><gpxtpx:hr>118</gpxtpx:hr></gpxtpx:TrackPointExtension></extensions></trkpt><trkpt lat="60.068333" lon="18.760122"><ele>3.372</ele><time>2026-05-01T07:51:04.789Z</time><extensions><gpxtpx:TrackPointExtension><gpxtpx:hr>117</gpxtpx:hr></gpxtpx:TrackPointExtension></extensions></trkpt><trkpt lat="60.06834" lon="18.760105"><ele>3.612</ele><time>2026-05-01T07:51:05.797Z</time><extensions><gpxtpx:TrackPointExtension><gpxtpx:hr>115</gpxtpx:hr></gpxtpx:TrackPointExtension></extensions></trkpt><trkpt lat="60.068348" lon="18.760096"><ele>3.771</ele><time>2026-05-01T07:51:06.806Z</time><extensions><gpxtpx:TrackPointExtension><gpxtpx:hr>114</gpxtpx:hr></gpxtpx:TrackPointExtension></extensions></trkpt><trkpt lat="60.068356" lon="18.760098"><ele>3.94</ele><time>2026-05-01T07:51:07.814Z</time><extensions><gpxtpx:TrackPointExtension><gpxtpx:hr>114</gpxtpx:hr></gpxtpx:TrackPointExtension></extensions></trkpt><trkpt lat="60.06836" lon="18.760115"><ele>4.006</ele><time>2026-05-01T07:51:08.821Z</time><extensions><gpxtpx:TrackPointExtension><gpxtpx:hr>113</gpxtpx:hr></gpxtpx:TrackPointExtension></extensions></trkpt><trkpt lat="60.068356" lon="18.760153"><ele>4.044</ele><time>2026-05-01T07:51:09.830Z</time><extensions><gpxtpx:TrackPointExtension><gpxtpx:hr>112</gpxtpx:hr></gpxtpx:TrackPointExtension></extensions></trkpt><trkpt lat="60.068348" lon="18.760206"><ele>4.094</ele><time>2026-05-01T07:51:10.837Z</time><extensions><gpxtpx:TrackPointExtension><gpxtpx:hr>111</gpxtpx:hr></gpxtpx:TrackPointExtension></extensions></trkpt><trkpt lat="60.068336" lon="18.760271"><ele>4.11</ele><time>2026-05-01T07:51:11.839Z</time><extensions><gpxtpx:TrackPointExtension><gpxtpx:hr>110</gpxtpx:hr></gpxtpx:TrackPointExtension></extensions></trkpt><trkpt lat="60.068325" lon="18.760334"><ele>3.627</ele><time>2026-05-01T07:57:19.800Z</time><extensions><gpxtpx:TrackPointExtension><gpxtpx:hr>91</gpxtpx:hr></gpxtpx:TrackPointExtension></extensions></trkpt><trkpt lat="60.06831" lon="18.760406"><ele>3.757</ele><time>2026-05-01T07:57:20.801Z</time><extensions><gpxtpx:TrackPointExtension><gpxtpx:hr>91</gpxtpx:hr></gpxtpx:TrackPointExtension></extensions></trkpt><trkpt lat="60.068295" lon="18.760477"><ele>3.748</ele><time>2026-05-01T07:57:21.799Z</time><extensions><gpxtpx:TrackPointExtension><gpxtpx:hr>91</gpxtpx:hr></gpxtpx:TrackPointExtension></extensions></trkpt><trkpt lat="60.068283" lon="18.760542"><ele>3.718</ele><time>2026-05-01T07:57:22.801Z</time><extensions><gpxtpx:TrackPointExtension><gpxtpx:hr>90</gpxtpx:hr></gpxtpx:TrackPointExtension></extensions></trkpt><trkpt lat="60.068275" lon="18.760595"><ele>3.653</ele><time>2026-05-01T07:57:23.799Z</time><extensions><gpxtpx:TrackPointExtension><gpxtpx:hr>89</gpxtpx:hr></gpxtpx:TrackPointExtension></extensions></trkpt><trkpt lat="60.068268" lon="18.760641"><ele>3.839</ele><time>2026-05-01T07:57:24.800Z</time><extensions><gpxtpx:TrackPointExtension><gpxtpx:hr>90</gpxtpx:hr></gpxtpx:TrackPointExtension></extensions></trkpt><trkpt lat="60.068264" lon="18.760681"><ele>3.936</ele><time>2026-05-01T07:57:25.800Z</time><extensions><gpxtpx:TrackPointExtension><gpxtpx:hr>91</gpxtpx:hr></gpxtpx:TrackPointExtension></extensions></trkpt><trkpt lat="60.068264" lon="18.760721"><ele>3.825</ele><time>2026-05-01T07:57:26.800Z</time><extensions><gpxtpx:TrackPointExtension><gpxtpx:hr>93</gpxtpx:hr></gpxtpx:TrackPointExtension></extensions></trkpt><trkpt lat="60.06826" lon="18.760761"><ele>3.573</ele><time>2026-05-01T07:57:27.800Z</time><extensions><gpxtpx:TrackPointExtension><gpxtpx:hr>94</gpxtpx:hr></gpxtpx:TrackPointExtension></extensions></trkpt><trkpt lat="60.06826" lon="18.7608"><ele>3.386</ele><time>2026-05-01T07:57:28.800Z</time><extensions><gpxtpx:TrackPointExtension><gpxtpx:hr>95</gpxtpx:hr></gpxtpx:TrackPointExtension></extensions></trkpt><trkpt lat="60.06826" lon="18.760836"><ele>3.293</ele><time>2026-05-01T07:57:29.800Z</time><extensions><gpxtpx:TrackPointExtension><gpxtpx:hr>94</gpxtpx:hr></gpxtpx:TrackPointExtension></extensions></trkpt><trkpt lat="60.06826" lon="18.760872"><ele>3.356</ele><time>2026-05-01T07:57:30.799Z</time><extensions><gpxtpx:TrackPointExtension><gpxtpx:hr>94</gpxtpx:hr></gpxtpx:TrackPointExtension></extensions></trkpt><trkpt lat="60.06826" lon="18.760904"><ele>3.334</ele><time>2026-05-01T07:57:31.800Z</time><extensions><gpxtpx:TrackPointExtension><gpxtpx:hr>95</gpxtpx:hr></gpxtpx:TrackPointExtension></extensions></trkpt><trkpt lat="60.068264" lon="18.760931"><ele>3.32</ele><time>2026-05-01T07:57:32.800Z</time><extensions><gpxtpx:TrackPointExtension><gpxtpx:hr>95</gpxtpx:hr></gpxtpx:TrackPointExtension></extensions></trkpt><trkpt lat="60.068268" lon="18.760954"><ele>3.374</ele><time>2026-05-01T07:57:33.801Z</time><extensions><gpxtpx:TrackPointExtension><gpxtpx:hr>95</gpxtpx:hr></gpxtpx:TrackPointExtension></extensions></trkpt><trkpt lat="60.068275" lon="18.760977"><ele>3.348</ele><time>2026-05-01T07:57:34.801Z</time></trkpt><trkpt lat="60.068287" lon="18.760998"><ele>3.332</ele><time>2026-05-01T07:57:35.804Z</time></trkpt><trkpt lat="60.068295" lon="18.761019"><ele>3.21</ele><time>2026-05-01T07:57:36.814Z</time><extensions><gpxtpx:TrackPointExtension><gpxtpx:hr>96</gpxtpx:hr></gpxtpx:TrackPointExtension></extensions></trkpt><trkpt lat="60.06831" lon="18.761038"><ele>3.052</ele><time>2026-05-01T07:57:37.823Z</time><extensions><gpxtpx:TrackPointExtension><gpxtpx:hr>96</gpxtpx:hr></gpxtpx:TrackPointExtension></extensions></trkpt><trkpt lat="60.068325" lon="18.761055"><ele>2.936</ele><time>2026-05-01T07:57:38.832Z</time><extensions><gpxtpx:TrackPointExtension><gpxtpx:hr>96</gpxtpx:hr></gpxtpx:TrackPointExtension></extensions></trkpt><trkpt lat="60.06834" lon="18.761068"><ele>2.826</ele><time>2026-05-01T07:57:39.842Z</time><extensions><gpxtpx:TrackPointExtension><gpxtpx:hr>96</gpxtpx:hr></gpxtpx:TrackPointExtension></extensions></trkpt><trkpt lat="60.068356" lon="18.761084"><ele>2.76</ele><time>2026-05-01T07:57:40.847Z</time><extensions><gpxtpx:TrackPointExtension><gpxtpx:hr>96</gpxtpx:hr></gpxtpx:TrackPointExtension></extensions></trkpt><trkpt lat="60.06837" lon="18.761095"><ele>2.658</ele><time>2026-05-01T07:57:41.852Z</time><extensions><gpxtpx:TrackPointExtension><gpxtpx:hr>96</gpxtpx:hr></gpxtpx:TrackPointExtension></extensions></trkpt><trkpt lat="60.068386" lon="18.761105"><ele>2.566</ele><time>2026-05-01T07:57:42.852Z</time><extensions><gpxtpx:TrackPointExtension><gpxtpx:hr>97</gpxtpx:hr></gpxtpx:TrackPointExtension></extensions></trkpt><trkpt lat="60.068405" lon="18.761108"><ele>2.477</ele><time>2026-05-01T07:57:43.855Z</time><extensions><gpxtpx:TrackPointExtension><gpxtpx:hr>97</gpxtpx:hr></gpxtpx:TrackPointExtension></extensions></trkpt><trkpt lat="60.068424" lon="18.761112"><ele>2.366</ele><time>2026-05-01T07:57:44.863Z</time><extensions><gpxtpx:TrackPointExtension><gpxtpx:hr>96</gpxtpx:hr></gpxtpx:TrackPointExtension></extensions></trkpt><trkpt lat="60.068443" lon="18.761114"><ele>2.289</ele><time>2026-05-01T07:57:45.872Z</time><extensions><gpxtpx:TrackPointExtension><gpxtpx:hr>96</gpxtpx:hr></gpxtpx:TrackPointExtension></extensions></trkpt><trkpt lat="60.068466" lon="18.76112"><ele>2.282</ele><time>2026-05-01T07:57:46.880Z</time><extensions><gpxtpx:TrackPointExtension><gpxtpx:hr>95</gpxtpx:hr></gpxtpx:TrackPointExtension></extensions></trkpt><trkpt lat="60.068493" lon="18.76113"><ele>2.17</ele><time>2026-05-01T07:57:47.889Z</time><extensions><gpxtpx:TrackPointExtension><gpxtpx:hr>94</gpxtpx:hr></gpxtpx:TrackPointExtension></extensions></trkpt><trkpt lat="60.068516" lon="18.761139"><ele>2.095</ele><time>2026-05-01T07:57:48.896Z</time><extensions><gpxtpx:TrackPointExtension><gpxtpx:hr>92</gpxtpx:hr></gpxtpx:TrackPointExtension></extensions></trkpt><trkpt lat="60.068542" lon="18.761148"><ele>2.012</ele><time>2026-05-01T07:57:49.904Z</time><extensions><gpxtpx:TrackPointExtension><gpxtpx:hr>92</gpxtpx:hr></gpxtpx:TrackPointExtension></extensions></trkpt><trkpt lat="60.06857" lon="18.761158"><ele>1.868</ele><time>2026-05-01T07:57:50.913Z</time><extensions><gpxtpx:TrackPointExtension><gpxtpx:hr>91</gpxtpx:hr></gpxtpx:TrackPointExtension></extensions></trkpt><trkpt lat="60.068596" lon="18.76117"><ele>1.778</ele><time>2026-05-01T07:57:51.922Z</time><extensions><gpxtpx:TrackPointExtension><gpxtpx:hr>91</gpxtpx:hr></gpxtpx:TrackPointExtension></extensions></trkpt><trkpt lat="60.068623" lon="18.76118"><ele>1.746</ele><time>2026-05-01T07:57:52.930Z</time><extensions><gpxtpx:TrackPointExtension><gpxtpx:hr>91</gpxtpx:hr></gpxtpx:TrackPointExtension></extensions></trkpt><trkpt lat="60.068653" lon="18.761196"><ele>1.643</ele><time>2026-05-01T07:57:53.939Z</time><extensions><gpxtpx:TrackPointExtension><gpxtpx:hr>92</gpxtpx:hr></gpxtpx:TrackPointExtension></extensions></trkpt><trkpt lat="60.06868" lon="18.761204"><ele>1.412</ele><time>2026-05-01T07:57:54.948Z</time><extensions><gpxtpx:TrackPointExtension><gpxtpx:hr>92</gpxtpx:hr></gpxtpx:TrackPointExtension></extensions></trkpt><trkpt lat="60.068707" lon="18.761208"><ele>1.245</ele><time>2026-05-01T07:57:55.955Z</time><extensions><gpxtpx:TrackPointExtension><gpxtpx:hr>93</gpxtpx:hr></gpxtpx:TrackPointExtension></extensions></trkpt><trkpt lat="60.068726" lon="18.761213"><ele>1.159</ele><time>2026-05-01T07:57:56.963Z</time><extensions><gpxtpx:TrackPointExtension><gpxtpx:hr>93</gpxtpx:hr></gpxtpx:TrackPointExtension></extensions></trkpt><trkpt lat="60.06875" lon="18.76122"><ele>1.041</ele><time>2026-05-01T07:57:57.972Z</time><extensions><gpxtpx:TrackPointExtension><gpxtpx:hr>93</gpxtpx:hr></gpxtpx:TrackPointExtension></extensions></trkpt><trkpt lat="60.068768" lon="18.761227"><ele>1.0</ele><time>2026-05-01T07:57:58.981Z</time><extensions><gpxtpx:TrackPointExtension><gpxtpx:hr>93</gpxtpx:hr></gpxtpx:TrackPointExtension></extensions></trkpt><trkpt lat="60.068787" lon="18.761238"><ele>0.985</ele><time>2026-05-01T07:57:59.990Z</time><extensions><gpxtpx:TrackPointExtension><gpxtpx:hr>92</gpxtpx:hr></gpxtpx:TrackPointExtension></extensions></trkpt><trkpt lat="60.06881" lon="18.761253"><ele>0.867</ele><time>2026-05-01T07:58:00.999Z</time><extensions><gpxtpx:TrackPointExtension><gpxtpx:hr>91</gpxtpx:hr></gpxtpx:TrackPointExtension></extensions></trkpt><trkpt lat="60.06883" lon="18.76127"><ele>0.791</ele><time>2026-05-01T07:58:02.006Z</time><extensions><gpxtpx:TrackPointExtension><gpxtpx:hr>92</gpxtpx:hr></gpxtpx:TrackPointExtension></extensions></trkpt><trkpt lat="60.068848" lon="18.761286"><ele>0.736</ele><time>2026-05-01T07:58:03.014Z</time></trkpt><trkpt lat="60.06887" lon="18.761303"><ele>0.678</ele><time>2026-05-01T07:58:04.022Z</time><extensions><gpxtpx:TrackPointExtension><gpxtpx:hr>94</gpxtpx:hr></gpxtpx:TrackPointExtension></extensions></trkpt><trkpt lat="60.06889" lon="18.76132"><ele>0.635</ele><time>2026-05-01T07:58:05.030Z</time><extensions><gpxtpx:TrackPointExtension><gpxtpx:hr>95</gpxtpx:hr></gpxtpx:TrackPointExtension></extensions></trkpt><trkpt lat="60.06891" lon="18.761333"><ele>0.542</ele><time>2026-05-01T07:58:06.039Z</time></trkpt><trkpt lat="60.06893" lon="18.76135"><ele>0.543</ele><time>2026-05-01T07:58:07.048Z</time><extensions><gpxtpx:TrackPointExtension><gpxtpx:hr>95</gpxtpx:hr></gpxtpx:TrackPointExtension></extensions></trkpt><trkpt lat="60.06895" lon="18.761364"><ele>0.545</ele><time>2026-05-01T07:58:08.058Z</time></trkpt><trkpt lat="60.068966" lon="18.761377"><ele>0.498</ele><time>2026-05-01T07:58:09.064Z</time><extensions><gpxtpx:TrackPointExtension><gpxtpx:hr>94</gpxtpx:hr></gpxtpx:TrackPointExtension></extensions></trkpt><trkpt lat="60.068985" lon="18.76139"><ele>0.481</ele><time>2026-05-01T07:58:10.074Z</time><extensions><gpxtpx:TrackPointExtension><gpxtpx:hr>94</gpxtpx:hr></gpxtpx:TrackPointExtension></extensions></trkpt><trkpt lat="60.069004" lon="18.761404"><ele>0.323</ele><time>2026-05-01T07:58:11.083Z</time><extensions><gpxtpx:TrackPointExtension><gpxtpx:hr>93</gpxtpx:hr></gpxtpx:TrackPointExtension></extensions></trkpt><trkpt lat="60.069027" lon="18.761417"><ele>0.33</ele><time>2026-05-01T07:58:12.091Z</time><extensions><gpxtpx:TrackPointExtension><gpxtpx:hr>93</gpxtpx:hr></gpxtpx:TrackPointExtension></extensions></trkpt><trkpt lat="60.069046" lon="18.76143"><ele>0.347</ele><time>2026-05-01T07:58:13.100Z</time></trkpt><trkpt lat="60.06907" lon="18.761448"><ele>0.271</ele><time>2026-05-01T07:58:14.108Z</time><extensions><gpxtpx:TrackPointExtension><gpxtpx:hr>93</gpxtpx:hr></gpxtpx:TrackPointExtension></extensions></trkpt><trkpt lat="60.06909" lon="18.761463"><ele>0.299</ele><time>2026-05-01T07:58:15.115Z</time><extensions><gpxtpx:TrackPointExtension><gpxtpx:hr>93</gpxtpx:hr></gpxtpx:TrackPointExtension></extensions></trkpt><trkpt lat="60.069115" lon="18.761477"><ele>0.293</ele><time>2026-05-01T07:58:16.123Z</time><extensions><gpxtpx:TrackPointExtension><gpxtpx:hr>93</gpxtpx:hr></gpxtpx:TrackPointExtension></extensions></trkpt><trkpt lat="60.069138" lon="18.761492"><ele>0.283</ele><time>2026-05-01T07:58:17.131Z</time><extensions><gpxtpx:TrackPointExtension><gpxtpx:hr>93</gpxtpx:hr></gpxtpx:TrackPointExtension></extensions></trkpt><trkpt lat="60.069157" lon="18.761505"><ele>0.29</ele><time>2026-05-01T07:58:18.142Z</time></trkpt><trkpt lat="60.069183" lon="18.761522"><ele>0.248</ele><time>2026-05-01T07:58:19.151Z</time><extensions><gpxtpx:TrackPointExtension><gpxtpx:hr>94</gpxtpx:hr></gpxtpx:TrackPointExtension></extensions></trkpt><trkpt lat="60.069206" lon="18.761538"><ele>0.485</ele><time>2026-05-01T07:58:20.160Z</time><extensions><gpxtpx:TrackPointExtension><gpxtpx:hr>94</gpxtpx:hr></gpxtpx:TrackPointExtension></extensions></trkpt><trkpt lat="60.06923" lon="18.761553"><ele>0.556</ele><time>2026-05-01T07:58:21.168Z</time><extensions><gpxtpx:TrackPointExtension><gpxtpx:hr>95</gpxtpx:hr></gpxtpx:TrackPointExtension></extensions></trkpt><trkpt lat="60.069252" lon="18.76157"><ele>0.587</ele><time>2026-05-01T07:58:22.176Z</time><extensions><gpxtpx:TrackPointExtension><gpxtpx:hr>94</gpxtpx:hr></gpxtpx:TrackPointExtension></extensions></trkpt><trkpt lat="60.069275" lon="18.76159"><ele>0.561</ele><time>2026-05-01T07:58:23.184Z</time></trkpt><trkpt lat="60.069298" lon="18.761606"><ele>0.565</ele><time>2026-05-01T07:58:24.193Z</time><extensions><gpxtpx:TrackPointExtension><gpxtpx:hr>94</gpxtpx:hr></gpxtpx:TrackPointExtension></extensions></trkpt><trkpt lat="60.06932" lon="18.761621"><ele>0.553</ele><time>2026-05-01T07:58:25.202Z</time><extensions><gpxtpx:TrackPointExtension><gpxtpx:hr>94</gpxtpx:hr></gpxtpx:TrackPointExtension></extensions></trkpt><trkpt lat="60.069344" lon="18.761635"><ele>0.537</ele><time>2026-05-01T07:58:26.211Z</time><extensions><gpxtpx:TrackPointExtension><gpxtpx:hr>95</gpxtpx:hr></gpxtpx:TrackPointExtension></extensions></trkpt><trkpt lat="60.06937" lon="18.761652"><ele>0.618</ele><time>2026-05-01T07:58:27.219Z</time><extensions><gpxtpx:TrackPointExtension><gpxtpx:hr>96</gpxtpx:hr></gpxtpx:TrackPointExtension></extensions></trkpt><trkpt lat="60.069397" lon="18.761671"><ele>0.635</ele><time>2026-05-01T07:58:28.229Z</time></trkpt><trkpt lat="60.069424" lon="18.761698"><ele>0.581</ele><time>2026-05-01T07:58:29.236Z</time><extensions><gpxtpx:TrackPointExtension><gpxtpx:hr>97</gpxtpx:hr></gpxtpx:TrackPointExtension></extensions></trkpt><trkpt lat="60.069447" lon="18.761724"><ele>0.695</ele><time>2026-05-01T07:58:30.245Z</time><extensions><gpxtpx:TrackPointExtension><gpxtpx:hr>97</gpxtpx:hr></gpxtpx:TrackPointExtension></extensions></trkpt><trkpt lat="60.06947" lon="18.761747"><ele>0.828</ele><time>2026-05-01T07:58:31.253Z</time><extensions><gpxtpx:TrackPointExtension><gpxtpx:hr>98</gpxtpx:hr></gpxtpx:TrackPointExtension></extensions></trkpt><trkpt lat="60.069496" lon="18.761766"><ele>0.923</ele><time>2026-05-01T07:58:32.263Z</time><extensions><gpxtpx:TrackPointExtension><gpxtpx:hr>99</gpxtpx:hr></gpxtpx:TrackPointExtension></extensions></trkpt><trkpt lat="60.069523" lon="18.761782"><ele>0.955</ele><time>2026-05-01T07:58:33.271Z</time></trkpt><trkpt lat="60.069546" lon="18.76179"><ele>0.906</ele><time>2026-05-01T07:58:34.280Z</time><extensions><gpxtpx:TrackPointExtension><gpxtpx:hr>100</gpxtpx:hr></gpxtpx:TrackPointExtension></extensions></trkpt><trkpt lat="60.06956" lon="18.761787"><ele>0.878</ele><time>2026-05-01T07:58:35.281Z</time><extensions><gpxtpx:TrackPointExtension><gpxtpx:hr>99</gpxtpx:hr></gpxtpx:TrackPointExtension></extensions></trkpt><trkpt lat="60.06957" lon="18.761782"><ele>0.8</ele><time>2026-05-01T07:58:36.280Z</time><extensions><gpxtpx:TrackPointExtension><gpxtpx:hr>99</gpxtpx:hr></gpxtpx:TrackPointExtension></extensions></trkpt><trkpt lat="60.069572" lon="18.761774"><ele>0.703</ele><time>2026-05-01T07:58:37.281Z</time><extensions><gpxtpx:TrackPointExtension><gpxtpx:hr>99</gpxtpx:hr></gpxtpx:TrackPointExtension></extensions></trkpt><trkpt lat="60.06957" lon="18.761768"><ele>0.599</ele><time>2026-05-01T07:58:38.289Z</time></trkpt><trkpt lat="60.069557" lon="18.76176"><ele>0.425</ele><time>2026-05-01T07:58:39.294Z</time><extensions><gpxtpx:TrackPointExtension><gpxtpx:hr>98</gpxtpx:hr></gpxtpx:TrackPointExtension></extensions></trkpt><trkpt lat="60.069546" lon="18.761755"><ele>0.385</ele><time>2026-05-01T07:58:40.295Z</time><extensions><gpxtpx:TrackPointExtension><gpxtpx:hr>98</gpxtpx:hr></gpxtpx:TrackPointExtension></extensions></trkpt><trkpt lat="60.06953" lon="18.76175"><ele>0.386</ele><time>2026-05-01T07:58:41.296Z</time><extensions><gpxtpx:TrackPointExtension><gpxtpx:hr>97</gpxtpx:hr></gpxtpx:TrackPointExtension></extensions></trkpt><trkpt lat="60.06951" lon="18.761745"><ele>0.459</ele><time>2026-05-01T07:58:42.304Z</time><extensions><gpxtpx:TrackPointExtension><gpxtpx:hr>95</gpxtpx:hr></gpxtpx:TrackPointExtension></extensions></trkpt><trkpt lat="60.069492" lon="18.76174"><ele>0.38</ele><time>2026-05-01T07:58:43.311Z</time></trkpt><trkpt lat="60.06947" lon="18.761732"><ele>0.332</ele><time>2026-05-01T07:58:44.319Z</time><extensions><gpxtpx:TrackPointExtension><gpxtpx:hr>95</gpxtpx:hr></gpxtpx:TrackPointExtension></extensions></trkpt><trkpt lat="60.069447" lon="18.76172"><ele>0.252</ele><time>2026-05-01T07:58:45.328Z</time></trkpt><trkpt lat="60.069424" lon="18.761707"><ele>0.288</ele><time>2026-05-01T07:58:46.335Z</time><extensions><gpxtpx:TrackPointExtension><gpxtpx:hr>95</gpxtpx:hr></gpxtpx:TrackPointExtension></extensions></trkpt><trkpt lat="60.0694" lon="18.761692"><ele>0.287</ele><time>2026-05-01T07:58:47.343Z</time><extensions><gpxtpx:TrackPointExtension><gpxtpx:hr>96</gpxtpx:hr></gpxtpx:TrackPointExtension></extensions></trkpt><trkpt lat="60.069378" lon="18.761679"><ele>0.194</ele><time>2026-05-01T07:58:48.352Z</time></trkpt><trkpt lat="60.06936" lon="18.761663"><ele>0.21</ele><time>2026-05-01T07:58:49.359Z</time><extensions><gpxtpx:TrackPointExtension><gpxtpx:hr>96</gpxtpx:hr></gpxtpx:TrackPointExtension></extensions></trkpt><trkpt lat="60.069336" lon="18.76165"><ele>0.166</ele><time>2026-05-01T07:58:50.367Z</time><extensions><gpxtpx:TrackPointExtension><gpxtpx:hr>97</gpxtpx:hr></gpxtpx:TrackPointExtension></extensions></trkpt><trkpt lat="60.069317" lon="18.761639"><ele>0.041</ele><time>2026-05-01T07:58:51.374Z</time><extensions><gpxtpx:TrackPointExtension><gpxtpx:hr>96</gpxtpx:hr></gpxtpx:TrackPointExtension></extensions></trkpt><trkpt lat="60.069294" lon="18.761625"><ele>-0.029</ele><time>2026-05-01T07:58:52.383Z</time><extensions><gpxtpx:TrackPointExtension><gpxtpx:hr>96</gpxtpx:hr></gpxtpx:TrackPointExtension></extensions></trkpt><trkpt lat="60.069275" lon="18.761614"><ele>-0.117</ele><time>2026-05-01T07:58:53.393Z</time></trkpt><trkpt lat="60.069252" lon="18.7616"><ele>-0.113</ele><time>2026-05-01T07:58:54.401Z</time><extensions><gpxtpx:TrackPointExtension><gpxtpx:hr>96</gpxtpx:hr></gpxtpx:TrackPointExtension></extensions></trkpt><trkpt lat="60.069233" lon="18.76159"><ele>-0.011</ele><time>2026-05-01T07:58:55.410Z</time><extensions><gpxtpx:TrackPointExtension><gpxtpx:hr>96</gpxtpx:hr></gpxtpx:TrackPointExtension></extensions></trkpt><trkpt lat="60.069214" lon="18.761578"><ele>-0.028</ele><time>2026-05-01T07:58:56.417Z</time><extensions><gpxtpx:TrackPointExtension><gpxtpx:hr>96</gpxtpx:hr></gpxtpx:TrackPointExtension></extensions></trkpt><trkpt lat="60.069195" lon="18.761564"><ele>0.032</ele><time>2026-05-01T07:58:57.424Z</time><extensions><gpxtpx:TrackPointExtension><gpxtpx:hr>96</gpxtpx:hr></gpxtpx:TrackPointExtension></extensions></trkpt><trkpt lat="60.069176" lon="18.761553"><ele>0.019</ele><time>2026-05-01T07:58:58.433Z</time><extensions><gpxtpx:TrackPointExtension><gpxtpx:hr>97</gpxtpx:hr></gpxtpx:TrackPointExtension></extensions></trkpt><trkpt lat="60.069157" lon="18.761541"><ele>0.03</ele><time>2026-05-01T07:58:59.441Z</time><extensions><gpxtpx:TrackPointExtension><gpxtpx:hr>97</gpxtpx:hr></gpxtpx:TrackPointExtension></extensions></trkpt><trkpt lat="60.069138" lon="18.76153"><ele>-0.001</ele><time>2026-05-01T07:59:00.450Z</time><extensions><gpxtpx:TrackPointExtension><gpxtpx:hr>98</gpxtpx:hr></gpxtpx:TrackPointExtension></extensions></trkpt><trkpt lat="60.06912" lon="18.761518"><ele>-0.024</ele><time>2026-05-01T07:59:01.459Z</time><extensions><gpxtpx:TrackPointExtension><gpxtpx:hr>98</gpxtpx:hr></gpxtpx:TrackPointExtension></extensions></trkpt><trkpt lat="60.0691" lon="18.761507"><ele>-0.159</ele><time>2026-05-01T07:59:02.466Z</time><extensions><gpxtpx:TrackPointExtension><gpxtpx:hr>98</gpxtpx:hr></gpxtpx:TrackPointExtension></extensions></trkpt><trkpt lat="60.06908" lon="18.761496"><ele>-0.263</ele><time>2026-05-01T07:59:03.474Z</time><extensions><gpxtpx:TrackPointExtension><gpxtpx:hr>98</gpxtpx:hr></gpxtpx:TrackPointExtension></extensions></trkpt><trkpt lat="60.06906" lon="18.761482"><ele>-0.168</ele><time>2026-05-01T07:59:04.484Z</time><extensions><gpxtpx:TrackPointExtension><gpxtpx:hr>98</gpxtpx:hr></gpxtpx:TrackPointExtension></extensions></trkpt><trkpt lat="60.069042" lon="18.76147"><ele>0.041</ele><time>2026-05-01T07:59:05.493Z</time><extensions><gpxtpx:TrackPointExtension><gpxtpx:hr>98</gpxtpx:hr></gpxtpx:TrackPointExtension></extensions></trkpt><trkpt lat="60.06902" lon="18.761457"><ele>0.173</ele><time>2026-05-01T07:59:06.502Z</time><extensions><gpxtpx:TrackPointExtension><gpxtpx:hr>98</gpxtpx:hr></gpxtpx:TrackPointExtension></extensions></trkpt><trkpt lat="60.069" lon="18.761444"><ele>0.235</ele><time>2026-05-01T07:59:07.509Z</time><extensions><gpxtpx:TrackPointExtension><gpxtpx:hr>99</gpxtpx:hr></gpxtpx:TrackPointExtension></extensions></trkpt><trkpt lat="60.068985" lon="18.76143"><ele>0.251</ele><time>2026-05-01T07:59:08.518Z</time><extensions><gpxtpx:TrackPointExtension><gpxtpx:hr>99</gpxtpx:hr></gpxtpx:TrackPointExtension></extensions></trkpt><trkpt lat="60.068966" lon="18.76142"><ele>0.272</ele><time>2026-05-01T07:59:09.525Z</time><extensions><gpxtpx:TrackPointExtension><gpxtpx:hr>99</gpxtpx:hr></gpxtpx:TrackPointExtension></extensions></trkpt><trkpt lat="60.06895" lon="18.761408"><ele>0.304</ele><time>2026-05-01T07:59:10.534Z</time><extensions><gpxtpx:TrackPointExtension><gpxtpx:hr>100</gpxtpx:hr></gpxtpx:TrackPointExtension></extensions></trkpt><trkpt lat="60.068935" lon="18.761396"><ele>0.429</ele><time>2026-05-01T07:59:11.542Z</time><extensions><gpxtpx:TrackPointExtension><gpxtpx:hr>100</gpxtpx:hr></gpxtpx:TrackPointExtension></extensions></trkpt><trkpt lat="60.06892" lon="18.761389"><ele>0.58</ele><time>2026-05-01T07:59:12.551Z</time><extensions><gpxtpx:TrackPointExtension><gpxtpx:hr>100</gpxtpx:hr></gpxtpx:TrackPointExtension></extensions></trkpt><trkpt lat="60.06891" lon="18.761383"><ele>0.686</ele><time>2026-05-01T07:59:13.560Z</time><extensions><gpxtpx:TrackPointExtension><gpxtpx:hr>99</gpxtpx:hr></gpxtpx:TrackPointExtension></extensions></trkpt><trkpt lat="60.068897" lon="18.76138"><ele>0.785</ele><time>2026-05-01T07:59:14.569Z</time><extensions><gpxtpx:TrackPointExtension><gpxtpx:hr>99</gpxtpx:hr></gpxtpx:TrackPointExtension></extensions></trkpt><trkpt lat="60.068886" lon="18.761374"><ele>0.877</ele><time>2026-05-01T07:59:15.575Z</time><extensions><gpxtpx:TrackPointExtension><gpxtpx:hr>99</gpxtpx:hr></gpxtpx:TrackPointExtension></extensions></trkpt><trkpt lat="60.068874" lon="18.761368"><ele>0.949</ele><time>2026-05-01T07:59:16.585Z</time><extensions><gpxtpx:TrackPointExtension><gpxtpx:hr>98</gpxtpx:hr></gpxtpx:TrackPointExtension></extensions></trkpt><trkpt lat="60.068863" lon="18.76136"><ele>0.952</ele><time>2026-05-01T07:59:17.596Z</time><extensions><gpxtpx:TrackPointExtension><gpxtpx:hr>98</gpxtpx:hr></gpxtpx:TrackPointExtension></extensions></trkpt><trkpt lat="60.06885" lon="18.76135"><ele>0.933</ele><time>2026-05-01T07:59:18.604Z</time><extensions><gpxtpx:TrackPointExtension><gpxtpx:hr>97</gpxtpx:hr></gpxtpx:TrackPointExtension></extensions></trkpt><trkpt lat="60.068844" lon="18.761341"><ele>0.98</ele><time>2026-05-01T07:59:19.613Z</time><extensions><gpxtpx:TrackPointExtension><gpxtpx:hr>96</gpxtpx:hr></gpxtpx:TrackPointExtension></extensions></trkpt><trkpt lat="60.068832" lon="18.761332"><ele>0.932</ele><time>2026-05-01T07:59:20.622Z</time><extensions><gpxtpx:TrackPointExtension><gpxtpx:hr>96</gpxtpx:hr></gpxtpx:TrackPointExtension></extensions></trkpt><trkpt lat="60.068817" lon="18.76132"><ele>0.892</ele><time>2026-05-01T07:59:21.631Z</time><extensions><gpxtpx:TrackPointExtension><gpxtpx:hr>95</gpxtpx:hr></gpxtpx:TrackPointExtension></extensions></trkpt><trkpt lat="60.068806" lon="18.761305"><ele>1.035</ele><time>2026-05-01T07:59:22.641Z</time><extensions><gpxtpx:TrackPointExtension><gpxtpx:hr>94</gpxtpx:hr></gpxtpx:TrackPointExtension></extensions></trkpt><trkpt lat="60.068794" lon="18.76129"><ele>1.123</ele><time>2026-05-01T07:59:23.648Z</time><extensions><gpxtpx:TrackPointExtension><gpxtpx:hr>94</gpxtpx:hr></gpxtpx:TrackPointExtension></extensions></trkpt><trkpt lat="60.06878" lon="18.761272"><ele>1.262</ele><time>2026-05-01T07:59:24.656Z</time><extensions><gpxtpx:TrackPointExtension><gpxtpx:hr>95</gpxtpx:hr></gpxtpx:TrackPointExtension></extensions></trkpt><trkpt lat="60.06876" lon="18.761255"><ele>1.431</ele><time>2026-05-01T07:59:25.665Z</time><extensions><gpxtpx:TrackPointExtension><gpxtpx:hr>96</gpxtpx:hr></gpxtpx:TrackPointExtension></extensions></trkpt><trkpt lat="60.068745" lon="18.76124"><ele>1.419</ele><time>2026-05-01T07:59:26.673Z</time><extensions><gpxtpx:TrackPointExtension><gpxtpx:hr>96</gpxtpx:hr></gpxtpx:TrackPointExtension></extensions></trkpt><trkpt lat="60.068726" lon="18.761229"><ele>1.44</ele><time>2026-05-01T07:59:27.682Z</time><extensions><gpxtpx:TrackPointExtension><gpxtpx:hr>96</gpxtpx:hr></gpxtpx:TrackPointExtension></extensions></trkpt><trkpt lat="60.068703" lon="18.76122"><ele>1.449</ele><time>2026-05-01T07:59:28.691Z</time><extensions><gpxtpx:TrackPointExtension><gpxtpx:hr>95</gpxtpx:hr></gpxtpx:TrackPointExtension></extensions></trkpt><trkpt lat="60.068684" lon="18.761213"><ele>1.534</ele><time>2026-05-01T07:59:29.700Z</time><extensions><gpxtpx:TrackPointExtension><gpxtpx:hr>95</gpxtpx:hr></gpxtpx:TrackPointExtension></extensions></trkpt><trkpt lat="60.06867" lon="18.76121"><ele>1.615</ele><time>2026-05-01T07:59:30.708Z</time><extensions><gpxtpx:TrackPointExtension><gpxtpx:hr>95</gpxtpx:hr></gpxtpx:TrackPointExtension></extensions></trkpt><trkpt lat="60.068653" lon="18.761208"><ele>1.623</ele><time>2026-05-01T07:59:31.715Z</time><extensions><gpxtpx:TrackPointExtension><gpxtpx:hr>95</gpxtpx:hr></gpxtpx:TrackPointExtension></extensions></trkpt><trkpt lat="60.068638" lon="18.761208"><ele>1.579</ele><time>2026-05-01T07:59:32.723Z</time><extensions><gpxtpx:TrackPointExtension><gpxtpx:hr>95</gpxtpx:hr></gpxtpx:TrackPointExtension></extensions></trkpt><trkpt lat="60.068623" lon="18.761208"><ele>1.527</ele><time>2026-05-01T07:59:33.732Z</time><extensions><gpxtpx:TrackPointExtension><gpxtpx:hr>94</gpxtpx:hr></gpxtpx:TrackPointExtension></extensions></trkpt><trkpt lat="60.06861" lon="18.761208"><ele>1.607</ele><time>2026-05-01T07:59:34.741Z</time><extensions><gpxtpx:TrackPointExtension><gpxtpx:hr>93</gpxtpx:hr></gpxtpx:TrackPointExtension></extensions></trkpt><trkpt lat="60.0686" lon="18.761208"><ele>1.641</ele><time>2026-05-01T07:59:35.745Z</time><extensions><gpxtpx:TrackPointExtension><gpxtpx:hr>94</gpxtpx:hr></gpxtpx:TrackPointExtension></extensions></trkpt><trkpt lat="60.06859" lon="18.761208"><ele>1.697</ele><time>2026-05-01T07:59:36.752Z</time><extensions><gpxtpx:TrackPointExtension><gpxtpx:hr>94</gpxtpx:hr></gpxtpx:TrackPointExtension></extensions></trkpt><trkpt lat="60.068577" lon="18.761208"><ele>1.757</ele><time>2026-05-01T07:59:37.751Z</time><extensions><gpxtpx:TrackPointExtension><gpxtpx:hr>95</gpxtpx:hr></gpxtpx:TrackPointExtension></extensions></trkpt><trkpt lat="60.06856" lon="18.761208"><ele>1.928</ele><time>2026-05-01T07:59:38.752Z</time><extensions><gpxtpx:TrackPointExtension><gpxtpx:hr>95</gpxtpx:hr></gpxtpx:TrackPointExtension></extensions></trkpt><trkpt lat="60.06855" lon="18.761208"><ele>1.96</ele><time>2026-05-01T07:59:39.752Z</time><extensions><gpxtpx:TrackPointExtension><gpxtpx:hr>97</gpxtpx:hr></gpxtpx:TrackPointExtension></extensions></trkpt><trkpt lat="60.068535" lon="18.761206"><ele>1.985</ele><time>2026-05-01T07:59:40.752Z</time><extensions><gpxtpx:TrackPointExtension><gpxtpx:hr>97</gpxtpx:hr></gpxtpx:TrackPointExtension></extensions></trkpt><trkpt lat="60.068516" lon="18.761202"><ele>1.965</ele><time>2026-05-01T07:59:41.753Z</time><extensions><gpxtpx:TrackPointExtension><gpxtpx:hr>97</gpxtpx:hr></gpxtpx:TrackPointExtension></extensions></trkpt><trkpt lat="60.0685" lon="18.761194"><ele>2.132</ele><time>2026-05-01T07:59:42.756Z</time><extensions><gpxtpx:TrackPointExtension><gpxtpx:hr>98</gpxtpx:hr></gpxtpx:TrackPointExtension></extensions></trkpt><trkpt lat="60.06848" lon="18.761187"><ele>2.178</ele><time>2026-05-01T07:59:43.754Z</time><extensions><gpxtpx:TrackPointExtension><gpxtpx:hr>99</gpxtpx:hr></gpxtpx:TrackPointExtension></extensions></trkpt><trkpt lat="60.068462" lon="18.761179"><ele>3.15</ele><time>2026-05-01T07:59:54.726Z</time></trkpt><trkpt lat="60.068447" lon="18.761171"><ele>3.071</ele><time>2026-05-01T07:59:55.727Z</time><extensions><gpxtpx:TrackPointExtension><gpxtpx:hr>112</gpxtpx:hr></gpxtpx:TrackPointExtension></extensions></trkpt><trkpt lat="60.068428" lon="18.76116"><ele>2.868</ele><time>2026-05-01T07:59:56.727Z</time><extensions><gpxtpx:TrackPointExtension><gpxtpx:hr>113</gpxtpx:hr></gpxtpx:TrackPointExtension></extensions></trkpt><trkpt lat="60.06841" lon="18.761148"><ele>2.734</ele><time>2026-05-01T07:59:57.727Z</time><extensions><gpxtpx:TrackPointExtension><gpxtpx:hr>114</gpxtpx:hr></gpxtpx:TrackPointExtension></extensions></trkpt><trkpt lat="60.06839" lon="18.761135"><ele>2.774</ele><time>2026-05-01T07:59:58.726Z</time><extensions><gpxtpx:TrackPointExtension><gpxtpx:hr>114</gpxtpx:hr></gpxtpx:TrackPointExtension></extensions></trkpt><trkpt lat="60.068375" lon="18.761122"><ele>2.709</ele><time>2026-05-01T07:59:59.727Z</time><extensions><gpxtpx:TrackPointExtension><gpxtpx:hr>114</gpxtpx:hr></gpxtpx:TrackPointExtension></extensions></trkpt><trkpt lat="60.06836" lon="18.761108"><ele>2.828</ele><time>2026-05-01T08:00:00.726Z</time><extensions><gpxtpx:TrackPointExtension><gpxtpx:hr>114</gpxtpx:hr></gpxtpx:TrackPointExtension></extensions></trkpt><trkpt lat="60.068348" lon="18.761097"><ele>2.907</ele><time>2026-05-01T08:00:01.727Z</time><extensions><gpxtpx:TrackPointExtension><gpxtpx:hr>114</gpxtpx:hr></gpxtpx:TrackPointExtension></extensions></trkpt><trkpt lat="60.068333" lon="18.761086"><ele>2.988</ele><time>2026-05-01T08:00:02.728Z</time><extensions><gpxtpx:TrackPointExtension><gpxtpx:hr>114</gpxtpx:hr></gpxtpx:TrackPointExtension></extensions></trkpt><trkpt lat="60.068317" lon="18.76108"><ele>3.056</ele><time>2026-05-01T08:00:03.728Z</time><extensions><gpxtpx:TrackPointExtension><gpxtpx:hr>113</gpxtpx:hr></gpxtpx:TrackPointExtension></extensions></trkpt><trkpt lat="60.068306" lon="18.761072"><ele>3.107</ele><time>2026-05-01T08:00:04.729Z</time><extensions><gpxtpx:TrackPointExtension><gpxtpx:hr>113</gpxtpx:hr></gpxtpx:TrackPointExtension></extensions></trkpt><trkpt lat="60.06829" lon="18.761066"><ele>3.044</ele><time>2026-05-01T08:00:05.730Z</time><extensions><gpxtpx:TrackPointExtension><gpxtpx:hr>113</gpxtpx:hr></gpxtpx:TrackPointExtension></extensions></trkpt><trkpt lat="60.068275" lon="18.76106"><ele>3.014</ele><time>2026-05-01T08:00:06.730Z</time><extensions><gpxtpx:TrackPointExtension><gpxtpx:hr>113</gpxtpx:hr></gpxtpx:TrackPointExtension></extensions></trkpt><trkpt lat="60.068264" lon="18.761055"><ele>3.048</ele><time>2026-05-01T08:00:07.733Z</time><extensions><gpxtpx:TrackPointExtension><gpxtpx:hr>113</gpxtpx:hr></gpxtpx:TrackPointExtension></extensions></trkpt><trkpt lat="60.068256" lon="18.761047"><ele>3.073</ele><time>2026-05-01T08:00:08.732Z</time><extensions><gpxtpx:TrackPointExtension><gpxtpx:hr>113</gpxtpx:hr></gpxtpx:TrackPointExtension></extensions></trkpt><trkpt lat="60.06825" lon="18.76104"><ele>3.183</ele><time>2026-05-01T08:00:09.741Z</time><extensions><gpxtpx:TrackPointExtension><gpxtpx:hr>112</gpxtpx:hr></gpxtpx:TrackPointExtension></extensions></trkpt><trkpt lat="60.068245" lon="18.761028"><ele>3.275</ele><time>2026-05-01T08:00:10.750Z</time><extensions><gpxtpx:TrackPointExtension><gpxtpx:hr>111</gpxtpx:hr></gpxtpx:TrackPointExtension></extensions></trkpt><trkpt lat="60.06824" lon="18.761017"><ele>3.356</ele><time>2026-05-01T08:00:11.756Z</time><extensions><gpxtpx:TrackPointExtension><gpxtpx:hr>110</gpxtpx:hr></gpxtpx:TrackPointExtension></extensions></trkpt><trkpt lat="60.06824" lon="18.761003"><ele>3.4</ele><time>2026-05-01T08:00:12.765Z</time><extensions><gpxtpx:TrackPointExtension><gpxtpx:hr>110</gpxtpx:hr></gpxtpx:TrackPointExtension></extensions></trkpt><trkpt lat="60.068237" lon="18.76099"><ele>3.435</ele><time>2026-05-01T08:00:13.775Z</time><extensions><gpxtpx:TrackPointExtension><gpxtpx:hr>110</gpxtpx:hr></gpxtpx:TrackPointExtension></extensions></trkpt><trkpt lat="60.068237" lon="18.760975"><ele>3.501</ele><time>2026-05-01T08:00:14.784Z</time><extensions><gpxtpx:TrackPointExtension><gpxtpx:hr>110</gpxtpx:hr></gpxtpx:TrackPointExtension></extensions></trkpt><trkpt lat="60.06824" lon="18.760956"><ele>3.491</ele><time>2026-05-01T08:00:15.792Z</time><extensions><gpxtpx:TrackPointExtension><gpxtpx:hr>111</gpxtpx:hr></gpxtpx:TrackPointExtension></extensions></trkpt><trkpt lat="60.06824" lon="18.760937"><ele>3.536</ele><time>2026-05-01T08:00:16.802Z</time><extensions><gpxtpx:TrackPointExtension><gpxtpx:hr>111</gpxtpx:hr></gpxtpx:TrackPointExtension></extensions></trkpt><trkpt lat="60.068245" lon="18.76092"><ele>3.556</ele><time>2026-05-01T08:00:17.810Z</time><extensions><gpxtpx:TrackPointExtension><gpxtpx:hr>111</gpxtpx:hr></gpxtpx:TrackPointExtension></extensions></trkpt><trkpt lat="60.06825" lon="18.7609"><ele>3.52</ele><time>2026-05-01T08:00:18.817Z</time><extensions><gpxtpx:TrackPointExtension><gpxtpx:hr>112</gpxtpx:hr></gpxtpx:TrackPointExtension></extensions></trkpt><trkpt lat="60.068253" lon="18.76088"><ele>3.525</ele><time>2026-05-01T08:00:19.825Z</time><extensions><gpxtpx:TrackPointExtension><gpxtpx:hr>112</gpxtpx:hr></gpxtpx:TrackPointExtension></extensions></trkpt><trkpt lat="60.068256" lon="18.76086"><ele>3.562</ele><time>2026-05-01T08:00:20.834Z</time><extensions><gpxtpx:TrackPointExtension><gpxtpx:hr>112</gpxtpx:hr></gpxtpx:TrackPointExtension></extensions></trkpt><trkpt lat="60.06826" lon="18.760841"><ele>3.624</ele><time>2026-05-01T08:00:21.844Z</time><extensions><gpxtpx:TrackPointExtension><gpxtpx:hr>111</gpxtpx:hr></gpxtpx:TrackPointExtension></extensions></trkpt><trkpt lat="60.068268" lon="18.760822"><ele>3.662</ele><time>2026-05-01T08:00:22.853Z</time><extensions><gpxtpx:TrackPointExtension><gpxtpx:hr>111</gpxtpx:hr></gpxtpx:TrackPointExtension></extensions></trkpt><trkpt lat="60.06827" lon="18.760801"><ele>3.67</ele><time>2026-05-01T08:00:23.862Z</time><extensions><gpxtpx:TrackPointExtension><gpxtpx:hr>111</gpxtpx:hr></gpxtpx:TrackPointExtension></extensions></trkpt><trkpt lat="60.068275" lon="18.76078"><ele>3.673</ele><time>2026-05-01T08:00:24.871Z</time><extensions><gpxtpx:TrackPointExtension><gpxtpx:hr>111</gpxtpx:hr></gpxtpx:TrackPointExtension></extensions></trkpt><trkpt lat="60.06828" lon="18.76076"><ele>3.58</ele><time>2026-05-01T08:00:25.880Z</time><extensions><gpxtpx:TrackPointExtension><gpxtpx:hr>110</gpxtpx:hr></gpxtpx:TrackPointExtension></extensions></trkpt><trkpt lat="60.06828" lon="18.760736"><ele>3.903</ele><time>2026-05-01T08:01:06.833Z</time><extensions><gpxtpx:TrackPointExtension><gpxtpx:hr>95</gpxtpx:hr></gpxtpx:TrackPointExtension></extensions></trkpt><trkpt lat="60.068283" lon="18.760715"><ele>3.834</ele><time>2026-05-01T08:01:07.834Z</time><extensions><gpxtpx:TrackPointExtension><gpxtpx:hr>94</gpxtpx:hr></gpxtpx:TrackPointExtension></extensions></trkpt><trkpt lat="60.068287" lon="18.76069"><ele>3.679</ele><time>2026-05-01T08:01:08.837Z</time><extensions><gpxtpx:TrackPointExtension><gpxtpx:hr>93</gpxtpx:hr></gpxtpx:TrackPointExtension></extensions></trkpt><trkpt lat="60.068287" lon="18.760664"><ele>3.584</ele><time>2026-05-01T08:01:09.837Z</time><extensions><gpxtpx:TrackPointExtension><gpxtpx:hr>93</gpxtpx:hr></gpxtpx:TrackPointExtension></extensions></trkpt><trkpt lat="60.06829" lon="18.760633"><ele>3.464</ele><time>2026-05-01T08:01:10.847Z</time><extensions><gpxtpx:TrackPointExtension><gpxtpx:hr>93</gpxtpx:hr></gpxtpx:TrackPointExtension></extensions></trkpt><trkpt lat="60.06829" lon="18.760603"><ele>3.481</ele><time>2026-05-01T08:01:11.856Z</time><extensions><gpxtpx:TrackPointExtension><gpxtpx:hr>94</gpxtpx:hr></gpxtpx:TrackPointExtension></extensions></trkpt><trkpt lat="60.068295" lon="18.760572"><ele>3.325</ele><time>2026-05-01T08:03:30.233Z</time><extensions><gpxtpx:TrackPointExtension><gpxtpx:hr>116</gpxtpx:hr></gpxtpx:TrackPointExtension></extensions></trkpt><trkpt lat="60.068295" lon="18.76054"><ele>3.259</ele><time>2026-05-01T08:03:31.232Z</time><extensions><gpxtpx:TrackPointExtension><gpxtpx:hr>117</gpxtpx:hr></gpxtpx:TrackPointExtension></extensions></trkpt><trkpt lat="60.0683" lon="18.760508"><ele>3.117</ele><time>2026-05-01T08:03:32.232Z</time><extensions><gpxtpx:TrackPointExtension><gpxtpx:hr>118</gpxtpx:hr></gpxtpx:TrackPointExtension></extensions></trkpt><trkpt lat="60.068302" lon="18.760475"><ele>3.047</ele><time>2026-05-01T08:03:33.233Z</time><extensions><gpxtpx:TrackPointExtension><gpxtpx:hr>120</gpxtpx:hr></gpxtpx:TrackPointExtension></extensions></trkpt><trkpt lat="60.068306" lon="18.760443"><ele>3.013</ele><time>2026-05-01T08:03:34.243Z</time><extensions><gpxtpx:TrackPointExtension><gpxtpx:hr>121</gpxtpx:hr></gpxtpx:TrackPointExtension></extensions></trkpt><trkpt lat="60.068314" lon="18.760412"><ele>3.012</ele><time>2026-05-01T08:03:35.254Z</time></trkpt><trkpt lat="60.068317" lon="18.760384"><ele>3.086</ele><time>2026-05-01T08:03:36.262Z</time><extensions><gpxtpx:TrackPointExtension><gpxtpx:hr>120</gpxtpx:hr></gpxtpx:TrackPointExtension></extensions></trkpt><trkpt lat="60.068325" lon="18.760353"><ele>3.15</ele><time>2026-05-01T08:03:37.271Z</time><extensions><gpxtpx:TrackPointExtension><gpxtpx:hr>120</gpxtpx:hr></gpxtpx:TrackPointExtension></extensions></trkpt><trkpt lat="60.06833" lon="18.760324"><ele>3.381</ele><time>2026-05-01T08:03:38.275Z</time></trkpt><trkpt lat="60.068333" lon="18.760294"><ele>3.663</ele><time>2026-05-01T08:03:39.277Z</time><extensions><gpxtpx:TrackPointExtension><gpxtpx:hr>119</gpxtpx:hr></gpxtpx:TrackPointExtension></extensions></trkpt><trkpt lat="60.06834" lon="18.760267"><ele>3.646</ele><time>2026-05-01T08:03:40.281Z</time></trkpt><trkpt lat="60.068344" lon="18.76024"><ele>3.669</ele><time>2026-05-01T08:03:41.287Z</time><extensions><gpxtpx:TrackPointExtension><gpxtpx:hr>119</gpxtpx:hr></gpxtpx:TrackPointExtension></extensions></trkpt><trkpt lat="60.068348" lon="18.760216"><ele>3.713</ele><time>2026-05-01T08:03:42.296Z</time><extensions><gpxtpx:TrackPointExtension><gpxtpx:hr>118</gpxtpx:hr></gpxtpx:TrackPointExtension></extensions></trkpt><trkpt lat="60.06835" lon="18.760193"><ele>3.838</ele><time>2026-05-01T08:03:43.306Z</time><extensions><gpxtpx:TrackPointExtension><gpxtpx:hr>117</gpxtpx:hr></gpxtpx:TrackPointExtension></extensions></trkpt><trkpt lat="60.068356" lon="18.760172"><ele>3.959</ele><time>2026-05-01T08:03:44.315Z</time><extensions><gpxtpx:TrackPointExtension><gpxtpx:hr>116</gpxtpx:hr></gpxtpx:TrackPointExtension></extensions></trkpt><trkpt lat="60.068363" lon="18.760157"><ele>4.115</ele><time>2026-05-01T08:03:45.323Z</time></trkpt><trkpt lat="60.06837" lon="18.760141"><ele>4.308</ele><time>2026-05-01T08:03:46.331Z</time><extensions><gpxtpx:TrackPointExtension><gpxtpx:hr>114</gpxtpx:hr></gpxtpx:TrackPointExtension></extensions></trkpt><trkpt lat="60.068382" lon="18.76013"><ele>4.467</ele><time>2026-05-01T08:03:47.338Z</time><extensions><gpxtpx:TrackPointExtension><gpxtpx:hr>113</gpxtpx:hr></gpxtpx:TrackPointExtension></extensions></trkpt><trkpt lat="60.06839" lon="18.760118"><ele>4.625</ele><time>2026-05-01T08:03:48.347Z</time><extensions><gpxtpx:TrackPointExtension><gpxtpx:hr>112</gpxtpx:hr></gpxtpx:TrackPointExtension></extensions></trkpt><trkpt lat="60.068398" lon="18.760113"><ele>4.68</ele><time>2026-05-01T08:03:49.355Z</time><extensions><gpxtpx:TrackPointExtension><gpxtpx:hr>111</gpxtpx:hr></gpxtpx:TrackPointExtension></extensions></trkpt><trkpt lat="60.06841" lon="18.760109"><ele>4.762</ele><time>2026-05-01T08:03:50.364Z</time></trkpt><trkpt lat="60.068417" lon="18.760109"><ele>4.815</ele><time>2026-05-01T08:03:51.373Z</time><extensions><gpxtpx:TrackPointExtension><gpxtpx:hr>110</gpxtpx:hr></gpxtpx:TrackPointExtension></extensions></trkpt><trkpt lat="60.06842" lon="18.760107"><ele>4.957</ele><time>2026-05-01T08:03:52.382Z</time><extensions><gpxtpx:TrackPointExtension><gpxtpx:hr>110</gpxtpx:hr></gpxtpx:TrackPointExtension></extensions></trkpt><trkpt lat="60.06842" lon="18.76011"><ele>5.115</ele><time>2026-05-01T08:03:53.391Z</time><extensions><gpxtpx:TrackPointExtension><gpxtpx:hr>110</gpxtpx:hr></gpxtpx:TrackPointExtension></extensions></trkpt><trkpt lat="60.06842" lon="18.760117"><ele>5.244</ele><time>2026-05-01T08:03:54.400Z</time><extensions><gpxtpx:TrackPointExtension><gpxtpx:hr>109</gpxtpx:hr></gpxtpx:TrackPointExtension></extensions></trkpt><trkpt lat="60.068417" lon="18.760122"><ele>5.244</ele><time>2026-05-01T08:03:55.407Z</time></trkpt><trkpt lat="60.06841" lon="18.76013"><ele>5.204</ele><time>2026-05-01T08:03:56.415Z</time><extensions><gpxtpx:TrackPointExtension><gpxtpx:hr>109</gpxtpx:hr></gpxtpx:TrackPointExtension></extensions></trkpt><trkpt lat="60.0684" lon="18.760138"><ele>5.389</ele><time>2026-05-01T08:03:57.423Z</time><extensions><gpxtpx:TrackPointExtension><gpxtpx:hr>108</gpxtpx:hr></gpxtpx:TrackPointExtension></extensions></trkpt><trkpt lat="60.068394" lon="18.760145"><ele>4.828</ele><time>2026-05-01T08:04:12.703Z</time><extensions><gpxtpx:TrackPointExtension><gpxtpx:hr>100</gpxtpx:hr></gpxtpx:TrackPointExtension></extensions></trkpt><trkpt lat="60.068386" lon="18.760155"><ele>4.764</ele><time>2026-05-01T08:04:13.703Z</time><extensions><gpxtpx:TrackPointExtension><gpxtpx:hr>101</gpxtpx:hr></gpxtpx:TrackPointExtension></extensions></trkpt><trkpt lat="60.068375" lon="18.760164"><ele>4.704</ele><time>2026-05-01T08:04:14.703Z</time><extensions><gpxtpx:TrackPointExtension><gpxtpx:hr>101</gpxtpx:hr></gpxtpx:TrackPointExtension></extensions></trkpt><trkpt lat="60.06837" lon="18.760176"><ele>4.586</ele><time>2026-05-01T08:04:15.706Z</time><extensions><gpxtpx:TrackPointExtension><gpxtpx:hr>101</gpxtpx:hr></gpxtpx:TrackPointExtension></extensions></trkpt><trkpt lat="60.068363" lon="18.76019"><ele>4.476</ele><time>2026-05-01T08:04:16.713Z</time><extensions><gpxtpx:TrackPointExtension><gpxtpx:hr>101</gpxtpx:hr></gpxtpx:TrackPointExtension></extensions></trkpt><trkpt lat="60.068356" lon="18.760202"><ele>4.388</ele><time>2026-05-01T08:04:17.722Z</time><extensions><gpxtpx:TrackPointExtension><gpxtpx:hr>102</gpxtpx:hr></gpxtpx:TrackPointExtension></extensions></trkpt><trkpt lat="60.06835" lon="18.760223"><ele>4.295</ele><time>2026-05-01T08:04:18.730Z</time><extensions><gpxtpx:TrackPointExtension><gpxtpx:hr>102</gpxtpx:hr></gpxtpx:TrackPointExtension></extensions></trkpt><trkpt lat="60.06835" lon="18.76024"><ele>4.201</ele><time>2026-05-01T08:04:19.738Z</time><extensions><gpxtpx:TrackPointExtension><gpxtpx:hr>102</gpxtpx:hr></gpxtpx:TrackPointExtension></extensions></trkpt><trkpt lat="60.068348" lon="18.760265"><ele>4.12</ele><time>2026-05-01T08:04:20.747Z</time><extensions><gpxtpx:TrackPointExtension><gpxtpx:hr>102</gpxtpx:hr></gpxtpx:TrackPointExtension></extensions></trkpt><trkpt lat="60.068344" lon="18.760288"><ele>4.0</ele><time>2026-05-01T08:04:21.756Z</time><extensions><gpxtpx:TrackPointExtension><gpxtpx:hr>102</gpxtpx:hr></gpxtpx:TrackPointExtension></extensions></trkpt><trkpt lat="60.06834" lon="18.760313"><ele>3.95</ele><time>2026-05-01T08:04:22.763Z</time><extensions><gpxtpx:TrackPointExtension><gpxtpx:hr>103</gpxtpx:hr></gpxtpx:TrackPointExtension></extensions></trkpt><trkpt lat="60.06834" lon="18.760338"><ele>3.898</ele><time>2026-05-01T08:04:23.771Z</time><extensions><gpxtpx:TrackPointExtension><gpxtpx:hr>103</gpxtpx:hr></gpxtpx:TrackPointExtension></extensions></trkpt><trkpt lat="60.068336" lon="18.760363"><ele>3.858</ele><time>2026-05-01T08:04:24.778Z</time><extensions><gpxtpx:TrackPointExtension><gpxtpx:hr>103</gpxtpx:hr></gpxtpx:TrackPointExtension></extensions></trkpt><trkpt lat="60.068336" lon="18.760386"><ele>3.836</ele><time>2026-05-01T08:04:25.788Z</time><extensions><gpxtpx:TrackPointExtension><gpxtpx:hr>103</gpxtpx:hr></gpxtpx:TrackPointExtension></extensions></trkpt><trkpt lat="60.068333" lon="18.76041"><ele>3.863</ele><time>2026-05-01T08:04:26.794Z</time><extensions><gpxtpx:TrackPointExtension><gpxtpx:hr>103</gpxtpx:hr></gpxtpx:TrackPointExtension></extensions></trkpt><trkpt lat="60.06833" lon="18.760431"><ele>3.796</ele><time>2026-05-01T08:04:27.802Z</time><extensions><gpxtpx:TrackPointExtension><gpxtpx:hr>103</gpxtpx:hr></gpxtpx:TrackPointExtension></extensions></trkpt><trkpt lat="60.06833" lon="18.760454"><ele>3.685</ele><time>2026-05-01T08:04:28.812Z</time><extensions><gpxtpx:TrackPointExtension><gpxtpx:hr>103</gpxtpx:hr></gpxtpx:TrackPointExtension></extensions></trkpt><trkpt lat="60.06833" lon="18.760475"><ele>3.625</ele><time>2026-05-01T08:04:29.819Z</time><extensions><gpxtpx:TrackPointExtension><gpxtpx:hr>103</gpxtpx:hr></gpxtpx:TrackPointExtension></extensions></trkpt><trkpt lat="60.068325" lon="18.760496"><ele>3.567</ele><time>2026-05-01T08:04:30.829Z</time><extensions><gpxtpx:TrackPointExtension><gpxtpx:hr>103</gpxtpx:hr></gpxtpx:TrackPointExtension></extensions></trkpt><trkpt lat="60.068325" lon="18.760515"><ele>3.587</ele><time>2026-05-01T08:04:31.837Z</time><extensions><gpxtpx:TrackPointExtension><gpxtpx:hr>103</gpxtpx:hr></gpxtpx:TrackPointExtension></extensions></trkpt><trkpt lat="60.06832" lon="18.760536"><ele>3.552</ele><time>2026-05-01T08:04:32.846Z</time><extensions><gpxtpx:TrackPointExtension><gpxtpx:hr>103</gpxtpx:hr></gpxtpx:TrackPointExtension></extensions></trkpt><trkpt lat="60.068317" lon="18.760553"><ele>3.56</ele><time>2026-05-01T08:04:33.856Z</time><extensions><gpxtpx:TrackPointExtension><gpxtpx:hr>103</gpxtpx:hr></gpxtpx:TrackPointExtension></extensions></trkpt><trkpt lat="60.068317" lon="18.760572"><ele>3.541</ele><time>2026-05-01T08:04:34.863Z</time><extensions><gpxtpx:TrackPointExtension><gpxtpx:hr>103</gpxtpx:hr></gpxtpx:TrackPointExtension></extensions></trkpt><trkpt lat="60.068314" lon="18.76058"><ele>3.48</ele><time>2026-05-01T08:04:35.871Z</time><extensions><gpxtpx:TrackPointExtension><gpxtpx:hr>102</gpxtpx:hr></gpxtpx:TrackPointExtension></extensions></trkpt><trkpt lat="60.06831" lon="18.76058"><ele>3.423</ele><time>2026-05-01T08:04:36.881Z</time><extensions><gpxtpx:TrackPointExtension><gpxtpx:hr>102</gpxtpx:hr></gpxtpx:TrackPointExtension></extensions></trkpt><trkpt lat="60.068306" lon="18.76057"><ele>3.387</ele><time>2026-05-01T08:04:37.890Z</time><extensions><gpxtpx:TrackPointExtension><gpxtpx:hr>102</gpxtpx:hr></gpxtpx:TrackPointExtension></extensions></trkpt><trkpt lat="60.068302" lon="18.760551"><ele>3.358</ele><time>2026-05-01T08:04:38.899Z</time><extensions><gpxtpx:TrackPointExtension><gpxtpx:hr>101</gpxtpx:hr></gpxtpx:TrackPointExtension></extensions></trkpt><trkpt lat="60.068302" lon="18.760523"><ele>3.434</ele><time>2026-05-01T08:04:39.907Z</time><extensions><gpxtpx:TrackPointExtension><gpxtpx:hr>101</gpxtpx:hr></gpxtpx:TrackPointExtension></extensions></trkpt><trkpt lat="60.068302" lon="18.760523"><ele>3.434</ele><time>2026-05-01T08:05:51.429Z</time><extensions><gpxtpx:TrackPointExtension><gpxtpx:hr>92</gpxtpx:hr></gpxtpx:TrackPointExtension></extensions></trkpt><trkpt lat="60.0683" lon="18.760466"><ele>3.044</ele><time>2026-05-01T08:05:52.428Z</time><extensions><gpxtpx:TrackPointExtension><gpxtpx:hr>92</gpxtpx:hr></gpxtpx:TrackPointExtension></extensions></trkpt><trkpt lat="60.0683" lon="18.760426"><ele>3.06</ele><time>2026-05-01T08:05:53.432Z</time></trkpt><trkpt lat="60.068302" lon="18.760378"><ele>3.196</ele><time>2026-05-01T08:05:54.433Z</time><extensions><gpxtpx:TrackPointExtension><gpxtpx:hr>92</gpxtpx:hr></gpxtpx:TrackPointExtension></extensions></trkpt><trkpt lat="60.068306" lon="18.76033"><ele>3.377</ele><time>2026-05-01T08:05:55.442Z</time></trkpt><trkpt lat="60.068314" lon="18.760284"><ele>3.499</ele><time>2026-05-01T08:05:56.450Z</time><extensions><gpxtpx:TrackPointExtension><gpxtpx:hr>93</gpxtpx:hr></gpxtpx:TrackPointExtension></extensions></trkpt><trkpt lat="60.068317" lon="18.760246"><ele>3.683</ele><time>2026-05-01T08:05:57.459Z</time><extensions><gpxtpx:TrackPointExtension><gpxtpx:hr>95</gpxtpx:hr></gpxtpx:TrackPointExtension></extensions></trkpt><trkpt lat="60.068325" lon="18.760218"><ele>3.95</ele><time>2026-05-01T08:05:58.468Z</time><extensions><gpxtpx:TrackPointExtension><gpxtpx:hr>97</gpxtpx:hr></gpxtpx:TrackPointExtension></extensions></trkpt><trkpt lat="60.06833" lon="18.760218"><ele>4.232</ele><time>2026-05-01T08:05:59.474Z</time><extensions><gpxtpx:TrackPointExtension><gpxtpx:hr>98</gpxtpx:hr></gpxtpx:TrackPointExtension></extensions></trkpt><trkpt lat="60.068333" lon="18.760218"><ele>4.537</ele><time>2026-05-01T08:06:00.475Z</time></trkpt><trkpt lat="60.068336" lon="18.760233"><ele>4.459</ele><time>2026-05-01T08:06:01.475Z</time><extensions><gpxtpx:TrackPointExtension><gpxtpx:hr>100</gpxtpx:hr></gpxtpx:TrackPointExtension></extensions></trkpt><trkpt lat="60.068336" lon="18.760263"><ele>4.423</ele><time>2026-05-01T08:06:02.476Z</time><extensions><gpxtpx:TrackPointExtension><gpxtpx:hr>100</gpxtpx:hr></gpxtpx:TrackPointExtension></extensions></trkpt><trkpt lat="60.068336" lon="18.760305"><ele>4.41</ele><time>2026-05-01T08:06:03.476Z</time><extensions><gpxtpx:TrackPointExtension><gpxtpx:hr>100</gpxtpx:hr></gpxtpx:TrackPointExtension></extensions></trkpt><trkpt lat="60.068333" lon="18.760351"><ele>4.356</ele><time>2026-05-01T08:06:04.476Z</time><extensions><gpxtpx:TrackPointExtension><gpxtpx:hr>100</gpxtpx:hr></gpxtpx:TrackPointExtension></extensions></trkpt><trkpt lat="60.06833" lon="18.760403"><ele>4.275</ele><time>2026-05-01T08:06:05.479Z</time></trkpt><trkpt lat="60.068325" lon="18.760454"><ele>4.163</ele><time>2026-05-01T08:06:06.488Z</time><extensions><gpxtpx:TrackPointExtension><gpxtpx:hr>100</gpxtpx:hr></gpxtpx:TrackPointExtension></extensions></trkpt><trkpt lat="60.06832" lon="18.760508"><ele>4.078</ele><time>2026-05-01T08:06:07.496Z</time><extensions><gpxtpx:TrackPointExtension><gpxtpx:hr>100</gpxtpx:hr></gpxtpx:TrackPointExtension></extensions></trkpt><trkpt lat="60.068317" lon="18.76056"><ele>3.95</ele><time>2026-05-01T08:06:08.504Z</time><extensions><gpxtpx:TrackPointExtension><gpxtpx:hr>100</gpxtpx:hr></gpxtpx:TrackPointExtension></extensions></trkpt><trkpt lat="60.068314" lon="18.760605"><ele>3.828</ele><time>2026-05-01T08:06:09.513Z</time><extensions><gpxtpx:TrackPointExtension><gpxtpx:hr>100</gpxtpx:hr></gpxtpx:TrackPointExtension></extensions></trkpt><trkpt lat="60.06831" lon="18.760647"><ele>3.753</ele><time>2026-05-01T08:06:10.523Z</time></trkpt><trkpt lat="60.06831" lon="18.760674"><ele>3.674</ele><time>2026-05-01T08:06:11.532Z</time><extensions><gpxtpx:TrackPointExtension><gpxtpx:hr>100</gpxtpx:hr></gpxtpx:TrackPointExtension></extensions></trkpt><trkpt lat="60.068306" lon="18.760695"><ele>3.63</ele><time>2026-05-01T08:06:12.541Z</time><extensions><gpxtpx:TrackPointExtension><gpxtpx:hr>101</gpxtpx:hr></gpxtpx:TrackPointExtension></extensions></trkpt><trkpt lat="60.0683" lon="18.760714"><ele>3.519</ele><time>2026-05-01T08:06:13.541Z</time><extensions><gpxtpx:TrackPointExtension><gpxtpx:hr>101</gpxtpx:hr></gpxtpx:TrackPointExtension></extensions></trkpt><trkpt lat="60.06829" lon="18.760738"><ele>3.461</ele><time>2026-05-01T08:06:14.541Z</time><extensions><gpxtpx:TrackPointExtension><gpxtpx:hr>102</gpxtpx:hr></gpxtpx:TrackPointExtension></extensions></trkpt><trkpt lat="60.068275" lon="18.760769"><ele>3.515</ele><time>2026-05-01T08:06:15.544Z</time></trkpt><trkpt lat="60.06826" lon="18.760803"><ele>3.487</ele><time>2026-05-01T08:06:16.553Z</time></trkpt><trkpt lat="60.06824" lon="18.760836"><ele>3.57</ele><time>2026-05-01T08:07:03.675Z</time><extensions><gpxtpx:TrackPointExtension><gpxtpx:hr>98</gpxtpx:hr></gpxtpx:TrackPointExtension></extensions></trkpt><trkpt lat="60.068222" lon="18.760874"><ele>3.697</ele><time>2026-05-01T08:07:04.678Z</time><extensions><gpxtpx:TrackPointExtension><gpxtpx:hr>98</gpxtpx:hr></gpxtpx:TrackPointExtension></extensions></trkpt><trkpt lat="60.068203" lon="18.76091"><ele>3.791</ele><time>2026-05-01T08:07:05.676Z</time><extensions><gpxtpx:TrackPointExtension><gpxtpx:hr>97</gpxtpx:hr></gpxtpx:TrackPointExtension></extensions></trkpt><trkpt lat="60.068184" lon="18.760939"><ele>3.725</ele><time>2026-05-01T08:07:06.676Z</time><extensions><gpxtpx:TrackPointExtension><gpxtpx:hr>95</gpxtpx:hr></gpxtpx:TrackPointExtension></extensions></trkpt><trkpt lat="60.06817" lon="18.76096"><ele>3.684</ele><time>2026-05-01T08:07:07.679Z</time><extensions><gpxtpx:TrackPointExtension><gpxtpx:hr>94</gpxtpx:hr></gpxtpx:TrackPointExtension></extensions></trkpt><trkpt lat="60.068157" lon="18.760975"><ele>3.734</ele><time>2026-05-01T08:07:08.678Z</time><extensions><gpxtpx:TrackPointExtension><gpxtpx:hr>93</gpxtpx:hr></gpxtpx:TrackPointExtension></extensions></trkpt><trkpt lat="60.068146" lon="18.760986"><ele>3.635</ele><time>2026-05-01T08:07:09.678Z</time><extensions><gpxtpx:TrackPointExtension><gpxtpx:hr>92</gpxtpx:hr></gpxtpx:TrackPointExtension></extensions></trkpt><trkpt lat="60.068134" lon="18.760998"><ele>3.463</ele><time>2026-05-01T08:07:10.680Z</time><extensions><gpxtpx:TrackPointExtension><gpxtpx:hr>92</gpxtpx:hr></gpxtpx:TrackPointExtension></extensions></trkpt><trkpt lat="60.068123" lon="18.761002"><ele>3.427</ele><time>2026-05-01T08:07:11.680Z</time><extensions><gpxtpx:TrackPointExtension><gpxtpx:hr>92</gpxtpx:hr></gpxtpx:TrackPointExtension></extensions></trkpt><trkpt lat="60.06811" lon="18.761007"><ele>3.487</ele><time>2026-05-01T08:07:12.680Z</time><extensions><gpxtpx:TrackPointExtension><gpxtpx:hr>92</gpxtpx:hr></gpxtpx:TrackPointExtension></extensions></trkpt><trkpt lat="60.0681" lon="18.76101"><ele>3.547</ele><time>2026-05-01T08:07:13.681Z</time><extensions><gpxtpx:TrackPointExtension><gpxtpx:hr>92</gpxtpx:hr></gpxtpx:TrackPointExtension></extensions></trkpt><trkpt lat="60.068085" lon="18.76101"><ele>3.457</ele><time>2026-05-01T08:07:14.685Z</time><extensions><gpxtpx:TrackPointExtension><gpxtpx:hr>92</gpxtpx:hr></gpxtpx:TrackPointExtension></extensions></trkpt><trkpt lat="60.06807" lon="18.761007"><ele>3.402</ele><time>2026-05-01T08:07:15.684Z</time><extensions><gpxtpx:TrackPointExtension><gpxtpx:hr>92</gpxtpx:hr></gpxtpx:TrackPointExtension></extensions></trkpt><trkpt lat="60.06805" lon="18.761005"><ele>3.266</ele><time>2026-05-01T08:07:16.685Z</time><extensions><gpxtpx:TrackPointExtension><gpxtpx:hr>92</gpxtpx:hr></gpxtpx:TrackPointExtension></extensions></trkpt><trkpt lat="60.06803" lon="18.761002"><ele>3.128</ele><time>2026-05-01T08:07:17.686Z</time><extensions><gpxtpx:TrackPointExtension><gpxtpx:hr>93</gpxtpx:hr></gpxtpx:TrackPointExtension></extensions></trkpt><trkpt lat="60.068012" lon="18.761"><ele>3.179</ele><time>2026-05-01T08:07:18.689Z</time><extensions><gpxtpx:TrackPointExtension><gpxtpx:hr>93</gpxtpx:hr></gpxtpx:TrackPointExtension></extensions></trkpt><trkpt lat="60.067997" lon="18.760996"><ele>3.273</ele><time>2026-05-01T08:07:19.693Z</time><extensions><gpxtpx:TrackPointExtension><gpxtpx:hr>93</gpxtpx:hr></gpxtpx:TrackPointExtension></extensions></trkpt><trkpt lat="60.067978" lon="18.760992"><ele>3.302</ele><time>2026-05-01T08:07:20.700Z</time><extensions><gpxtpx:TrackPointExtension><gpxtpx:hr>93</gpxtpx:hr></gpxtpx:TrackPointExtension></extensions></trkpt><trkpt lat="60.06796" lon="18.760988"><ele>3.374</ele><time>2026-05-01T08:07:21.710Z</time><extensions><gpxtpx:TrackPointExtension><gpxtpx:hr>93</gpxtpx:hr></gpxtpx:TrackPointExtension></extensions></trkpt><trkpt lat="60.06794" lon="18.760984"><ele>3.382</ele><time>2026-05-01T08:07:22.719Z</time><extensions><gpxtpx:TrackPointExtension><gpxtpx:hr>93</gpxtpx:hr></gpxtpx:TrackPointExtension></extensions></trkpt><trkpt lat="60.067924" lon="18.76098"><ele>3.379</ele><time>2026-05-01T08:07:23.728Z</time><extensions><gpxtpx:TrackPointExtension><gpxtpx:hr>92</gpxtpx:hr></gpxtpx:TrackPointExtension></extensions></trkpt><trkpt lat="60.067905" lon="18.760977"><ele>3.358</ele><time>2026-05-01T08:07:24.736Z</time><extensions><gpxtpx:TrackPointExtension><gpxtpx:hr>92</gpxtpx:hr></gpxtpx:TrackPointExtension></extensions></trkpt><trkpt lat="60.067886" lon="18.760973"><ele>3.261</ele><time>2026-05-01T08:07:25.745Z</time><extensions><gpxtpx:TrackPointExtension><gpxtpx:hr>92</gpxtpx:hr></gpxtpx:TrackPointExtension></extensions></trkpt><trkpt lat="60.067867" lon="18.760967"><ele>3.208</ele><time>2026-05-01T08:07:26.750Z</time><extensions><gpxtpx:TrackPointExtension><gpxtpx:hr>92</gpxtpx:hr></gpxtpx:TrackPointExtension></extensions></trkpt><trkpt lat="60.06785" lon="18.760962"><ele>3.179</ele><time>2026-05-01T08:07:27.759Z</time><extensions><gpxtpx:TrackPointExtension><gpxtpx:hr>92</gpxtpx:hr></gpxtpx:TrackPointExtension></extensions></trkpt><trkpt lat="60.067825" lon="18.760956"><ele>3.126</ele><time>2026-05-01T08:07:28.767Z</time><extensions><gpxtpx:TrackPointExtension><gpxtpx:hr>92</gpxtpx:hr></gpxtpx:TrackPointExtension></extensions></trkpt><trkpt lat="60.067806" lon="18.76095"><ele>3.133</ele><time>2026-05-01T08:07:29.776Z</time><extensions><gpxtpx:TrackPointExtension><gpxtpx:hr>91</gpxtpx:hr></gpxtpx:TrackPointExtension></extensions></trkpt><trkpt lat="60.067787" lon="18.760944"><ele>2.985</ele><time>2026-05-01T08:07:30.785Z</time><extensions><gpxtpx:TrackPointExtension><gpxtpx:hr>91</gpxtpx:hr></gpxtpx:TrackPointExtension></extensions></trkpt><trkpt lat="60.067764" lon="18.76094"><ele>2.896</ele><time>2026-05-01T08:07:31.794Z</time><extensions><gpxtpx:TrackPointExtension><gpxtpx:hr>91</gpxtpx:hr></gpxtpx:TrackPointExtension></extensions></trkpt><trkpt lat="60.06774" lon="18.760937"><ele>2.91</ele><time>2026-05-01T08:07:32.803Z</time><extensions><gpxtpx:TrackPointExtension><gpxtpx:hr>91</gpxtpx:hr></gpxtpx:TrackPointExtension></extensions></trkpt><trkpt lat="60.067722" lon="18.760931"><ele>3.041</ele><time>2026-05-01T08:07:33.812Z</time><extensions><gpxtpx:TrackPointExtension><gpxtpx:hr>92</gpxtpx:hr></gpxtpx:TrackPointExtension></extensions></trkpt><trkpt lat="60.0677" lon="18.760927"><ele>2.967</ele><time>2026-05-01T08:07:34.819Z</time><extensions><gpxtpx:TrackPointExtension><gpxtpx:hr>94</gpxtpx:hr></gpxtpx:TrackPointExtension></extensions></trkpt><trkpt lat="60.06768" lon="18.760923"><ele>2.8</ele><time>2026-05-01T08:07:35.829Z</time><extensions><gpxtpx:TrackPointExtension><gpxtpx:hr>94</gpxtpx:hr></gpxtpx:TrackPointExtension></extensions></trkpt><trkpt lat="60.067657" lon="18.760918"><ele>2.801</ele><time>2026-05-01T08:07:36.838Z</time><extensions><gpxtpx:TrackPointExtension><gpxtpx:hr>95</gpxtpx:hr></gpxtpx:TrackPointExtension></extensions></trkpt><trkpt lat="60.067635" lon="18.760914"><ele>2.814</ele><time>2026-05-01T08:07:37.846Z</time><extensions><gpxtpx:TrackPointExtension><gpxtpx:hr>95</gpxtpx:hr></gpxtpx:TrackPointExtension></extensions></trkpt><trkpt lat="60.06761" lon="18.76091"><ele>2.546</ele><time>2026-05-01T08:07:38.854Z</time><extensions><gpxtpx:TrackPointExtension><gpxtpx:hr>95</gpxtpx:hr></gpxtpx:TrackPointExtension></extensions></trkpt><trkpt lat="60.06759" lon="18.760904"><ele>2.41</ele><time>2026-05-01T08:07:39.862Z</time><extensions><gpxtpx:TrackPointExtension><gpxtpx:hr>94</gpxtpx:hr></gpxtpx:TrackPointExtension></extensions></trkpt><trkpt lat="60.067566" lon="18.7609"><ele>2.366</ele><time>2026-05-01T08:07:40.870Z</time><extensions><gpxtpx:TrackPointExtension><gpxtpx:hr>93</gpxtpx:hr></gpxtpx:TrackPointExtension></extensions></trkpt><trkpt lat="60.067543" lon="18.760897"><ele>2.238</ele><time>2026-05-01T08:07:41.880Z</time><extensions><gpxtpx:TrackPointExtension><gpxtpx:hr>93</gpxtpx:hr></gpxtpx:TrackPointExtension></extensions></trkpt><trkpt lat="60.06752" lon="18.76089"><ele>2.136</ele><time>2026-05-01T08:07:42.888Z</time><extensions><gpxtpx:TrackPointExtension><gpxtpx:hr>93</gpxtpx:hr></gpxtpx:TrackPointExtension></extensions></trkpt><trkpt lat="60.067497" lon="18.760885"><ele>1.883</ele><time>2026-05-01T08:07:43.891Z</time><extensions><gpxtpx:TrackPointExtension><gpxtpx:hr>94</gpxtpx:hr></gpxtpx:TrackPointExtension></extensions></trkpt><trkpt lat="60.067474" lon="18.760878"><ele>1.63</ele><time>2026-05-01T08:07:44.895Z</time><extensions><gpxtpx:TrackPointExtension><gpxtpx:hr>94</gpxtpx:hr></gpxtpx:TrackPointExtension></extensions></trkpt><trkpt lat="60.06745" lon="18.760872"><ele>1.534</ele><time>2026-05-01T08:07:45.898Z</time><extensions><gpxtpx:TrackPointExtension><gpxtpx:hr>93</gpxtpx:hr></gpxtpx:TrackPointExtension></extensions></trkpt><trkpt lat="60.06743" lon="18.760864"><ele>1.547</ele><time>2026-05-01T08:07:46.901Z</time><extensions><gpxtpx:TrackPointExtension><gpxtpx:hr>93</gpxtpx:hr></gpxtpx:TrackPointExtension></extensions></trkpt><trkpt lat="60.067406" lon="18.760859"><ele>1.511</ele><time>2026-05-01T08:07:47.910Z</time><extensions><gpxtpx:TrackPointExtension><gpxtpx:hr>93</gpxtpx:hr></gpxtpx:TrackPointExtension></extensions></trkpt><trkpt lat="60.067383" lon="18.76085"><ele>1.436</ele><time>2026-05-01T08:07:48.919Z</time><extensions><gpxtpx:TrackPointExtension><gpxtpx:hr>94</gpxtpx:hr></gpxtpx:TrackPointExtension></extensions></trkpt><trkpt lat="60.06736" lon="18.760841"><ele>1.357</ele><time>2026-05-01T08:07:49.926Z</time><extensions><gpxtpx:TrackPointExtension><gpxtpx:hr>94</gpxtpx:hr></gpxtpx:TrackPointExtension></extensions></trkpt><trkpt lat="60.067337" lon="18.760834"><ele>1.418</ele><time>2026-05-01T08:07:50.934Z</time><extensions><gpxtpx:TrackPointExtension><gpxtpx:hr>94</gpxtpx:hr></gpxtpx:TrackPointExtension></extensions></trkpt><trkpt lat="60.067314" lon="18.760826"><ele>1.424</ele><time>2026-05-01T08:07:51.943Z</time><extensions><gpxtpx:TrackPointExtension><gpxtpx:hr>94</gpxtpx:hr></gpxtpx:TrackPointExtension></extensions></trkpt><trkpt lat="60.06729" lon="18.760817"><ele>1.388</ele><time>2026-05-01T08:07:52.950Z</time><extensions><gpxtpx:TrackPointExtension><gpxtpx:hr>93</gpxtpx:hr></gpxtpx:TrackPointExtension></extensions></trkpt><trkpt lat="60.067265" lon="18.760807"><ele>1.402</ele><time>2026-05-01T08:07:53.959Z</time><extensions><gpxtpx:TrackPointExtension><gpxtpx:hr>93</gpxtpx:hr></gpxtpx:TrackPointExtension></extensions></trkpt><trkpt lat="60.06724" lon="18.760798"><ele>1.398</ele><time>2026-05-01T08:07:54.967Z</time><extensions><gpxtpx:TrackPointExtension><gpxtpx:hr>93</gpxtpx:hr></gpxtpx:TrackPointExtension></extensions></trkpt><trkpt lat="60.06722" lon="18.76079"><ele>1.439</ele><time>2026-05-01T08:07:55.977Z</time><extensions><gpxtpx:TrackPointExtension><gpxtpx:hr>93</gpxtpx:hr></gpxtpx:TrackPointExtension></extensions></trkpt><trkpt lat="60.067192" lon="18.760782"><ele>1.458</ele><time>2026-05-01T08:07:56.986Z</time><extensions><gpxtpx:TrackPointExtension><gpxtpx:hr>93</gpxtpx:hr></gpxtpx:TrackPointExtension></extensions></trkpt><trkpt lat="60.06717" lon="18.760773"><ele>1.459</ele><time>2026-05-01T08:07:57.995Z</time><extensions><gpxtpx:TrackPointExtension><gpxtpx:hr>93</gpxtpx:hr></gpxtpx:TrackPointExtension></extensions></trkpt><trkpt lat="60.067142" lon="18.760763"><ele>1.394</ele><time>2026-05-01T08:07:59.004Z</time></trkpt><trkpt lat="60.06712" lon="18.760757"><ele>1.282</ele><time>2026-05-01T08:08:00.011Z</time><extensions><gpxtpx:TrackPointExtension><gpxtpx:hr>94</gpxtpx:hr></gpxtpx:TrackPointExtension></extensions></trkpt><trkpt lat="60.067093" lon="18.760752"><ele>1.25</ele><time>2026-05-01T08:08:01.020Z</time><extensions><gpxtpx:TrackPointExtension><gpxtpx:hr>94</gpxtpx:hr></gpxtpx:TrackPointExtension></extensions></trkpt><trkpt lat="60.06707" lon="18.760744"><ele>1.371</ele><time>2026-05-01T08:08:02.028Z</time></trkpt><trkpt lat="60.067043" lon="18.76074"><ele>1.353</ele><time>2026-05-01T08:08:03.036Z</time><extensions><gpxtpx:TrackPointExtension><gpxtpx:hr>93</gpxtpx:hr></gpxtpx:TrackPointExtension></extensions></trkpt><trkpt lat="60.067017" lon="18.760735"><ele>1.376</ele><time>2026-05-01T08:08:04.045Z</time><extensions><gpxtpx:TrackPointExtension><gpxtpx:hr>93</gpxtpx:hr></gpxtpx:TrackPointExtension></extensions></trkpt><trkpt lat="60.06699" lon="18.76073"><ele>1.352</ele><time>2026-05-01T08:08:05.054Z</time><extensions><gpxtpx:TrackPointExtension><gpxtpx:hr>92</gpxtpx:hr></gpxtpx:TrackPointExtension></extensions></trkpt><trkpt lat="60.066967" lon="18.760727"><ele>1.36</ele><time>2026-05-01T08:08:06.064Z</time><extensions><gpxtpx:TrackPointExtension><gpxtpx:hr>92</gpxtpx:hr></gpxtpx:TrackPointExtension></extensions></trkpt><trkpt lat="60.066944" lon="18.760725"><ele>1.356</ele><time>2026-05-01T08:08:07.069Z</time></trkpt><trkpt lat="60.06692" lon="18.760721"><ele>1.371</ele><time>2026-05-01T08:08:08.079Z</time><extensions><gpxtpx:TrackPointExtension><gpxtpx:hr>91</gpxtpx:hr></gpxtpx:TrackPointExtension></extensions></trkpt><trkpt lat="60.066895" lon="18.760717"><ele>1.442</ele><time>2026-05-01T08:08:09.088Z</time><extensions><gpxtpx:TrackPointExtension><gpxtpx:hr>90</gpxtpx:hr></gpxtpx:TrackPointExtension></extensions></trkpt><trkpt lat="60.06687" lon="18.760714"><ele>1.512</ele><time>2026-05-01T08:08:10.097Z</time><extensions><gpxtpx:TrackPointExtension><gpxtpx:hr>89</gpxtpx:hr></gpxtpx:TrackPointExtension></extensions></trkpt><trkpt lat="60.06685" lon="18.760712"><ele>1.579</ele><time>2026-05-01T08:08:11.106Z</time><extensions><gpxtpx:TrackPointExtension><gpxtpx:hr>89</gpxtpx:hr></gpxtpx:TrackPointExtension></extensions></trkpt><trkpt lat="60.066826" lon="18.76071"><ele>1.635</ele><time>2026-05-01T08:08:12.115Z</time></trkpt><trkpt lat="60.066807" lon="18.760706"><ele>1.789</ele><time>2026-05-01T08:08:13.124Z</time><extensions><gpxtpx:TrackPointExtension><gpxtpx:hr>89</gpxtpx:hr></gpxtpx:TrackPointExtension></extensions></trkpt><trkpt lat="60.066784" lon="18.760702"><ele>1.919</ele><time>2026-05-01T08:08:14.130Z</time><extensions><gpxtpx:TrackPointExtension><gpxtpx:hr>90</gpxtpx:hr></gpxtpx:TrackPointExtension></extensions></trkpt><trkpt lat="60.06676" lon="18.7607"><ele>1.956</ele><time>2026-05-01T08:08:15.138Z</time><extensions><gpxtpx:TrackPointExtension><gpxtpx:hr>90</gpxtpx:hr></gpxtpx:TrackPointExtension></extensions></trkpt><trkpt lat="60.066742" lon="18.760695"><ele>2.06</ele><time>2026-05-01T08:08:16.148Z</time><extensions><gpxtpx:TrackPointExtension><gpxtpx:hr>91</gpxtpx:hr></gpxtpx:TrackPointExtension></extensions></trkpt><trkpt lat="60.06672" lon="18.760693"><ele>2.156</ele><time>2026-05-01T08:08:17.157Z</time></trkpt><trkpt lat="60.0667" lon="18.760687"><ele>2.146</ele><time>2026-05-01T08:08:18.166Z</time><extensions><gpxtpx:TrackPointExtension><gpxtpx:hr>91</gpxtpx:hr></gpxtpx:TrackPointExtension></extensions></trkpt><trkpt lat="60.06668" lon="18.760681"><ele>2.086</ele><time>2026-05-01T08:08:19.174Z</time><extensions><gpxtpx:TrackPointExtension><gpxtpx:hr>92</gpxtpx:hr></gpxtpx:TrackPointExtension></extensions></trkpt><trkpt lat="60.066658" lon="18.76068"><ele>1.997</ele><time>2026-05-01T08:08:20.182Z</time><extensions><gpxtpx:TrackPointExtension><gpxtpx:hr>92</gpxtpx:hr></gpxtpx:TrackPointExtension></extensions></trkpt><trkpt lat="60.066643" lon="18.760672"><ele>2.039</ele><time>2026-05-01T08:08:21.189Z</time><extensions><gpxtpx:TrackPointExtension><gpxtpx:hr>91</gpxtpx:hr></gpxtpx:TrackPointExtension></extensions></trkpt><trkpt lat="60.066624" lon="18.760668"><ele>2.05</ele><time>2026-05-01T08:08:22.196Z</time></trkpt><trkpt lat="60.0666" lon="18.760662"><ele>2.029</ele><time>2026-05-01T08:08:23.206Z</time><extensions><gpxtpx:TrackPointExtension><gpxtpx:hr>90</gpxtpx:hr></gpxtpx:TrackPointExtension></extensions></trkpt><trkpt lat="60.066586" lon="18.760656"><ele>2.023</ele><time>2026-05-01T08:08:24.215Z</time><extensions><gpxtpx:TrackPointExtension><gpxtpx:hr>90</gpxtpx:hr></gpxtpx:TrackPointExtension></extensions></trkpt><trkpt lat="60.066566" lon="18.76065"><ele>2.053</ele><time>2026-05-01T08:08:25.223Z</time><extensions><gpxtpx:TrackPointExtension><gpxtpx:hr>90</gpxtpx:hr></gpxtpx:TrackPointExtension></extensions></trkpt><trkpt lat="60.066547" lon="18.760645"><ele>2.138</ele><time>2026-05-01T08:08:26.229Z</time><extensions><gpxtpx:TrackPointExtension><gpxtpx:hr>91</gpxtpx:hr></gpxtpx:TrackPointExtension></extensions></trkpt><trkpt lat="60.06653" lon="18.760637"><ele>2.132</ele><time>2026-05-01T08:08:27.238Z</time></trkpt><trkpt lat="60.066513" lon="18.760632"><ele>2.072</ele><time>2026-05-01T08:08:28.247Z</time><extensions><gpxtpx:TrackPointExtension><gpxtpx:hr>93</gpxtpx:hr></gpxtpx:TrackPointExtension></extensions></trkpt><trkpt lat="60.066498" lon="18.760628"><ele>2.074</ele><time>2026-05-01T08:08:29.255Z</time><extensions><gpxtpx:TrackPointExtension><gpxtpx:hr>93</gpxtpx:hr></gpxtpx:TrackPointExtension></extensions></trkpt><trkpt lat="60.06648" lon="18.760622"><ele>2.125</ele><time>2026-05-01T08:08:30.262Z</time><extensions><gpxtpx:TrackPointExtension><gpxtpx:hr>94</gpxtpx:hr></gpxtpx:TrackPointExtension></extensions></trkpt><trkpt lat="60.066463" lon="18.760618"><ele>2.261</ele><time>2026-05-01T08:08:31.270Z</time><extensions><gpxtpx:TrackPointExtension><gpxtpx:hr>94</gpxtpx:hr></gpxtpx:TrackPointExtension></extensions></trkpt><trkpt lat="60.06645" lon="18.760612"><ele>2.307</ele><time>2026-05-01T08:08:32.275Z</time></trkpt><trkpt lat="60.066433" lon="18.760607"><ele>2.356</ele><time>2026-05-01T08:08:33.275Z</time><extensions><gpxtpx:TrackPointExtension><gpxtpx:hr>94</gpxtpx:hr></gpxtpx:TrackPointExtension></extensions></trkpt><trkpt lat="60.066414" lon="18.7606"><ele>2.421</ele><time>2026-05-01T08:08:34.276Z</time></trkpt><trkpt lat="60.0664" lon="18.760593"><ele>3.155</ele><time>2026-05-01T08:08:43.661Z</time><extensions><gpxtpx:TrackPointExtension><gpxtpx:hr>101</gpxtpx:hr></gpxtpx:TrackPointExtension></extensions></trkpt><trkpt lat="60.066383" lon="18.760588"><ele>3.275</ele><time>2026-05-01T08:08:44.661Z</time><extensions><gpxtpx:TrackPointExtension><gpxtpx:hr>101</gpxtpx:hr></gpxtpx:TrackPointExtension></extensions></trkpt><trkpt lat="60.066364" lon="18.760586"><ele>3.323</ele><time>2026-05-01T08:08:45.662Z</time><extensions><gpxtpx:TrackPointExtension><gpxtpx:hr>101</gpxtpx:hr></gpxtpx:TrackPointExtension></extensions></trkpt><trkpt lat="60.06635" lon="18.760582"><ele>3.418</ele><time>2026-05-01T08:08:46.661Z</time><extensions><gpxtpx:TrackPointExtension><gpxtpx:hr>101</gpxtpx:hr></gpxtpx:TrackPointExtension></extensions></trkpt><trkpt lat="60.066338" lon="18.760578"><ele>3.516</ele><time>2026-05-01T08:08:47.663Z</time><extensions><gpxtpx:TrackPointExtension><gpxtpx:hr>101</gpxtpx:hr></gpxtpx:TrackPointExtension></extensions></trkpt><trkpt lat="60.066322" lon="18.760576"><ele>3.656</ele><time>2026-05-01T08:08:48.661Z</time><extensions><gpxtpx:TrackPointExtension><gpxtpx:hr>100</gpxtpx:hr></gpxtpx:TrackPointExtension></extensions></trkpt><trkpt lat="60.066307" lon="18.760572"><ele>3.726</ele><time>2026-05-01T08:08:49.661Z</time><extensions><gpxtpx:TrackPointExtension><gpxtpx:hr>100</gpxtpx:hr></gpxtpx:TrackPointExtension></extensions></trkpt><trkpt lat="60.06629" lon="18.76057"><ele>3.768</ele><time>2026-05-01T08:08:50.666Z</time><extensions><gpxtpx:TrackPointExtension><gpxtpx:hr>99</gpxtpx:hr></gpxtpx:TrackPointExtension></extensions></trkpt><trkpt lat="60.066277" lon="18.760565"><ele>3.891</ele><time>2026-05-01T08:08:51.675Z</time><extensions><gpxtpx:TrackPointExtension><gpxtpx:hr>99</gpxtpx:hr></gpxtpx:TrackPointExtension></extensions></trkpt><trkpt lat="60.066265" lon="18.760563"><ele>4.154</ele><time>2026-05-01T08:08:52.683Z</time><extensions><gpxtpx:TrackPointExtension><gpxtpx:hr>99</gpxtpx:hr></gpxtpx:TrackPointExtension></extensions></trkpt><trkpt lat="60.06625" lon="18.760557"><ele>4.298</ele><time>2026-05-01T08:08:53.691Z</time><extensions><gpxtpx:TrackPointExtension><gpxtpx:hr>99</gpxtpx:hr></gpxtpx:TrackPointExtension></extensions></trkpt><trkpt lat="60.066235" lon="18.760551"><ele>4.286</ele><time>2026-05-01T08:08:54.699Z</time><extensions><gpxtpx:TrackPointExtension><gpxtpx:hr>98</gpxtpx:hr></gpxtpx:TrackPointExtension></extensions></trkpt><trkpt lat="60.066216" lon="18.760544"><ele>4.33</ele><time>2026-05-01T08:08:55.707Z</time><extensions><gpxtpx:TrackPointExtension><gpxtpx:hr>98</gpxtpx:hr></gpxtpx:TrackPointExtension></extensions></trkpt><trkpt lat="60.0662" lon="18.760538"><ele>4.346</ele><time>2026-05-01T08:08:56.716Z</time><extensions><gpxtpx:TrackPointExtension><gpxtpx:hr>98</gpxtpx:hr></gpxtpx:TrackPointExtension></extensions></trkpt><trkpt lat="60.06618" lon="18.76053"><ele>4.417</ele><time>2026-05-01T08:08:57.725Z</time><extensions><gpxtpx:TrackPointExtension><gpxtpx:hr>98</gpxtpx:hr></gpxtpx:TrackPointExtension></extensions></trkpt><trkpt lat="60.066162" lon="18.76052"><ele>4.396</ele><time>2026-05-01T08:08:58.733Z</time><extensions><gpxtpx:TrackPointExtension><gpxtpx:hr>98</gpxtpx:hr></gpxtpx:TrackPointExtension></extensions></trkpt><trkpt lat="60.066147" lon="18.760515"><ele>4.497</ele><time>2026-05-01T08:11:38.444Z</time><extensions><gpxtpx:TrackPointExtension><gpxtpx:hr>100</gpxtpx:hr></gpxtpx:TrackPointExtension></extensions></trkpt><trkpt lat="60.066128" lon="18.760508"><ele>4.578</ele><time>2026-05-01T08:11:39.444Z</time><extensions><gpxtpx:TrackPointExtension><gpxtpx:hr>100</gpxtpx:hr></gpxtpx:TrackPointExtension></extensions></trkpt><trkpt lat="60.06611" lon="18.7605"><ele>4.579</ele><time>2026-05-01T08:11:40.445Z</time><extensions><gpxtpx:TrackPointExtension><gpxtpx:hr>101</gpxtpx:hr></gpxtpx:TrackPointExtension></extensions></trkpt><trkpt lat="60.06609" lon="18.76049"><ele>4.625</ele><time>2026-05-01T08:11:41.449Z</time><extensions><gpxtpx:TrackPointExtension><gpxtpx:hr>101</gpxtpx:hr></gpxtpx:TrackPointExtension></extensions></trkpt><trkpt lat="60.06607" lon="18.760483"><ele>4.657</ele><time>2026-05-01T08:11:42.458Z</time><extensions><gpxtpx:TrackPointExtension><gpxtpx:hr>101</gpxtpx:hr></gpxtpx:TrackPointExtension></extensions></trkpt><trkpt lat="60.06605" lon="18.760473"><ele>4.675</ele><time>2026-05-01T08:11:43.467Z</time><extensions><gpxtpx:TrackPointExtension><gpxtpx:hr>100</gpxtpx:hr></gpxtpx:TrackPointExtension></extensions></trkpt><trkpt lat="60.066032" lon="18.760464"><ele>4.688</ele><time>2026-05-01T08:11:44.476Z</time></trkpt><trkpt lat="60.066017" lon="18.760454"><ele>4.728</ele><time>2026-05-01T08:11:45.482Z</time><extensions><gpxtpx:TrackPointExtension><gpxtpx:hr>99</gpxtpx:hr></gpxtpx:TrackPointExtension></extensions></trkpt><trkpt lat="60.065998" lon="18.760445"><ele>4.782</ele><time>2026-05-01T08:11:46.492Z</time><extensions><gpxtpx:TrackPointExtension><gpxtpx:hr>98</gpxtpx:hr></gpxtpx:TrackPointExtension></extensions></trkpt><trkpt lat="60.065983" lon="18.760435"><ele>4.864</ele><time>2026-05-01T08:11:47.500Z</time><extensions><gpxtpx:TrackPointExtension><gpxtpx:hr>97</gpxtpx:hr></gpxtpx:TrackPointExtension></extensions></trkpt><trkpt lat="60.065968" lon="18.760424"><ele>4.96</ele><time>2026-05-01T08:11:48.509Z</time><extensions><gpxtpx:TrackPointExtension><gpxtpx:hr>97</gpxtpx:hr></gpxtpx:TrackPointExtension></extensions></trkpt><trkpt lat="60.065952" lon="18.760412"><ele>5.036</ele><time>2026-05-01T08:11:49.518Z</time></trkpt><trkpt lat="60.06594" lon="18.760403"><ele>4.958</ele><time>2026-05-01T08:11:50.526Z</time><extensions><gpxtpx:TrackPointExtension><gpxtpx:hr>95</gpxtpx:hr></gpxtpx:TrackPointExtension></extensions></trkpt><trkpt lat="60.06593" lon="18.76039"><ele>4.939</ele><time>2026-05-01T08:11:51.534Z</time><extensions><gpxtpx:TrackPointExtension><gpxtpx:hr>95</gpxtpx:hr></gpxtpx:TrackPointExtension></extensions></trkpt><trkpt lat="60.065918" lon="18.760378"><ele>4.942</ele><time>2026-05-01T08:11:52.540Z</time><extensions><gpxtpx:TrackPointExtension><gpxtpx:hr>95</gpxtpx:hr></gpxtpx:TrackPointExtension></extensions></trkpt><trkpt lat="60.065903" lon="18.760366"><ele>4.919</ele><time>2026-05-01T08:11:53.550Z</time><extensions><gpxtpx:TrackPointExtension><gpxtpx:hr>95</gpxtpx:hr></gpxtpx:TrackPointExtension></extensions></trkpt><trkpt lat="60.06589" lon="18.760357"><ele>4.905</ele><time>2026-05-01T08:11:54.558Z</time></trkpt><trkpt lat="60.065876" lon="18.760345"><ele>5.0</ele><time>2026-05-01T08:11:55.565Z</time><extensions><gpxtpx:TrackPointExtension><gpxtpx:hr>95</gpxtpx:hr></gpxtpx:TrackPointExtension></extensions></trkpt><trkpt lat="60.06586" lon="18.760336"><ele>5.015</ele><time>2026-05-01T08:11:56.572Z</time><extensions><gpxtpx:TrackPointExtension><gpxtpx:hr>96</gpxtpx:hr></gpxtpx:TrackPointExtension></extensions></trkpt><trkpt lat="60.06585" lon="18.760324"><ele>4.921</ele><time>2026-05-01T08:11:57.582Z</time><extensions><gpxtpx:TrackPointExtension><gpxtpx:hr>96</gpxtpx:hr></gpxtpx:TrackPointExtension></extensions></trkpt><trkpt lat="60.065838" lon="18.760313"><ele>4.954</ele><time>2026-05-01T08:11:58.591Z</time><extensions><gpxtpx:TrackPointExtension><gpxtpx:hr>97</gpxtpx:hr></gpxtpx:TrackPointExtension></extensions></trkpt><trkpt lat="60.065826" lon="18.760302"><ele>5.052</ele><time>2026-05-01T08:11:59.599Z</time></trkpt><trkpt lat="60.06581" lon="18.760292"><ele>5.056</ele><time>2026-05-01T08:12:00.607Z</time><extensions><gpxtpx:TrackPointExtension><gpxtpx:hr>96</gpxtpx:hr></gpxtpx:TrackPointExtension></extensions></trkpt><trkpt lat="60.0658" lon="18.760283"><ele>5.01</ele><time>2026-05-01T08:12:01.616Z</time><extensions><gpxtpx:TrackPointExtension><gpxtpx:hr>96</gpxtpx:hr></gpxtpx:TrackPointExtension></extensions></trkpt><trkpt lat="60.065784" lon="18.760273"><ele>4.997</ele><time>2026-05-01T08:12:02.624Z</time><extensions><gpxtpx:TrackPointExtension><gpxtpx:hr>96</gpxtpx:hr></gpxtpx:TrackPointExtension></extensions></trkpt><trkpt lat="60.065765" lon="18.760263"><ele>5.009</ele><time>2026-05-01T08:12:03.633Z</time><extensions><gpxtpx:TrackPointExtension><gpxtpx:hr>96</gpxtpx:hr></gpxtpx:TrackPointExtension></extensions></trkpt><trkpt lat="60.06575" lon="18.760254"><ele>4.996</ele><time>2026-05-01T08:12:04.641Z</time></trkpt><trkpt lat="60.06573" lon="18.760244"><ele>4.966</ele><time>2026-05-01T08:12:05.650Z</time><extensions><gpxtpx:TrackPointExtension><gpxtpx:hr>95</gpxtpx:hr></gpxtpx:TrackPointExtension></extensions></trkpt><trkpt lat="60.065712" lon="18.760235"><ele>5.03</ele><time>2026-05-01T08:12:06.659Z</time><extensions><gpxtpx:TrackPointExtension><gpxtpx:hr>95</gpxtpx:hr></gpxtpx:TrackPointExtension></extensions></trkpt><trkpt lat="60.065693" lon="18.760225"><ele>5.05</ele><time>2026-05-01T08:12:07.667Z</time><extensions><gpxtpx:TrackPointExtension><gpxtpx:hr>95</gpxtpx:hr></gpxtpx:TrackPointExtension></extensions></trkpt><trkpt lat="60.065674" lon="18.760214"><ele>5.062</ele><time>2026-05-01T08:12:08.674Z</time><extensions><gpxtpx:TrackPointExtension><gpxtpx:hr>96</gpxtpx:hr></gpxtpx:TrackPointExtension></extensions></trkpt><trkpt lat="60.065655" lon="18.760202"><ele>5.048</ele><time>2026-05-01T08:12:09.681Z</time></trkpt><trkpt lat="60.065636" lon="18.760191"><ele>5.02</ele><time>2026-05-01T08:12:10.690Z</time><extensions><gpxtpx:TrackPointExtension><gpxtpx:hr>96</gpxtpx:hr></gpxtpx:TrackPointExtension></extensions></trkpt><trkpt lat="60.065617" lon="18.76018"><ele>5.014</ele><time>2026-05-01T08:12:11.700Z</time><extensions><gpxtpx:TrackPointExtension><gpxtpx:hr>96</gpxtpx:hr></gpxtpx:TrackPointExtension></extensions></trkpt><trkpt lat="60.065598" lon="18.760168"><ele>4.997</ele><time>2026-05-01T08:12:12.709Z</time><extensions><gpxtpx:TrackPointExtension><gpxtpx:hr>96</gpxtpx:hr></gpxtpx:TrackPointExtension></extensions></trkpt><trkpt lat="60.06558" lon="18.760155"><ele>4.968</ele><time>2026-05-01T08:12:13.719Z</time><extensions><gpxtpx:TrackPointExtension><gpxtpx:hr>97</gpxtpx:hr></gpxtpx:TrackPointExtension></extensions></trkpt><trkpt lat="60.065563" lon="18.760143"><ele>4.894</ele><time>2026-05-01T08:12:14.727Z</time></trkpt><trkpt lat="60.065544" lon="18.76013"><ele>4.99</ele><time>2026-05-01T08:12:15.734Z</time></trkpt><trkpt lat="60.06553" lon="18.760118"><ele>5.039</ele><time>2026-05-01T08:12:16.743Z</time><extensions><gpxtpx:TrackPointExtension><gpxtpx:hr>96</gpxtpx:hr></gpxtpx:TrackPointExtension></extensions></trkpt><trkpt lat="60.065514" lon="18.760107"><ele>5.033</ele><time>2026-05-01T08:12:17.751Z</time><extensions><gpxtpx:TrackPointExtension><gpxtpx:hr>96</gpxtpx:hr></gpxtpx:TrackPointExtension></extensions></trkpt><trkpt lat="60.0655" lon="18.760094"><ele>5.031</ele><time>2026-05-01T08:12:18.760Z</time><extensions><gpxtpx:TrackPointExtension><gpxtpx:hr>96</gpxtpx:hr></gpxtpx:TrackPointExtension></extensions></trkpt><trkpt lat="60.065483" lon="18.76008"><ele>5.019</ele><time>2026-05-01T08:12:19.769Z</time></trkpt><trkpt lat="60.065468" lon="18.760067"><ele>5.032</ele><time>2026-05-01T08:12:20.778Z</time><extensions><gpxtpx:TrackPointExtension><gpxtpx:hr>96</gpxtpx:hr></gpxtpx:TrackPointExtension></extensions></trkpt><trkpt lat="60.065453" lon="18.760054"><ele>5.075</ele><time>2026-05-01T08:12:21.783Z</time><extensions><gpxtpx:TrackPointExtension><gpxtpx:hr>95</gpxtpx:hr></gpxtpx:TrackPointExtension></extensions></trkpt><trkpt lat="60.065437" lon="18.760036"><ele>5.121</ele><time>2026-05-01T08:12:22.792Z</time><extensions><gpxtpx:TrackPointExtension><gpxtpx:hr>95</gpxtpx:hr></gpxtpx:TrackPointExtension></extensions></trkpt><trkpt lat="60.065422" lon="18.760017"><ele>5.12</ele><time>2026-05-01T08:12:23.801Z</time><extensions><gpxtpx:TrackPointExtension><gpxtpx:hr>94</gpxtpx:hr></gpxtpx:TrackPointExtension></extensions></trkpt><trkpt lat="60.065403" lon="18.759996"><ele>5.162</ele><time>2026-05-01T08:12:24.810Z</time></trkpt><trkpt lat="60.065388" lon="18.759975"><ele>5.087</ele><time>2026-05-01T08:12:25.818Z</time><extensions><gpxtpx:TrackPointExtension><gpxtpx:hr>94</gpxtpx:hr></gpxtpx:TrackPointExtension></extensions></trkpt><trkpt lat="60.06537" lon="18.75995"><ele>5.115</ele><time>2026-05-01T08:12:26.827Z</time><extensions><gpxtpx:TrackPointExtension><gpxtpx:hr>94</gpxtpx:hr></gpxtpx:TrackPointExtension></extensions></trkpt><trkpt lat="60.06535" lon="18.759932"><ele>5.14</ele><time>2026-05-01T08:12:27.834Z</time><extensions><gpxtpx:TrackPointExtension><gpxtpx:hr>94</gpxtpx:hr></gpxtpx:TrackPointExtension></extensions></trkpt><trkpt lat="60.065334" lon="18.759912"><ele>5.064</ele><time>2026-05-01T08:12:28.841Z</time><extensions><gpxtpx:TrackPointExtension><gpxtpx:hr>95</gpxtpx:hr></gpxtpx:TrackPointExtension></extensions></trkpt><trkpt lat="60.06532" lon="18.759893"><ele>4.99</ele><time>2026-05-01T08:12:29.850Z</time></trkpt><trkpt lat="60.065304" lon="18.759872"><ele>4.811</ele><time>2026-05-01T08:12:30.858Z</time><extensions><gpxtpx:TrackPointExtension><gpxtpx:hr>97</gpxtpx:hr></gpxtpx:TrackPointExtension></extensions></trkpt><trkpt lat="60.065285" lon="18.75985"><ele>4.722</ele><time>2026-05-01T08:12:31.868Z</time><extensions><gpxtpx:TrackPointExtension><gpxtpx:hr>97</gpxtpx:hr></gpxtpx:TrackPointExtension></extensions></trkpt><trkpt lat="60.065266" lon="18.759829"><ele>4.717</ele><time>2026-05-01T08:12:32.877Z</time><extensions><gpxtpx:TrackPointExtension><gpxtpx:hr>96</gpxtpx:hr></gpxtpx:TrackPointExtension></extensions></trkpt><trkpt lat="60.065247" lon="18.759806"><ele>4.869</ele><time>2026-05-01T08:12:33.886Z</time><extensions><gpxtpx:TrackPointExtension><gpxtpx:hr>96</gpxtpx:hr></gpxtpx:TrackPointExtension></extensions></trkpt><trkpt lat="60.065228" lon="18.759785"><ele>5.008</ele><time>2026-05-01T08:12:34.893Z</time></trkpt><trkpt lat="60.06521" lon="18.759762"><ele>5.114</ele><time>2026-05-01T08:12:35.902Z</time><extensions><gpxtpx:TrackPointExtension><gpxtpx:hr>94</gpxtpx:hr></gpxtpx:TrackPointExtension></extensions></trkpt><trkpt lat="60.06519" lon="18.75974"><ele>5.16</ele><time>2026-05-01T08:12:36.910Z</time><extensions><gpxtpx:TrackPointExtension><gpxtpx:hr>94</gpxtpx:hr></gpxtpx:TrackPointExtension></extensions></trkpt><trkpt lat="60.06517" lon="18.75972"><ele>5.255</ele><time>2026-05-01T08:12:37.918Z</time><extensions><gpxtpx:TrackPointExtension><gpxtpx:hr>94</gpxtpx:hr></gpxtpx:TrackPointExtension></extensions></trkpt><trkpt lat="60.06515" lon="18.759699"><ele>5.296</ele><time>2026-05-01T08:12:38.927Z</time><extensions><gpxtpx:TrackPointExtension><gpxtpx:hr>94</gpxtpx:hr></gpxtpx:TrackPointExtension></extensions></trkpt><trkpt lat="60.065136" lon="18.759678"><ele>5.341</ele><time>2026-05-01T08:12:39.934Z</time></trkpt><trkpt lat="60.065125" lon="18.759659"><ele>5.4</ele><time>2026-05-01T08:12:40.943Z</time><extensions><gpxtpx:TrackPointExtension><gpxtpx:hr>93</gpxtpx:hr></gpxtpx:TrackPointExtension></extensions></trkpt><trkpt lat="60.06511" lon="18.759642"><ele>5.518</ele><time>2026-05-01T08:12:41.951Z</time><extensions><gpxtpx:TrackPointExtension><gpxtpx:hr>94</gpxtpx:hr></gpxtpx:TrackPointExtension></extensions></trkpt><trkpt lat="60.065098" lon="18.759623"><ele>5.637</ele><time>2026-05-01T08:12:42.960Z</time><extensions><gpxtpx:TrackPointExtension><gpxtpx:hr>95</gpxtpx:hr></gpxtpx:TrackPointExtension></extensions></trkpt><trkpt lat="60.065086" lon="18.759607"><ele>5.732</ele><time>2026-05-01T08:12:43.969Z</time><extensions><gpxtpx:TrackPointExtension><gpxtpx:hr>95</gpxtpx:hr></gpxtpx:TrackPointExtension></extensions></trkpt><trkpt lat="60.065075" lon="18.759592"><ele>5.783</ele><time>2026-05-01T08:12:44.971Z</time></trkpt><trkpt lat="60.065063" lon="18.759577"><ele>5.829</ele><time>2026-05-01T08:12:45.976Z</time><extensions><gpxtpx:TrackPointExtension><gpxtpx:hr>94</gpxtpx:hr></gpxtpx:TrackPointExtension></extensions></trkpt><trkpt lat="60.065056" lon="18.759562"><ele>5.878</ele><time>2026-05-01T08:12:46.979Z</time><extensions><gpxtpx:TrackPointExtension><gpxtpx:hr>93</gpxtpx:hr></gpxtpx:TrackPointExtension></extensions></trkpt><trkpt lat="60.065044" lon="18.759546"><ele>6.005</ele><time>2026-05-01T08:12:47.982Z</time><extensions><gpxtpx:TrackPointExtension><gpxtpx:hr>92</gpxtpx:hr></gpxtpx:TrackPointExtension></extensions></trkpt><trkpt lat="60.065033" lon="18.759531"><ele>6.082</ele><time>2026-05-01T08:12:48.990Z</time><extensions><gpxtpx:TrackPointExtension><gpxtpx:hr>93</gpxtpx:hr></gpxtpx:TrackPointExtension></extensions></trkpt><trkpt lat="60.065025" lon="18.759516"><ele>6.129</ele><time>2026-05-01T08:12:49.998Z</time><extensions><gpxtpx:TrackPointExtension><gpxtpx:hr>93</gpxtpx:hr></gpxtpx:TrackPointExtension></extensions></trkpt><trkpt lat="60.065014" lon="18.7595"><ele>6.227</ele><time>2026-05-01T08:12:51.007Z</time><extensions><gpxtpx:TrackPointExtension><gpxtpx:hr>93</gpxtpx:hr></gpxtpx:TrackPointExtension></extensions></trkpt><trkpt lat="60.065002" lon="18.759485"><ele>6.352</ele><time>2026-05-01T08:12:52.014Z</time><extensions><gpxtpx:TrackPointExtension><gpxtpx:hr>93</gpxtpx:hr></gpxtpx:TrackPointExtension></extensions></trkpt><trkpt lat="60.064995" lon="18.75947"><ele>6.391</ele><time>2026-05-01T08:12:53.023Z</time><extensions><gpxtpx:TrackPointExtension><gpxtpx:hr>93</gpxtpx:hr></gpxtpx:TrackPointExtension></extensions></trkpt><trkpt lat="60.064983" lon="18.759453"><ele>6.485</ele><time>2026-05-01T08:12:54.032Z</time><extensions><gpxtpx:TrackPointExtension><gpxtpx:hr>93</gpxtpx:hr></gpxtpx:TrackPointExtension></extensions></trkpt><trkpt lat="60.064972" lon="18.759434"><ele>6.563</ele><time>2026-05-01T08:12:55.041Z</time></trkpt><trkpt lat="60.06496" lon="18.759413"><ele>6.588</ele><time>2026-05-01T08:12:56.049Z</time><extensions><gpxtpx:TrackPointExtension><gpxtpx:hr>94</gpxtpx:hr></gpxtpx:TrackPointExtension></extensions></trkpt><trkpt lat="60.06495" lon="18.759394"><ele>6.56</ele><time>2026-05-01T08:12:57.057Z</time><extensions><gpxtpx:TrackPointExtension><gpxtpx:hr>95</gpxtpx:hr></gpxtpx:TrackPointExtension></extensions></trkpt><trkpt lat="60.064934" lon="18.759373"><ele>6.609</ele><time>2026-05-01T08:12:58.064Z</time><extensions><gpxtpx:TrackPointExtension><gpxtpx:hr>96</gpxtpx:hr></gpxtpx:TrackPointExtension></extensions></trkpt><trkpt lat="60.064922" lon="18.759356"><ele>6.694</ele><time>2026-05-01T08:12:59.073Z</time><extensions><gpxtpx:TrackPointExtension><gpxtpx:hr>96</gpxtpx:hr></gpxtpx:TrackPointExtension></extensions></trkpt><trkpt lat="60.064907" lon="18.759336"><ele>6.724</ele><time>2026-05-01T08:13:00.082Z</time></trkpt><trkpt lat="60.064896" lon="18.759317"><ele>6.765</ele><time>2026-05-01T08:13:01.089Z</time><extensions><gpxtpx:TrackPointExtension><gpxtpx:hr>96</gpxtpx:hr></gpxtpx:TrackPointExtension></extensions></trkpt><trkpt lat="60.064884" lon="18.7593"><ele>6.77</ele><time>2026-05-01T08:13:02.097Z</time><extensions><gpxtpx:TrackPointExtension><gpxtpx:hr>96</gpxtpx:hr></gpxtpx:TrackPointExtension></extensions></trkpt><trkpt lat="60.06487" lon="18.759281"><ele>6.83</ele><time>2026-05-01T08:13:03.106Z</time><extensions><gpxtpx:TrackPointExtension><gpxtpx:hr>96</gpxtpx:hr></gpxtpx:TrackPointExtension></extensions></trkpt><trkpt lat="60.064857" lon="18.759262"><ele>6.895</ele><time>2026-05-01T08:13:04.113Z</time></trkpt><trkpt lat="60.064842" lon="18.759241"><ele>6.943</ele><time>2026-05-01T08:13:05.122Z</time></trkpt><trkpt lat="60.06483" lon="18.759222"><ele>7.074</ele><time>2026-05-01T08:13:06.131Z</time><extensions><gpxtpx:TrackPointExtension><gpxtpx:hr>96</gpxtpx:hr></gpxtpx:TrackPointExtension></extensions></trkpt><trkpt lat="60.064816" lon="18.759203"><ele>7.099</ele><time>2026-05-01T08:13:07.140Z</time><extensions><gpxtpx:TrackPointExtension><gpxtpx:hr>97</gpxtpx:hr></gpxtpx:TrackPointExtension></extensions></trkpt><trkpt lat="60.0648" lon="18.759184"><ele>7.216</ele><time>2026-05-01T08:13:08.149Z</time><extensions><gpxtpx:TrackPointExtension><gpxtpx:hr>97</gpxtpx:hr></gpxtpx:TrackPointExtension></extensions></trkpt><trkpt lat="60.064785" lon="18.759165"><ele>7.274</ele><time>2026-05-01T08:13:09.157Z</time><extensions><gpxtpx:TrackPointExtension><gpxtpx:hr>97</gpxtpx:hr></gpxtpx:TrackPointExtension></extensions></trkpt><trkpt lat="60.064774" lon="18.759148"><ele>7.296</ele><time>2026-05-01T08:13:10.165Z</time></trkpt><trkpt lat="60.06476" lon="18.759129"><ele>7.429</ele><time>2026-05-01T08:13:11.175Z</time><extensions><gpxtpx:TrackPointExtension><gpxtpx:hr>98</gpxtpx:hr></gpxtpx:TrackPointExtension></extensions></trkpt><trkpt lat="60.064743" lon="18.75911"><ele>7.527</ele><time>2026-05-01T08:13:12.178Z</time><extensions><gpxtpx:TrackPointExtension><gpxtpx:hr>98</gpxtpx:hr></gpxtpx:TrackPointExtension></extensions></trkpt><trkpt lat="60.064728" lon="18.759087"><ele>7.567</ele><time>2026-05-01T08:13:13.187Z</time><extensions><gpxtpx:TrackPointExtension><gpxtpx:hr>98</gpxtpx:hr></gpxtpx:TrackPointExtension></extensions></trkpt><trkpt lat="60.064713" lon="18.759066"><ele>7.55</ele><time>2026-05-01T08:13:14.194Z</time><extensions><gpxtpx:TrackPointExtension><gpxtpx:hr>98</gpxtpx:hr></gpxtpx:TrackPointExtension></extensions></trkpt><trkpt lat="60.0647" lon="18.759045"><ele>7.605</ele><time>2026-05-01T08:13:15.203Z</time></trkpt><trkpt lat="60.064686" lon="18.759022"><ele>7.721</ele><time>2026-05-01T08:13:16.211Z</time><extensions><gpxtpx:TrackPointExtension><gpxtpx:hr>100</gpxtpx:hr></gpxtpx:TrackPointExtension></extensions></trkpt><trkpt lat="60.06467" lon="18.759"><ele>7.806</ele><time>2026-05-01T08:13:17.220Z</time><extensions><gpxtpx:TrackPointExtension><gpxtpx:hr>101</gpxtpx:hr></gpxtpx:TrackPointExtension></extensions></trkpt><trkpt lat="60.06466" lon="18.758976"><ele>7.743</ele><time>2026-05-01T08:13:18.230Z</time><extensions><gpxtpx:TrackPointExtension><gpxtpx:hr>102</gpxtpx:hr></gpxtpx:TrackPointExtension></extensions></trkpt><trkpt lat="60.064648" lon="18.758955"><ele>7.79</ele><time>2026-05-01T08:13:19.238Z</time><extensions><gpxtpx:TrackPointExtension><gpxtpx:hr>102</gpxtpx:hr></gpxtpx:TrackPointExtension></extensions></trkpt><trkpt lat="60.064632" lon="18.75893"><ele>7.926</ele><time>2026-05-01T08:13:20.248Z</time></trkpt><trkpt lat="60.06462" lon="18.758905"><ele>8.004</ele><time>2026-05-01T08:13:21.258Z</time><extensions><gpxtpx:TrackPointExtension><gpxtpx:hr>101</gpxtpx:hr></gpxtpx:TrackPointExtension></extensions></trkpt><trkpt lat="60.06461" lon="18.758877"><ele>8.101</ele><time>2026-05-01T08:13:22.268Z</time><extensions><gpxtpx:TrackPointExtension><gpxtpx:hr>102</gpxtpx:hr></gpxtpx:TrackPointExtension></extensions></trkpt><trkpt lat="60.064598" lon="18.758848"><ele>8.126</ele><time>2026-05-01T08:13:23.274Z</time><extensions><gpxtpx:TrackPointExtension><gpxtpx:hr>103</gpxtpx:hr></gpxtpx:TrackPointExtension></extensions></trkpt><trkpt lat="60.06459" lon="18.75882"><ele>8.196</ele><time>2026-05-01T08:13:24.283Z</time><extensions><gpxtpx:TrackPointExtension><gpxtpx:hr>104</gpxtpx:hr></gpxtpx:TrackPointExtension></extensions></trkpt><trkpt lat="60.06458" lon="18.75879"><ele>8.311</ele><time>2026-05-01T08:13:25.292Z</time></trkpt><trkpt lat="60.06457" lon="18.75876"><ele>8.343</ele><time>2026-05-01T08:13:26.300Z</time><extensions><gpxtpx:TrackPointExtension><gpxtpx:hr>106</gpxtpx:hr></gpxtpx:TrackPointExtension></extensions></trkpt><trkpt lat="60.06456" lon="18.75873"><ele>8.371</ele><time>2026-05-01T08:13:27.309Z</time><extensions><gpxtpx:TrackPointExtension><gpxtpx:hr>107</gpxtpx:hr></gpxtpx:TrackPointExtension></extensions></trkpt><trkpt lat="60.064552" lon="18.758698"><ele>8.41</ele><time>2026-05-01T08:13:28.318Z</time><extensions><gpxtpx:TrackPointExtension><gpxtpx:hr>107</gpxtpx:hr></gpxtpx:TrackPointExtension></extensions></trkpt><trkpt lat="60.06455" lon="18.75867"><ele>8.439</ele><time>2026-05-01T08:13:29.325Z</time><extensions><gpxtpx:TrackPointExtension><gpxtpx:hr>107</gpxtpx:hr></gpxtpx:TrackPointExtension></extensions></trkpt><trkpt lat="60.06454" lon="18.758644"><ele>8.43</ele><time>2026-05-01T08:13:30.333Z</time></trkpt><trkpt lat="60.064537" lon="18.758621"><ele>8.443</ele><time>2026-05-01T08:13:31.340Z</time><extensions><gpxtpx:TrackPointExtension><gpxtpx:hr>107</gpxtpx:hr></gpxtpx:TrackPointExtension></extensions></trkpt><trkpt lat="60.064533" lon="18.7586"><ele>8.504</ele><time>2026-05-01T08:13:32.349Z</time><extensions><gpxtpx:TrackPointExtension><gpxtpx:hr>107</gpxtpx:hr></gpxtpx:TrackPointExtension></extensions></trkpt><trkpt lat="60.06453" lon="18.758577"><ele>8.518</ele><time>2026-05-01T08:13:33.358Z</time><extensions><gpxtpx:TrackPointExtension><gpxtpx:hr>106</gpxtpx:hr></gpxtpx:TrackPointExtension></extensions></trkpt><trkpt lat="60.064526" lon="18.758556"><ele>8.539</ele><time>2026-05-01T08:13:34.366Z</time></trkpt><trkpt lat="60.064518" lon="18.758535"><ele>8.532</ele><time>2026-05-01T08:13:35.373Z</time><extensions><gpxtpx:TrackPointExtension><gpxtpx:hr>106</gpxtpx:hr></gpxtpx:TrackPointExtension></extensions></trkpt><trkpt lat="60.064514" lon="18.75851"><ele>8.605</ele><time>2026-05-01T08:13:36.382Z</time><extensions><gpxtpx:TrackPointExtension><gpxtpx:hr>105</gpxtpx:hr></gpxtpx:TrackPointExtension></extensions></trkpt><trkpt lat="60.064507" lon="18.758482"><ele>8.644</ele><time>2026-05-01T08:13:37.391Z</time><extensions><gpxtpx:TrackPointExtension><gpxtpx:hr>105</gpxtpx:hr></gpxtpx:TrackPointExtension></extensions></trkpt><trkpt lat="60.064503" lon="18.758446"><ele>8.66</ele><time>2026-05-01T08:13:38.399Z</time><extensions><gpxtpx:TrackPointExtension><gpxtpx:hr>106</gpxtpx:hr></gpxtpx:TrackPointExtension></extensions></trkpt><trkpt lat="60.064495" lon="18.758404"><ele>8.694</ele><time>2026-05-01T08:13:39.408Z</time></trkpt><trkpt lat="60.064487" lon="18.75835"><ele>8.776</ele><time>2026-05-01T08:13:40.418Z</time></trkpt><trkpt lat="60.064487" lon="18.75835"><ele>8.776</ele><time>2026-05-01T08:15:03.519Z</time><extensions><gpxtpx:TrackPointExtension><gpxtpx:hr>91</gpxtpx:hr></gpxtpx:TrackPointExtension></extensions></trkpt><trkpt lat="60.06447" lon="18.758251"><ele>8.908</ele><time>2026-05-01T08:15:04.520Z</time><extensions><gpxtpx:TrackPointExtension><gpxtpx:hr>91</gpxtpx:hr></gpxtpx:TrackPointExtension></extensions></trkpt><trkpt lat="60.06446" lon="18.758202"><ele>8.87</ele><time>2026-05-01T08:15:05.520Z</time><extensions><gpxtpx:TrackPointExtension><gpxtpx:hr>92</gpxtpx:hr></gpxtpx:TrackPointExtension></extensions></trkpt><trkpt lat="60.064453" lon="18.758152"><ele>8.746</ele><time>2026-05-01T08:15:06.523Z</time><extensions><gpxtpx:TrackPointExtension><gpxtpx:hr>93</gpxtpx:hr></gpxtpx:TrackPointExtension></extensions></trkpt><trkpt lat="60.064445" lon="18.758102"><ele>8.756</ele><time>2026-05-01T08:15:07.520Z</time><extensions><gpxtpx:TrackPointExtension><gpxtpx:hr>94</gpxtpx:hr></gpxtpx:TrackPointExtension></extensions></trkpt><trkpt lat="60.064438" lon="18.758053"><ele>8.739</ele><time>2026-05-01T08:15:08.522Z</time><extensions><gpxtpx:TrackPointExtension><gpxtpx:hr>95</gpxtpx:hr></gpxtpx:TrackPointExtension></extensions></trkpt><trkpt lat="60.06443" lon="18.758003"><ele>8.756</ele><time>2026-05-01T08:15:09.521Z</time><extensions><gpxtpx:TrackPointExtension><gpxtpx:hr>97</gpxtpx:hr></gpxtpx:TrackPointExtension></extensions></trkpt><trkpt lat="60.064423" lon="18.757956"><ele>8.704</ele><time>2026-05-01T08:15:10.522Z</time><extensions><gpxtpx:TrackPointExtension><gpxtpx:hr>98</gpxtpx:hr></gpxtpx:TrackPointExtension></extensions></trkpt><trkpt lat="60.064415" lon="18.757912"><ele>8.716</ele><time>2026-05-01T08:15:11.522Z</time><extensions><gpxtpx:TrackPointExtension><gpxtpx:hr>99</gpxtpx:hr></gpxtpx:TrackPointExtension></extensions></trkpt><trkpt lat="60.064407" lon="18.757872"><ele>8.753</ele><time>2026-05-01T08:15:12.522Z</time><extensions><gpxtpx:TrackPointExtension><gpxtpx:hr>98</gpxtpx:hr></gpxtpx:TrackPointExtension></extensions></trkpt><trkpt lat="60.064396" lon="18.757835"><ele>8.761</ele><time>2026-05-01T08:15:13.523Z</time><extensions><gpxtpx:TrackPointExtension><gpxtpx:hr>96</gpxtpx:hr></gpxtpx:TrackPointExtension></extensions></trkpt><trkpt lat="60.06439" lon="18.757803"><ele>8.827</ele><time>2026-05-01T08:15:14.523Z</time><extensions><gpxtpx:TrackPointExtension><gpxtpx:hr>95</gpxtpx:hr></gpxtpx:TrackPointExtension></extensions></trkpt><trkpt lat="60.06438" lon="18.75777"><ele>8.842</ele><time>2026-05-01T08:15:15.523Z</time><extensions><gpxtpx:TrackPointExtension><gpxtpx:hr>93</gpxtpx:hr></gpxtpx:TrackPointExtension></extensions></trkpt><trkpt lat="60.064373" lon="18.757738"><ele>8.822</ele><time>2026-05-01T08:15:16.523Z</time><extensions><gpxtpx:TrackPointExtension><gpxtpx:hr>92</gpxtpx:hr></gpxtpx:TrackPointExtension></extensions></trkpt><trkpt lat="60.06437" lon="18.757708"><ele>8.918</ele><time>2026-05-01T08:15:17.526Z</time><extensions><gpxtpx:TrackPointExtension><gpxtpx:hr>92</gpxtpx:hr></gpxtpx:TrackPointExtension></extensions></trkpt><trkpt lat="60.06436" lon="18.757677"><ele>9.017</ele><time>2026-05-01T08:15:18.524Z</time></trkpt><trkpt lat="60.064358" lon="18.757648"><ele>9.031</ele><time>2026-05-01T08:15:19.531Z</time></trkpt><trkpt lat="60.064354" lon="18.75762"><ele>8.962</ele><time>2026-05-01T08:15:20.533Z</time><extensions><gpxtpx:TrackPointExtension><gpxtpx:hr>91</gpxtpx:hr></gpxtpx:TrackPointExtension></extensions></trkpt><trkpt lat="60.064346" lon="18.757587"><ele>8.872</ele><time>2026-05-01T08:15:21.534Z</time><extensions><gpxtpx:TrackPointExtension><gpxtpx:hr>91</gpxtpx:hr></gpxtpx:TrackPointExtension></extensions></trkpt><trkpt lat="60.06434" lon="18.757555"><ele>8.832</ele><time>2026-05-01T08:15:22.535Z</time><extensions><gpxtpx:TrackPointExtension><gpxtpx:hr>91</gpxtpx:hr></gpxtpx:TrackPointExtension></extensions></trkpt><trkpt lat="60.064335" lon="18.757524"><ele>8.922</ele><time>2026-05-01T08:15:23.544Z</time><extensions><gpxtpx:TrackPointExtension><gpxtpx:hr>91</gpxtpx:hr></gpxtpx:TrackPointExtension></extensions></trkpt><trkpt lat="60.064327" lon="18.757494"><ele>8.974</ele><time>2026-05-01T08:15:24.553Z</time><extensions><gpxtpx:TrackPointExtension><gpxtpx:hr>91</gpxtpx:hr></gpxtpx:TrackPointExtension></extensions></trkpt><trkpt lat="60.064323" lon="18.757463"><ele>9.041</ele><time>2026-05-01T08:15:25.563Z</time><extensions><gpxtpx:TrackPointExtension><gpxtpx:hr>92</gpxtpx:hr></gpxtpx:TrackPointExtension></extensions></trkpt><trkpt lat="60.064316" lon="18.757435"><ele>9.122</ele><time>2026-05-01T08:15:26.572Z</time><extensions><gpxtpx:TrackPointExtension><gpxtpx:hr>92</gpxtpx:hr></gpxtpx:TrackPointExtension></extensions></trkpt><trkpt lat="60.064312" lon="18.757406"><ele>9.119</ele><time>2026-05-01T08:15:27.581Z</time><extensions><gpxtpx:TrackPointExtension><gpxtpx:hr>92</gpxtpx:hr></gpxtpx:TrackPointExtension></extensions></trkpt><trkpt lat="60.06431" lon="18.757378"><ele>9.008</ele><time>2026-05-01T08:15:28.589Z</time><extensions><gpxtpx:TrackPointExtension><gpxtpx:hr>92</gpxtpx:hr></gpxtpx:TrackPointExtension></extensions></trkpt><trkpt lat="60.064304" lon="18.757349"><ele>8.883</ele><time>2026-05-01T08:15:29.600Z</time><extensions><gpxtpx:TrackPointExtension><gpxtpx:hr>93</gpxtpx:hr></gpxtpx:TrackPointExtension></extensions></trkpt><trkpt lat="60.0643" lon="18.757322"><ele>8.853</ele><time>2026-05-01T08:15:30.608Z</time><extensions><gpxtpx:TrackPointExtension><gpxtpx:hr>93</gpxtpx:hr></gpxtpx:TrackPointExtension></extensions></trkpt><trkpt lat="60.064297" lon="18.757294"><ele>8.86</ele><time>2026-05-01T08:15:31.616Z</time><extensions><gpxtpx:TrackPointExtension><gpxtpx:hr>93</gpxtpx:hr></gpxtpx:TrackPointExtension></extensions></trkpt><trkpt lat="60.064293" lon="18.757261"><ele>8.867</ele><time>2026-05-01T08:15:32.626Z</time><extensions><gpxtpx:TrackPointExtension><gpxtpx:hr>93</gpxtpx:hr></gpxtpx:TrackPointExtension></extensions></trkpt><trkpt lat="60.06429" lon="18.75723"><ele>8.941</ele><time>2026-05-01T08:15:33.635Z</time><extensions><gpxtpx:TrackPointExtension><gpxtpx:hr>93</gpxtpx:hr></gpxtpx:TrackPointExtension></extensions></trkpt><trkpt lat="60.064285" lon="18.757196"><ele>9.09</ele><time>2026-05-01T08:15:34.643Z</time><extensions><gpxtpx:TrackPointExtension><gpxtpx:hr>94</gpxtpx:hr></gpxtpx:TrackPointExtension></extensions></trkpt><trkpt lat="60.06428" lon="18.757164"><ele>9.161</ele><time>2026-05-01T08:15:35.650Z</time><extensions><gpxtpx:TrackPointExtension><gpxtpx:hr>94</gpxtpx:hr></gpxtpx:TrackPointExtension></extensions></trkpt><trkpt lat="60.064278" lon="18.75713"><ele>9.145</ele><time>2026-05-01T08:15:36.659Z</time><extensions><gpxtpx:TrackPointExtension><gpxtpx:hr>94</gpxtpx:hr></gpxtpx:TrackPointExtension></extensions></trkpt><trkpt lat="60.06427" lon="18.757095"><ele>9.136</ele><time>2026-05-01T08:15:37.668Z</time><extensions><gpxtpx:TrackPointExtension><gpxtpx:hr>94</gpxtpx:hr></gpxtpx:TrackPointExtension></extensions></trkpt><trkpt lat="60.064266" lon="18.75706"><ele>9.133</ele><time>2026-05-01T08:15:38.676Z</time><extensions><gpxtpx:TrackPointExtension><gpxtpx:hr>93</gpxtpx:hr></gpxtpx:TrackPointExtension></extensions></trkpt><trkpt lat="60.06426" lon="18.757025"><ele>9.073</ele><time>2026-05-01T08:15:39.685Z</time><extensions><gpxtpx:TrackPointExtension><gpxtpx:hr>93</gpxtpx:hr></gpxtpx:TrackPointExtension></extensions></trkpt><trkpt lat="60.06425" lon="18.75699"><ele>9.039</ele><time>2026-05-01T08:15:40.694Z</time><extensions><gpxtpx:TrackPointExtension><gpxtpx:hr>93</gpxtpx:hr></gpxtpx:TrackPointExtension></extensions></trkpt><trkpt lat="60.06424" lon="18.756956"><ele>9.006</ele><time>2026-05-01T08:15:41.704Z</time><extensions><gpxtpx:TrackPointExtension><gpxtpx:hr>92</gpxtpx:hr></gpxtpx:TrackPointExtension></extensions></trkpt><trkpt lat="60.06423" lon="18.756924"><ele>9.051</ele><time>2026-05-01T08:15:42.714Z</time><extensions><gpxtpx:TrackPointExtension><gpxtpx:hr>92</gpxtpx:hr></gpxtpx:TrackPointExtension></extensions></trkpt><trkpt lat="60.064224" lon="18.756891"><ele>9.049</ele><time>2026-05-01T08:15:43.723Z</time><extensions><gpxtpx:TrackPointExtension><gpxtpx:hr>92</gpxtpx:hr></gpxtpx:TrackPointExtension></extensions></trkpt><trkpt lat="60.064217" lon="18.756863"><ele>9.112</ele><time>2026-05-01T08:15:44.730Z</time><extensions><gpxtpx:TrackPointExtension><gpxtpx:hr>93</gpxtpx:hr></gpxtpx:TrackPointExtension></extensions></trkpt><trkpt lat="60.064213" lon="18.756834"><ele>9.18</ele><time>2026-05-01T08:15:45.737Z</time><extensions><gpxtpx:TrackPointExtension><gpxtpx:hr>93</gpxtpx:hr></gpxtpx:TrackPointExtension></extensions></trkpt><trkpt lat="60.064205" lon="18.756805"><ele>9.322</ele><time>2026-05-01T08:15:46.746Z</time><extensions><gpxtpx:TrackPointExtension><gpxtpx:hr>93</gpxtpx:hr></gpxtpx:TrackPointExtension></extensions></trkpt><trkpt lat="60.0642" lon="18.756777"><ele>9.463</ele><time>2026-05-01T08:15:47.755Z</time><extensions><gpxtpx:TrackPointExtension><gpxtpx:hr>94</gpxtpx:hr></gpxtpx:TrackPointExtension></extensions></trkpt><trkpt lat="60.064194" lon="18.756746"><ele>9.588</ele><time>2026-05-01T08:15:48.764Z</time><extensions><gpxtpx:TrackPointExtension><gpxtpx:hr>94</gpxtpx:hr></gpxtpx:TrackPointExtension></extensions></trkpt><trkpt lat="60.06419" lon="18.756718"><ele>9.73</ele><time>2026-05-01T08:15:49.773Z</time><extensions><gpxtpx:TrackPointExtension><gpxtpx:hr>94</gpxtpx:hr></gpxtpx:TrackPointExtension></extensions></trkpt><trkpt lat="60.064182" lon="18.756687"><ele>9.831</ele><time>2026-05-01T08:15:50.783Z</time><extensions><gpxtpx:TrackPointExtension><gpxtpx:hr>94</gpxtpx:hr></gpxtpx:TrackPointExtension></extensions></trkpt><trkpt lat="60.064175" lon="18.756657"><ele>9.927</ele><time>2026-05-01T08:15:51.790Z</time><extensions><gpxtpx:TrackPointExtension><gpxtpx:hr>94</gpxtpx:hr></gpxtpx:TrackPointExtension></extensions></trkpt><trkpt lat="60.064167" lon="18.756626"><ele>9.969</ele><time>2026-05-01T08:15:52.799Z</time><extensions><gpxtpx:TrackPointExtension><gpxtpx:hr>94</gpxtpx:hr></gpxtpx:TrackPointExtension></extensions></trkpt><trkpt lat="60.06416" lon="18.756596"><ele>9.973</ele><time>2026-05-01T08:15:53.806Z</time><extensions><gpxtpx:TrackPointExtension><gpxtpx:hr>95</gpxtpx:hr></gpxtpx:TrackPointExtension></extensions></trkpt><trkpt lat="60.064148" lon="18.756565"><ele>10.009</ele><time>2026-05-01T08:15:54.809Z</time><extensions><gpxtpx:TrackPointExtension><gpxtpx:hr>95</gpxtpx:hr></gpxtpx:TrackPointExtension></extensions></trkpt><trkpt lat="60.06414" lon="18.756535"><ele>10.063</ele><time>2026-05-01T08:15:55.818Z</time><extensions><gpxtpx:TrackPointExtension><gpxtpx:hr>95</gpxtpx:hr></gpxtpx:TrackPointExtension></extensions></trkpt><trkpt lat="60.064133" lon="18.756506"><ele>10.088</ele><time>2026-05-01T08:15:56.827Z</time><extensions><gpxtpx:TrackPointExtension><gpxtpx:hr>95</gpxtpx:hr></gpxtpx:TrackPointExtension></extensions></trkpt><trkpt lat="60.064125" lon="18.756477"><ele>10.046</ele><time>2026-05-01T08:15:57.835Z</time><extensions><gpxtpx:TrackPointExtension><gpxtpx:hr>96</gpxtpx:hr></gpxtpx:TrackPointExtension></extensions></trkpt><trkpt lat="60.064117" lon="18.756449"><ele>9.977</ele><time>2026-05-01T08:15:58.844Z</time><extensions><gpxtpx:TrackPointExtension><gpxtpx:hr>96</gpxtpx:hr></gpxtpx:TrackPointExtension></extensions></trkpt><trkpt lat="60.06411" lon="18.756418"><ele>9.993</ele><time>2026-05-01T08:15:59.854Z</time><extensions><gpxtpx:TrackPointExtension><gpxtpx:hr>97</gpxtpx:hr></gpxtpx:TrackPointExtension></extensions></trkpt><trkpt lat="60.064102" lon="18.756388"><ele>10.05</ele><time>2026-05-01T08:16:00.863Z</time><extensions><gpxtpx:TrackPointExtension><gpxtpx:hr>97</gpxtpx:hr></gpxtpx:TrackPointExtension></extensions></trkpt><trkpt lat="60.064095" lon="18.75636"><ele>10.047</ele><time>2026-05-01T08:16:01.872Z</time><extensions><gpxtpx:TrackPointExtension><gpxtpx:hr>98</gpxtpx:hr></gpxtpx:TrackPointExtension></extensions></trkpt><trkpt lat="60.064087" lon="18.756329"><ele>10.014</ele><time>2026-05-01T08:16:02.880Z</time><extensions><gpxtpx:TrackPointExtension><gpxtpx:hr>99</gpxtpx:hr></gpxtpx:TrackPointExtension></extensions></trkpt><trkpt lat="60.06408" lon="18.7563"><ele>9.967</ele><time>2026-05-01T08:16:03.891Z</time><extensions><gpxtpx:TrackPointExtension><gpxtpx:hr>99</gpxtpx:hr></gpxtpx:TrackPointExtension></extensions></trkpt><trkpt lat="60.064068" lon="18.75627"><ele>9.942</ele><time>2026-05-01T08:16:04.897Z</time><extensions><gpxtpx:TrackPointExtension><gpxtpx:hr>98</gpxtpx:hr></gpxtpx:TrackPointExtension></extensions></trkpt><trkpt lat="60.06406" lon="18.756239"><ele>9.984</ele><time>2026-05-01T08:16:05.906Z</time><extensions><gpxtpx:TrackPointExtension><gpxtpx:hr>98</gpxtpx:hr></gpxtpx:TrackPointExtension></extensions></trkpt><trkpt lat="60.064053" lon="18.75621"><ele>9.95</ele><time>2026-05-01T08:16:06.915Z</time><extensions><gpxtpx:TrackPointExtension><gpxtpx:hr>97</gpxtpx:hr></gpxtpx:TrackPointExtension></extensions></trkpt><trkpt lat="60.064045" lon="18.75618"><ele>9.791</ele><time>2026-05-01T08:16:07.924Z</time><extensions><gpxtpx:TrackPointExtension><gpxtpx:hr>97</gpxtpx:hr></gpxtpx:TrackPointExtension></extensions></trkpt><trkpt lat="60.06404" lon="18.756151"><ele>9.78</ele><time>2026-05-01T08:16:08.933Z</time><extensions><gpxtpx:TrackPointExtension><gpxtpx:hr>97</gpxtpx:hr></gpxtpx:TrackPointExtension></extensions></trkpt><trkpt lat="60.064034" lon="18.75612"><ele>9.933</ele><time>2026-05-01T08:16:09.942Z</time><extensions><gpxtpx:TrackPointExtension><gpxtpx:hr>97</gpxtpx:hr></gpxtpx:TrackPointExtension></extensions></trkpt><trkpt lat="60.064026" lon="18.756092"><ele>10.046</ele><time>2026-05-01T08:16:10.948Z</time><extensions><gpxtpx:TrackPointExtension><gpxtpx:hr>98</gpxtpx:hr></gpxtpx:TrackPointExtension></extensions></trkpt><trkpt lat="60.06402" lon="18.756062"><ele>10.126</ele><time>2026-05-01T08:16:11.958Z</time><extensions><gpxtpx:TrackPointExtension><gpxtpx:hr>99</gpxtpx:hr></gpxtpx:TrackPointExtension></extensions></trkpt><trkpt lat="60.06401" lon="18.756033"><ele>10.167</ele><time>2026-05-01T08:16:12.967Z</time><extensions><gpxtpx:TrackPointExtension><gpxtpx:hr>99</gpxtpx:hr></gpxtpx:TrackPointExtension></extensions></trkpt><trkpt lat="60.064003" lon="18.756002"><ele>10.224</ele><time>2026-05-01T08:16:13.976Z</time><extensions><gpxtpx:TrackPointExtension><gpxtpx:hr>99</gpxtpx:hr></gpxtpx:TrackPointExtension></extensions></trkpt><trkpt lat="60.063995" lon="18.755974"><ele>10.287</ele><time>2026-05-01T08:16:14.984Z</time><extensions><gpxtpx:TrackPointExtension><gpxtpx:hr>100</gpxtpx:hr></gpxtpx:TrackPointExtension></extensions></trkpt><trkpt lat="60.063988" lon="18.755943"><ele>10.4</ele><time>2026-05-01T08:16:15.995Z</time><extensions><gpxtpx:TrackPointExtension><gpxtpx:hr>100</gpxtpx:hr></gpxtpx:TrackPointExtension></extensions></trkpt><trkpt lat="60.063984" lon="18.75591"><ele>10.544</ele><time>2026-05-01T08:16:17.003Z</time><extensions><gpxtpx:TrackPointExtension><gpxtpx:hr>99</gpxtpx:hr></gpxtpx:TrackPointExtension></extensions></trkpt><trkpt lat="60.063976" lon="18.755882"><ele>10.657</ele><time>2026-05-01T08:16:18.010Z</time></trkpt><trkpt lat="60.063972" lon="18.755852"><ele>10.812</ele><time>2026-05-01T08:16:19.019Z</time><extensions><gpxtpx:TrackPointExtension><gpxtpx:hr>98</gpxtpx:hr></gpxtpx:TrackPointExtension></extensions></trkpt><trkpt lat="60.063965" lon="18.755821"><ele>10.814</ele><time>2026-05-01T08:16:20.026Z</time><extensions><gpxtpx:TrackPointExtension><gpxtpx:hr>98</gpxtpx:hr></gpxtpx:TrackPointExtension></extensions></trkpt><trkpt lat="60.06396" lon="18.755793"><ele>10.765</ele><time>2026-05-01T08:16:21.035Z</time><extensions><gpxtpx:TrackPointExtension><gpxtpx:hr>99</gpxtpx:hr></gpxtpx:TrackPointExtension></extensions></trkpt><trkpt lat="60.063953" lon="18.755762"><ele>10.895</ele><time>2026-05-01T08:16:22.043Z</time><extensions><gpxtpx:TrackPointExtension><gpxtpx:hr>100</gpxtpx:hr></gpxtpx:TrackPointExtension></extensions></trkpt><trkpt lat="60.06395" lon="18.755732"><ele>10.994</ele><time>2026-05-01T08:16:23.053Z</time></trkpt><trkpt lat="60.063946" lon="18.755701"><ele>11.102</ele><time>2026-05-01T08:16:24.062Z</time><extensions><gpxtpx:TrackPointExtension><gpxtpx:hr>100</gpxtpx:hr></gpxtpx:TrackPointExtension></extensions></trkpt><trkpt lat="60.063942" lon="18.75567"><ele>11.215</ele><time>2026-05-01T08:16:25.070Z</time><extensions><gpxtpx:TrackPointExtension><gpxtpx:hr>101</gpxtpx:hr></gpxtpx:TrackPointExtension></extensions></trkpt><trkpt lat="60.06394" lon="18.75564"><ele>11.312</ele><time>2026-05-01T08:16:26.078Z</time><extensions><gpxtpx:TrackPointExtension><gpxtpx:hr>101</gpxtpx:hr></gpxtpx:TrackPointExtension></extensions></trkpt><trkpt lat="60.06394" lon="18.75561"><ele>11.474</ele><time>2026-05-01T08:16:27.088Z</time><extensions><gpxtpx:TrackPointExtension><gpxtpx:hr>101</gpxtpx:hr></gpxtpx:TrackPointExtension></extensions></trkpt><trkpt lat="60.06394" lon="18.75558"><ele>11.706</ele><time>2026-05-01T08:16:28.097Z</time><extensions><gpxtpx:TrackPointExtension><gpxtpx:hr>100</gpxtpx:hr></gpxtpx:TrackPointExtension></extensions></trkpt><trkpt lat="60.06394" lon="18.75555"><ele>11.766</ele><time>2026-05-01T08:16:29.106Z</time><extensions><gpxtpx:TrackPointExtension><gpxtpx:hr>99</gpxtpx:hr></gpxtpx:TrackPointExtension></extensions></trkpt><trkpt lat="60.063934" lon="18.755522"><ele>11.933</ele><time>2026-05-01T08:16:30.114Z</time><extensions><gpxtpx:TrackPointExtension><gpxtpx:hr>99</gpxtpx:hr></gpxtpx:TrackPointExtension></extensions></trkpt><trkpt lat="60.06394" lon="18.755493"><ele>12.084</ele><time>2026-05-01T08:16:31.123Z</time><extensions><gpxtpx:TrackPointExtension><gpxtpx:hr>99</gpxtpx:hr></gpxtpx:TrackPointExtension></extensions></trkpt><trkpt lat="60.06394" lon="18.755466"><ele>12.153</ele><time>2026-05-01T08:16:32.130Z</time><extensions><gpxtpx:TrackPointExtension><gpxtpx:hr>100</gpxtpx:hr></gpxtpx:TrackPointExtension></extensions></trkpt><trkpt lat="60.06394" lon="18.75544"><ele>12.108</ele><time>2026-05-01T08:16:33.139Z</time><extensions><gpxtpx:TrackPointExtension><gpxtpx:hr>100</gpxtpx:hr></gpxtpx:TrackPointExtension></extensions></trkpt><trkpt lat="60.06394" lon="18.755413"><ele>12.223</ele><time>2026-05-01T08:16:34.148Z</time><extensions><gpxtpx:TrackPointExtension><gpxtpx:hr>100</gpxtpx:hr></gpxtpx:TrackPointExtension></extensions></trkpt><trkpt lat="60.06394" lon="18.755386"><ele>12.42</ele><time>2026-05-01T08:16:35.157Z</time><extensions><gpxtpx:TrackPointExtension><gpxtpx:hr>101</gpxtpx:hr></gpxtpx:TrackPointExtension></extensions></trkpt><trkpt lat="60.063934" lon="18.75536"><ele>12.49</ele><time>2026-05-01T08:16:36.160Z</time><extensions><gpxtpx:TrackPointExtension><gpxtpx:hr>101</gpxtpx:hr></gpxtpx:TrackPointExtension></extensions></trkpt><trkpt lat="60.063934" lon="18.755333"><ele>12.576</ele><time>2026-05-01T08:16:37.160Z</time><extensions><gpxtpx:TrackPointExtension><gpxtpx:hr>101</gpxtpx:hr></gpxtpx:TrackPointExtension></extensions></trkpt><trkpt lat="60.063934" lon="18.755308"><ele>12.666</ele><time>2026-05-01T08:16:38.162Z</time><extensions><gpxtpx:TrackPointExtension><gpxtpx:hr>101</gpxtpx:hr></gpxtpx:TrackPointExtension></extensions></trkpt><trkpt lat="60.06393" lon="18.755281"><ele>12.783</ele><time>2026-05-01T08:16:39.169Z</time><extensions><gpxtpx:TrackPointExtension><gpxtpx:hr>100</gpxtpx:hr></gpxtpx:TrackPointExtension></extensions></trkpt><trkpt lat="60.06393" lon="18.755253"><ele>12.808</ele><time>2026-05-01T08:16:40.178Z</time><extensions><gpxtpx:TrackPointExtension><gpxtpx:hr>100</gpxtpx:hr></gpxtpx:TrackPointExtension></extensions></trkpt><trkpt lat="60.063927" lon="18.755224"><ele>12.84</ele><time>2026-05-01T08:16:41.186Z</time><extensions><gpxtpx:TrackPointExtension><gpxtpx:hr>101</gpxtpx:hr></gpxtpx:TrackPointExtension></extensions></trkpt><trkpt lat="60.063927" lon="18.755196"><ele>12.875</ele><time>2026-05-01T08:16:42.195Z</time><extensions><gpxtpx:TrackPointExtension><gpxtpx:hr>102</gpxtpx:hr></gpxtpx:TrackPointExtension></extensions></trkpt><trkpt lat="60.063927" lon="18.755167"><ele>12.946</ele><time>2026-05-01T08:16:43.205Z</time><extensions><gpxtpx:TrackPointExtension><gpxtpx:hr>103</gpxtpx:hr></gpxtpx:TrackPointExtension></extensions></trkpt><trkpt lat="60.063927" lon="18.755136"><ele>12.996</ele><time>2026-05-01T08:16:44.214Z</time><extensions><gpxtpx:TrackPointExtension><gpxtpx:hr>103</gpxtpx:hr></gpxtpx:TrackPointExtension></extensions></trkpt><trkpt lat="60.063927" lon="18.755108"><ele>13.055</ele><time>2026-05-01T08:16:45.223Z</time><extensions><gpxtpx:TrackPointExtension><gpxtpx:hr>103</gpxtpx:hr></gpxtpx:TrackPointExtension></extensions></trkpt><trkpt lat="60.063927" lon="18.75508"><ele>13.113</ele><time>2026-05-01T08:16:46.230Z</time><extensions><gpxtpx:TrackPointExtension><gpxtpx:hr>103</gpxtpx:hr></gpxtpx:TrackPointExtension></extensions></trkpt><trkpt lat="60.063923" lon="18.755053"><ele>13.178</ele><time>2026-05-01T08:16:47.239Z</time><extensions><gpxtpx:TrackPointExtension><gpxtpx:hr>103</gpxtpx:hr></gpxtpx:TrackPointExtension></extensions></trkpt><trkpt lat="60.063923" lon="18.755024"><ele>13.269</ele><time>2026-05-01T08:16:48.249Z</time><extensions><gpxtpx:TrackPointExtension><gpxtpx:hr>103</gpxtpx:hr></gpxtpx:TrackPointExtension></extensions></trkpt><trkpt lat="60.063923" lon="18.754997"><ele>13.295</ele><time>2026-05-01T08:16:49.258Z</time><extensions><gpxtpx:TrackPointExtension><gpxtpx:hr>103</gpxtpx:hr></gpxtpx:TrackPointExtension></extensions></trkpt><trkpt lat="60.06392" lon="18.754969"><ele>13.345</ele><time>2026-05-01T08:16:50.267Z</time><extensions><gpxtpx:TrackPointExtension><gpxtpx:hr>103</gpxtpx:hr></gpxtpx:TrackPointExtension></extensions></trkpt><trkpt lat="60.06392" lon="18.75494"><ele>13.403</ele><time>2026-05-01T08:16:51.275Z</time><extensions><gpxtpx:TrackPointExtension><gpxtpx:hr>104</gpxtpx:hr></gpxtpx:TrackPointExtension></extensions></trkpt><trkpt lat="60.06392" lon="18.754911"><ele>13.399</ele><time>2026-05-01T08:16:52.284Z</time><extensions><gpxtpx:TrackPointExtension><gpxtpx:hr>106</gpxtpx:hr></gpxtpx:TrackPointExtension></extensions></trkpt><trkpt lat="60.063915" lon="18.754885"><ele>13.407</ele><time>2026-05-01T08:16:53.293Z</time><extensions><gpxtpx:TrackPointExtension><gpxtpx:hr>105</gpxtpx:hr></gpxtpx:TrackPointExtension></extensions></trkpt><trkpt lat="60.063915" lon="18.754856"><ele>13.375</ele><time>2026-05-01T08:16:54.302Z</time><extensions><gpxtpx:TrackPointExtension><gpxtpx:hr>105</gpxtpx:hr></gpxtpx:TrackPointExtension></extensions></trkpt><trkpt lat="60.063915" lon="18.75483"><ele>13.346</ele><time>2026-05-01T08:16:55.310Z</time><extensions><gpxtpx:TrackPointExtension><gpxtpx:hr>105</gpxtpx:hr></gpxtpx:TrackPointExtension></extensions></trkpt><trkpt lat="60.06391" lon="18.7548"><ele>13.343</ele><time>2026-05-01T08:16:56.318Z</time><extensions><gpxtpx:TrackPointExtension><gpxtpx:hr>104</gpxtpx:hr></gpxtpx:TrackPointExtension></extensions></trkpt><trkpt lat="60.06391" lon="18.754774"><ele>13.348</ele><time>2026-05-01T08:16:57.326Z</time><extensions><gpxtpx:TrackPointExtension><gpxtpx:hr>104</gpxtpx:hr></gpxtpx:TrackPointExtension></extensions></trkpt><trkpt lat="60.06391" lon="18.754747"><ele>13.362</ele><time>2026-05-01T08:16:58.335Z</time><extensions><gpxtpx:TrackPointExtension><gpxtpx:hr>104</gpxtpx:hr></gpxtpx:TrackPointExtension></extensions></trkpt><trkpt lat="60.06391" lon="18.754723"><ele>13.292</ele><time>2026-05-01T08:16:59.345Z</time><extensions><gpxtpx:TrackPointExtension><gpxtpx:hr>105</gpxtpx:hr></gpxtpx:TrackPointExtension></extensions></trkpt><trkpt lat="60.06391" lon="18.754694"><ele>13.305</ele><time>2026-05-01T08:17:00.354Z</time><extensions><gpxtpx:TrackPointExtension><gpxtpx:hr>105</gpxtpx:hr></gpxtpx:TrackPointExtension></extensions></trkpt><trkpt lat="60.063908" lon="18.75467"><ele>13.337</ele><time>2026-05-01T08:17:01.362Z</time><extensions><gpxtpx:TrackPointExtension><gpxtpx:hr>104</gpxtpx:hr></gpxtpx:TrackPointExtension></extensions></trkpt><trkpt lat="60.063908" lon="18.754642"><ele>13.377</ele><time>2026-05-01T08:17:02.369Z</time><extensions><gpxtpx:TrackPointExtension><gpxtpx:hr>103</gpxtpx:hr></gpxtpx:TrackPointExtension></extensions></trkpt><trkpt lat="60.063908" lon="18.754616"><ele>13.395</ele><time>2026-05-01T08:17:03.378Z</time><extensions><gpxtpx:TrackPointExtension><gpxtpx:hr>103</gpxtpx:hr></gpxtpx:TrackPointExtension></extensions></trkpt><trkpt lat="60.063908" lon="18.754591"><ele>13.392</ele><time>2026-05-01T08:17:04.387Z</time><extensions><gpxtpx:TrackPointExtension><gpxtpx:hr>102</gpxtpx:hr></gpxtpx:TrackPointExtension></extensions></trkpt><trkpt lat="60.063908" lon="18.754566"><ele>13.373</ele><time>2026-05-01T08:17:05.396Z</time><extensions><gpxtpx:TrackPointExtension><gpxtpx:hr>102</gpxtpx:hr></gpxtpx:TrackPointExtension></extensions></trkpt><trkpt lat="60.063904" lon="18.75454"><ele>13.401</ele><time>2026-05-01T08:17:06.405Z</time><extensions><gpxtpx:TrackPointExtension><gpxtpx:hr>102</gpxtpx:hr></gpxtpx:TrackPointExtension></extensions></trkpt><trkpt lat="60.063908" lon="18.754517"><ele>13.408</ele><time>2026-05-01T08:17:07.415Z</time><extensions><gpxtpx:TrackPointExtension><gpxtpx:hr>102</gpxtpx:hr></gpxtpx:TrackPointExtension></extensions></trkpt><trkpt lat="60.063908" lon="18.754494"><ele>13.368</ele><time>2026-05-01T08:17:08.423Z</time><extensions><gpxtpx:TrackPointExtension><gpxtpx:hr>102</gpxtpx:hr></gpxtpx:TrackPointExtension></extensions></trkpt><trkpt lat="60.063908" lon="18.754469"><ele>13.378</ele><time>2026-05-01T08:17:09.433Z</time><extensions><gpxtpx:TrackPointExtension><gpxtpx:hr>102</gpxtpx:hr></gpxtpx:TrackPointExtension></extensions></trkpt><trkpt lat="60.063908" lon="18.754446"><ele>13.364</ele><time>2026-05-01T08:17:10.440Z</time><extensions><gpxtpx:TrackPointExtension><gpxtpx:hr>101</gpxtpx:hr></gpxtpx:TrackPointExtension></extensions></trkpt><trkpt lat="60.063908" lon="18.754421"><ele>13.316</ele><time>2026-05-01T08:17:11.448Z</time><extensions><gpxtpx:TrackPointExtension><gpxtpx:hr>101</gpxtpx:hr></gpxtpx:TrackPointExtension></extensions></trkpt><trkpt lat="60.063908" lon="18.754396"><ele>13.249</ele><time>2026-05-01T08:17:12.455Z</time><extensions><gpxtpx:TrackPointExtension><gpxtpx:hr>101</gpxtpx:hr></gpxtpx:TrackPointExtension></extensions></trkpt><trkpt lat="60.063908" lon="18.754372"><ele>13.227</ele><time>2026-05-01T08:17:13.463Z</time><extensions><gpxtpx:TrackPointExtension><gpxtpx:hr>101</gpxtpx:hr></gpxtpx:TrackPointExtension></extensions></trkpt><trkpt lat="60.063908" lon="18.754347"><ele>13.228</ele><time>2026-05-01T08:17:14.472Z</time><extensions><gpxtpx:TrackPointExtension><gpxtpx:hr>100</gpxtpx:hr></gpxtpx:TrackPointExtension></extensions></trkpt><trkpt lat="60.063908" lon="18.754322"><ele>13.16</ele><time>2026-05-01T08:17:15.481Z</time><extensions><gpxtpx:TrackPointExtension><gpxtpx:hr>100</gpxtpx:hr></gpxtpx:TrackPointExtension></extensions></trkpt><trkpt lat="60.063908" lon="18.754297"><ele>13.095</ele><time>2026-05-01T08:17:16.488Z</time><extensions><gpxtpx:TrackPointExtension><gpxtpx:hr>100</gpxtpx:hr></gpxtpx:TrackPointExtension></extensions></trkpt><trkpt lat="60.063908" lon="18.754272"><ele>13.09</ele><time>2026-05-01T08:17:17.497Z</time><extensions><gpxtpx:TrackPointExtension><gpxtpx:hr>99</gpxtpx:hr></gpxtpx:TrackPointExtension></extensions></trkpt><trkpt lat="60.063908" lon="18.754246"><ele>13.068</ele><time>2026-05-01T08:17:18.505Z</time><extensions><gpxtpx:TrackPointExtension><gpxtpx:hr>98</gpxtpx:hr></gpxtpx:TrackPointExtension></extensions></trkpt><trkpt lat="60.063908" lon="18.754221"><ele>13.053</ele><time>2026-05-01T08:17:19.510Z</time><extensions><gpxtpx:TrackPointExtension><gpxtpx:hr>97</gpxtpx:hr></gpxtpx:TrackPointExtension></extensions></trkpt><trkpt lat="60.063908" lon="18.754194"><ele>13.029</ele><time>2026-05-01T08:17:20.519Z</time><extensions><gpxtpx:TrackPointExtension><gpxtpx:hr>97</gpxtpx:hr></gpxtpx:TrackPointExtension></extensions></trkpt><trkpt lat="60.063908" lon="18.754166"><ele>12.994</ele><time>2026-05-01T08:17:21.528Z</time><extensions><gpxtpx:TrackPointExtension><gpxtpx:hr>96</gpxtpx:hr></gpxtpx:TrackPointExtension></extensions></trkpt><trkpt lat="60.063908" lon="18.75414"><ele>12.894</ele><time>2026-05-01T08:17:22.537Z</time><extensions><gpxtpx:TrackPointExtension><gpxtpx:hr>96</gpxtpx:hr></gpxtpx:TrackPointExtension></extensions></trkpt><trkpt lat="60.063908" lon="18.754116"><ele>12.828</ele><time>2026-05-01T08:17:23.545Z</time><extensions><gpxtpx:TrackPointExtension><gpxtpx:hr>96</gpxtpx:hr></gpxtpx:TrackPointExtension></extensions></trkpt><trkpt lat="60.063908" lon="18.754093"><ele>12.811</ele><time>2026-05-01T08:17:24.554Z</time><extensions><gpxtpx:TrackPointExtension><gpxtpx:hr>96</gpxtpx:hr></gpxtpx:TrackPointExtension></extensions></trkpt><trkpt lat="60.063908" lon="18.754068"><ele>12.72</ele><time>2026-05-01T08:17:25.563Z</time><extensions><gpxtpx:TrackPointExtension><gpxtpx:hr>95</gpxtpx:hr></gpxtpx:TrackPointExtension></extensions></trkpt><trkpt lat="60.063908" lon="18.754038"><ele>12.65</ele><time>2026-05-01T08:17:26.572Z</time><extensions><gpxtpx:TrackPointExtension><gpxtpx:hr>94</gpxtpx:hr></gpxtpx:TrackPointExtension></extensions></trkpt><trkpt lat="60.063908" lon="18.75401"><ele>12.575</ele><time>2026-05-01T08:17:27.577Z</time><extensions><gpxtpx:TrackPointExtension><gpxtpx:hr>93</gpxtpx:hr></gpxtpx:TrackPointExtension></extensions></trkpt><trkpt lat="60.063908" lon="18.753983"><ele>12.513</ele><time>2026-05-01T08:17:28.587Z</time><extensions><gpxtpx:TrackPointExtension><gpxtpx:hr>94</gpxtpx:hr></gpxtpx:TrackPointExtension></extensions></trkpt><trkpt lat="60.063908" lon="18.753954"><ele>12.421</ele><time>2026-05-01T08:17:29.596Z</time><extensions><gpxtpx:TrackPointExtension><gpxtpx:hr>94</gpxtpx:hr></gpxtpx:TrackPointExtension></extensions></trkpt><trkpt lat="60.063908" lon="18.753925"><ele>12.407</ele><time>2026-05-01T08:17:30.605Z</time><extensions><gpxtpx:TrackPointExtension><gpxtpx:hr>94</gpxtpx:hr></gpxtpx:TrackPointExtension></extensions></trkpt><trkpt lat="60.063908" lon="18.753893"><ele>12.276</ele><time>2026-05-01T08:17:31.614Z</time><extensions><gpxtpx:TrackPointExtension><gpxtpx:hr>94</gpxtpx:hr></gpxtpx:TrackPointExtension></extensions></trkpt><trkpt lat="60.063908" lon="18.753859"><ele>12.336</ele><time>2026-05-01T08:17:32.623Z</time><extensions><gpxtpx:TrackPointExtension><gpxtpx:hr>94</gpxtpx:hr></gpxtpx:TrackPointExtension></extensions></trkpt><trkpt lat="60.063904" lon="18.75383"><ele>12.264</ele><time>2026-05-01T08:17:33.630Z</time><extensions><gpxtpx:TrackPointExtension><gpxtpx:hr>94</gpxtpx:hr></gpxtpx:TrackPointExtension></extensions></trkpt><trkpt lat="60.063904" lon="18.7538"><ele>12.17</ele><time>2026-05-01T08:17:34.639Z</time><extensions><gpxtpx:TrackPointExtension><gpxtpx:hr>95</gpxtpx:hr></gpxtpx:TrackPointExtension></extensions></trkpt><trkpt lat="60.063904" lon="18.753767"><ele>12.122</ele><time>2026-05-01T08:17:35.649Z</time><extensions><gpxtpx:TrackPointExtension><gpxtpx:hr>95</gpxtpx:hr></gpxtpx:TrackPointExtension></extensions></trkpt><trkpt lat="60.063904" lon="18.753735"><ele>12.034</ele><time>2026-05-01T08:17:36.656Z</time><extensions><gpxtpx:TrackPointExtension><gpxtpx:hr>96</gpxtpx:hr></gpxtpx:TrackPointExtension></extensions></trkpt><trkpt lat="60.063904" lon="18.7537"><ele>12.034</ele><time>2026-05-01T08:17:37.666Z</time><extensions><gpxtpx:TrackPointExtension><gpxtpx:hr>97</gpxtpx:hr></gpxtpx:TrackPointExtension></extensions></trkpt><trkpt lat="60.063904" lon="18.753664"><ele>12.022</ele><time>2026-05-01T08:17:38.675Z</time><extensions><gpxtpx:TrackPointExtension><gpxtpx:hr>98</gpxtpx:hr></gpxtpx:TrackPointExtension></extensions></trkpt><trkpt lat="60.0639" lon="18.753632"><ele>11.959</ele><time>2026-05-01T08:17:39.685Z</time><extensions><gpxtpx:TrackPointExtension><gpxtpx:hr>99</gpxtpx:hr></gpxtpx:TrackPointExtension></extensions></trkpt><trkpt lat="60.0639" lon="18.753595"><ele>11.828</ele><time>2026-05-01T08:17:40.693Z</time><extensions><gpxtpx:TrackPointExtension><gpxtpx:hr>99</gpxtpx:hr></gpxtpx:TrackPointExtension></extensions></trkpt><trkpt lat="60.0639" lon="18.75356"><ele>11.741</ele><time>2026-05-01T08:17:41.703Z</time><extensions><gpxtpx:TrackPointExtension><gpxtpx:hr>99</gpxtpx:hr></gpxtpx:TrackPointExtension></extensions></trkpt><trkpt lat="60.0639" lon="18.753525"><ele>11.705</ele><time>2026-05-01T08:17:42.710Z</time><extensions><gpxtpx:TrackPointExtension><gpxtpx:hr>98</gpxtpx:hr></gpxtpx:TrackPointExtension></extensions></trkpt><trkpt lat="60.0639" lon="18.753489"><ele>11.735</ele><time>2026-05-01T08:17:43.719Z</time><extensions><gpxtpx:TrackPointExtension><gpxtpx:hr>97</gpxtpx:hr></gpxtpx:TrackPointExtension></extensions></trkpt><trkpt lat="60.0639" lon="18.753452"><ele>11.708</ele><time>2026-05-01T08:17:44.728Z</time><extensions><gpxtpx:TrackPointExtension><gpxtpx:hr>96</gpxtpx:hr></gpxtpx:TrackPointExtension></extensions></trkpt><trkpt lat="60.0639" lon="18.753416"><ele>11.702</ele><time>2026-05-01T08:17:45.733Z</time><extensions><gpxtpx:TrackPointExtension><gpxtpx:hr>94</gpxtpx:hr></gpxtpx:TrackPointExtension></extensions></trkpt><trkpt lat="60.0639" lon="18.753382"><ele>11.686</ele><time>2026-05-01T08:17:46.735Z</time><extensions><gpxtpx:TrackPointExtension><gpxtpx:hr>92</gpxtpx:hr></gpxtpx:TrackPointExtension></extensions></trkpt><trkpt lat="60.0639" lon="18.753345"><ele>11.703</ele><time>2026-05-01T08:17:47.738Z</time><extensions><gpxtpx:TrackPointExtension><gpxtpx:hr>90</gpxtpx:hr></gpxtpx:TrackPointExtension></extensions></trkpt><trkpt lat="60.063904" lon="18.75331"><ele>11.75</ele><time>2026-05-01T08:17:48.740Z</time><extensions><gpxtpx:TrackPointExtension><gpxtpx:hr>89</gpxtpx:hr></gpxtpx:TrackPointExtension></extensions></trkpt><trkpt lat="60.063904" lon="18.753273"><ele>11.708</ele><time>2026-05-01T08:17:49.749Z</time><extensions><gpxtpx:TrackPointExtension><gpxtpx:hr>88</gpxtpx:hr></gpxtpx:TrackPointExtension></extensions></trkpt><trkpt lat="60.063904" lon="18.753235"><ele>11.658</ele><time>2026-05-01T08:17:50.758Z</time><extensions><gpxtpx:TrackPointExtension><gpxtpx:hr>87</gpxtpx:hr></gpxtpx:TrackPointExtension></extensions></trkpt><trkpt lat="60.063904" lon="18.7532"><ele>11.583</ele><time>2026-05-01T08:17:51.766Z</time><extensions><gpxtpx:TrackPointExtension><gpxtpx:hr>87</gpxtpx:hr></gpxtpx:TrackPointExtension></extensions></trkpt><trkpt lat="60.063904" lon="18.753166"><ele>11.355</ele><time>2026-05-01T08:17:52.774Z</time><extensions><gpxtpx:TrackPointExtension><gpxtpx:hr>86</gpxtpx:hr></gpxtpx:TrackPointExtension></extensions></trkpt><trkpt lat="60.063904" lon="18.753136"><ele>11.235</ele><time>2026-05-01T08:17:53.784Z</time><extensions><gpxtpx:TrackPointExtension><gpxtpx:hr>86</gpxtpx:hr></gpxtpx:TrackPointExtension></extensions></trkpt><trkpt lat="60.063904" lon="18.7531"><ele>11.093</ele><time>2026-05-01T08:17:54.793Z</time><extensions><gpxtpx:TrackPointExtension><gpxtpx:hr>85</gpxtpx:hr></gpxtpx:TrackPointExtension></extensions></trkpt><trkpt lat="60.063908" lon="18.753065"><ele>10.99</ele><time>2026-05-01T08:17:55.799Z</time><extensions><gpxtpx:TrackPointExtension><gpxtpx:hr>85</gpxtpx:hr></gpxtpx:TrackPointExtension></extensions></trkpt><trkpt lat="60.063908" lon="18.753036"><ele>10.915</ele><time>2026-05-01T08:17:56.808Z</time><extensions><gpxtpx:TrackPointExtension><gpxtpx:hr>84</gpxtpx:hr></gpxtpx:TrackPointExtension></extensions></trkpt><trkpt lat="60.063908" lon="18.753004"><ele>10.813</ele><time>2026-05-01T08:17:57.816Z</time><extensions><gpxtpx:TrackPointExtension><gpxtpx:hr>83</gpxtpx:hr></gpxtpx:TrackPointExtension></extensions></trkpt><trkpt lat="60.063908" lon="18.752964"><ele>10.678</ele><time>2026-05-01T08:17:58.825Z</time><extensions><gpxtpx:TrackPointExtension><gpxtpx:hr>83</gpxtpx:hr></gpxtpx:TrackPointExtension></extensions></trkpt><trkpt lat="60.063908" lon="18.752932"><ele>10.588</ele><time>2026-05-01T08:17:59.835Z</time><extensions><gpxtpx:TrackPointExtension><gpxtpx:hr>83</gpxtpx:hr></gpxtpx:TrackPointExtension></extensions></trkpt><trkpt lat="60.063908" lon="18.752895"><ele>10.515</ele><time>2026-05-01T08:18:00.844Z</time><extensions><gpxtpx:TrackPointExtension><gpxtpx:hr>84</gpxtpx:hr></gpxtpx:TrackPointExtension></extensions></trkpt><trkpt lat="60.06391" lon="18.752869"><ele>10.365</ele><time>2026-05-01T08:18:01.853Z</time><extensions><gpxtpx:TrackPointExtension><gpxtpx:hr>84</gpxtpx:hr></gpxtpx:TrackPointExtension></extensions></trkpt><trkpt lat="60.06391" lon="18.752844"><ele>10.253</ele><time>2026-05-01T08:18:02.862Z</time><extensions><gpxtpx:TrackPointExtension><gpxtpx:hr>84</gpxtpx:hr></gpxtpx:TrackPointExtension></extensions></trkpt><trkpt lat="60.06391" lon="18.752821"><ele>10.268</ele><time>2026-05-01T08:18:03.870Z</time><extensions><gpxtpx:TrackPointExtension><gpxtpx:hr>85</gpxtpx:hr></gpxtpx:TrackPointExtension></extensions></trkpt><trkpt lat="60.06391" lon="18.7528"><ele>10.164</ele><time>2026-05-01T08:18:04.879Z</time><extensions><gpxtpx:TrackPointExtension><gpxtpx:hr>85</gpxtpx:hr></gpxtpx:TrackPointExtension></extensions></trkpt><trkpt lat="60.063908" lon="18.752779"><ele>10.141</ele><time>2026-05-01T08:18:05.887Z</time><extensions><gpxtpx:TrackPointExtension><gpxtpx:hr>86</gpxtpx:hr></gpxtpx:TrackPointExtension></extensions></trkpt><trkpt lat="60.063908" lon="18.75276"><ele>10.193</ele><time>2026-05-01T08:18:06.896Z</time><extensions><gpxtpx:TrackPointExtension><gpxtpx:hr>86</gpxtpx:hr></gpxtpx:TrackPointExtension></extensions></trkpt><trkpt lat="60.063904" lon="18.752743"><ele>10.237</ele><time>2026-05-01T08:18:07.905Z</time><extensions><gpxtpx:TrackPointExtension><gpxtpx:hr>86</gpxtpx:hr></gpxtpx:TrackPointExtension></extensions></trkpt><trkpt lat="60.0639" lon="18.75272"><ele>10.443</ele><time>2026-05-01T08:18:08.914Z</time><extensions><gpxtpx:TrackPointExtension><gpxtpx:hr>86</gpxtpx:hr></gpxtpx:TrackPointExtension></extensions></trkpt><trkpt lat="60.063892" lon="18.752695"><ele>10.598</ele><time>2026-05-01T08:18:09.924Z</time><extensions><gpxtpx:TrackPointExtension><gpxtpx:hr>86</gpxtpx:hr></gpxtpx:TrackPointExtension></extensions></trkpt><trkpt lat="60.06388" lon="18.752666"><ele>10.605</ele><time>2026-05-01T08:18:10.932Z</time><extensions><gpxtpx:TrackPointExtension><gpxtpx:hr>87</gpxtpx:hr></gpxtpx:TrackPointExtension></extensions></trkpt><trkpt lat="60.06387" lon="18.75264"><ele>10.588</ele><time>2026-05-01T08:18:11.939Z</time><extensions><gpxtpx:TrackPointExtension><gpxtpx:hr>89</gpxtpx:hr></gpxtpx:TrackPointExtension></extensions></trkpt><trkpt lat="60.063854" lon="18.752611"><ele>10.16</ele><time>2026-05-01T08:18:20.697Z</time><extensions><gpxtpx:TrackPointExtension><gpxtpx:hr>96</gpxtpx:hr></gpxtpx:TrackPointExtension></extensions></trkpt><trkpt lat="60.063843" lon="18.752583"><ele>10.251</ele><time>2026-05-01T08:18:21.699Z</time><extensions><gpxtpx:TrackPointExtension><gpxtpx:hr>96</gpxtpx:hr></gpxtpx:TrackPointExtension></extensions></trkpt><trkpt lat="60.063824" lon="18.752556"><ele>10.416</ele><time>2026-05-01T08:18:22.697Z</time><extensions><gpxtpx:TrackPointExtension><gpxtpx:hr>95</gpxtpx:hr></gpxtpx:TrackPointExtension></extensions></trkpt><trkpt lat="60.063805" lon="18.752531"><ele>10.518</ele><time>2026-05-01T08:18:23.698Z</time><extensions><gpxtpx:TrackPointExtension><gpxtpx:hr>95</gpxtpx:hr></gpxtpx:TrackPointExtension></extensions></trkpt><trkpt lat="60.06379" lon="18.752514"><ele>10.598</ele><time>2026-05-01T08:18:24.698Z</time><extensions><gpxtpx:TrackPointExtension><gpxtpx:hr>94</gpxtpx:hr></gpxtpx:TrackPointExtension></extensions></trkpt><trkpt lat="60.06377" lon="18.752508"><ele>10.664</ele><time>2026-05-01T08:18:25.701Z</time><extensions><gpxtpx:TrackPointExtension><gpxtpx:hr>94</gpxtpx:hr></gpxtpx:TrackPointExtension></extensions></trkpt><trkpt lat="60.063755" lon="18.752504"><ele>10.686</ele><time>2026-05-01T08:18:26.700Z</time><extensions><gpxtpx:TrackPointExtension><gpxtpx:hr>93</gpxtpx:hr></gpxtpx:TrackPointExtension></extensions></trkpt><trkpt lat="60.06374" lon="18.752504"><ele>10.698</ele><time>2026-05-01T08:18:27.702Z</time><extensions><gpxtpx:TrackPointExtension><gpxtpx:hr>93</gpxtpx:hr></gpxtpx:TrackPointExtension></extensions></trkpt><trkpt lat="60.063725" lon="18.752504"><ele>10.754</ele><time>2026-05-01T08:18:28.702Z</time><extensions><gpxtpx:TrackPointExtension><gpxtpx:hr>93</gpxtpx:hr></gpxtpx:TrackPointExtension></extensions></trkpt><trkpt lat="60.06371" lon="18.752504"><ele>10.805</ele><time>2026-05-01T08:18:29.704Z</time><extensions><gpxtpx:TrackPointExtension><gpxtpx:hr>93</gpxtpx:hr></gpxtpx:TrackPointExtension></extensions></trkpt><trkpt lat="60.063698" lon="18.752506"><ele>10.852</ele><time>2026-05-01T08:18:30.704Z</time><extensions><gpxtpx:TrackPointExtension><gpxtpx:hr>93</gpxtpx:hr></gpxtpx:TrackPointExtension></extensions></trkpt><trkpt lat="60.063683" lon="18.752506"><ele>10.847</ele><time>2026-05-01T08:18:31.705Z</time><extensions><gpxtpx:TrackPointExtension><gpxtpx:hr>93</gpxtpx:hr></gpxtpx:TrackPointExtension></extensions></trkpt><trkpt lat="60.06367" lon="18.752502"><ele>10.899</ele><time>2026-05-01T08:18:32.706Z</time><extensions><gpxtpx:TrackPointExtension><gpxtpx:hr>93</gpxtpx:hr></gpxtpx:TrackPointExtension></extensions></trkpt><trkpt lat="60.063656" lon="18.752497"><ele>11.024</ele><time>2026-05-01T08:18:33.707Z</time><extensions><gpxtpx:TrackPointExtension><gpxtpx:hr>93</gpxtpx:hr></gpxtpx:TrackPointExtension></extensions></trkpt><trkpt lat="60.063644" lon="18.752491"><ele>11.082</ele><time>2026-05-01T08:18:34.708Z</time><extensions><gpxtpx:TrackPointExtension><gpxtpx:hr>94</gpxtpx:hr></gpxtpx:TrackPointExtension></extensions></trkpt><trkpt lat="60.06363" lon="18.752483"><ele>11.075</ele><time>2026-05-01T08:18:35.709Z</time></trkpt><trkpt lat="60.063618" lon="18.752476"><ele>11.118</ele><time>2026-05-01T08:18:36.712Z</time><extensions><gpxtpx:TrackPointExtension><gpxtpx:hr>94</gpxtpx:hr></gpxtpx:TrackPointExtension></extensions></trkpt><trkpt lat="60.063606" lon="18.752466"><ele>11.187</ele><time>2026-05-01T08:18:37.721Z</time><extensions><gpxtpx:TrackPointExtension><gpxtpx:hr>93</gpxtpx:hr></gpxtpx:TrackPointExtension></extensions></trkpt><trkpt lat="60.06359" lon="18.752457"><ele>11.298</ele><time>2026-05-01T08:18:38.728Z</time><extensions><gpxtpx:TrackPointExtension><gpxtpx:hr>93</gpxtpx:hr></gpxtpx:TrackPointExtension></extensions></trkpt><trkpt lat="60.06358" lon="18.752447"><ele>11.447</ele><time>2026-05-01T08:18:39.737Z</time><extensions><gpxtpx:TrackPointExtension><gpxtpx:hr>92</gpxtpx:hr></gpxtpx:TrackPointExtension></extensions></trkpt><trkpt lat="60.06357" lon="18.752438"><ele>11.54</ele><time>2026-05-01T08:18:40.745Z</time><extensions><gpxtpx:TrackPointExtension><gpxtpx:hr>92</gpxtpx:hr></gpxtpx:TrackPointExtension></extensions></trkpt><trkpt lat="60.063553" lon="18.752428"><ele>11.597</ele><time>2026-05-01T08:18:41.753Z</time><extensions><gpxtpx:TrackPointExtension><gpxtpx:hr>92</gpxtpx:hr></gpxtpx:TrackPointExtension></extensions></trkpt><trkpt lat="60.063538" lon="18.752419"><ele>11.652</ele><time>2026-05-01T08:18:42.764Z</time><extensions><gpxtpx:TrackPointExtension><gpxtpx:hr>92</gpxtpx:hr></gpxtpx:TrackPointExtension></extensions></trkpt><trkpt lat="60.063526" lon="18.75241"><ele>11.763</ele><time>2026-05-01T08:18:43.771Z</time><extensions><gpxtpx:TrackPointExtension><gpxtpx:hr>93</gpxtpx:hr></gpxtpx:TrackPointExtension></extensions></trkpt><trkpt lat="60.06351" lon="18.752401"><ele>11.824</ele><time>2026-05-01T08:18:44.780Z</time><extensions><gpxtpx:TrackPointExtension><gpxtpx:hr>93</gpxtpx:hr></gpxtpx:TrackPointExtension></extensions></trkpt><trkpt lat="60.0635" lon="18.752396"><ele>11.759</ele><time>2026-05-01T08:18:45.788Z</time><extensions><gpxtpx:TrackPointExtension><gpxtpx:hr>93</gpxtpx:hr></gpxtpx:TrackPointExtension></extensions></trkpt><trkpt lat="60.063484" lon="18.75239"><ele>11.878</ele><time>2026-05-01T08:18:46.798Z</time><extensions><gpxtpx:TrackPointExtension><gpxtpx:hr>93</gpxtpx:hr></gpxtpx:TrackPointExtension></extensions></trkpt><trkpt lat="60.063473" lon="18.752388"><ele>11.968</ele><time>2026-05-01T08:18:47.806Z</time><extensions><gpxtpx:TrackPointExtension><gpxtpx:hr>93</gpxtpx:hr></gpxtpx:TrackPointExtension></extensions></trkpt><trkpt lat="60.06346" lon="18.752388"><ele>11.929</ele><time>2026-05-01T08:18:48.814Z</time><extensions><gpxtpx:TrackPointExtension><gpxtpx:hr>93</gpxtpx:hr></gpxtpx:TrackPointExtension></extensions></trkpt><trkpt lat="60.06345" lon="18.752388"><ele>11.863</ele><time>2026-05-01T08:18:49.822Z</time><extensions><gpxtpx:TrackPointExtension><gpxtpx:hr>94</gpxtpx:hr></gpxtpx:TrackPointExtension></extensions></trkpt><trkpt lat="60.06344" lon="18.75239"><ele>11.854</ele><time>2026-05-01T08:18:50.831Z</time><extensions><gpxtpx:TrackPointExtension><gpxtpx:hr>94</gpxtpx:hr></gpxtpx:TrackPointExtension></extensions></trkpt><trkpt lat="60.063427" lon="18.752396"><ele>11.925</ele><time>2026-05-01T08:18:51.840Z</time><extensions><gpxtpx:TrackPointExtension><gpxtpx:hr>95</gpxtpx:hr></gpxtpx:TrackPointExtension></extensions></trkpt><trkpt lat="60.06341" lon="18.7524"><ele>11.977</ele><time>2026-05-01T08:18:52.849Z</time><extensions><gpxtpx:TrackPointExtension><gpxtpx:hr>96</gpxtpx:hr></gpxtpx:TrackPointExtension></extensions></trkpt><trkpt lat="60.0634" lon="18.752403"><ele>12.132</ele><time>2026-05-01T08:18:53.858Z</time><extensions><gpxtpx:TrackPointExtension><gpxtpx:hr>96</gpxtpx:hr></gpxtpx:TrackPointExtension></extensions></trkpt><trkpt lat="60.06339" lon="18.752405"><ele>12.259</ele><time>2026-05-01T08:18:54.867Z</time><extensions><gpxtpx:TrackPointExtension><gpxtpx:hr>96</gpxtpx:hr></gpxtpx:TrackPointExtension></extensions></trkpt><trkpt lat="60.063374" lon="18.752405"><ele>12.324</ele><time>2026-05-01T08:18:55.876Z</time><extensions><gpxtpx:TrackPointExtension><gpxtpx:hr>95</gpxtpx:hr></gpxtpx:TrackPointExtension></extensions></trkpt><trkpt lat="60.063362" lon="18.752405"><ele>12.369</ele><time>2026-05-01T08:18:56.886Z</time><extensions><gpxtpx:TrackPointExtension><gpxtpx:hr>95</gpxtpx:hr></gpxtpx:TrackPointExtension></extensions></trkpt><trkpt lat="60.06335" lon="18.752405"><ele>12.409</ele><time>2026-05-01T08:18:57.893Z</time><extensions><gpxtpx:TrackPointExtension><gpxtpx:hr>95</gpxtpx:hr></gpxtpx:TrackPointExtension></extensions></trkpt><trkpt lat="60.063335" lon="18.752403"><ele>12.495</ele><time>2026-05-01T08:18:58.904Z</time><extensions><gpxtpx:TrackPointExtension><gpxtpx:hr>95</gpxtpx:hr></gpxtpx:TrackPointExtension></extensions></trkpt><trkpt lat="60.063324" lon="18.752403"><ele>12.538</ele><time>2026-05-01T08:18:59.911Z</time><extensions><gpxtpx:TrackPointExtension><gpxtpx:hr>96</gpxtpx:hr></gpxtpx:TrackPointExtension></extensions></trkpt><trkpt lat="60.063313" lon="18.752401"><ele>12.589</ele><time>2026-05-01T08:19:00.920Z</time><extensions><gpxtpx:TrackPointExtension><gpxtpx:hr>96</gpxtpx:hr></gpxtpx:TrackPointExtension></extensions></trkpt><trkpt lat="60.0633" lon="18.752398"><ele>12.664</ele><time>2026-05-01T08:19:01.929Z</time><extensions><gpxtpx:TrackPointExtension><gpxtpx:hr>96</gpxtpx:hr></gpxtpx:TrackPointExtension></extensions></trkpt><trkpt lat="60.06329" lon="18.752396"><ele>12.661</ele><time>2026-05-01T08:19:02.936Z</time><extensions><gpxtpx:TrackPointExtension><gpxtpx:hr>97</gpxtpx:hr></gpxtpx:TrackPointExtension></extensions></trkpt><trkpt lat="60.06328" lon="18.752392"><ele>12.658</ele><time>2026-05-01T08:19:03.946Z</time><extensions><gpxtpx:TrackPointExtension><gpxtpx:hr>97</gpxtpx:hr></gpxtpx:TrackPointExtension></extensions></trkpt><trkpt lat="60.063267" lon="18.752388"><ele>12.676</ele><time>2026-05-01T08:19:04.953Z</time><extensions><gpxtpx:TrackPointExtension><gpxtpx:hr>97</gpxtpx:hr></gpxtpx:TrackPointExtension></extensions></trkpt><trkpt lat="60.063255" lon="18.752384"><ele>12.761</ele><time>2026-05-01T08:19:05.965Z</time><extensions><gpxtpx:TrackPointExtension><gpxtpx:hr>96</gpxtpx:hr></gpxtpx:TrackPointExtension></extensions></trkpt><trkpt lat="60.06324" lon="18.752382"><ele>12.859</ele><time>2026-05-01T08:19:06.971Z</time><extensions><gpxtpx:TrackPointExtension><gpxtpx:hr>96</gpxtpx:hr></gpxtpx:TrackPointExtension></extensions></trkpt><trkpt lat="60.06323" lon="18.75238"><ele>12.953</ele><time>2026-05-01T08:19:07.983Z</time><extensions><gpxtpx:TrackPointExtension><gpxtpx:hr>95</gpxtpx:hr></gpxtpx:TrackPointExtension></extensions></trkpt><trkpt lat="60.063217" lon="18.752378"><ele>12.997</ele><time>2026-05-01T08:19:08.990Z</time><extensions><gpxtpx:TrackPointExtension><gpxtpx:hr>95</gpxtpx:hr></gpxtpx:TrackPointExtension></extensions></trkpt><trkpt lat="60.063206" lon="18.752378"><ele>13.119</ele><time>2026-05-01T08:19:10Z</time><extensions><gpxtpx:TrackPointExtension><gpxtpx:hr>94</gpxtpx:hr></gpxtpx:TrackPointExtension></extensions></trkpt><trkpt lat="60.06319" lon="18.752377"><ele>13.24</ele><time>2026-05-01T08:19:11.008Z</time></trkpt><trkpt lat="60.06318" lon="18.752375"><ele>13.295</ele><time>2026-05-01T08:19:12.017Z</time><extensions><gpxtpx:TrackPointExtension><gpxtpx:hr>93</gpxtpx:hr></gpxtpx:TrackPointExtension></extensions></trkpt><trkpt lat="60.063168" lon="18.752373"><ele>13.365</ele><time>2026-05-01T08:19:13.025Z</time><extensions><gpxtpx:TrackPointExtension><gpxtpx:hr>93</gpxtpx:hr></gpxtpx:TrackPointExtension></extensions></trkpt><trkpt lat="60.063156" lon="18.75237"><ele>13.381</ele><time>2026-05-01T08:19:14.034Z</time><extensions><gpxtpx:TrackPointExtension><gpxtpx:hr>93</gpxtpx:hr></gpxtpx:TrackPointExtension></extensions></trkpt><trkpt lat="60.063145" lon="18.752369"><ele>13.388</ele><time>2026-05-01T08:19:15.041Z</time><extensions><gpxtpx:TrackPointExtension><gpxtpx:hr>93</gpxtpx:hr></gpxtpx:TrackPointExtension></extensions></trkpt><trkpt lat="60.063133" lon="18.752369"><ele>13.398</ele><time>2026-05-01T08:19:16.050Z</time></trkpt><trkpt lat="60.063126" lon="18.752369"><ele>13.422</ele><time>2026-05-01T08:19:17.059Z</time><extensions><gpxtpx:TrackPointExtension><gpxtpx:hr>92</gpxtpx:hr></gpxtpx:TrackPointExtension></extensions></trkpt><trkpt lat="60.063118" lon="18.752369"><ele>13.419</ele><time>2026-05-01T08:19:18.068Z</time><extensions><gpxtpx:TrackPointExtension><gpxtpx:hr>91</gpxtpx:hr></gpxtpx:TrackPointExtension></extensions></trkpt><trkpt lat="60.063107" lon="18.752369"><ele>13.405</ele><time>2026-05-01T08:19:19.076Z</time><extensions><gpxtpx:TrackPointExtension><gpxtpx:hr>91</gpxtpx:hr></gpxtpx:TrackPointExtension></extensions></trkpt><trkpt lat="60.0631" lon="18.752369"><ele>13.336</ele><time>2026-05-01T08:19:20.085Z</time><extensions><gpxtpx:TrackPointExtension><gpxtpx:hr>91</gpxtpx:hr></gpxtpx:TrackPointExtension></extensions></trkpt><trkpt lat="60.063087" lon="18.752369"><ele>13.356</ele><time>2026-05-01T08:19:21.093Z</time></trkpt><trkpt lat="60.06308" lon="18.752369"><ele>13.37</ele><time>2026-05-01T08:19:22.104Z</time><extensions><gpxtpx:TrackPointExtension><gpxtpx:hr>92</gpxtpx:hr></gpxtpx:TrackPointExtension></extensions></trkpt><trkpt lat="60.063072" lon="18.752369"><ele>13.466</ele><time>2026-05-01T08:19:23.111Z</time><extensions><gpxtpx:TrackPointExtension><gpxtpx:hr>93</gpxtpx:hr></gpxtpx:TrackPointExtension></extensions></trkpt><trkpt lat="60.06306" lon="18.752367"><ele>13.64</ele><time>2026-05-01T08:19:24.120Z</time><extensions><gpxtpx:TrackPointExtension><gpxtpx:hr>93</gpxtpx:hr></gpxtpx:TrackPointExtension></extensions></trkpt><trkpt lat="60.06305" lon="18.752367"><ele>13.718</ele><time>2026-05-01T08:19:25.127Z</time><extensions><gpxtpx:TrackPointExtension><gpxtpx:hr>93</gpxtpx:hr></gpxtpx:TrackPointExtension></extensions></trkpt><trkpt lat="60.06304" lon="18.752363"><ele>13.773</ele><time>2026-05-01T08:19:26.136Z</time></trkpt><trkpt lat="60.06303" lon="18.75236"><ele>13.966</ele><time>2026-05-01T08:19:27.146Z</time><extensions><gpxtpx:TrackPointExtension><gpxtpx:hr>94</gpxtpx:hr></gpxtpx:TrackPointExtension></extensions></trkpt><trkpt lat="60.06302" lon="18.752356"><ele>14.033</ele><time>2026-05-01T08:19:28.153Z</time><extensions><gpxtpx:TrackPointExtension><gpxtpx:hr>95</gpxtpx:hr></gpxtpx:TrackPointExtension></extensions></trkpt><trkpt lat="60.063007" lon="18.75235"><ele>14.06</ele><time>2026-05-01T08:19:29.162Z</time><extensions><gpxtpx:TrackPointExtension><gpxtpx:hr>96</gpxtpx:hr></gpxtpx:TrackPointExtension></extensions></trkpt><trkpt lat="60.062996" lon="18.752344"><ele>14.098</ele><time>2026-05-01T08:19:30.172Z</time><extensions><gpxtpx:TrackPointExtension><gpxtpx:hr>97</gpxtpx:hr></gpxtpx:TrackPointExtension></extensions></trkpt><trkpt lat="60.062984" lon="18.752338"><ele>14.168</ele><time>2026-05-01T08:19:31.179Z</time></trkpt><trkpt lat="60.06297" lon="18.75233"><ele>14.26</ele><time>2026-05-01T08:19:32.188Z</time><extensions><gpxtpx:TrackPointExtension><gpxtpx:hr>100</gpxtpx:hr></gpxtpx:TrackPointExtension></extensions></trkpt><trkpt lat="60.062958" lon="18.752323"><ele>14.316</ele><time>2026-05-01T08:19:33.197Z</time><extensions><gpxtpx:TrackPointExtension><gpxtpx:hr>101</gpxtpx:hr></gpxtpx:TrackPointExtension></extensions></trkpt><trkpt lat="60.062943" lon="18.752316"><ele>14.297</ele><time>2026-05-01T08:19:34.205Z</time><extensions><gpxtpx:TrackPointExtension><gpxtpx:hr>101</gpxtpx:hr></gpxtpx:TrackPointExtension></extensions></trkpt><trkpt lat="60.06293" lon="18.752312"><ele>14.306</ele><time>2026-05-01T08:19:35.215Z</time><extensions><gpxtpx:TrackPointExtension><gpxtpx:hr>102</gpxtpx:hr></gpxtpx:TrackPointExtension></extensions></trkpt><trkpt lat="60.06292" lon="18.75231"><ele>14.349</ele><time>2026-05-01T08:19:36.222Z</time></trkpt><trkpt lat="60.06291" lon="18.75231"><ele>14.433</ele><time>2026-05-01T08:19:37.233Z</time><extensions><gpxtpx:TrackPointExtension><gpxtpx:hr>102</gpxtpx:hr></gpxtpx:TrackPointExtension></extensions></trkpt><trkpt lat="60.0629" lon="18.752312"><ele>14.423</ele><time>2026-05-01T08:19:38.241Z</time><extensions><gpxtpx:TrackPointExtension><gpxtpx:hr>101</gpxtpx:hr></gpxtpx:TrackPointExtension></extensions></trkpt><trkpt lat="60.06289" lon="18.752312"><ele>14.46</ele><time>2026-05-01T08:19:39.249Z</time><extensions><gpxtpx:TrackPointExtension><gpxtpx:hr>101</gpxtpx:hr></gpxtpx:TrackPointExtension></extensions></trkpt><trkpt lat="60.06288" lon="18.752314"><ele>14.481</ele><time>2026-05-01T08:19:40.258Z</time><extensions><gpxtpx:TrackPointExtension><gpxtpx:hr>101</gpxtpx:hr></gpxtpx:TrackPointExtension></extensions></trkpt><trkpt lat="60.062874" lon="18.752316"><ele>14.561</ele><time>2026-05-01T08:19:41.266Z</time></trkpt><trkpt lat="60.062866" lon="18.752317"><ele>14.733</ele><time>2026-05-01T08:19:42.275Z</time><extensions><gpxtpx:TrackPointExtension><gpxtpx:hr>100</gpxtpx:hr></gpxtpx:TrackPointExtension></extensions></trkpt><trkpt lat="60.06286" lon="18.752321"><ele>14.844</ele><time>2026-05-01T08:19:43.283Z</time><extensions><gpxtpx:TrackPointExtension><gpxtpx:hr>99</gpxtpx:hr></gpxtpx:TrackPointExtension></extensions></trkpt><trkpt lat="60.062847" lon="18.752323"><ele>14.91</ele><time>2026-05-01T08:19:44.291Z</time><extensions><gpxtpx:TrackPointExtension><gpxtpx:hr>99</gpxtpx:hr></gpxtpx:TrackPointExtension></extensions></trkpt><trkpt lat="60.06284" lon="18.752325"><ele>15.023</ele><time>2026-05-01T08:19:45.300Z</time></trkpt><trkpt lat="60.062828" lon="18.752329"><ele>15.106</ele><time>2026-05-01T08:19:46.310Z</time><extensions><gpxtpx:TrackPointExtension><gpxtpx:hr>98</gpxtpx:hr></gpxtpx:TrackPointExtension></extensions></trkpt><trkpt lat="60.062817" lon="18.75233"><ele>14.694</ele><time>2026-05-01T08:19:47.319Z</time><extensions><gpxtpx:TrackPointExtension><gpxtpx:hr>98</gpxtpx:hr></gpxtpx:TrackPointExtension></extensions></trkpt><trkpt lat="60.062805" lon="18.75233"><ele>14.497</ele><time>2026-05-01T08:19:48.328Z</time><extensions><gpxtpx:TrackPointExtension><gpxtpx:hr>98</gpxtpx:hr></gpxtpx:TrackPointExtension></extensions></trkpt><trkpt lat="60.06279" lon="18.75233"><ele>14.38</ele><time>2026-05-01T08:19:49.337Z</time><extensions><gpxtpx:TrackPointExtension><gpxtpx:hr>98</gpxtpx:hr></gpxtpx:TrackPointExtension></extensions></trkpt><trkpt lat="60.062775" lon="18.752329"><ele>14.359</ele><time>2026-05-01T08:19:50.347Z</time><extensions><gpxtpx:TrackPointExtension><gpxtpx:hr>97</gpxtpx:hr></gpxtpx:TrackPointExtension></extensions></trkpt><trkpt lat="60.06276" lon="18.752327"><ele>14.526</ele><time>2026-05-01T08:19:51.353Z</time><extensions><gpxtpx:TrackPointExtension><gpxtpx:hr>97</gpxtpx:hr></gpxtpx:TrackPointExtension></extensions></trkpt><trkpt lat="60.062744" lon="18.752323"><ele>14.638</ele><time>2026-05-01T08:19:52.361Z</time><extensions><gpxtpx:TrackPointExtension><gpxtpx:hr>97</gpxtpx:hr></gpxtpx:TrackPointExtension></extensions></trkpt><trkpt lat="60.06273" lon="18.75232"><ele>14.62</ele><time>2026-05-01T08:19:53.369Z</time><extensions><gpxtpx:TrackPointExtension><gpxtpx:hr>98</gpxtpx:hr></gpxtpx:TrackPointExtension></extensions></trkpt><trkpt lat="60.062714" lon="18.752316"><ele>14.581</ele><time>2026-05-01T08:19:54.378Z</time><extensions><gpxtpx:TrackPointExtension><gpxtpx:hr>97</gpxtpx:hr></gpxtpx:TrackPointExtension></extensions></trkpt><trkpt lat="60.0627" lon="18.75231"><ele>14.517</ele><time>2026-05-01T08:19:55.387Z</time><extensions><gpxtpx:TrackPointExtension><gpxtpx:hr>98</gpxtpx:hr></gpxtpx:TrackPointExtension></extensions></trkpt><trkpt lat="60.062683" lon="18.752306"><ele>14.416</ele><time>2026-05-01T08:19:56.396Z</time><extensions><gpxtpx:TrackPointExtension><gpxtpx:hr>98</gpxtpx:hr></gpxtpx:TrackPointExtension></extensions></trkpt><trkpt lat="60.062668" lon="18.7523"><ele>14.442</ele><time>2026-05-01T08:19:57.405Z</time><extensions><gpxtpx:TrackPointExtension><gpxtpx:hr>98</gpxtpx:hr></gpxtpx:TrackPointExtension></extensions></trkpt><trkpt lat="60.062653" lon="18.752295"><ele>14.398</ele><time>2026-05-01T08:19:58.411Z</time><extensions><gpxtpx:TrackPointExtension><gpxtpx:hr>98</gpxtpx:hr></gpxtpx:TrackPointExtension></extensions></trkpt><trkpt lat="60.062637" lon="18.752289"><ele>14.462</ele><time>2026-05-01T08:19:59.420Z</time><extensions><gpxtpx:TrackPointExtension><gpxtpx:hr>98</gpxtpx:hr></gpxtpx:TrackPointExtension></extensions></trkpt><trkpt lat="60.062622" lon="18.752283"><ele>14.474</ele><time>2026-05-01T08:20:00.429Z</time><extensions><gpxtpx:TrackPointExtension><gpxtpx:hr>98</gpxtpx:hr></gpxtpx:TrackPointExtension></extensions></trkpt><trkpt lat="60.06261" lon="18.752275"><ele>14.653</ele><time>2026-05-01T08:20:01.438Z</time><extensions><gpxtpx:TrackPointExtension><gpxtpx:hr>98</gpxtpx:hr></gpxtpx:TrackPointExtension></extensions></trkpt><trkpt lat="60.0626" lon="18.75227"><ele>14.896</ele><time>2026-05-01T08:20:02.447Z</time><extensions><gpxtpx:TrackPointExtension><gpxtpx:hr>98</gpxtpx:hr></gpxtpx:TrackPointExtension></extensions></trkpt><trkpt lat="60.062588" lon="18.752266"><ele>14.884</ele><time>2026-05-01T08:20:03.456Z</time><extensions><gpxtpx:TrackPointExtension><gpxtpx:hr>98</gpxtpx:hr></gpxtpx:TrackPointExtension></extensions></trkpt><trkpt lat="60.062576" lon="18.752262"><ele>14.857</ele><time>2026-05-01T08:20:04.463Z</time><extensions><gpxtpx:TrackPointExtension><gpxtpx:hr>98</gpxtpx:hr></gpxtpx:TrackPointExtension></extensions></trkpt><trkpt lat="60.062565" lon="18.75226"><ele>14.733</ele><time>2026-05-01T08:20:05.470Z</time><extensions><gpxtpx:TrackPointExtension><gpxtpx:hr>98</gpxtpx:hr></gpxtpx:TrackPointExtension></extensions></trkpt><trkpt lat="60.062553" lon="18.752256"><ele>14.653</ele><time>2026-05-01T08:20:06.478Z</time><extensions><gpxtpx:TrackPointExtension><gpxtpx:hr>98</gpxtpx:hr></gpxtpx:TrackPointExtension></extensions></trkpt><trkpt lat="60.062542" lon="18.752256"><ele>14.617</ele><time>2026-05-01T08:20:07.487Z</time><extensions><gpxtpx:TrackPointExtension><gpxtpx:hr>98</gpxtpx:hr></gpxtpx:TrackPointExtension></extensions></trkpt><trkpt lat="60.062534" lon="18.752256"><ele>14.623</ele><time>2026-05-01T08:20:08.496Z</time><extensions><gpxtpx:TrackPointExtension><gpxtpx:hr>99</gpxtpx:hr></gpxtpx:TrackPointExtension></extensions></trkpt><trkpt lat="60.06252" lon="18.752256"><ele>14.53</ele><time>2026-05-01T08:20:09.506Z</time><extensions><gpxtpx:TrackPointExtension><gpxtpx:hr>99</gpxtpx:hr></gpxtpx:TrackPointExtension></extensions></trkpt><trkpt lat="60.062504" lon="18.752254"><ele>14.595</ele><time>2026-05-01T08:20:10.513Z</time><extensions><gpxtpx:TrackPointExtension><gpxtpx:hr>100</gpxtpx:hr></gpxtpx:TrackPointExtension></extensions></trkpt><trkpt lat="60.062485" lon="18.75225"><ele>14.619</ele><time>2026-05-01T08:20:11.521Z</time><extensions><gpxtpx:TrackPointExtension><gpxtpx:hr>99</gpxtpx:hr></gpxtpx:TrackPointExtension></extensions></trkpt><trkpt lat="60.06246" lon="18.752247"><ele>14.616</ele><time>2026-05-01T08:20:12.530Z</time><extensions><gpxtpx:TrackPointExtension><gpxtpx:hr>99</gpxtpx:hr></gpxtpx:TrackPointExtension></extensions></trkpt><trkpt lat="60.062435" lon="18.75224"><ele>14.624</ele><time>2026-05-01T08:20:13.538Z</time><extensions><gpxtpx:TrackPointExtension><gpxtpx:hr>98</gpxtpx:hr></gpxtpx:TrackPointExtension></extensions></trkpt><trkpt lat="60.062412" lon="18.752234"><ele>14.654</ele><time>2026-05-01T08:20:59.705Z</time><extensions><gpxtpx:TrackPointExtension><gpxtpx:hr>96</gpxtpx:hr></gpxtpx:TrackPointExtension></extensions></trkpt><trkpt lat="60.06239" lon="18.752228"><ele>14.665</ele><time>2026-05-01T08:21:00.706Z</time></trkpt><trkpt lat="60.062363" lon="18.75222"><ele>14.695</ele><time>2026-05-01T08:21:01.705Z</time><extensions><gpxtpx:TrackPointExtension><gpxtpx:hr>95</gpxtpx:hr></gpxtpx:TrackPointExtension></extensions></trkpt><trkpt lat="60.062344" lon="18.752214"><ele>14.685</ele><time>2026-05-01T08:21:02.706Z</time><extensions><gpxtpx:TrackPointExtension><gpxtpx:hr>94</gpxtpx:hr></gpxtpx:TrackPointExtension></extensions></trkpt><trkpt lat="60.062325" lon="18.752209"><ele>14.682</ele><time>2026-05-01T08:21:03.705Z</time><extensions><gpxtpx:TrackPointExtension><gpxtpx:hr>93</gpxtpx:hr></gpxtpx:TrackPointExtension></extensions></trkpt><trkpt lat="60.06231" lon="18.752203"><ele>14.584</ele><time>2026-05-01T08:21:04.705Z</time><extensions><gpxtpx:TrackPointExtension><gpxtpx:hr>92</gpxtpx:hr></gpxtpx:TrackPointExtension></extensions></trkpt><trkpt lat="60.062294" lon="18.752197"><ele>14.505</ele><time>2026-05-01T08:21:05.705Z</time><extensions><gpxtpx:TrackPointExtension><gpxtpx:hr>91</gpxtpx:hr></gpxtpx:TrackPointExtension></extensions></trkpt><trkpt lat="60.06228" lon="18.752193"><ele>14.505</ele><time>2026-05-01T08:21:06.705Z</time><extensions><gpxtpx:TrackPointExtension><gpxtpx:hr>90</gpxtpx:hr></gpxtpx:TrackPointExtension></extensions></trkpt><trkpt lat="60.062267" lon="18.75219"><ele>14.533</ele><time>2026-05-01T08:21:07.705Z</time><extensions><gpxtpx:TrackPointExtension><gpxtpx:hr>89</gpxtpx:hr></gpxtpx:TrackPointExtension></extensions></trkpt><trkpt lat="60.062256" lon="18.752186"><ele>14.681</ele><time>2026-05-01T08:21:08.705Z</time><extensions><gpxtpx:TrackPointExtension><gpxtpx:hr>88</gpxtpx:hr></gpxtpx:TrackPointExtension></extensions></trkpt><trkpt lat="60.06224" lon="18.752188"><ele>14.67</ele><time>2026-05-01T08:21:09.706Z</time><extensions><gpxtpx:TrackPointExtension><gpxtpx:hr>87</gpxtpx:hr></gpxtpx:TrackPointExtension></extensions></trkpt><trkpt lat="60.06223" lon="18.75219"><ele>14.606</ele><time>2026-05-01T08:21:10.705Z</time><extensions><gpxtpx:TrackPointExtension><gpxtpx:hr>87</gpxtpx:hr></gpxtpx:TrackPointExtension></extensions></trkpt><trkpt lat="60.062218" lon="18.752195"><ele>14.635</ele><time>2026-05-01T08:21:11.708Z</time><extensions><gpxtpx:TrackPointExtension><gpxtpx:hr>86</gpxtpx:hr></gpxtpx:TrackPointExtension></extensions></trkpt><trkpt lat="60.062206" lon="18.752201"><ele>14.681</ele><time>2026-05-01T08:21:12.705Z</time><extensions><gpxtpx:TrackPointExtension><gpxtpx:hr>86</gpxtpx:hr></gpxtpx:TrackPointExtension></extensions></trkpt><trkpt lat="60.062195" lon="18.752207"><ele>14.624</ele><time>2026-05-01T08:21:13.708Z</time><extensions><gpxtpx:TrackPointExtension><gpxtpx:hr>86</gpxtpx:hr></gpxtpx:TrackPointExtension></extensions></trkpt><trkpt lat="60.062187" lon="18.752214"><ele>14.54</ele><time>2026-05-01T08:21:14.706Z</time></trkpt><trkpt lat="60.062176" lon="18.752218"><ele>14.578</ele><time>2026-05-01T08:21:15.711Z</time><extensions><gpxtpx:TrackPointExtension><gpxtpx:hr>86</gpxtpx:hr></gpxtpx:TrackPointExtension></extensions></trkpt><trkpt lat="60.062164" lon="18.752222"><ele>14.583</ele><time>2026-05-01T08:21:16.719Z</time><extensions><gpxtpx:TrackPointExtension><gpxtpx:hr>85</gpxtpx:hr></gpxtpx:TrackPointExtension></extensions></trkpt><trkpt lat="60.062153" lon="18.752224"><ele>14.501</ele><time>2026-05-01T08:21:17.726Z</time><extensions><gpxtpx:TrackPointExtension><gpxtpx:hr>85</gpxtpx:hr></gpxtpx:TrackPointExtension></extensions></trkpt><trkpt lat="60.06214" lon="18.752226"><ele>14.509</ele><time>2026-05-01T08:21:18.735Z</time><extensions><gpxtpx:TrackPointExtension><gpxtpx:hr>85</gpxtpx:hr></gpxtpx:TrackPointExtension></extensions></trkpt><trkpt lat="60.06213" lon="18.752226"><ele>14.584</ele><time>2026-05-01T08:21:19.743Z</time><extensions><gpxtpx:TrackPointExtension><gpxtpx:hr>85</gpxtpx:hr></gpxtpx:TrackPointExtension></extensions></trkpt><trkpt lat="60.062115" lon="18.752224"><ele>14.66</ele><time>2026-05-01T08:21:20.752Z</time><extensions><gpxtpx:TrackPointExtension><gpxtpx:hr>84</gpxtpx:hr></gpxtpx:TrackPointExtension></extensions></trkpt><trkpt lat="60.062103" lon="18.75222"><ele>14.698</ele><time>2026-05-01T08:21:21.761Z</time><extensions><gpxtpx:TrackPointExtension><gpxtpx:hr>84</gpxtpx:hr></gpxtpx:TrackPointExtension></extensions></trkpt><trkpt lat="60.062088" lon="18.752214"><ele>14.664</ele><time>2026-05-01T08:21:22.771Z</time><extensions><gpxtpx:TrackPointExtension><gpxtpx:hr>84</gpxtpx:hr></gpxtpx:TrackPointExtension></extensions></trkpt><trkpt lat="60.062073" lon="18.752207"><ele>14.638</ele><time>2026-05-01T08:21:23.777Z</time><extensions><gpxtpx:TrackPointExtension><gpxtpx:hr>85</gpxtpx:hr></gpxtpx:TrackPointExtension></extensions></trkpt><trkpt lat="60.062057" lon="18.7522"><ele>14.62</ele><time>2026-05-01T08:21:24.786Z</time><extensions><gpxtpx:TrackPointExtension><gpxtpx:hr>86</gpxtpx:hr></gpxtpx:TrackPointExtension></extensions></trkpt><trkpt lat="60.062042" lon="18.752192"><ele>14.619</ele><time>2026-05-01T08:21:25.795Z</time><extensions><gpxtpx:TrackPointExtension><gpxtpx:hr>86</gpxtpx:hr></gpxtpx:TrackPointExtension></extensions></trkpt><trkpt lat="60.062023" lon="18.752186"><ele>14.561</ele><time>2026-05-01T08:21:26.803Z</time><extensions><gpxtpx:TrackPointExtension><gpxtpx:hr>86</gpxtpx:hr></gpxtpx:TrackPointExtension></extensions></trkpt><trkpt lat="60.062008" lon="18.75218"><ele>14.542</ele><time>2026-05-01T08:21:27.812Z</time><extensions><gpxtpx:TrackPointExtension><gpxtpx:hr>86</gpxtpx:hr></gpxtpx:TrackPointExtension></extensions></trkpt><trkpt lat="60.06199" lon="18.752178"><ele>14.506</ele><time>2026-05-01T08:21:28.821Z</time><extensions><gpxtpx:TrackPointExtension><gpxtpx:hr>85</gpxtpx:hr></gpxtpx:TrackPointExtension></extensions></trkpt><trkpt lat="60.06197" lon="18.752176"><ele>14.504</ele><time>2026-05-01T08:21:29.827Z</time><extensions><gpxtpx:TrackPointExtension><gpxtpx:hr>85</gpxtpx:hr></gpxtpx:TrackPointExtension></extensions></trkpt><trkpt lat="60.06195" lon="18.75218"><ele>14.573</ele><time>2026-05-01T08:21:30.836Z</time><extensions><gpxtpx:TrackPointExtension><gpxtpx:hr>84</gpxtpx:hr></gpxtpx:TrackPointExtension></extensions></trkpt><trkpt lat="60.06193" lon="18.752184"><ele>14.637</ele><time>2026-05-01T08:21:31.844Z</time><extensions><gpxtpx:TrackPointExtension><gpxtpx:hr>84</gpxtpx:hr></gpxtpx:TrackPointExtension></extensions></trkpt><trkpt lat="60.061913" lon="18.752188"><ele>14.527</ele><time>2026-05-01T08:21:32.852Z</time><extensions><gpxtpx:TrackPointExtension><gpxtpx:hr>84</gpxtpx:hr></gpxtpx:TrackPointExtension></extensions></trkpt><trkpt lat="60.061897" lon="18.75219"><ele>14.544</ele><time>2026-05-01T08:21:33.861Z</time><extensions><gpxtpx:TrackPointExtension><gpxtpx:hr>84</gpxtpx:hr></gpxtpx:TrackPointExtension></extensions></trkpt><trkpt lat="60.061882" lon="18.752192"><ele>14.588</ele><time>2026-05-01T08:21:34.871Z</time><extensions><gpxtpx:TrackPointExtension><gpxtpx:hr>85</gpxtpx:hr></gpxtpx:TrackPointExtension></extensions></trkpt><trkpt lat="60.061867" lon="18.752192"><ele>14.594</ele><time>2026-05-01T08:21:35.878Z</time><extensions><gpxtpx:TrackPointExtension><gpxtpx:hr>86</gpxtpx:hr></gpxtpx:TrackPointExtension></extensions></trkpt><trkpt lat="60.06185" lon="18.752192"><ele>14.575</ele><time>2026-05-01T08:21:36.887Z</time><extensions><gpxtpx:TrackPointExtension><gpxtpx:hr>86</gpxtpx:hr></gpxtpx:TrackPointExtension></extensions></trkpt><trkpt lat="60.061836" lon="18.75219"><ele>14.587</ele><time>2026-05-01T08:21:37.896Z</time><extensions><gpxtpx:TrackPointExtension><gpxtpx:hr>87</gpxtpx:hr></gpxtpx:TrackPointExtension></extensions></trkpt><trkpt lat="60.06182" lon="18.752188"><ele>14.758</ele><time>2026-05-01T08:21:38.902Z</time><extensions><gpxtpx:TrackPointExtension><gpxtpx:hr>86</gpxtpx:hr></gpxtpx:TrackPointExtension></extensions></trkpt><trkpt lat="60.061806" lon="18.752188"><ele>14.953</ele><time>2026-05-01T08:21:39.909Z</time><extensions><gpxtpx:TrackPointExtension><gpxtpx:hr>86</gpxtpx:hr></gpxtpx:TrackPointExtension></extensions></trkpt><trkpt lat="60.061794" lon="18.752184"><ele>14.902</ele><time>2026-05-01T08:21:40.916Z</time><extensions><gpxtpx:TrackPointExtension><gpxtpx:hr>86</gpxtpx:hr></gpxtpx:TrackPointExtension></extensions></trkpt><trkpt lat="60.06178" lon="18.75218"><ele>14.769</ele><time>2026-05-01T08:21:41.925Z</time><extensions><gpxtpx:TrackPointExtension><gpxtpx:hr>85</gpxtpx:hr></gpxtpx:TrackPointExtension></extensions></trkpt><trkpt lat="60.061764" lon="18.752178"><ele>14.512</ele><time>2026-05-01T08:21:42.934Z</time><extensions><gpxtpx:TrackPointExtension><gpxtpx:hr>85</gpxtpx:hr></gpxtpx:TrackPointExtension></extensions></trkpt><trkpt lat="60.06175" lon="18.752176"><ele>14.379</ele><time>2026-05-01T08:21:43.944Z</time><extensions><gpxtpx:TrackPointExtension><gpxtpx:hr>85</gpxtpx:hr></gpxtpx:TrackPointExtension></extensions></trkpt><trkpt lat="60.06173" lon="18.752174"><ele>14.354</ele><time>2026-05-01T08:21:44.953Z</time><extensions><gpxtpx:TrackPointExtension><gpxtpx:hr>86</gpxtpx:hr></gpxtpx:TrackPointExtension></extensions></trkpt><trkpt lat="60.061714" lon="18.752172"><ele>14.304</ele><time>2026-05-01T08:21:45.962Z</time><extensions><gpxtpx:TrackPointExtension><gpxtpx:hr>86</gpxtpx:hr></gpxtpx:TrackPointExtension></extensions></trkpt><trkpt lat="60.061695" lon="18.752169"><ele>14.341</ele><time>2026-05-01T08:21:46.970Z</time><extensions><gpxtpx:TrackPointExtension><gpxtpx:hr>86</gpxtpx:hr></gpxtpx:TrackPointExtension></extensions></trkpt><trkpt lat="60.06168" lon="18.752167"><ele>14.347</ele><time>2026-05-01T08:21:47.979Z</time><extensions><gpxtpx:TrackPointExtension><gpxtpx:hr>86</gpxtpx:hr></gpxtpx:TrackPointExtension></extensions></trkpt><trkpt lat="60.06166" lon="18.752165"><ele>14.377</ele><time>2026-05-01T08:21:48.987Z</time><extensions><gpxtpx:TrackPointExtension><gpxtpx:hr>85</gpxtpx:hr></gpxtpx:TrackPointExtension></extensions></trkpt><trkpt lat="60.061646" lon="18.752161"><ele>14.293</ele><time>2026-05-01T08:21:49.995Z</time><extensions><gpxtpx:TrackPointExtension><gpxtpx:hr>85</gpxtpx:hr></gpxtpx:TrackPointExtension></extensions></trkpt><trkpt lat="60.061626" lon="18.75216"><ele>14.234</ele><time>2026-05-01T08:21:51.003Z</time></trkpt><trkpt lat="60.06161" lon="18.752157"><ele>14.278</ele><time>2026-05-01T08:21:52.012Z</time><extensions><gpxtpx:TrackPointExtension><gpxtpx:hr>83</gpxtpx:hr></gpxtpx:TrackPointExtension></extensions></trkpt><trkpt lat="60.061592" lon="18.752153"><ele>14.173</ele><time>2026-05-01T08:21:53.019Z</time><extensions><gpxtpx:TrackPointExtension><gpxtpx:hr>83</gpxtpx:hr></gpxtpx:TrackPointExtension></extensions></trkpt><trkpt lat="60.061577" lon="18.75215"><ele>14.13</ele><time>2026-05-01T08:21:54.030Z</time><extensions><gpxtpx:TrackPointExtension><gpxtpx:hr>83</gpxtpx:hr></gpxtpx:TrackPointExtension></extensions></trkpt><trkpt lat="60.061558" lon="18.752148"><ele>14.109</ele><time>2026-05-01T08:21:55.037Z</time><extensions><gpxtpx:TrackPointExtension><gpxtpx:hr>83</gpxtpx:hr></gpxtpx:TrackPointExtension></extensions></trkpt><trkpt lat="60.061543" lon="18.752146"><ele>14.15</ele><time>2026-05-01T08:21:56.046Z</time><extensions><gpxtpx:TrackPointExtension><gpxtpx:hr>84</gpxtpx:hr></gpxtpx:TrackPointExtension></extensions></trkpt><trkpt lat="60.061523" lon="18.752142"><ele>14.176</ele><time>2026-05-01T08:21:57.056Z</time><extensions><gpxtpx:TrackPointExtension><gpxtpx:hr>84</gpxtpx:hr></gpxtpx:TrackPointExtension></extensions></trkpt><trkpt lat="60.061504" lon="18.752138"><ele>14.207</ele><time>2026-05-01T08:21:58.066Z</time><extensions><gpxtpx:TrackPointExtension><gpxtpx:hr>84</gpxtpx:hr></gpxtpx:TrackPointExtension></extensions></trkpt><trkpt lat="60.061485" lon="18.752134"><ele>14.219</ele><time>2026-05-01T08:21:59.074Z</time><extensions><gpxtpx:TrackPointExtension><gpxtpx:hr>84</gpxtpx:hr></gpxtpx:TrackPointExtension></extensions></trkpt><trkpt lat="60.061466" lon="18.752132"><ele>14.193</ele><time>2026-05-01T08:22:00.082Z</time><extensions><gpxtpx:TrackPointExtension><gpxtpx:hr>84</gpxtpx:hr></gpxtpx:TrackPointExtension></extensions></trkpt><trkpt lat="60.061447" lon="18.75213"><ele>14.273</ele><time>2026-05-01T08:22:01.091Z</time><extensions><gpxtpx:TrackPointExtension><gpxtpx:hr>84</gpxtpx:hr></gpxtpx:TrackPointExtension></extensions></trkpt><trkpt lat="60.06143" lon="18.752129"><ele>14.172</ele><time>2026-05-01T08:22:02.100Z</time><extensions><gpxtpx:TrackPointExtension><gpxtpx:hr>85</gpxtpx:hr></gpxtpx:TrackPointExtension></extensions></trkpt><trkpt lat="60.061413" lon="18.752125"><ele>14.155</ele><time>2026-05-01T08:22:03.107Z</time><extensions><gpxtpx:TrackPointExtension><gpxtpx:hr>85</gpxtpx:hr></gpxtpx:TrackPointExtension></extensions></trkpt><trkpt lat="60.061394" lon="18.752121"><ele>14.092</ele><time>2026-05-01T08:22:04.116Z</time><extensions><gpxtpx:TrackPointExtension><gpxtpx:hr>86</gpxtpx:hr></gpxtpx:TrackPointExtension></extensions></trkpt><trkpt lat="60.061375" lon="18.752115"><ele>14.055</ele><time>2026-05-01T08:22:05.127Z</time><extensions><gpxtpx:TrackPointExtension><gpxtpx:hr>86</gpxtpx:hr></gpxtpx:TrackPointExtension></extensions></trkpt><trkpt lat="60.06135" lon="18.75211"><ele>13.825</ele><time>2026-05-01T08:22:06.135Z</time><extensions><gpxtpx:TrackPointExtension><gpxtpx:hr>86</gpxtpx:hr></gpxtpx:TrackPointExtension></extensions></trkpt><trkpt lat="60.061325" lon="18.752104"><ele>13.732</ele><time>2026-05-01T08:22:07.145Z</time><extensions><gpxtpx:TrackPointExtension><gpxtpx:hr>85</gpxtpx:hr></gpxtpx:TrackPointExtension></extensions></trkpt><trkpt lat="60.061295" lon="18.752096"><ele>13.698</ele><time>2026-05-01T08:22:08.153Z</time><extensions><gpxtpx:TrackPointExtension><gpxtpx:hr>85</gpxtpx:hr></gpxtpx:TrackPointExtension></extensions></trkpt><trkpt lat="60.061268" lon="18.75209"><ele>13.782</ele><time>2026-05-01T08:22:09.162Z</time><extensions><gpxtpx:TrackPointExtension><gpxtpx:hr>84</gpxtpx:hr></gpxtpx:TrackPointExtension></extensions></trkpt><trkpt lat="60.06124" lon="18.752083"><ele>13.824</ele><time>2026-05-01T08:22:10.171Z</time><extensions><gpxtpx:TrackPointExtension><gpxtpx:hr>84</gpxtpx:hr></gpxtpx:TrackPointExtension></extensions></trkpt><trkpt lat="60.06121" lon="18.752077"><ele>13.609</ele><time>2026-05-01T08:23:08.687Z</time><extensions><gpxtpx:TrackPointExtension><gpxtpx:hr>88</gpxtpx:hr></gpxtpx:TrackPointExtension></extensions></trkpt><trkpt lat="60.061184" lon="18.75207"><ele>13.737</ele><time>2026-05-01T08:23:09.686Z</time><extensions><gpxtpx:TrackPointExtension><gpxtpx:hr>87</gpxtpx:hr></gpxtpx:TrackPointExtension></extensions></trkpt><trkpt lat="60.061153" lon="18.752064"><ele>13.759</ele><time>2026-05-01T08:23:10.686Z</time><extensions><gpxtpx:TrackPointExtension><gpxtpx:hr>87</gpxtpx:hr></gpxtpx:TrackPointExtension></extensions></trkpt><trkpt lat="60.06113" lon="18.752058"><ele>13.828</ele><time>2026-05-01T08:23:11.687Z</time><extensions><gpxtpx:TrackPointExtension><gpxtpx:hr>87</gpxtpx:hr></gpxtpx:TrackPointExtension></extensions></trkpt><trkpt lat="60.061104" lon="18.752052"><ele>14.193</ele><time>2026-05-01T08:23:12.686Z</time><extensions><gpxtpx:TrackPointExtension><gpxtpx:hr>88</gpxtpx:hr></gpxtpx:TrackPointExtension></extensions></trkpt><trkpt lat="60.061077" lon="18.752047"><ele>14.143</ele><time>2026-05-01T08:23:13.688Z</time><extensions><gpxtpx:TrackPointExtension><gpxtpx:hr>88</gpxtpx:hr></gpxtpx:TrackPointExtension></extensions></trkpt><trkpt lat="60.061054" lon="18.752043"><ele>14.169</ele><time>2026-05-01T08:23:14.688Z</time><extensions><gpxtpx:TrackPointExtension><gpxtpx:hr>88</gpxtpx:hr></gpxtpx:TrackPointExtension></extensions></trkpt><trkpt lat="60.06104" lon="18.752039"><ele>14.181</ele><time>2026-05-01T08:23:15.688Z</time><extensions><gpxtpx:TrackPointExtension><gpxtpx:hr>88</gpxtpx:hr></gpxtpx:TrackPointExtension></extensions></trkpt><trkpt lat="60.061028" lon="18.752037"><ele>14.267</ele><time>2026-05-01T08:23:16.691Z</time><extensions><gpxtpx:TrackPointExtension><gpxtpx:hr>88</gpxtpx:hr></gpxtpx:TrackPointExtension></extensions></trkpt><trkpt lat="60.061012" lon="18.752033"><ele>14.094</ele><time>2026-05-01T08:23:17.689Z</time><extensions><gpxtpx:TrackPointExtension><gpxtpx:hr>88</gpxtpx:hr></gpxtpx:TrackPointExtension></extensions></trkpt><trkpt lat="60.061" lon="18.752031"><ele>14.018</ele><time>2026-05-01T08:23:18.690Z</time><extensions><gpxtpx:TrackPointExtension><gpxtpx:hr>88</gpxtpx:hr></gpxtpx:TrackPointExtension></extensions></trkpt><trkpt lat="60.06099" lon="18.752031"><ele>14.084</ele><time>2026-05-01T08:23:19.690Z</time><extensions><gpxtpx:TrackPointExtension><gpxtpx:hr>88</gpxtpx:hr></gpxtpx:TrackPointExtension></extensions></trkpt><trkpt lat="60.060978" lon="18.75203"><ele>14.207</ele><time>2026-05-01T08:23:20.690Z</time><extensions><gpxtpx:TrackPointExtension><gpxtpx:hr>89</gpxtpx:hr></gpxtpx:TrackPointExtension></extensions></trkpt><trkpt lat="60.060963" lon="18.752028"><ele>14.349</ele><time>2026-05-01T08:23:21.692Z</time><extensions><gpxtpx:TrackPointExtension><gpxtpx:hr>89</gpxtpx:hr></gpxtpx:TrackPointExtension></extensions></trkpt><trkpt lat="60.06095" lon="18.752028"><ele>14.381</ele><time>2026-05-01T08:23:22.692Z</time><extensions><gpxtpx:TrackPointExtension><gpxtpx:hr>89</gpxtpx:hr></gpxtpx:TrackPointExtension></extensions></trkpt><trkpt lat="60.060936" lon="18.752026"><ele>14.338</ele><time>2026-05-01T08:23:23.691Z</time><extensions><gpxtpx:TrackPointExtension><gpxtpx:hr>89</gpxtpx:hr></gpxtpx:TrackPointExtension></extensions></trkpt><trkpt lat="60.060917" lon="18.752024"><ele>14.316</ele><time>2026-05-01T08:23:24.696Z</time><extensions><gpxtpx:TrackPointExtension><gpxtpx:hr>89</gpxtpx:hr></gpxtpx:TrackPointExtension></extensions></trkpt><trkpt lat="60.0609" lon="18.752022"><ele>14.373</ele><time>2026-05-01T08:23:25.704Z</time><extensions><gpxtpx:TrackPointExtension><gpxtpx:hr>89</gpxtpx:hr></gpxtpx:TrackPointExtension></extensions></trkpt><trkpt lat="60.060886" lon="18.752018"><ele>14.363</ele><time>2026-05-01T08:23:26.714Z</time><extensions><gpxtpx:TrackPointExtension><gpxtpx:hr>89</gpxtpx:hr></gpxtpx:TrackPointExtension></extensions></trkpt><trkpt lat="60.060867" lon="18.752014"><ele>14.387</ele><time>2026-05-01T08:23:27.723Z</time><extensions><gpxtpx:TrackPointExtension><gpxtpx:hr>89</gpxtpx:hr></gpxtpx:TrackPointExtension></extensions></trkpt><trkpt lat="60.060852" lon="18.752008"><ele>14.368</ele><time>2026-05-01T08:23:28.730Z</time><extensions><gpxtpx:TrackPointExtension><gpxtpx:hr>89</gpxtpx:hr></gpxtpx:TrackPointExtension></extensions></trkpt><trkpt lat="60.060837" lon="18.752003"><ele>14.349</ele><time>2026-05-01T08:23:29.738Z</time><extensions><gpxtpx:TrackPointExtension><gpxtpx:hr>89</gpxtpx:hr></gpxtpx:TrackPointExtension></extensions></trkpt><trkpt lat="60.06082" lon="18.751999"><ele>14.222</ele><time>2026-05-01T08:23:30.747Z</time><extensions><gpxtpx:TrackPointExtension><gpxtpx:hr>89</gpxtpx:hr></gpxtpx:TrackPointExtension></extensions></trkpt><trkpt lat="60.06081" lon="18.751997"><ele>14.114</ele><time>2026-05-01T08:23:31.757Z</time><extensions><gpxtpx:TrackPointExtension><gpxtpx:hr>89</gpxtpx:hr></gpxtpx:TrackPointExtension></extensions></trkpt><trkpt lat="60.06079" lon="18.751995"><ele>14.074</ele><time>2026-05-01T08:23:32.766Z</time><extensions><gpxtpx:TrackPointExtension><gpxtpx:hr>88</gpxtpx:hr></gpxtpx:TrackPointExtension></extensions></trkpt><trkpt lat="60.060776" lon="18.751993"><ele>13.942</ele><time>2026-05-01T08:23:33.775Z</time><extensions><gpxtpx:TrackPointExtension><gpxtpx:hr>89</gpxtpx:hr></gpxtpx:TrackPointExtension></extensions></trkpt><trkpt lat="60.06076" lon="18.751993"><ele>13.976</ele><time>2026-05-01T08:23:34.784Z</time><extensions><gpxtpx:TrackPointExtension><gpxtpx:hr>89</gpxtpx:hr></gpxtpx:TrackPointExtension></extensions></trkpt><trkpt lat="60.060745" lon="18.751995"><ele>14.022</ele><time>2026-05-01T08:23:35.793Z</time><extensions><gpxtpx:TrackPointExtension><gpxtpx:hr>89</gpxtpx:hr></gpxtpx:TrackPointExtension></extensions></trkpt><trkpt lat="60.06073" lon="18.751993"><ele>13.846</ele><time>2026-05-01T08:23:36.800Z</time><extensions><gpxtpx:TrackPointExtension><gpxtpx:hr>89</gpxtpx:hr></gpxtpx:TrackPointExtension></extensions></trkpt><trkpt lat="60.06071" lon="18.751991"><ele>13.795</ele><time>2026-05-01T08:23:37.808Z</time><extensions><gpxtpx:TrackPointExtension><gpxtpx:hr>90</gpxtpx:hr></gpxtpx:TrackPointExtension></extensions></trkpt><trkpt lat="60.060696" lon="18.75199"><ele>13.83</ele><time>2026-05-01T08:23:38.816Z</time><extensions><gpxtpx:TrackPointExtension><gpxtpx:hr>90</gpxtpx:hr></gpxtpx:TrackPointExtension></extensions></trkpt><trkpt lat="60.060677" lon="18.751984"><ele>13.833</ele><time>2026-05-01T08:23:39.825Z</time><extensions><gpxtpx:TrackPointExtension><gpxtpx:hr>89</gpxtpx:hr></gpxtpx:TrackPointExtension></extensions></trkpt><trkpt lat="60.060658" lon="18.751976"><ele>14.052</ele><time>2026-05-01T08:23:40.833Z</time><extensions><gpxtpx:TrackPointExtension><gpxtpx:hr>89</gpxtpx:hr></gpxtpx:TrackPointExtension></extensions></trkpt><trkpt lat="60.060642" lon="18.751966"><ele>14.296</ele><time>2026-05-01T08:23:41.843Z</time><extensions><gpxtpx:TrackPointExtension><gpxtpx:hr>89</gpxtpx:hr></gpxtpx:TrackPointExtension></extensions></trkpt><trkpt lat="60.060623" lon="18.751959"><ele>14.261</ele><time>2026-05-01T08:23:42.853Z</time><extensions><gpxtpx:TrackPointExtension><gpxtpx:hr>90</gpxtpx:hr></gpxtpx:TrackPointExtension></extensions></trkpt><trkpt lat="60.060608" lon="18.751951"><ele>14.259</ele><time>2026-05-01T08:23:43.863Z</time><extensions><gpxtpx:TrackPointExtension><gpxtpx:hr>90</gpxtpx:hr></gpxtpx:TrackPointExtension></extensions></trkpt><trkpt lat="60.060596" lon="18.751944"><ele>14.429</ele><time>2026-05-01T08:23:44.866Z</time><extensions><gpxtpx:TrackPointExtension><gpxtpx:hr>91</gpxtpx:hr></gpxtpx:TrackPointExtension></extensions></trkpt><trkpt lat="60.06058" lon="18.751938"><ele>14.305</ele><time>2026-05-01T08:23:45.867Z</time><extensions><gpxtpx:TrackPointExtension><gpxtpx:hr>91</gpxtpx:hr></gpxtpx:TrackPointExtension></extensions></trkpt><trkpt lat="60.060566" lon="18.751934"><ele>14.245</ele><time>2026-05-01T08:23:46.872Z</time><extensions><gpxtpx:TrackPointExtension><gpxtpx:hr>92</gpxtpx:hr></gpxtpx:TrackPointExtension></extensions></trkpt><trkpt lat="60.060555" lon="18.75193"><ele>14.224</ele><time>2026-05-01T08:23:47.883Z</time><extensions><gpxtpx:TrackPointExtension><gpxtpx:hr>93</gpxtpx:hr></gpxtpx:TrackPointExtension></extensions></trkpt><trkpt lat="60.06054" lon="18.751925"><ele>14.429</ele><time>2026-05-01T08:23:48.892Z</time><extensions><gpxtpx:TrackPointExtension><gpxtpx:hr>94</gpxtpx:hr></gpxtpx:TrackPointExtension></extensions></trkpt><trkpt lat="60.060528" lon="18.75192"><ele>14.474</ele><time>2026-05-01T08:23:49.899Z</time><extensions><gpxtpx:TrackPointExtension><gpxtpx:hr>95</gpxtpx:hr></gpxtpx:TrackPointExtension></extensions></trkpt><trkpt lat="60.060516" lon="18.751917"><ele>14.531</ele><time>2026-05-01T08:23:50.909Z</time><extensions><gpxtpx:TrackPointExtension><gpxtpx:hr>95</gpxtpx:hr></gpxtpx:TrackPointExtension></extensions></trkpt><trkpt lat="60.060505" lon="18.751913"><ele>14.755</ele><time>2026-05-01T08:23:51.917Z</time><extensions><gpxtpx:TrackPointExtension><gpxtpx:hr>94</gpxtpx:hr></gpxtpx:TrackPointExtension></extensions></trkpt><trkpt lat="60.060497" lon="18.75191"><ele>14.867</ele><time>2026-05-01T08:23:52.926Z</time><extensions><gpxtpx:TrackPointExtension><gpxtpx:hr>93</gpxtpx:hr></gpxtpx:TrackPointExtension></extensions></trkpt><trkpt lat="60.06049" lon="18.751907"><ele>14.602</ele><time>2026-05-01T08:23:53.935Z</time><extensions><gpxtpx:TrackPointExtension><gpxtpx:hr>92</gpxtpx:hr></gpxtpx:TrackPointExtension></extensions></trkpt><trkpt lat="60.060482" lon="18.751904"><ele>14.458</ele><time>2026-05-01T08:23:54.943Z</time><extensions><gpxtpx:TrackPointExtension><gpxtpx:hr>91</gpxtpx:hr></gpxtpx:TrackPointExtension></extensions></trkpt><trkpt lat="60.060474" lon="18.7519"><ele>14.538</ele><time>2026-05-01T08:23:55.951Z</time><extensions><gpxtpx:TrackPointExtension><gpxtpx:hr>91</gpxtpx:hr></gpxtpx:TrackPointExtension></extensions></trkpt><trkpt lat="60.060467" lon="18.751898"><ele>14.633</ele><time>2026-05-01T08:23:56.957Z</time><extensions><gpxtpx:TrackPointExtension><gpxtpx:hr>90</gpxtpx:hr></gpxtpx:TrackPointExtension></extensions></trkpt><trkpt lat="60.060455" lon="18.751894"><ele>14.424</ele><time>2026-05-01T08:23:57.966Z</time><extensions><gpxtpx:TrackPointExtension><gpxtpx:hr>90</gpxtpx:hr></gpxtpx:TrackPointExtension></extensions></trkpt><trkpt lat="60.060448" lon="18.75189"><ele>14.238</ele><time>2026-05-01T08:23:58.975Z</time><extensions><gpxtpx:TrackPointExtension><gpxtpx:hr>90</gpxtpx:hr></gpxtpx:TrackPointExtension></extensions></trkpt><trkpt lat="60.060436" lon="18.751888"><ele>14.062</ele><time>2026-05-01T08:23:59.985Z</time><extensions><gpxtpx:TrackPointExtension><gpxtpx:hr>90</gpxtpx:hr></gpxtpx:TrackPointExtension></extensions></trkpt><trkpt lat="60.06042" lon="18.751884"><ele>13.83</ele><time>2026-05-01T08:24:00.995Z</time><extensions><gpxtpx:TrackPointExtension><gpxtpx:hr>91</gpxtpx:hr></gpxtpx:TrackPointExtension></extensions></trkpt><trkpt lat="60.06041" lon="18.751879"><ele>13.85</ele><time>2026-05-01T08:24:02.003Z</time><extensions><gpxtpx:TrackPointExtension><gpxtpx:hr>89</gpxtpx:hr></gpxtpx:TrackPointExtension></extensions></trkpt><trkpt lat="60.060394" lon="18.751873"><ele>13.851</ele><time>2026-05-01T08:24:03.012Z</time></trkpt><trkpt lat="60.060383" lon="18.751865"><ele>13.8</ele><time>2026-05-01T08:24:04.020Z</time><extensions><gpxtpx:TrackPointExtension><gpxtpx:hr>88</gpxtpx:hr></gpxtpx:TrackPointExtension></extensions></trkpt><trkpt lat="60.060368" lon="18.751858"><ele>13.761</ele><time>2026-05-01T08:24:05.028Z</time><extensions><gpxtpx:TrackPointExtension><gpxtpx:hr>88</gpxtpx:hr></gpxtpx:TrackPointExtension></extensions></trkpt><trkpt lat="60.060356" lon="18.75185"><ele>13.689</ele><time>2026-05-01T08:24:06.037Z</time><extensions><gpxtpx:TrackPointExtension><gpxtpx:hr>89</gpxtpx:hr></gpxtpx:TrackPointExtension></extensions></trkpt><trkpt lat="60.060345" lon="18.751839"><ele>13.687</ele><time>2026-05-01T08:24:07.045Z</time><extensions><gpxtpx:TrackPointExtension><gpxtpx:hr>89</gpxtpx:hr></gpxtpx:TrackPointExtension></extensions></trkpt><trkpt lat="60.060333" lon="18.751822"><ele>13.802</ele><time>2026-05-01T08:24:08.052Z</time></trkpt><trkpt lat="60.060314" lon="18.751799"><ele>13.933</ele><time>2026-05-01T08:24:09.060Z</time><extensions><gpxtpx:TrackPointExtension><gpxtpx:hr>89</gpxtpx:hr></gpxtpx:TrackPointExtension></extensions></trkpt><trkpt lat="60.06029" lon="18.751768"><ele>14.088</ele><time>2026-05-01T08:24:10.070Z</time><extensions><gpxtpx:TrackPointExtension><gpxtpx:hr>89</gpxtpx:hr></gpxtpx:TrackPointExtension></extensions></trkpt><trkpt lat="60.06027" lon="18.751734"><ele>14.118</ele><time>2026-05-01T08:24:11.078Z</time><extensions><gpxtpx:TrackPointExtension><gpxtpx:hr>89</gpxtpx:hr></gpxtpx:TrackPointExtension></extensions></trkpt><trkpt lat="60.06024" lon="18.751696"><ele>14.14</ele><time>2026-05-01T08:24:12.087Z</time></trkpt><trkpt lat="60.060215" lon="18.751657"><ele>14.788</ele><time>2026-05-01T08:24:56.871Z</time><extensions><gpxtpx:TrackPointExtension><gpxtpx:hr>94</gpxtpx:hr></gpxtpx:TrackPointExtension></extensions></trkpt><trkpt lat="60.06019" lon="18.751616"><ele>14.751</ele><time>2026-05-01T08:24:57.871Z</time><extensions><gpxtpx:TrackPointExtension><gpxtpx:hr>93</gpxtpx:hr></gpxtpx:TrackPointExtension></extensions></trkpt><trkpt lat="60.060165" lon="18.751572"><ele>14.494</ele><time>2026-05-01T08:24:58.871Z</time><extensions><gpxtpx:TrackPointExtension><gpxtpx:hr>93</gpxtpx:hr></gpxtpx:TrackPointExtension></extensions></trkpt><trkpt lat="60.06014" lon="18.751528"><ele>14.478</ele><time>2026-05-01T08:24:59.872Z</time><extensions><gpxtpx:TrackPointExtension><gpxtpx:hr>92</gpxtpx:hr></gpxtpx:TrackPointExtension></extensions></trkpt><trkpt lat="60.06012" lon="18.75149"><ele>14.698</ele><time>2026-05-01T08:25:00.872Z</time><extensions><gpxtpx:TrackPointExtension><gpxtpx:hr>91</gpxtpx:hr></gpxtpx:TrackPointExtension></extensions></trkpt><trkpt lat="60.06011" lon="18.751455"><ele>14.67</ele><time>2026-05-01T08:25:01.874Z</time><extensions><gpxtpx:TrackPointExtension><gpxtpx:hr>91</gpxtpx:hr></gpxtpx:TrackPointExtension></extensions></trkpt><trkpt lat="60.060093" lon="18.751425"><ele>14.651</ele><time>2026-05-01T08:25:02.875Z</time><extensions><gpxtpx:TrackPointExtension><gpxtpx:hr>91</gpxtpx:hr></gpxtpx:TrackPointExtension></extensions></trkpt><trkpt lat="60.06008" lon="18.751398"><ele>14.79</ele><time>2026-05-01T08:25:03.875Z</time><extensions><gpxtpx:TrackPointExtension><gpxtpx:hr>92</gpxtpx:hr></gpxtpx:TrackPointExtension></extensions></trkpt><trkpt lat="60.060066" lon="18.751375"><ele>14.979</ele><time>2026-05-01T08:25:04.878Z</time><extensions><gpxtpx:TrackPointExtension><gpxtpx:hr>91</gpxtpx:hr></gpxtpx:TrackPointExtension></extensions></trkpt><trkpt lat="60.06005" lon="18.751352"><ele>14.997</ele><time>2026-05-01T08:25:05.875Z</time><extensions><gpxtpx:TrackPointExtension><gpxtpx:hr>91</gpxtpx:hr></gpxtpx:TrackPointExtension></extensions></trkpt><trkpt lat="60.060036" lon="18.75133"><ele>14.923</ele><time>2026-05-01T08:25:06.877Z</time><extensions><gpxtpx:TrackPointExtension><gpxtpx:hr>91</gpxtpx:hr></gpxtpx:TrackPointExtension></extensions></trkpt><trkpt lat="60.060024" lon="18.751307"><ele>14.943</ele><time>2026-05-01T08:25:07.876Z</time><extensions><gpxtpx:TrackPointExtension><gpxtpx:hr>91</gpxtpx:hr></gpxtpx:TrackPointExtension></extensions></trkpt><trkpt lat="60.060013" lon="18.751286"><ele>15.007</ele><time>2026-05-01T08:25:08.876Z</time><extensions><gpxtpx:TrackPointExtension><gpxtpx:hr>91</gpxtpx:hr></gpxtpx:TrackPointExtension></extensions></trkpt><trkpt lat="60.060005" lon="18.751263"><ele>15.048</ele><time>2026-05-01T08:25:09.876Z</time><extensions><gpxtpx:TrackPointExtension><gpxtpx:hr>91</gpxtpx:hr></gpxtpx:TrackPointExtension></extensions></trkpt><trkpt lat="60.059998" lon="18.751242"><ele>15.174</ele><time>2026-05-01T08:25:10.876Z</time><extensions><gpxtpx:TrackPointExtension><gpxtpx:hr>91</gpxtpx:hr></gpxtpx:TrackPointExtension></extensions></trkpt><trkpt lat="60.05999" lon="18.751219"><ele>15.306</ele><time>2026-05-01T08:25:11.879Z</time></trkpt><trkpt lat="60.059982" lon="18.751196"><ele>15.409</ele><time>2026-05-01T08:25:12.882Z</time><extensions><gpxtpx:TrackPointExtension><gpxtpx:hr>91</gpxtpx:hr></gpxtpx:TrackPointExtension></extensions></trkpt><trkpt lat="60.059975" lon="18.751173"><ele>15.446</ele><time>2026-05-01T08:25:13.890Z</time><extensions><gpxtpx:TrackPointExtension><gpxtpx:hr>90</gpxtpx:hr></gpxtpx:TrackPointExtension></extensions></trkpt><trkpt lat="60.059967" lon="18.751148"><ele>15.516</ele><time>2026-05-01T08:25:14.897Z</time><extensions><gpxtpx:TrackPointExtension><gpxtpx:hr>90</gpxtpx:hr></gpxtpx:TrackPointExtension></extensions></trkpt><trkpt lat="60.05996" lon="18.751123"><ele>15.563</ele><time>2026-05-01T08:25:15.905Z</time><extensions><gpxtpx:TrackPointExtension><gpxtpx:hr>90</gpxtpx:hr></gpxtpx:TrackPointExtension></extensions></trkpt><trkpt lat="60.05995" lon="18.751097"><ele>15.557</ele><time>2026-05-01T08:25:16.915Z</time><extensions><gpxtpx:TrackPointExtension><gpxtpx:hr>90</gpxtpx:hr></gpxtpx:TrackPointExtension></extensions></trkpt><trkpt lat="60.059944" lon="18.751068"><ele>15.56</ele><time>2026-05-01T08:25:17.922Z</time><extensions><gpxtpx:TrackPointExtension><gpxtpx:hr>91</gpxtpx:hr></gpxtpx:TrackPointExtension></extensions></trkpt><trkpt lat="60.059933" lon="18.75104"><ele>15.603</ele><time>2026-05-01T08:25:18.930Z</time><extensions><gpxtpx:TrackPointExtension><gpxtpx:hr>92</gpxtpx:hr></gpxtpx:TrackPointExtension></extensions></trkpt><trkpt lat="60.059925" lon="18.751009"><ele>15.644</ele><time>2026-05-01T08:25:19.937Z</time><extensions><gpxtpx:TrackPointExtension><gpxtpx:hr>93</gpxtpx:hr></gpxtpx:TrackPointExtension></extensions></trkpt><trkpt lat="60.059917" lon="18.750978"><ele>15.649</ele><time>2026-05-01T08:25:20.946Z</time><extensions><gpxtpx:TrackPointExtension><gpxtpx:hr>93</gpxtpx:hr></gpxtpx:TrackPointExtension></extensions></trkpt><trkpt lat="60.05991" lon="18.750946"><ele>15.651</ele><time>2026-05-01T08:25:21.955Z</time><extensions><gpxtpx:TrackPointExtension><gpxtpx:hr>93</gpxtpx:hr></gpxtpx:TrackPointExtension></extensions></trkpt><trkpt lat="60.059902" lon="18.750916"><ele>15.703</ele><time>2026-05-01T08:25:22.964Z</time><extensions><gpxtpx:TrackPointExtension><gpxtpx:hr>92</gpxtpx:hr></gpxtpx:TrackPointExtension></extensions></trkpt><trkpt lat="60.059895" lon="18.750885"><ele>15.789</ele><time>2026-05-01T08:25:23.972Z</time><extensions><gpxtpx:TrackPointExtension><gpxtpx:hr>92</gpxtpx:hr></gpxtpx:TrackPointExtension></extensions></trkpt><trkpt lat="60.059887" lon="18.750856"><ele>15.887</ele><time>2026-05-01T08:25:24.981Z</time><extensions><gpxtpx:TrackPointExtension><gpxtpx:hr>91</gpxtpx:hr></gpxtpx:TrackPointExtension></extensions></trkpt><trkpt lat="60.05988" lon="18.750828"><ele>15.955</ele><time>2026-05-01T08:25:25.987Z</time><extensions><gpxtpx:TrackPointExtension><gpxtpx:hr>91</gpxtpx:hr></gpxtpx:TrackPointExtension></extensions></trkpt><trkpt lat="60.05987" lon="18.750803"><ele>15.957</ele><time>2026-05-01T08:25:26.996Z</time><extensions><gpxtpx:TrackPointExtension><gpxtpx:hr>92</gpxtpx:hr></gpxtpx:TrackPointExtension></extensions></trkpt><trkpt lat="60.059864" lon="18.750778"><ele>16.026</ele><time>2026-05-01T08:25:28.003Z</time><extensions><gpxtpx:TrackPointExtension><gpxtpx:hr>93</gpxtpx:hr></gpxtpx:TrackPointExtension></extensions></trkpt><trkpt lat="60.059853" lon="18.75075"><ele>16.103</ele><time>2026-05-01T08:25:29.012Z</time><extensions><gpxtpx:TrackPointExtension><gpxtpx:hr>94</gpxtpx:hr></gpxtpx:TrackPointExtension></extensions></trkpt><trkpt lat="60.059845" lon="18.750723"><ele>16.1</ele><time>2026-05-01T08:25:30.021Z</time><extensions><gpxtpx:TrackPointExtension><gpxtpx:hr>95</gpxtpx:hr></gpxtpx:TrackPointExtension></extensions></trkpt><trkpt lat="60.059837" lon="18.750694"><ele>16.131</ele><time>2026-05-01T08:25:31.027Z</time></trkpt><trkpt lat="60.05983" lon="18.750668"><ele>16.221</ele><time>2026-05-01T08:25:32.036Z</time><extensions><gpxtpx:TrackPointExtension><gpxtpx:hr>96</gpxtpx:hr></gpxtpx:TrackPointExtension></extensions></trkpt><trkpt lat="60.059822" lon="18.750639"><ele>16.22</ele><time>2026-05-01T08:25:33.045Z</time><extensions><gpxtpx:TrackPointExtension><gpxtpx:hr>96</gpxtpx:hr></gpxtpx:TrackPointExtension></extensions></trkpt><trkpt lat="60.059814" lon="18.750612"><ele>16.247</ele><time>2026-05-01T08:25:34.054Z</time><extensions><gpxtpx:TrackPointExtension><gpxtpx:hr>96</gpxtpx:hr></gpxtpx:TrackPointExtension></extensions></trkpt><trkpt lat="60.059803" lon="18.750586"><ele>16.291</ele><time>2026-05-01T08:25:35.063Z</time><extensions><gpxtpx:TrackPointExtension><gpxtpx:hr>96</gpxtpx:hr></gpxtpx:TrackPointExtension></extensions></trkpt><trkpt lat="60.059795" lon="18.750559"><ele>16.389</ele><time>2026-05-01T08:25:36.072Z</time></trkpt><trkpt lat="60.059788" lon="18.750532"><ele>16.499</ele><time>2026-05-01T08:25:37.081Z</time><extensions><gpxtpx:TrackPointExtension><gpxtpx:hr>95</gpxtpx:hr></gpxtpx:TrackPointExtension></extensions></trkpt><trkpt lat="60.05978" lon="18.750505"><ele>16.511</ele><time>2026-05-01T08:25:38.089Z</time></trkpt><trkpt lat="60.059772" lon="18.75048"><ele>16.487</ele><time>2026-05-01T08:25:39.097Z</time><extensions><gpxtpx:TrackPointExtension><gpxtpx:hr>96</gpxtpx:hr></gpxtpx:TrackPointExtension></extensions></trkpt><trkpt lat="60.059765" lon="18.750454"><ele>16.395</ele><time>2026-05-01T08:25:40.106Z</time><extensions><gpxtpx:TrackPointExtension><gpxtpx:hr>95</gpxtpx:hr></gpxtpx:TrackPointExtension></extensions></trkpt><trkpt lat="60.059753" lon="18.75043"><ele>16.384</ele><time>2026-05-01T08:25:41.114Z</time></trkpt><trkpt lat="60.059746" lon="18.750402"><ele>16.478</ele><time>2026-05-01T08:25:42.121Z</time><extensions><gpxtpx:TrackPointExtension><gpxtpx:hr>95</gpxtpx:hr></gpxtpx:TrackPointExtension></extensions></trkpt><trkpt lat="60.05974" lon="18.750376"><ele>16.478</ele><time>2026-05-01T08:25:43.129Z</time><extensions><gpxtpx:TrackPointExtension><gpxtpx:hr>95</gpxtpx:hr></gpxtpx:TrackPointExtension></extensions></trkpt><trkpt lat="60.05973" lon="18.750349"><ele>16.438</ele><time>2026-05-01T08:25:44.137Z</time><extensions><gpxtpx:TrackPointExtension><gpxtpx:hr>95</gpxtpx:hr></gpxtpx:TrackPointExtension></extensions></trkpt><trkpt lat="60.05972" lon="18.750324"><ele>16.487</ele><time>2026-05-01T08:25:45.145Z</time><extensions><gpxtpx:TrackPointExtension><gpxtpx:hr>95</gpxtpx:hr></gpxtpx:TrackPointExtension></extensions></trkpt><trkpt lat="60.05971" lon="18.750296"><ele>16.553</ele><time>2026-05-01T08:25:46.153Z</time></trkpt><trkpt lat="60.059704" lon="18.750269"><ele>16.512</ele><time>2026-05-01T08:25:47.163Z</time><extensions><gpxtpx:TrackPointExtension><gpxtpx:hr>94</gpxtpx:hr></gpxtpx:TrackPointExtension></extensions></trkpt><trkpt lat="60.059692" lon="18.75024"><ele>16.595</ele><time>2026-05-01T08:25:48.172Z</time><extensions><gpxtpx:TrackPointExtension><gpxtpx:hr>94</gpxtpx:hr></gpxtpx:TrackPointExtension></extensions></trkpt><trkpt lat="60.059685" lon="18.750212"><ele>16.608</ele><time>2026-05-01T08:25:49.174Z</time><extensions><gpxtpx:TrackPointExtension><gpxtpx:hr>94</gpxtpx:hr></gpxtpx:TrackPointExtension></extensions></trkpt><trkpt lat="60.059677" lon="18.750181"><ele>16.555</ele><time>2026-05-01T08:25:50.182Z</time><extensions><gpxtpx:TrackPointExtension><gpxtpx:hr>94</gpxtpx:hr></gpxtpx:TrackPointExtension></extensions></trkpt><trkpt lat="60.059666" lon="18.75015"><ele>16.654</ele><time>2026-05-01T08:25:51.191Z</time></trkpt><trkpt lat="60.059658" lon="18.750124"><ele>16.728</ele><time>2026-05-01T08:25:52.200Z</time><extensions><gpxtpx:TrackPointExtension><gpxtpx:hr>94</gpxtpx:hr></gpxtpx:TrackPointExtension></extensions></trkpt><trkpt lat="60.05965" lon="18.750095"><ele>16.804</ele><time>2026-05-01T08:25:53.209Z</time><extensions><gpxtpx:TrackPointExtension><gpxtpx:hr>94</gpxtpx:hr></gpxtpx:TrackPointExtension></extensions></trkpt><trkpt lat="60.05964" lon="18.750067"><ele>16.829</ele><time>2026-05-01T08:25:54.217Z</time><extensions><gpxtpx:TrackPointExtension><gpxtpx:hr>93</gpxtpx:hr></gpxtpx:TrackPointExtension></extensions></trkpt><trkpt lat="60.05963" lon="18.750034"><ele>16.873</ele><time>2026-05-01T08:25:55.227Z</time><extensions><gpxtpx:TrackPointExtension><gpxtpx:hr>93</gpxtpx:hr></gpxtpx:TrackPointExtension></extensions></trkpt><trkpt lat="60.059624" lon="18.750004"><ele>16.93</ele><time>2026-05-01T08:25:56.236Z</time></trkpt><trkpt lat="60.059616" lon="18.749973"><ele>16.944</ele><time>2026-05-01T08:25:57.245Z</time><extensions><gpxtpx:TrackPointExtension><gpxtpx:hr>93</gpxtpx:hr></gpxtpx:TrackPointExtension></extensions></trkpt><trkpt lat="60.059605" lon="18.749943"><ele>16.946</ele><time>2026-05-01T08:25:58.253Z</time><extensions><gpxtpx:TrackPointExtension><gpxtpx:hr>92</gpxtpx:hr></gpxtpx:TrackPointExtension></extensions></trkpt><trkpt lat="60.059597" lon="18.749914"><ele>16.902</ele><time>2026-05-01T08:25:59.262Z</time><extensions><gpxtpx:TrackPointExtension><gpxtpx:hr>92</gpxtpx:hr></gpxtpx:TrackPointExtension></extensions></trkpt><trkpt lat="60.05959" lon="18.749884"><ele>16.888</ele><time>2026-05-01T08:26:00.270Z</time><extensions><gpxtpx:TrackPointExtension><gpxtpx:hr>92</gpxtpx:hr></gpxtpx:TrackPointExtension></extensions></trkpt><trkpt lat="60.05958" lon="18.749853"><ele>16.958</ele><time>2026-05-01T08:26:01.279Z</time></trkpt><trkpt lat="60.05957" lon="18.74982"><ele>16.943</ele><time>2026-05-01T08:26:02.290Z</time><extensions><gpxtpx:TrackPointExtension><gpxtpx:hr>91</gpxtpx:hr></gpxtpx:TrackPointExtension></extensions></trkpt><trkpt lat="60.059563" lon="18.749788"><ele>16.929</ele><time>2026-05-01T08:26:03.300Z</time><extensions><gpxtpx:TrackPointExtension><gpxtpx:hr>90</gpxtpx:hr></gpxtpx:TrackPointExtension></extensions></trkpt><trkpt lat="60.059555" lon="18.749754"><ele>16.899</ele><time>2026-05-01T08:26:04.307Z</time><extensions><gpxtpx:TrackPointExtension><gpxtpx:hr>90</gpxtpx:hr></gpxtpx:TrackPointExtension></extensions></trkpt><trkpt lat="60.059547" lon="18.749722"><ele>16.921</ele><time>2026-05-01T08:26:05.316Z</time><extensions><gpxtpx:TrackPointExtension><gpxtpx:hr>90</gpxtpx:hr></gpxtpx:TrackPointExtension></extensions></trkpt><trkpt lat="60.05954" lon="18.74969"><ele>16.897</ele><time>2026-05-01T08:26:06.325Z</time></trkpt><trkpt lat="60.059532" lon="18.749662"><ele>16.93</ele><time>2026-05-01T08:26:07.332Z</time><extensions><gpxtpx:TrackPointExtension><gpxtpx:hr>89</gpxtpx:hr></gpxtpx:TrackPointExtension></extensions></trkpt><trkpt lat="60.059525" lon="18.749636"><ele>16.877</ele><time>2026-05-01T08:26:08.341Z</time><extensions><gpxtpx:TrackPointExtension><gpxtpx:hr>89</gpxtpx:hr></gpxtpx:TrackPointExtension></extensions></trkpt><trkpt lat="60.05952" lon="18.749609"><ele>16.888</ele><time>2026-05-01T08:26:09.349Z</time><extensions><gpxtpx:TrackPointExtension><gpxtpx:hr>88</gpxtpx:hr></gpxtpx:TrackPointExtension></extensions></trkpt><trkpt lat="60.059513" lon="18.749584"><ele>16.868</ele><time>2026-05-01T08:26:10.356Z</time><extensions><gpxtpx:TrackPointExtension><gpxtpx:hr>88</gpxtpx:hr></gpxtpx:TrackPointExtension></extensions></trkpt><trkpt lat="60.059505" lon="18.749561"><ele>16.891</ele><time>2026-05-01T08:26:11.365Z</time></trkpt><trkpt lat="60.059498" lon="18.749537"><ele>16.902</ele><time>2026-05-01T08:26:12.375Z</time><extensions><gpxtpx:TrackPointExtension><gpxtpx:hr>89</gpxtpx:hr></gpxtpx:TrackPointExtension></extensions></trkpt><trkpt lat="60.05949" lon="18.749516"><ele>16.885</ele><time>2026-05-01T08:26:13.384Z</time><extensions><gpxtpx:TrackPointExtension><gpxtpx:hr>89</gpxtpx:hr></gpxtpx:TrackPointExtension></extensions></trkpt><trkpt lat="60.059483" lon="18.749493"><ele>16.915</ele><time>2026-05-01T08:26:14.393Z</time><extensions><gpxtpx:TrackPointExtension><gpxtpx:hr>89</gpxtpx:hr></gpxtpx:TrackPointExtension></extensions></trkpt><trkpt lat="60.059475" lon="18.749466"><ele>16.916</ele><time>2026-05-01T08:26:15.402Z</time><extensions><gpxtpx:TrackPointExtension><gpxtpx:hr>90</gpxtpx:hr></gpxtpx:TrackPointExtension></extensions></trkpt><trkpt lat="60.059467" lon="18.749437"><ele>16.922</ele><time>2026-05-01T08:26:16.411Z</time></trkpt><trkpt lat="60.05946" lon="18.749409"><ele>16.917</ele><time>2026-05-01T08:26:17.419Z</time></trkpt><trkpt lat="60.059452" lon="18.749382"><ele>16.281</ele><time>2026-05-01T08:26:33.645Z</time></trkpt><trkpt lat="60.059444" lon="18.749352"><ele>16.27</ele><time>2026-05-01T08:26:34.645Z</time><extensions><gpxtpx:TrackPointExtension><gpxtpx:hr>89</gpxtpx:hr></gpxtpx:TrackPointExtension></extensions></trkpt><trkpt lat="60.059437" lon="18.749323"><ele>16.2</ele><time>2026-05-01T08:26:35.645Z</time><extensions><gpxtpx:TrackPointExtension><gpxtpx:hr>89</gpxtpx:hr></gpxtpx:TrackPointExtension></extensions></trkpt><trkpt lat="60.05943" lon="18.749294"><ele>16.127</ele><time>2026-05-01T08:26:36.651Z</time><extensions><gpxtpx:TrackPointExtension><gpxtpx:hr>88</gpxtpx:hr></gpxtpx:TrackPointExtension></extensions></trkpt><trkpt lat="60.05942" lon="18.749266"><ele>16.107</ele><time>2026-05-01T08:26:37.659Z</time><extensions><gpxtpx:TrackPointExtension><gpxtpx:hr>88</gpxtpx:hr></gpxtpx:TrackPointExtension></extensions></trkpt><trkpt lat="60.059414" lon="18.749237"><ele>16.085</ele><time>2026-05-01T08:26:38.670Z</time><extensions><gpxtpx:TrackPointExtension><gpxtpx:hr>87</gpxtpx:hr></gpxtpx:TrackPointExtension></extensions></trkpt><trkpt lat="60.059406" lon="18.749208"><ele>16.066</ele><time>2026-05-01T08:26:39.678Z</time><extensions><gpxtpx:TrackPointExtension><gpxtpx:hr>87</gpxtpx:hr></gpxtpx:TrackPointExtension></extensions></trkpt><trkpt lat="60.0594" lon="18.749182"><ele>16.14</ele><time>2026-05-01T08:26:40.686Z</time><extensions><gpxtpx:TrackPointExtension><gpxtpx:hr>86</gpxtpx:hr></gpxtpx:TrackPointExtension></extensions></trkpt><trkpt lat="60.05939" lon="18.749155"><ele>16.181</ele><time>2026-05-01T08:26:41.695Z</time><extensions><gpxtpx:TrackPointExtension><gpxtpx:hr>85</gpxtpx:hr></gpxtpx:TrackPointExtension></extensions></trkpt><trkpt lat="60.059383" lon="18.749128"><ele>16.19</ele><time>2026-05-01T08:26:42.704Z</time><extensions><gpxtpx:TrackPointExtension><gpxtpx:hr>84</gpxtpx:hr></gpxtpx:TrackPointExtension></extensions></trkpt><trkpt lat="60.059376" lon="18.749102"><ele>16.155</ele><time>2026-05-01T08:26:43.711Z</time><extensions><gpxtpx:TrackPointExtension><gpxtpx:hr>83</gpxtpx:hr></gpxtpx:TrackPointExtension></extensions></trkpt><trkpt lat="60.05937" lon="18.749075"><ele>16.211</ele><time>2026-05-01T08:26:44.719Z</time><extensions><gpxtpx:TrackPointExtension><gpxtpx:hr>83</gpxtpx:hr></gpxtpx:TrackPointExtension></extensions></trkpt><trkpt lat="60.05936" lon="18.749046"><ele>16.268</ele><time>2026-05-01T08:26:45.728Z</time><extensions><gpxtpx:TrackPointExtension><gpxtpx:hr>83</gpxtpx:hr></gpxtpx:TrackPointExtension></extensions></trkpt><trkpt lat="60.059353" lon="18.749018"><ele>16.307</ele><time>2026-05-01T08:26:46.737Z</time><extensions><gpxtpx:TrackPointExtension><gpxtpx:hr>84</gpxtpx:hr></gpxtpx:TrackPointExtension></extensions></trkpt><trkpt lat="60.059345" lon="18.748987"><ele>16.349</ele><time>2026-05-01T08:26:47.745Z</time><extensions><gpxtpx:TrackPointExtension><gpxtpx:hr>85</gpxtpx:hr></gpxtpx:TrackPointExtension></extensions></trkpt><trkpt lat="60.059338" lon="18.748957"><ele>16.348</ele><time>2026-05-01T08:26:48.754Z</time><extensions><gpxtpx:TrackPointExtension><gpxtpx:hr>85</gpxtpx:hr></gpxtpx:TrackPointExtension></extensions></trkpt><trkpt lat="60.05933" lon="18.748926"><ele>16.367</ele><time>2026-05-01T08:26:49.762Z</time><extensions><gpxtpx:TrackPointExtension><gpxtpx:hr>86</gpxtpx:hr></gpxtpx:TrackPointExtension></extensions></trkpt><trkpt lat="60.059322" lon="18.748898"><ele>16.396</ele><time>2026-05-01T08:26:50.769Z</time><extensions><gpxtpx:TrackPointExtension><gpxtpx:hr>85</gpxtpx:hr></gpxtpx:TrackPointExtension></extensions></trkpt><trkpt lat="60.059315" lon="18.748869"><ele>16.299</ele><time>2026-05-01T08:26:51.778Z</time><extensions><gpxtpx:TrackPointExtension><gpxtpx:hr>85</gpxtpx:hr></gpxtpx:TrackPointExtension></extensions></trkpt><trkpt lat="60.059303" lon="18.74884"><ele>16.254</ele><time>2026-05-01T08:26:52.785Z</time><extensions><gpxtpx:TrackPointExtension><gpxtpx:hr>84</gpxtpx:hr></gpxtpx:TrackPointExtension></extensions></trkpt><trkpt lat="60.0593" lon="18.748812"><ele>16.243</ele><time>2026-05-01T08:26:53.795Z</time><extensions><gpxtpx:TrackPointExtension><gpxtpx:hr>83</gpxtpx:hr></gpxtpx:TrackPointExtension></extensions></trkpt><trkpt lat="60.05929" lon="18.748783"><ele>16.357</ele><time>2026-05-01T08:26:54.805Z</time><extensions><gpxtpx:TrackPointExtension><gpxtpx:hr>83</gpxtpx:hr></gpxtpx:TrackPointExtension></extensions></trkpt><trkpt lat="60.059284" lon="18.748753"><ele>16.321</ele><time>2026-05-01T08:26:55.815Z</time><extensions><gpxtpx:TrackPointExtension><gpxtpx:hr>82</gpxtpx:hr></gpxtpx:TrackPointExtension></extensions></trkpt><trkpt lat="60.059277" lon="18.748724"><ele>16.3</ele><time>2026-05-01T08:26:56.824Z</time><extensions><gpxtpx:TrackPointExtension><gpxtpx:hr>82</gpxtpx:hr></gpxtpx:TrackPointExtension></extensions></trkpt><trkpt lat="60.05927" lon="18.748693"><ele>16.271</ele><time>2026-05-01T08:26:57.832Z</time><extensions><gpxtpx:TrackPointExtension><gpxtpx:hr>82</gpxtpx:hr></gpxtpx:TrackPointExtension></extensions></trkpt><trkpt lat="60.059258" lon="18.748665"><ele>16.261</ele><time>2026-05-01T08:26:58.842Z</time><extensions><gpxtpx:TrackPointExtension><gpxtpx:hr>82</gpxtpx:hr></gpxtpx:TrackPointExtension></extensions></trkpt><trkpt lat="60.05925" lon="18.748636"><ele>16.261</ele><time>2026-05-01T08:26:59.849Z</time><extensions><gpxtpx:TrackPointExtension><gpxtpx:hr>83</gpxtpx:hr></gpxtpx:TrackPointExtension></extensions></trkpt><trkpt lat="60.059242" lon="18.748608"><ele>16.289</ele><time>2026-05-01T08:27:00.858Z</time><extensions><gpxtpx:TrackPointExtension><gpxtpx:hr>83</gpxtpx:hr></gpxtpx:TrackPointExtension></extensions></trkpt><trkpt lat="60.059235" lon="18.74858"><ele>16.313</ele><time>2026-05-01T08:27:01.867Z</time><extensions><gpxtpx:TrackPointExtension><gpxtpx:hr>83</gpxtpx:hr></gpxtpx:TrackPointExtension></extensions></trkpt><trkpt lat="60.059227" lon="18.748552"><ele>16.339</ele><time>2026-05-01T08:27:02.876Z</time><extensions><gpxtpx:TrackPointExtension><gpxtpx:hr>83</gpxtpx:hr></gpxtpx:TrackPointExtension></extensions></trkpt><trkpt lat="60.05922" lon="18.748526"><ele>16.401</ele><time>2026-05-01T08:27:03.885Z</time><extensions><gpxtpx:TrackPointExtension><gpxtpx:hr>82</gpxtpx:hr></gpxtpx:TrackPointExtension></extensions></trkpt><trkpt lat="60.05921" lon="18.748497"><ele>16.397</ele><time>2026-05-01T08:27:04.895Z</time><extensions><gpxtpx:TrackPointExtension><gpxtpx:hr>82</gpxtpx:hr></gpxtpx:TrackPointExtension></extensions></trkpt><trkpt lat="60.059204" lon="18.748472"><ele>16.402</ele><time>2026-05-01T08:27:05.905Z</time><extensions><gpxtpx:TrackPointExtension><gpxtpx:hr>83</gpxtpx:hr></gpxtpx:TrackPointExtension></extensions></trkpt><trkpt lat="60.059193" lon="18.748446"><ele>16.482</ele><time>2026-05-01T08:27:06.914Z</time><extensions><gpxtpx:TrackPointExtension><gpxtpx:hr>83</gpxtpx:hr></gpxtpx:TrackPointExtension></extensions></trkpt><trkpt lat="60.059185" lon="18.748419"><ele>16.494</ele><time>2026-05-01T08:27:07.923Z</time><extensions><gpxtpx:TrackPointExtension><gpxtpx:hr>83</gpxtpx:hr></gpxtpx:TrackPointExtension></extensions></trkpt><trkpt lat="60.059177" lon="18.748392"><ele>16.441</ele><time>2026-05-01T08:27:08.931Z</time><extensions><gpxtpx:TrackPointExtension><gpxtpx:hr>83</gpxtpx:hr></gpxtpx:TrackPointExtension></extensions></trkpt><trkpt lat="60.05917" lon="18.74837"><ele>16.472</ele><time>2026-05-01T08:27:09.942Z</time><extensions><gpxtpx:TrackPointExtension><gpxtpx:hr>83</gpxtpx:hr></gpxtpx:TrackPointExtension></extensions></trkpt><trkpt lat="60.059162" lon="18.748344"><ele>16.542</ele><time>2026-05-01T08:27:10.948Z</time><extensions><gpxtpx:TrackPointExtension><gpxtpx:hr>82</gpxtpx:hr></gpxtpx:TrackPointExtension></extensions></trkpt><trkpt lat="60.059155" lon="18.748322"><ele>16.603</ele><time>2026-05-01T08:27:11.958Z</time><extensions><gpxtpx:TrackPointExtension><gpxtpx:hr>82</gpxtpx:hr></gpxtpx:TrackPointExtension></extensions></trkpt><trkpt lat="60.059147" lon="18.748299"><ele>16.594</ele><time>2026-05-01T08:27:12.966Z</time><extensions><gpxtpx:TrackPointExtension><gpxtpx:hr>81</gpxtpx:hr></gpxtpx:TrackPointExtension></extensions></trkpt><trkpt lat="60.059135" lon="18.748278"><ele>16.616</ele><time>2026-05-01T08:27:13.975Z</time><extensions><gpxtpx:TrackPointExtension><gpxtpx:hr>81</gpxtpx:hr></gpxtpx:TrackPointExtension></extensions></trkpt><trkpt lat="60.059124" lon="18.748257"><ele>16.635</ele><time>2026-05-01T08:27:14.985Z</time><extensions><gpxtpx:TrackPointExtension><gpxtpx:hr>81</gpxtpx:hr></gpxtpx:TrackPointExtension></extensions></trkpt><trkpt lat="60.059113" lon="18.748236"><ele>16.634</ele><time>2026-05-01T08:27:15.993Z</time><extensions><gpxtpx:TrackPointExtension><gpxtpx:hr>80</gpxtpx:hr></gpxtpx:TrackPointExtension></extensions></trkpt><trkpt lat="60.0591" lon="18.748213"><ele>16.646</ele><time>2026-05-01T08:27:17.002Z</time><extensions><gpxtpx:TrackPointExtension><gpxtpx:hr>80</gpxtpx:hr></gpxtpx:TrackPointExtension></extensions></trkpt><trkpt lat="60.05909" lon="18.748188"><ele>16.643</ele><time>2026-05-01T08:27:18.009Z</time><extensions><gpxtpx:TrackPointExtension><gpxtpx:hr>80</gpxtpx:hr></gpxtpx:TrackPointExtension></extensions></trkpt><trkpt lat="60.05908" lon="18.748163"><ele>16.607</ele><time>2026-05-01T08:27:19.018Z</time><extensions><gpxtpx:TrackPointExtension><gpxtpx:hr>80</gpxtpx:hr></gpxtpx:TrackPointExtension></extensions></trkpt><trkpt lat="60.059067" lon="18.748142"><ele>16.607</ele><time>2026-05-01T08:27:20.027Z</time><extensions><gpxtpx:TrackPointExtension><gpxtpx:hr>79</gpxtpx:hr></gpxtpx:TrackPointExtension></extensions></trkpt><trkpt lat="60.05906" lon="18.748123"><ele>16.529</ele><time>2026-05-01T08:27:21.036Z</time><extensions><gpxtpx:TrackPointExtension><gpxtpx:hr>80</gpxtpx:hr></gpxtpx:TrackPointExtension></extensions></trkpt><trkpt lat="60.05905" lon="18.748112"><ele>16.453</ele><time>2026-05-01T08:27:22.044Z</time><extensions><gpxtpx:TrackPointExtension><gpxtpx:hr>81</gpxtpx:hr></gpxtpx:TrackPointExtension></extensions></trkpt><trkpt lat="60.059048" lon="18.748104"><ele>16.41</ele><time>2026-05-01T08:27:23.054Z</time><extensions><gpxtpx:TrackPointExtension><gpxtpx:hr>81</gpxtpx:hr></gpxtpx:TrackPointExtension></extensions></trkpt><trkpt lat="60.059044" lon="18.748098"><ele>16.376</ele><time>2026-05-01T08:27:24.062Z</time><extensions><gpxtpx:TrackPointExtension><gpxtpx:hr>82</gpxtpx:hr></gpxtpx:TrackPointExtension></extensions></trkpt><trkpt lat="60.059044" lon="18.748106"><ele>16.448</ele><time>2026-05-01T08:27:25.069Z</time><extensions><gpxtpx:TrackPointExtension><gpxtpx:hr>82</gpxtpx:hr></gpxtpx:TrackPointExtension></extensions></trkpt><trkpt lat="60.059048" lon="18.748123"><ele>16.469</ele><time>2026-05-01T08:27:26.077Z</time><extensions><gpxtpx:TrackPointExtension><gpxtpx:hr>82</gpxtpx:hr></gpxtpx:TrackPointExtension></extensions></trkpt><trkpt lat="60.05906" lon="18.748146"><ele>16.459</ele><time>2026-05-01T08:27:27.087Z</time><extensions><gpxtpx:TrackPointExtension><gpxtpx:hr>82</gpxtpx:hr></gpxtpx:TrackPointExtension></extensions></trkpt><trkpt lat="60.05907" lon="18.748177"><ele>16.464</ele><time>2026-05-01T08:27:28.094Z</time><extensions><gpxtpx:TrackPointExtension><gpxtpx:hr>82</gpxtpx:hr></gpxtpx:TrackPointExtension></extensions></trkpt><trkpt lat="60.059086" lon="18.74821"><ele>16.443</ele><time>2026-05-01T08:27:29.103Z</time><extensions><gpxtpx:TrackPointExtension><gpxtpx:hr>81</gpxtpx:hr></gpxtpx:TrackPointExtension></extensions></trkpt><trkpt lat="60.059097" lon="18.748247"><ele>16.856</ele><time>2026-05-01T08:27:57.664Z</time><extensions><gpxtpx:TrackPointExtension><gpxtpx:hr>91</gpxtpx:hr></gpxtpx:TrackPointExtension></extensions></trkpt><trkpt lat="60.059113" lon="18.748285"><ele>16.797</ele><time>2026-05-01T08:27:58.665Z</time><extensions><gpxtpx:TrackPointExtension><gpxtpx:hr>91</gpxtpx:hr></gpxtpx:TrackPointExtension></extensions></trkpt><trkpt lat="60.059128" lon="18.748323"><ele>16.769</ele><time>2026-05-01T08:27:59.665Z</time><extensions><gpxtpx:TrackPointExtension><gpxtpx:hr>92</gpxtpx:hr></gpxtpx:TrackPointExtension></extensions></trkpt><trkpt lat="60.059143" lon="18.74836"><ele>16.785</ele><time>2026-05-01T08:28:00.666Z</time><extensions><gpxtpx:TrackPointExtension><gpxtpx:hr>93</gpxtpx:hr></gpxtpx:TrackPointExtension></extensions></trkpt><trkpt lat="60.059155" lon="18.748396"><ele>16.719</ele><time>2026-05-01T08:28:01.666Z</time><extensions><gpxtpx:TrackPointExtension><gpxtpx:hr>94</gpxtpx:hr></gpxtpx:TrackPointExtension></extensions></trkpt><trkpt lat="60.05917" lon="18.748432"><ele>16.732</ele><time>2026-05-01T08:28:02.667Z</time><extensions><gpxtpx:TrackPointExtension><gpxtpx:hr>94</gpxtpx:hr></gpxtpx:TrackPointExtension></extensions></trkpt><trkpt lat="60.059185" lon="18.748468"><ele>16.768</ele><time>2026-05-01T08:28:03.667Z</time><extensions><gpxtpx:TrackPointExtension><gpxtpx:hr>94</gpxtpx:hr></gpxtpx:TrackPointExtension></extensions></trkpt><trkpt lat="60.059196" lon="18.748505"><ele>16.62</ele><time>2026-05-01T08:28:04.668Z</time><extensions><gpxtpx:TrackPointExtension><gpxtpx:hr>94</gpxtpx:hr></gpxtpx:TrackPointExtension></extensions></trkpt><trkpt lat="60.059204" lon="18.748537"><ele>16.586</ele><time>2026-05-01T08:28:05.669Z</time><extensions><gpxtpx:TrackPointExtension><gpxtpx:hr>94</gpxtpx:hr></gpxtpx:TrackPointExtension></extensions></trkpt><trkpt lat="60.059216" lon="18.748568"><ele>16.614</ele><time>2026-05-01T08:28:06.669Z</time><extensions><gpxtpx:TrackPointExtension><gpxtpx:hr>93</gpxtpx:hr></gpxtpx:TrackPointExtension></extensions></trkpt><trkpt lat="60.059223" lon="18.748596"><ele>16.632</ele><time>2026-05-01T08:28:07.671Z</time><extensions><gpxtpx:TrackPointExtension><gpxtpx:hr>93</gpxtpx:hr></gpxtpx:TrackPointExtension></extensions></trkpt><trkpt lat="60.05923" lon="18.748625"><ele>16.683</ele><time>2026-05-01T08:28:08.678Z</time><extensions><gpxtpx:TrackPointExtension><gpxtpx:hr>92</gpxtpx:hr></gpxtpx:TrackPointExtension></extensions></trkpt><trkpt lat="60.05924" lon="18.748655"><ele>16.666</ele><time>2026-05-01T08:28:09.687Z</time><extensions><gpxtpx:TrackPointExtension><gpxtpx:hr>91</gpxtpx:hr></gpxtpx:TrackPointExtension></extensions></trkpt><trkpt lat="60.05925" lon="18.748686"><ele>16.703</ele><time>2026-05-01T08:28:10.696Z</time><extensions><gpxtpx:TrackPointExtension><gpxtpx:hr>90</gpxtpx:hr></gpxtpx:TrackPointExtension></extensions></trkpt><trkpt lat="60.059258" lon="18.748714"><ele>16.755</ele><time>2026-05-01T08:28:11.705Z</time><extensions><gpxtpx:TrackPointExtension><gpxtpx:hr>89</gpxtpx:hr></gpxtpx:TrackPointExtension></extensions></trkpt><trkpt lat="60.059265" lon="18.748743"><ele>16.773</ele><time>2026-05-01T08:28:12.714Z</time><extensions><gpxtpx:TrackPointExtension><gpxtpx:hr>89</gpxtpx:hr></gpxtpx:TrackPointExtension></extensions></trkpt><trkpt lat="60.059273" lon="18.748774"><ele>16.772</ele><time>2026-05-01T08:28:13.720Z</time><extensions><gpxtpx:TrackPointExtension><gpxtpx:hr>89</gpxtpx:hr></gpxtpx:TrackPointExtension></extensions></trkpt><trkpt lat="60.059284" lon="18.748804"><ele>16.684</ele><time>2026-05-01T08:28:14.730Z</time><extensions><gpxtpx:TrackPointExtension><gpxtpx:hr>89</gpxtpx:hr></gpxtpx:TrackPointExtension></extensions></trkpt><trkpt lat="60.05929" lon="18.748835"><ele>16.661</ele><time>2026-05-01T08:28:15.738Z</time><extensions><gpxtpx:TrackPointExtension><gpxtpx:hr>89</gpxtpx:hr></gpxtpx:TrackPointExtension></extensions></trkpt><trkpt lat="60.0593" lon="18.748863"><ele>16.635</ele><time>2026-05-01T08:28:16.747Z</time><extensions><gpxtpx:TrackPointExtension><gpxtpx:hr>89</gpxtpx:hr></gpxtpx:TrackPointExtension></extensions></trkpt><trkpt lat="60.05931" lon="18.748894"><ele>16.617</ele><time>2026-05-01T08:28:17.755Z</time><extensions><gpxtpx:TrackPointExtension><gpxtpx:hr>90</gpxtpx:hr></gpxtpx:TrackPointExtension></extensions></trkpt><trkpt lat="60.05932" lon="18.748919"><ele>16.633</ele><time>2026-05-01T08:28:18.764Z</time><extensions><gpxtpx:TrackPointExtension><gpxtpx:hr>91</gpxtpx:hr></gpxtpx:TrackPointExtension></extensions></trkpt><trkpt lat="60.059322" lon="18.748947"><ele>16.679</ele><time>2026-05-01T08:28:19.774Z</time><extensions><gpxtpx:TrackPointExtension><gpxtpx:hr>91</gpxtpx:hr></gpxtpx:TrackPointExtension></extensions></trkpt><trkpt lat="60.05933" lon="18.748974"><ele>16.687</ele><time>2026-05-01T08:28:20.783Z</time><extensions><gpxtpx:TrackPointExtension><gpxtpx:hr>93</gpxtpx:hr></gpxtpx:TrackPointExtension></extensions></trkpt><trkpt lat="60.059338" lon="18.749002"><ele>16.649</ele><time>2026-05-01T08:28:21.790Z</time><extensions><gpxtpx:TrackPointExtension><gpxtpx:hr>94</gpxtpx:hr></gpxtpx:TrackPointExtension></extensions></trkpt><trkpt lat="60.059345" lon="18.749031"><ele>16.647</ele><time>2026-05-01T08:28:22.799Z</time><extensions><gpxtpx:TrackPointExtension><gpxtpx:hr>96</gpxtpx:hr></gpxtpx:TrackPointExtension></extensions></trkpt><trkpt lat="60.05935" lon="18.749063"><ele>16.736</ele><time>2026-05-01T08:28:23.808Z</time><extensions><gpxtpx:TrackPointExtension><gpxtpx:hr>97</gpxtpx:hr></gpxtpx:TrackPointExtension></extensions></trkpt><trkpt lat="60.059357" lon="18.749098"><ele>16.762</ele><time>2026-05-01T08:28:24.816Z</time><extensions><gpxtpx:TrackPointExtension><gpxtpx:hr>97</gpxtpx:hr></gpxtpx:TrackPointExtension></extensions></trkpt><trkpt lat="60.05937" lon="18.74914"><ele>16.808</ele><time>2026-05-01T08:28:25.825Z</time><extensions><gpxtpx:TrackPointExtension><gpxtpx:hr>97</gpxtpx:hr></gpxtpx:TrackPointExtension></extensions></trkpt><trkpt lat="60.059376" lon="18.74918"><ele>17.141</ele><time>2026-05-01T08:28:44.734Z</time><extensions><gpxtpx:TrackPointExtension><gpxtpx:hr>98</gpxtpx:hr></gpxtpx:TrackPointExtension></extensions></trkpt><trkpt lat="60.059383" lon="18.749224"><ele>17.205</ele><time>2026-05-01T08:28:45.735Z</time><extensions><gpxtpx:TrackPointExtension><gpxtpx:hr>97</gpxtpx:hr></gpxtpx:TrackPointExtension></extensions></trkpt><trkpt lat="60.059395" lon="18.74927"><ele>17.266</ele><time>2026-05-01T08:28:46.735Z</time><extensions><gpxtpx:TrackPointExtension><gpxtpx:hr>96</gpxtpx:hr></gpxtpx:TrackPointExtension></extensions></trkpt><trkpt lat="60.059406" lon="18.749317"><ele>17.288</ele><time>2026-05-01T08:28:47.737Z</time><extensions><gpxtpx:TrackPointExtension><gpxtpx:hr>95</gpxtpx:hr></gpxtpx:TrackPointExtension></extensions></trkpt><trkpt lat="60.059418" lon="18.74936"><ele>17.332</ele><time>2026-05-01T08:28:48.736Z</time><extensions><gpxtpx:TrackPointExtension><gpxtpx:hr>94</gpxtpx:hr></gpxtpx:TrackPointExtension></extensions></trkpt><trkpt lat="60.05943" lon="18.749397"><ele>17.363</ele><time>2026-05-01T08:28:49.736Z</time><extensions><gpxtpx:TrackPointExtension><gpxtpx:hr>93</gpxtpx:hr></gpxtpx:TrackPointExtension></extensions></trkpt><trkpt lat="60.05944" lon="18.749428"><ele>17.398</ele><time>2026-05-01T08:28:50.736Z</time><extensions><gpxtpx:TrackPointExtension><gpxtpx:hr>92</gpxtpx:hr></gpxtpx:TrackPointExtension></extensions></trkpt><trkpt lat="60.05945" lon="18.74945"><ele>17.454</ele><time>2026-05-01T08:28:51.735Z</time><extensions><gpxtpx:TrackPointExtension><gpxtpx:hr>92</gpxtpx:hr></gpxtpx:TrackPointExtension></extensions></trkpt><trkpt lat="60.059456" lon="18.749474"><ele>17.477</ele><time>2026-05-01T08:28:52.736Z</time><extensions><gpxtpx:TrackPointExtension><gpxtpx:hr>91</gpxtpx:hr></gpxtpx:TrackPointExtension></extensions></trkpt><trkpt lat="60.059464" lon="18.749498"><ele>17.534</ele><time>2026-05-01T08:28:53.736Z</time><extensions><gpxtpx:TrackPointExtension><gpxtpx:hr>90</gpxtpx:hr></gpxtpx:TrackPointExtension></extensions></trkpt><trkpt lat="60.059467" lon="18.749521"><ele>17.562</ele><time>2026-05-01T08:28:54.736Z</time><extensions><gpxtpx:TrackPointExtension><gpxtpx:hr>89</gpxtpx:hr></gpxtpx:TrackPointExtension></extensions></trkpt><trkpt lat="60.05948" lon="18.749546"><ele>17.62</ele><time>2026-05-01T08:28:55.735Z</time><extensions><gpxtpx:TrackPointExtension><gpxtpx:hr>88</gpxtpx:hr></gpxtpx:TrackPointExtension></extensions></trkpt><trkpt lat="60.059486" lon="18.749575"><ele>17.568</ele><time>2026-05-01T08:28:56.738Z</time><extensions><gpxtpx:TrackPointExtension><gpxtpx:hr>87</gpxtpx:hr></gpxtpx:TrackPointExtension></extensions></trkpt><trkpt lat="60.059498" lon="18.749603"><ele>17.537</ele><time>2026-05-01T08:28:57.736Z</time><extensions><gpxtpx:TrackPointExtension><gpxtpx:hr>86</gpxtpx:hr></gpxtpx:TrackPointExtension></extensions></trkpt><trkpt lat="60.05951" lon="18.749634"><ele>17.587</ele><time>2026-05-01T08:28:58.737Z</time><extensions><gpxtpx:TrackPointExtension><gpxtpx:hr>86</gpxtpx:hr></gpxtpx:TrackPointExtension></extensions></trkpt><trkpt lat="60.05952" lon="18.749664"><ele>17.822</ele><time>2026-05-01T08:31:42.494Z</time></trkpt><trkpt lat="60.059536" lon="18.749695"><ele>17.826</ele><time>2026-05-01T08:31:43.493Z</time></trkpt><trkpt lat="60.059547" lon="18.749727"><ele>17.828</ele><time>2026-05-01T08:31:44.494Z</time><extensions><gpxtpx:TrackPointExtension><gpxtpx:hr>90</gpxtpx:hr></gpxtpx:TrackPointExtension></extensions></trkpt><trkpt lat="60.05956" lon="18.749758"><ele>17.777</ele><time>2026-05-01T08:31:45.495Z</time><extensions><gpxtpx:TrackPointExtension><gpxtpx:hr>91</gpxtpx:hr></gpxtpx:TrackPointExtension></extensions></trkpt><trkpt lat="60.059566" lon="18.749788"><ele>17.867</ele><time>2026-05-01T08:31:46.496Z</time><extensions><gpxtpx:TrackPointExtension><gpxtpx:hr>92</gpxtpx:hr></gpxtpx:TrackPointExtension></extensions></trkpt><trkpt lat="60.059574" lon="18.749817"><ele>17.835</ele><time>2026-05-01T08:31:47.501Z</time><extensions><gpxtpx:TrackPointExtension><gpxtpx:hr>92</gpxtpx:hr></gpxtpx:TrackPointExtension></extensions></trkpt><trkpt lat="60.05958" lon="18.749844"><ele>17.85</ele><time>2026-05-01T08:31:48.508Z</time><extensions><gpxtpx:TrackPointExtension><gpxtpx:hr>91</gpxtpx:hr></gpxtpx:TrackPointExtension></extensions></trkpt><trkpt lat="60.05959" lon="18.74987"><ele>17.849</ele><time>2026-05-01T08:31:49.516Z</time><extensions><gpxtpx:TrackPointExtension><gpxtpx:hr>91</gpxtpx:hr></gpxtpx:TrackPointExtension></extensions></trkpt><trkpt lat="60.059597" lon="18.749897"><ele>17.868</ele><time>2026-05-01T08:31:50.524Z</time><extensions><gpxtpx:TrackPointExtension><gpxtpx:hr>90</gpxtpx:hr></gpxtpx:TrackPointExtension></extensions></trkpt><trkpt lat="60.059605" lon="18.749922"><ele>17.896</ele><time>2026-05-01T08:31:51.534Z</time><extensions><gpxtpx:TrackPointExtension><gpxtpx:hr>88</gpxtpx:hr></gpxtpx:TrackPointExtension></extensions></trkpt><trkpt lat="60.059612" lon="18.749945"><ele>17.894</ele><time>2026-05-01T08:31:52.543Z</time><extensions><gpxtpx:TrackPointExtension><gpxtpx:hr>87</gpxtpx:hr></gpxtpx:TrackPointExtension></extensions></trkpt><trkpt lat="60.05962" lon="18.749968"><ele>17.864</ele><time>2026-05-01T08:31:53.552Z</time><extensions><gpxtpx:TrackPointExtension><gpxtpx:hr>86</gpxtpx:hr></gpxtpx:TrackPointExtension></extensions></trkpt><trkpt lat="60.05963" lon="18.74999"><ele>17.797</ele><time>2026-05-01T08:31:54.559Z</time><extensions><gpxtpx:TrackPointExtension><gpxtpx:hr>87</gpxtpx:hr></gpxtpx:TrackPointExtension></extensions></trkpt><trkpt lat="60.05964" lon="18.750015"><ele>17.768</ele><time>2026-05-01T08:31:55.567Z</time><extensions><gpxtpx:TrackPointExtension><gpxtpx:hr>87</gpxtpx:hr></gpxtpx:TrackPointExtension></extensions></trkpt><trkpt lat="60.059647" lon="18.750042"><ele>17.777</ele><time>2026-05-01T08:31:56.576Z</time><extensions><gpxtpx:TrackPointExtension><gpxtpx:hr>87</gpxtpx:hr></gpxtpx:TrackPointExtension></extensions></trkpt><trkpt lat="60.059654" lon="18.750072"><ele>17.747</ele><time>2026-05-01T08:31:57.586Z</time><extensions><gpxtpx:TrackPointExtension><gpxtpx:hr>87</gpxtpx:hr></gpxtpx:TrackPointExtension></extensions></trkpt><trkpt lat="60.059658" lon="18.750103"><ele>17.749</ele><time>2026-05-01T08:31:58.594Z</time><extensions><gpxtpx:TrackPointExtension><gpxtpx:hr>87</gpxtpx:hr></gpxtpx:TrackPointExtension></extensions></trkpt><trkpt lat="60.059666" lon="18.750135"><ele>17.784</ele><time>2026-05-01T08:31:59.600Z</time><extensions><gpxtpx:TrackPointExtension><gpxtpx:hr>86</gpxtpx:hr></gpxtpx:TrackPointExtension></extensions></trkpt><trkpt lat="60.059673" lon="18.750168"><ele>17.762</ele><time>2026-05-01T08:32:05.632Z</time><extensions><gpxtpx:TrackPointExtension><gpxtpx:hr>90</gpxtpx:hr></gpxtpx:TrackPointExtension></extensions></trkpt><trkpt lat="60.05968" lon="18.7502"><ele>17.729</ele><time>2026-05-01T08:32:06.630Z</time><extensions><gpxtpx:TrackPointExtension><gpxtpx:hr>92</gpxtpx:hr></gpxtpx:TrackPointExtension></extensions></trkpt><trkpt lat="60.059685" lon="18.750233"><ele>17.62</ele><time>2026-05-01T08:32:07.633Z</time><extensions><gpxtpx:TrackPointExtension><gpxtpx:hr>93</gpxtpx:hr></gpxtpx:TrackPointExtension></extensions></trkpt><trkpt lat="60.059692" lon="18.750261"><ele>17.605</ele><time>2026-05-01T08:32:08.632Z</time><extensions><gpxtpx:TrackPointExtension><gpxtpx:hr>94</gpxtpx:hr></gpxtpx:TrackPointExtension></extensions></trkpt><trkpt lat="60.0597" lon="18.750286"><ele>17.599</ele><time>2026-05-01T08:32:09.633Z</time><extensions><gpxtpx:TrackPointExtension><gpxtpx:hr>94</gpxtpx:hr></gpxtpx:TrackPointExtension></extensions></trkpt><trkpt lat="60.059708" lon="18.750307"><ele>17.618</ele><time>2026-05-01T08:32:10.633Z</time><extensions><gpxtpx:TrackPointExtension><gpxtpx:hr>93</gpxtpx:hr></gpxtpx:TrackPointExtension></extensions></trkpt><trkpt lat="60.059715" lon="18.750324"><ele>17.518</ele><time>2026-05-01T08:32:11.634Z</time><extensions><gpxtpx:TrackPointExtension><gpxtpx:hr>93</gpxtpx:hr></gpxtpx:TrackPointExtension></extensions></trkpt><trkpt lat="60.059723" lon="18.75034"><ele>17.467</ele><time>2026-05-01T08:32:12.635Z</time><extensions><gpxtpx:TrackPointExtension><gpxtpx:hr>94</gpxtpx:hr></gpxtpx:TrackPointExtension></extensions></trkpt><trkpt lat="60.059734" lon="18.750359"><ele>17.441</ele><time>2026-05-01T08:32:13.635Z</time><extensions><gpxtpx:TrackPointExtension><gpxtpx:hr>95</gpxtpx:hr></gpxtpx:TrackPointExtension></extensions></trkpt><trkpt lat="60.059742" lon="18.750378"><ele>17.415</ele><time>2026-05-01T08:32:14.636Z</time><extensions><gpxtpx:TrackPointExtension><gpxtpx:hr>95</gpxtpx:hr></gpxtpx:TrackPointExtension></extensions></trkpt><trkpt lat="60.059753" lon="18.750402"><ele>17.385</ele><time>2026-05-01T08:32:15.636Z</time></trkpt><trkpt lat="60.05976" lon="18.750425"><ele>17.332</ele><time>2026-05-01T08:32:16.642Z</time><extensions><gpxtpx:TrackPointExtension><gpxtpx:hr>94</gpxtpx:hr></gpxtpx:TrackPointExtension></extensions></trkpt><trkpt lat="60.059772" lon="18.750454"><ele>17.356</ele><time>2026-05-01T08:32:17.651Z</time><extensions><gpxtpx:TrackPointExtension><gpxtpx:hr>92</gpxtpx:hr></gpxtpx:TrackPointExtension></extensions></trkpt><trkpt lat="60.05978" lon="18.750484"><ele>17.385</ele><time>2026-05-01T08:32:18.660Z</time><extensions><gpxtpx:TrackPointExtension><gpxtpx:hr>92</gpxtpx:hr></gpxtpx:TrackPointExtension></extensions></trkpt><trkpt lat="60.059788" lon="18.750517"><ele>17.428</ele><time>2026-05-01T08:32:19.668Z</time><extensions><gpxtpx:TrackPointExtension><gpxtpx:hr>92</gpxtpx:hr></gpxtpx:TrackPointExtension></extensions></trkpt><trkpt lat="60.059795" lon="18.750551"><ele>17.483</ele><time>2026-05-01T08:32:20.676Z</time><extensions><gpxtpx:TrackPointExtension><gpxtpx:hr>92</gpxtpx:hr></gpxtpx:TrackPointExtension></extensions></trkpt><trkpt lat="60.059803" lon="18.750584"><ele>17.541</ele><time>2026-05-01T08:32:21.684Z</time><extensions><gpxtpx:TrackPointExtension><gpxtpx:hr>92</gpxtpx:hr></gpxtpx:TrackPointExtension></extensions></trkpt><trkpt lat="60.05981" lon="18.750618"><ele>17.694</ele><time>2026-05-01T08:32:22.693Z</time><extensions><gpxtpx:TrackPointExtension><gpxtpx:hr>91</gpxtpx:hr></gpxtpx:TrackPointExtension></extensions></trkpt><trkpt lat="60.05982" lon="18.750652"><ele>17.753</ele><time>2026-05-01T08:32:23.701Z</time><extensions><gpxtpx:TrackPointExtension><gpxtpx:hr>90</gpxtpx:hr></gpxtpx:TrackPointExtension></extensions></trkpt><trkpt lat="60.059826" lon="18.750683"><ele>17.699</ele><time>2026-05-01T08:32:24.710Z</time><extensions><gpxtpx:TrackPointExtension><gpxtpx:hr>90</gpxtpx:hr></gpxtpx:TrackPointExtension></extensions></trkpt><trkpt lat="60.05983" lon="18.750713"><ele>17.662</ele><time>2026-05-01T08:32:25.719Z</time><extensions><gpxtpx:TrackPointExtension><gpxtpx:hr>91</gpxtpx:hr></gpxtpx:TrackPointExtension></extensions></trkpt><trkpt lat="60.059837" lon="18.750742"><ele>17.728</ele><time>2026-05-01T08:32:26.726Z</time><extensions><gpxtpx:TrackPointExtension><gpxtpx:hr>91</gpxtpx:hr></gpxtpx:TrackPointExtension></extensions></trkpt><trkpt lat="60.05984" lon="18.750772"><ele>17.745</ele><time>2026-05-01T08:32:27.734Z</time><extensions><gpxtpx:TrackPointExtension><gpxtpx:hr>91</gpxtpx:hr></gpxtpx:TrackPointExtension></extensions></trkpt><trkpt lat="60.05985" lon="18.750801"><ele>17.635</ele><time>2026-05-01T08:32:28.742Z</time><extensions><gpxtpx:TrackPointExtension><gpxtpx:hr>92</gpxtpx:hr></gpxtpx:TrackPointExtension></extensions></trkpt><trkpt lat="60.059853" lon="18.75083"><ele>17.649</ele><time>2026-05-01T08:32:29.750Z</time><extensions><gpxtpx:TrackPointExtension><gpxtpx:hr>92</gpxtpx:hr></gpxtpx:TrackPointExtension></extensions></trkpt><trkpt lat="60.05986" lon="18.750858"><ele>17.727</ele><time>2026-05-01T08:32:30.760Z</time><extensions><gpxtpx:TrackPointExtension><gpxtpx:hr>92</gpxtpx:hr></gpxtpx:TrackPointExtension></extensions></trkpt><trkpt lat="60.059864" lon="18.750885"><ele>17.724</ele><time>2026-05-01T08:32:31.769Z</time><extensions><gpxtpx:TrackPointExtension><gpxtpx:hr>90</gpxtpx:hr></gpxtpx:TrackPointExtension></extensions></trkpt><trkpt lat="60.059868" lon="18.75091"><ele>17.687</ele><time>2026-05-01T08:32:32.776Z</time><extensions><gpxtpx:TrackPointExtension><gpxtpx:hr>89</gpxtpx:hr></gpxtpx:TrackPointExtension></extensions></trkpt><trkpt lat="60.05987" lon="18.750935"><ele>17.762</ele><time>2026-05-01T08:32:33.783Z</time><extensions><gpxtpx:TrackPointExtension><gpxtpx:hr>88</gpxtpx:hr></gpxtpx:TrackPointExtension></extensions></trkpt><trkpt lat="60.05988" lon="18.75096"><ele>17.832</ele><time>2026-05-01T08:32:34.791Z</time><extensions><gpxtpx:TrackPointExtension><gpxtpx:hr>86</gpxtpx:hr></gpxtpx:TrackPointExtension></extensions></trkpt><trkpt lat="60.059883" lon="18.750982"><ele>17.674</ele><time>2026-05-01T08:32:35.799Z</time><extensions><gpxtpx:TrackPointExtension><gpxtpx:hr>85</gpxtpx:hr></gpxtpx:TrackPointExtension></extensions></trkpt><trkpt lat="60.05989" lon="18.751007"><ele>17.492</ele><time>2026-05-01T08:32:36.806Z</time><extensions><gpxtpx:TrackPointExtension><gpxtpx:hr>84</gpxtpx:hr></gpxtpx:TrackPointExtension></extensions></trkpt><trkpt lat="60.0599" lon="18.751032"><ele>17.354</ele><time>2026-05-01T08:32:37.816Z</time><extensions><gpxtpx:TrackPointExtension><gpxtpx:hr>83</gpxtpx:hr></gpxtpx:TrackPointExtension></extensions></trkpt><trkpt lat="60.059906" lon="18.751055"><ele>17.212</ele><time>2026-05-01T08:32:38.825Z</time><extensions><gpxtpx:TrackPointExtension><gpxtpx:hr>84</gpxtpx:hr></gpxtpx:TrackPointExtension></extensions></trkpt><trkpt lat="60.059914" lon="18.751078"><ele>17.099</ele><time>2026-05-01T08:32:39.833Z</time><extensions><gpxtpx:TrackPointExtension><gpxtpx:hr>85</gpxtpx:hr></gpxtpx:TrackPointExtension></extensions></trkpt><trkpt lat="60.059925" lon="18.7511"><ele>17.028</ele><time>2026-05-01T08:32:40.842Z</time><extensions><gpxtpx:TrackPointExtension><gpxtpx:hr>86</gpxtpx:hr></gpxtpx:TrackPointExtension></extensions></trkpt><trkpt lat="60.059933" lon="18.751123"><ele>17.057</ele><time>2026-05-01T08:32:41.851Z</time><extensions><gpxtpx:TrackPointExtension><gpxtpx:hr>87</gpxtpx:hr></gpxtpx:TrackPointExtension></extensions></trkpt><trkpt lat="60.059944" lon="18.751144"><ele>17.139</ele><time>2026-05-01T08:32:42.860Z</time><extensions><gpxtpx:TrackPointExtension><gpxtpx:hr>88</gpxtpx:hr></gpxtpx:TrackPointExtension></extensions></trkpt><trkpt lat="60.05995" lon="18.751167"><ele>17.059</ele><time>2026-05-01T08:32:43.869Z</time><extensions><gpxtpx:TrackPointExtension><gpxtpx:hr>88</gpxtpx:hr></gpxtpx:TrackPointExtension></extensions></trkpt><trkpt lat="60.059963" lon="18.75119"><ele>17.04</ele><time>2026-05-01T08:32:44.876Z</time><extensions><gpxtpx:TrackPointExtension><gpxtpx:hr>88</gpxtpx:hr></gpxtpx:TrackPointExtension></extensions></trkpt><trkpt lat="60.059975" lon="18.751213"><ele>17.016</ele><time>2026-05-01T08:32:45.884Z</time><extensions><gpxtpx:TrackPointExtension><gpxtpx:hr>87</gpxtpx:hr></gpxtpx:TrackPointExtension></extensions></trkpt><trkpt lat="60.059986" lon="18.751236"><ele>16.965</ele><time>2026-05-01T08:32:46.892Z</time><extensions><gpxtpx:TrackPointExtension><gpxtpx:hr>87</gpxtpx:hr></gpxtpx:TrackPointExtension></extensions></trkpt><trkpt lat="60.059998" lon="18.751259"><ele>16.992</ele><time>2026-05-01T08:32:47.895Z</time><extensions><gpxtpx:TrackPointExtension><gpxtpx:hr>87</gpxtpx:hr></gpxtpx:TrackPointExtension></extensions></trkpt><trkpt lat="60.06001" lon="18.751284"><ele>17.045</ele><time>2026-05-01T08:32:48.900Z</time><extensions><gpxtpx:TrackPointExtension><gpxtpx:hr>87</gpxtpx:hr></gpxtpx:TrackPointExtension></extensions></trkpt><trkpt lat="60.06002" lon="18.751308"><ele>17.01</ele><time>2026-05-01T08:32:49.902Z</time><extensions><gpxtpx:TrackPointExtension><gpxtpx:hr>86</gpxtpx:hr></gpxtpx:TrackPointExtension></extensions></trkpt><trkpt lat="60.06003" lon="18.751333"><ele>16.875</ele><time>2026-05-01T08:32:50.905Z</time><extensions><gpxtpx:TrackPointExtension><gpxtpx:hr>85</gpxtpx:hr></gpxtpx:TrackPointExtension></extensions></trkpt><trkpt lat="60.060043" lon="18.75136"><ele>16.854</ele><time>2026-05-01T08:32:51.914Z</time><extensions><gpxtpx:TrackPointExtension><gpxtpx:hr>85</gpxtpx:hr></gpxtpx:TrackPointExtension></extensions></trkpt><trkpt lat="60.060055" lon="18.751385"><ele>16.83</ele><time>2026-05-01T08:32:52.922Z</time><extensions><gpxtpx:TrackPointExtension><gpxtpx:hr>84</gpxtpx:hr></gpxtpx:TrackPointExtension></extensions></trkpt><trkpt lat="60.060066" lon="18.75141"><ele>16.79</ele><time>2026-05-01T08:32:53.932Z</time><extensions><gpxtpx:TrackPointExtension><gpxtpx:hr>83</gpxtpx:hr></gpxtpx:TrackPointExtension></extensions></trkpt><trkpt lat="60.060078" lon="18.751434"><ele>16.69</ele><time>2026-05-01T08:32:54.940Z</time><extensions><gpxtpx:TrackPointExtension><gpxtpx:hr>82</gpxtpx:hr></gpxtpx:TrackPointExtension></extensions></trkpt><trkpt lat="60.06009" lon="18.75146"><ele>16.748</ele><time>2026-05-01T08:32:55.949Z</time><extensions><gpxtpx:TrackPointExtension><gpxtpx:hr>82</gpxtpx:hr></gpxtpx:TrackPointExtension></extensions></trkpt><trkpt lat="60.0601" lon="18.751484"><ele>16.783</ele><time>2026-05-01T08:32:56.955Z</time><extensions><gpxtpx:TrackPointExtension><gpxtpx:hr>82</gpxtpx:hr></gpxtpx:TrackPointExtension></extensions></trkpt><trkpt lat="60.060112" lon="18.751509"><ele>16.815</ele><time>2026-05-01T08:32:57.964Z</time><extensions><gpxtpx:TrackPointExtension><gpxtpx:hr>82</gpxtpx:hr></gpxtpx:TrackPointExtension></extensions></trkpt><trkpt lat="60.060123" lon="18.751535"><ele>16.77</ele><time>2026-05-01T08:32:58.973Z</time><extensions><gpxtpx:TrackPointExtension><gpxtpx:hr>82</gpxtpx:hr></gpxtpx:TrackPointExtension></extensions></trkpt><trkpt lat="60.060135" lon="18.751558"><ele>16.845</ele><time>2026-05-01T08:32:59.982Z</time><extensions><gpxtpx:TrackPointExtension><gpxtpx:hr>82</gpxtpx:hr></gpxtpx:TrackPointExtension></extensions></trkpt><trkpt lat="60.060146" lon="18.751581"><ele>16.797</ele><time>2026-05-01T08:33:00.992Z</time><extensions><gpxtpx:TrackPointExtension><gpxtpx:hr>82</gpxtpx:hr></gpxtpx:TrackPointExtension></extensions></trkpt><trkpt lat="60.060158" lon="18.751604"><ele>16.658</ele><time>2026-05-01T08:33:02Z</time><extensions><gpxtpx:TrackPointExtension><gpxtpx:hr>83</gpxtpx:hr></gpxtpx:TrackPointExtension></extensions></trkpt><trkpt lat="60.06017" lon="18.751627"><ele>16.552</ele><time>2026-05-01T08:33:03.009Z</time><extensions><gpxtpx:TrackPointExtension><gpxtpx:hr>84</gpxtpx:hr></gpxtpx:TrackPointExtension></extensions></trkpt><trkpt lat="60.060184" lon="18.751652"><ele>16.557</ele><time>2026-05-01T08:33:04.016Z</time></trkpt><trkpt lat="60.060196" lon="18.751675"><ele>16.498</ele><time>2026-05-01T08:33:05.025Z</time><extensions><gpxtpx:TrackPointExtension><gpxtpx:hr>85</gpxtpx:hr></gpxtpx:TrackPointExtension></extensions></trkpt><trkpt lat="60.060207" lon="18.7517"><ele>16.525</ele><time>2026-05-01T08:33:06.034Z</time><extensions><gpxtpx:TrackPointExtension><gpxtpx:hr>85</gpxtpx:hr></gpxtpx:TrackPointExtension></extensions></trkpt><trkpt lat="60.060223" lon="18.751726"><ele>16.497</ele><time>2026-05-01T08:33:07.042Z</time><extensions><gpxtpx:TrackPointExtension><gpxtpx:hr>85</gpxtpx:hr></gpxtpx:TrackPointExtension></extensions></trkpt><trkpt lat="60.060234" lon="18.751749"><ele>16.515</ele><time>2026-05-01T08:33:08.049Z</time><extensions><gpxtpx:TrackPointExtension><gpxtpx:hr>85</gpxtpx:hr></gpxtpx:TrackPointExtension></extensions></trkpt><trkpt lat="60.06025" lon="18.751776"><ele>16.624</ele><time>2026-05-01T08:33:09.050Z</time></trkpt><trkpt lat="60.06026" lon="18.7518"><ele>16.567</ele><time>2026-05-01T08:33:10.049Z</time><extensions><gpxtpx:TrackPointExtension><gpxtpx:hr>86</gpxtpx:hr></gpxtpx:TrackPointExtension></extensions></trkpt><trkpt lat="60.060272" lon="18.75183"><ele>16.651</ele><time>2026-05-01T08:33:11.050Z</time><extensions><gpxtpx:TrackPointExtension><gpxtpx:hr>87</gpxtpx:hr></gpxtpx:TrackPointExtension></extensions></trkpt><trkpt lat="60.060284" lon="18.751858"><ele>16.671</ele><time>2026-05-01T08:33:12.049Z</time><extensions><gpxtpx:TrackPointExtension><gpxtpx:hr>88</gpxtpx:hr></gpxtpx:TrackPointExtension></extensions></trkpt><trkpt lat="60.060295" lon="18.751888"><ele>16.715</ele><time>2026-05-01T08:33:13.050Z</time><extensions><gpxtpx:TrackPointExtension><gpxtpx:hr>88</gpxtpx:hr></gpxtpx:TrackPointExtension></extensions></trkpt><trkpt lat="60.060303" lon="18.75192"><ele>16.652</ele><time>2026-05-01T08:33:14.049Z</time></trkpt><trkpt lat="60.060307" lon="18.751955"><ele>16.549</ele><time>2026-05-01T08:33:15.050Z</time><extensions><gpxtpx:TrackPointExtension><gpxtpx:hr>88</gpxtpx:hr></gpxtpx:TrackPointExtension></extensions></trkpt><trkpt lat="60.06031" lon="18.751987"><ele>16.54</ele><time>2026-05-01T08:33:16.054Z</time><extensions><gpxtpx:TrackPointExtension><gpxtpx:hr>87</gpxtpx:hr></gpxtpx:TrackPointExtension></extensions></trkpt><trkpt lat="60.06031" lon="18.75202"><ele>16.529</ele><time>2026-05-01T08:33:17.063Z</time><extensions><gpxtpx:TrackPointExtension><gpxtpx:hr>86</gpxtpx:hr></gpxtpx:TrackPointExtension></extensions></trkpt><trkpt lat="60.060314" lon="18.752052"><ele>16.518</ele><time>2026-05-01T08:33:18.071Z</time><extensions><gpxtpx:TrackPointExtension><gpxtpx:hr>86</gpxtpx:hr></gpxtpx:TrackPointExtension></extensions></trkpt><trkpt lat="60.060318" lon="18.752085"><ele>16.499</ele><time>2026-05-01T08:33:19.076Z</time></trkpt><trkpt lat="60.06032" lon="18.752117"><ele>16.505</ele><time>2026-05-01T08:33:20.085Z</time><extensions><gpxtpx:TrackPointExtension><gpxtpx:hr>85</gpxtpx:hr></gpxtpx:TrackPointExtension></extensions></trkpt><trkpt lat="60.060326" lon="18.75215"><ele>16.496</ele><time>2026-05-01T08:33:21.095Z</time><extensions><gpxtpx:TrackPointExtension><gpxtpx:hr>85</gpxtpx:hr></gpxtpx:TrackPointExtension></extensions></trkpt><trkpt lat="60.06033" lon="18.752182"><ele>16.424</ele><time>2026-05-01T08:33:22.103Z</time><extensions><gpxtpx:TrackPointExtension><gpxtpx:hr>85</gpxtpx:hr></gpxtpx:TrackPointExtension></extensions></trkpt><trkpt lat="60.060333" lon="18.752213"><ele>16.387</ele><time>2026-05-01T08:33:23.112Z</time><extensions><gpxtpx:TrackPointExtension><gpxtpx:hr>85</gpxtpx:hr></gpxtpx:TrackPointExtension></extensions></trkpt><trkpt lat="60.060337" lon="18.752245"><ele>16.351</ele><time>2026-05-01T08:33:24.121Z</time></trkpt><trkpt lat="60.060337" lon="18.752277"><ele>16.339</ele><time>2026-05-01T08:33:25.130Z</time><extensions><gpxtpx:TrackPointExtension><gpxtpx:hr>85</gpxtpx:hr></gpxtpx:TrackPointExtension></extensions></trkpt><trkpt lat="60.06034" lon="18.752308"><ele>16.339</ele><time>2026-05-01T08:33:26.139Z</time><extensions><gpxtpx:TrackPointExtension><gpxtpx:hr>84</gpxtpx:hr></gpxtpx:TrackPointExtension></extensions></trkpt><trkpt lat="60.060345" lon="18.752338"><ele>16.259</ele><time>2026-05-01T08:33:27.146Z</time></trkpt><trkpt lat="60.060345" lon="18.752369"><ele>16.277</ele><time>2026-05-01T08:33:28.155Z</time><extensions><gpxtpx:TrackPointExtension><gpxtpx:hr>83</gpxtpx:hr></gpxtpx:TrackPointExtension></extensions></trkpt><trkpt lat="60.06035" lon="18.7524"><ele>16.277</ele><time>2026-05-01T08:33:29.163Z</time></trkpt><trkpt lat="60.06035" lon="18.752432"><ele>16.321</ele><time>2026-05-01T08:33:30.171Z</time><extensions><gpxtpx:TrackPointExtension><gpxtpx:hr>83</gpxtpx:hr></gpxtpx:TrackPointExtension></extensions></trkpt><trkpt lat="60.060352" lon="18.752462"><ele>16.335</ele><time>2026-05-01T08:33:31.180Z</time><extensions><gpxtpx:TrackPointExtension><gpxtpx:hr>84</gpxtpx:hr></gpxtpx:TrackPointExtension></extensions></trkpt><trkpt lat="60.060356" lon="18.752493"><ele>16.298</ele><time>2026-05-01T08:33:32.189Z</time><extensions><gpxtpx:TrackPointExtension><gpxtpx:hr>84</gpxtpx:hr></gpxtpx:TrackPointExtension></extensions></trkpt><trkpt lat="60.06036" lon="18.752523"><ele>16.371</ele><time>2026-05-01T08:33:33.199Z</time><extensions><gpxtpx:TrackPointExtension><gpxtpx:hr>84</gpxtpx:hr></gpxtpx:TrackPointExtension></extensions></trkpt><trkpt lat="60.060364" lon="18.752556"><ele>16.369</ele><time>2026-05-01T08:33:34.204Z</time></trkpt><trkpt lat="60.060368" lon="18.752584"><ele>16.282</ele><time>2026-05-01T08:33:35.214Z</time><extensions><gpxtpx:TrackPointExtension><gpxtpx:hr>86</gpxtpx:hr></gpxtpx:TrackPointExtension></extensions></trkpt><trkpt lat="60.060375" lon="18.752613"><ele>16.278</ele><time>2026-05-01T08:33:36.223Z</time><extensions><gpxtpx:TrackPointExtension><gpxtpx:hr>88</gpxtpx:hr></gpxtpx:TrackPointExtension></extensions></trkpt><trkpt lat="60.06038" lon="18.752644"><ele>16.487</ele><time>2026-05-01T08:33:37.232Z</time><extensions><gpxtpx:TrackPointExtension><gpxtpx:hr>88</gpxtpx:hr></gpxtpx:TrackPointExtension></extensions></trkpt><trkpt lat="60.060387" lon="18.752674"><ele>16.446</ele><time>2026-05-01T08:33:38.241Z</time><extensions><gpxtpx:TrackPointExtension><gpxtpx:hr>89</gpxtpx:hr></gpxtpx:TrackPointExtension></extensions></trkpt><trkpt lat="60.06039" lon="18.752703"><ele>16.35</ele><time>2026-05-01T08:33:39.249Z</time></trkpt><trkpt lat="60.0604" lon="18.752733"><ele>16.393</ele><time>2026-05-01T08:33:40.258Z</time><extensions><gpxtpx:TrackPointExtension><gpxtpx:hr>91</gpxtpx:hr></gpxtpx:TrackPointExtension></extensions></trkpt><trkpt lat="60.060406" lon="18.752764"><ele>16.287</ele><time>2026-05-01T08:33:41.264Z</time><extensions><gpxtpx:TrackPointExtension><gpxtpx:hr>92</gpxtpx:hr></gpxtpx:TrackPointExtension></extensions></trkpt><trkpt lat="60.060413" lon="18.752794"><ele>16.303</ele><time>2026-05-01T08:33:42.273Z</time><extensions><gpxtpx:TrackPointExtension><gpxtpx:hr>93</gpxtpx:hr></gpxtpx:TrackPointExtension></extensions></trkpt><trkpt lat="60.06042" lon="18.752827"><ele>16.243</ele><time>2026-05-01T08:33:43.281Z</time><extensions><gpxtpx:TrackPointExtension><gpxtpx:hr>95</gpxtpx:hr></gpxtpx:TrackPointExtension></extensions></trkpt><trkpt lat="60.060432" lon="18.752861"><ele>16.204</ele><time>2026-05-01T08:33:44.289Z</time></trkpt><trkpt lat="60.06044" lon="18.752893"><ele>16.122</ele><time>2026-05-01T08:33:45.295Z</time><extensions><gpxtpx:TrackPointExtension><gpxtpx:hr>96</gpxtpx:hr></gpxtpx:TrackPointExtension></extensions></trkpt><trkpt lat="60.06045" lon="18.752926"><ele>16.066</ele><time>2026-05-01T08:33:46.304Z</time><extensions><gpxtpx:TrackPointExtension><gpxtpx:hr>97</gpxtpx:hr></gpxtpx:TrackPointExtension></extensions></trkpt><trkpt lat="60.060463" lon="18.752958"><ele>16.021</ele><time>2026-05-01T08:33:47.313Z</time><extensions><gpxtpx:TrackPointExtension><gpxtpx:hr>98</gpxtpx:hr></gpxtpx:TrackPointExtension></extensions></trkpt><trkpt lat="60.06047" lon="18.752985"><ele>16.012</ele><time>2026-05-01T08:33:48.321Z</time><extensions><gpxtpx:TrackPointExtension><gpxtpx:hr>98</gpxtpx:hr></gpxtpx:TrackPointExtension></extensions></trkpt><trkpt lat="60.060482" lon="18.753012"><ele>15.96</ele><time>2026-05-01T08:33:49.330Z</time></trkpt><trkpt lat="60.06049" lon="18.75304"><ele>15.964</ele><time>2026-05-01T08:33:50.335Z</time><extensions><gpxtpx:TrackPointExtension><gpxtpx:hr>99</gpxtpx:hr></gpxtpx:TrackPointExtension></extensions></trkpt><trkpt lat="60.0605" lon="18.753065"><ele>15.933</ele><time>2026-05-01T08:33:51.343Z</time><extensions><gpxtpx:TrackPointExtension><gpxtpx:hr>100</gpxtpx:hr></gpxtpx:TrackPointExtension></extensions></trkpt><trkpt lat="60.06051" lon="18.75309"><ele>15.957</ele><time>2026-05-01T08:33:52.352Z</time><extensions><gpxtpx:TrackPointExtension><gpxtpx:hr>100</gpxtpx:hr></gpxtpx:TrackPointExtension></extensions></trkpt><trkpt lat="60.06052" lon="18.753115"><ele>16.001</ele><time>2026-05-01T08:33:53.361Z</time></trkpt><trkpt lat="60.06053" lon="18.753138"><ele>16.055</ele><time>2026-05-01T08:33:54.369Z</time><extensions><gpxtpx:TrackPointExtension><gpxtpx:hr>101</gpxtpx:hr></gpxtpx:TrackPointExtension></extensions></trkpt><trkpt lat="60.060543" lon="18.753162"><ele>16.037</ele><time>2026-05-01T08:33:55.376Z</time><extensions><gpxtpx:TrackPointExtension><gpxtpx:hr>102</gpxtpx:hr></gpxtpx:TrackPointExtension></extensions></trkpt><trkpt lat="60.060555" lon="18.753187"><ele>16.027</ele><time>2026-05-01T08:33:56.387Z</time><extensions><gpxtpx:TrackPointExtension><gpxtpx:hr>103</gpxtpx:hr></gpxtpx:TrackPointExtension></extensions></trkpt><trkpt lat="60.06057" lon="18.753208"><ele>16.078</ele><time>2026-05-01T08:33:57.394Z</time><extensions><gpxtpx:TrackPointExtension><gpxtpx:hr>103</gpxtpx:hr></gpxtpx:TrackPointExtension></extensions></trkpt><trkpt lat="60.06058" lon="18.753233"><ele>16.149</ele><time>2026-05-01T08:33:58.403Z</time></trkpt><trkpt lat="60.06059" lon="18.753256"><ele>16.189</ele><time>2026-05-01T08:33:59.412Z</time><extensions><gpxtpx:TrackPointExtension><gpxtpx:hr>104</gpxtpx:hr></gpxtpx:TrackPointExtension></extensions></trkpt><trkpt lat="60.0606" lon="18.75328"><ele>16.211</ele><time>2026-05-01T08:34:00.420Z</time><extensions><gpxtpx:TrackPointExtension><gpxtpx:hr>104</gpxtpx:hr></gpxtpx:TrackPointExtension></extensions></trkpt><trkpt lat="60.060616" lon="18.753305"><ele>16.19</ele><time>2026-05-01T08:34:01.430Z</time><extensions><gpxtpx:TrackPointExtension><gpxtpx:hr>103</gpxtpx:hr></gpxtpx:TrackPointExtension></extensions></trkpt><trkpt lat="60.060627" lon="18.75333"><ele>16.195</ele><time>2026-05-01T08:34:02.436Z</time><extensions><gpxtpx:TrackPointExtension><gpxtpx:hr>102</gpxtpx:hr></gpxtpx:TrackPointExtension></extensions></trkpt><trkpt lat="60.06064" lon="18.753353"><ele>16.206</ele><time>2026-05-01T08:34:03.445Z</time></trkpt><trkpt lat="60.060654" lon="18.753374"><ele>16.371</ele><time>2026-05-01T08:34:04.454Z</time><extensions><gpxtpx:TrackPointExtension><gpxtpx:hr>101</gpxtpx:hr></gpxtpx:TrackPointExtension></extensions></trkpt><trkpt lat="60.060665" lon="18.753395"><ele>16.425</ele><time>2026-05-01T08:34:05.463Z</time><extensions><gpxtpx:TrackPointExtension><gpxtpx:hr>101</gpxtpx:hr></gpxtpx:TrackPointExtension></extensions></trkpt><trkpt lat="60.060677" lon="18.753418"><ele>16.442</ele><time>2026-05-01T08:34:06.471Z</time><extensions><gpxtpx:TrackPointExtension><gpxtpx:hr>102</gpxtpx:hr></gpxtpx:TrackPointExtension></extensions></trkpt><trkpt lat="60.06069" lon="18.753439"><ele>16.456</ele><time>2026-05-01T08:34:07.480Z</time><extensions><gpxtpx:TrackPointExtension><gpxtpx:hr>102</gpxtpx:hr></gpxtpx:TrackPointExtension></extensions></trkpt><trkpt lat="60.060707" lon="18.753466"><ele>16.587</ele><time>2026-05-01T08:34:08.490Z</time></trkpt><trkpt lat="60.060722" lon="18.753492"><ele>16.616</ele><time>2026-05-01T08:34:09.498Z</time><extensions><gpxtpx:TrackPointExtension><gpxtpx:hr>103</gpxtpx:hr></gpxtpx:TrackPointExtension></extensions></trkpt><trkpt lat="60.06074" lon="18.753521"><ele>16.587</ele><time>2026-05-01T08:34:10.505Z</time><extensions><gpxtpx:TrackPointExtension><gpxtpx:hr>104</gpxtpx:hr></gpxtpx:TrackPointExtension></extensions></trkpt><trkpt lat="60.060764" lon="18.753553"><ele>16.653</ele><time>2026-05-01T08:34:11.513Z</time><extensions><gpxtpx:TrackPointExtension><gpxtpx:hr>106</gpxtpx:hr></gpxtpx:TrackPointExtension></extensions></trkpt><trkpt lat="60.060795" lon="18.753593"><ele>16.678</ele><time>2026-05-01T08:34:12.522Z</time><extensions><gpxtpx:TrackPointExtension><gpxtpx:hr>106</gpxtpx:hr></gpxtpx:TrackPointExtension></extensions></trkpt><trkpt lat="60.060833" lon="18.75364"><ele>16.714</ele><time>2026-05-01T08:34:13.531Z</time></trkpt><trkpt lat="60.060883" lon="18.753696"><ele>16.701</ele><time>2026-05-01T08:34:14.540Z</time><extensions><gpxtpx:TrackPointExtension><gpxtpx:hr>106</gpxtpx:hr></gpxtpx:TrackPointExtension></extensions></trkpt><trkpt lat="60.060932" lon="18.753756"><ele>16.82</ele><time>2026-05-01T08:34:15.547Z</time><extensions><gpxtpx:TrackPointExtension><gpxtpx:hr>105</gpxtpx:hr></gpxtpx:TrackPointExtension></extensions></trkpt><trkpt lat="60.060986" lon="18.753813"><ele>19.344</ele><time>2026-05-01T08:35:32.736Z</time><extensions><gpxtpx:TrackPointExtension><gpxtpx:hr>112</gpxtpx:hr></gpxtpx:TrackPointExtension></extensions></trkpt><trkpt lat="60.06104" lon="18.753872"><ele>19.358</ele><time>2026-05-01T08:35:33.738Z</time><extensions><gpxtpx:TrackPointExtension><gpxtpx:hr>111</gpxtpx:hr></gpxtpx:TrackPointExtension></extensions></trkpt><trkpt lat="60.061092" lon="18.75393"><ele>19.405</ele><time>2026-05-01T08:35:34.737Z</time><extensions><gpxtpx:TrackPointExtension><gpxtpx:hr>110</gpxtpx:hr></gpxtpx:TrackPointExtension></extensions></trkpt><trkpt lat="60.06114" lon="18.753979"><ele>19.235</ele><time>2026-05-01T08:35:35.739Z</time></trkpt><trkpt lat="60.061176" lon="18.754017"><ele>19.142</ele><time>2026-05-01T08:35:36.745Z</time><extensions><gpxtpx:TrackPointExtension><gpxtpx:hr>111</gpxtpx:hr></gpxtpx:TrackPointExtension></extensions></trkpt><trkpt lat="60.0612" lon="18.754042"><ele>19.058</ele><time>2026-05-01T08:35:37.753Z</time><extensions><gpxtpx:TrackPointExtension><gpxtpx:hr>111</gpxtpx:hr></gpxtpx:TrackPointExtension></extensions></trkpt><trkpt lat="60.06122" lon="18.754059"><ele>19.032</ele><time>2026-05-01T08:35:38.762Z</time><extensions><gpxtpx:TrackPointExtension><gpxtpx:hr>111</gpxtpx:hr></gpxtpx:TrackPointExtension></extensions></trkpt><trkpt lat="60.061234" lon="18.754072"><ele>18.963</ele><time>2026-05-01T08:35:39.768Z</time><extensions><gpxtpx:TrackPointExtension><gpxtpx:hr>110</gpxtpx:hr></gpxtpx:TrackPointExtension></extensions></trkpt><trkpt lat="60.061245" lon="18.754082"><ele>18.858</ele><time>2026-05-01T08:35:40.777Z</time><extensions><gpxtpx:TrackPointExtension><gpxtpx:hr>110</gpxtpx:hr></gpxtpx:TrackPointExtension></extensions></trkpt><trkpt lat="60.061256" lon="18.754093"><ele>18.787</ele><time>2026-05-01T08:35:41.785Z</time><extensions><gpxtpx:TrackPointExtension><gpxtpx:hr>110</gpxtpx:hr></gpxtpx:TrackPointExtension></extensions></trkpt><trkpt lat="60.061268" lon="18.754103"><ele>18.756</ele><time>2026-05-01T08:35:42.787Z</time><extensions><gpxtpx:TrackPointExtension><gpxtpx:hr>109</gpxtpx:hr></gpxtpx:TrackPointExtension></extensions></trkpt><trkpt lat="60.061283" lon="18.75411"><ele>18.722</ele><time>2026-05-01T08:35:43.785Z</time><extensions><gpxtpx:TrackPointExtension><gpxtpx:hr>108</gpxtpx:hr></gpxtpx:TrackPointExtension></extensions></trkpt><trkpt lat="60.061295" lon="18.754118"><ele>18.714</ele><time>2026-05-01T08:35:44.784Z</time><extensions><gpxtpx:TrackPointExtension><gpxtpx:hr>108</gpxtpx:hr></gpxtpx:TrackPointExtension></extensions></trkpt><trkpt lat="60.061306" lon="18.754126"><ele>18.695</ele><time>2026-05-01T08:35:45.784Z</time><extensions><gpxtpx:TrackPointExtension><gpxtpx:hr>107</gpxtpx:hr></gpxtpx:TrackPointExtension></extensions></trkpt><trkpt lat="60.06132" lon="18.754131"><ele>18.607</ele><time>2026-05-01T08:35:46.784Z</time><extensions><gpxtpx:TrackPointExtension><gpxtpx:hr>105</gpxtpx:hr></gpxtpx:TrackPointExtension></extensions></trkpt><trkpt lat="60.061333" lon="18.754137"><ele>18.542</ele><time>2026-05-01T08:35:47.785Z</time><extensions><gpxtpx:TrackPointExtension><gpxtpx:hr>104</gpxtpx:hr></gpxtpx:TrackPointExtension></extensions></trkpt><trkpt lat="60.061344" lon="18.75414"><ele>18.502</ele><time>2026-05-01T08:35:48.791Z</time><extensions><gpxtpx:TrackPointExtension><gpxtpx:hr>104</gpxtpx:hr></gpxtpx:TrackPointExtension></extensions></trkpt><trkpt lat="60.061356" lon="18.754145"><ele>18.437</ele><time>2026-05-01T08:35:49.800Z</time><extensions><gpxtpx:TrackPointExtension><gpxtpx:hr>104</gpxtpx:hr></gpxtpx:TrackPointExtension></extensions></trkpt><trkpt lat="60.061363" lon="18.754148"><ele>18.353</ele><time>2026-05-01T08:35:50.807Z</time><extensions><gpxtpx:TrackPointExtension><gpxtpx:hr>103</gpxtpx:hr></gpxtpx:TrackPointExtension></extensions></trkpt><trkpt lat="60.061375" lon="18.754154"><ele>18.29</ele><time>2026-05-01T08:35:51.815Z</time><extensions><gpxtpx:TrackPointExtension><gpxtpx:hr>103</gpxtpx:hr></gpxtpx:TrackPointExtension></extensions></trkpt><trkpt lat="60.061382" lon="18.754158"><ele>18.256</ele><time>2026-05-01T08:35:52.823Z</time><extensions><gpxtpx:TrackPointExtension><gpxtpx:hr>102</gpxtpx:hr></gpxtpx:TrackPointExtension></extensions></trkpt><trkpt lat="60.061394" lon="18.754164"><ele>18.125</ele><time>2026-05-01T08:35:53.832Z</time><extensions><gpxtpx:TrackPointExtension><gpxtpx:hr>102</gpxtpx:hr></gpxtpx:TrackPointExtension></extensions></trkpt><trkpt lat="60.061405" lon="18.754168"><ele>18.088</ele><time>2026-05-01T08:35:54.841Z</time><extensions><gpxtpx:TrackPointExtension><gpxtpx:hr>102</gpxtpx:hr></gpxtpx:TrackPointExtension></extensions></trkpt><trkpt lat="60.061417" lon="18.754173"><ele>18.049</ele><time>2026-05-01T08:35:55.851Z</time><extensions><gpxtpx:TrackPointExtension><gpxtpx:hr>102</gpxtpx:hr></gpxtpx:TrackPointExtension></extensions></trkpt><trkpt lat="60.061428" lon="18.754177"><ele>17.976</ele><time>2026-05-01T08:35:56.858Z</time><extensions><gpxtpx:TrackPointExtension><gpxtpx:hr>102</gpxtpx:hr></gpxtpx:TrackPointExtension></extensions></trkpt><trkpt lat="60.06144" lon="18.754183"><ele>17.898</ele><time>2026-05-01T08:35:57.867Z</time><extensions><gpxtpx:TrackPointExtension><gpxtpx:hr>102</gpxtpx:hr></gpxtpx:TrackPointExtension></extensions></trkpt><trkpt lat="60.06145" lon="18.754187"><ele>17.85</ele><time>2026-05-01T08:35:58.874Z</time><extensions><gpxtpx:TrackPointExtension><gpxtpx:hr>102</gpxtpx:hr></gpxtpx:TrackPointExtension></extensions></trkpt><trkpt lat="60.061462" lon="18.75419"><ele>17.815</ele><time>2026-05-01T08:35:59.883Z</time><extensions><gpxtpx:TrackPointExtension><gpxtpx:hr>102</gpxtpx:hr></gpxtpx:TrackPointExtension></extensions></trkpt><trkpt lat="60.061478" lon="18.754192"><ele>17.777</ele><time>2026-05-01T08:36:00.891Z</time><extensions><gpxtpx:TrackPointExtension><gpxtpx:hr>101</gpxtpx:hr></gpxtpx:TrackPointExtension></extensions></trkpt><trkpt lat="60.06149" lon="18.754192"><ele>17.747</ele><time>2026-05-01T08:36:01.900Z</time><extensions><gpxtpx:TrackPointExtension><gpxtpx:hr>102</gpxtpx:hr></gpxtpx:TrackPointExtension></extensions></trkpt><trkpt lat="60.0615" lon="18.754192"><ele>17.698</ele><time>2026-05-01T08:36:02.906Z</time><extensions><gpxtpx:TrackPointExtension><gpxtpx:hr>102</gpxtpx:hr></gpxtpx:TrackPointExtension></extensions></trkpt><trkpt lat="60.061512" lon="18.754194"><ele>17.612</ele><time>2026-05-01T08:36:03.915Z</time><extensions><gpxtpx:TrackPointExtension><gpxtpx:hr>103</gpxtpx:hr></gpxtpx:TrackPointExtension></extensions></trkpt><trkpt lat="60.061523" lon="18.754194"><ele>17.614</ele><time>2026-05-01T08:36:04.923Z</time><extensions><gpxtpx:TrackPointExtension><gpxtpx:hr>103</gpxtpx:hr></gpxtpx:TrackPointExtension></extensions></trkpt><trkpt lat="60.061535" lon="18.754196"><ele>17.562</ele><time>2026-05-01T08:36:05.932Z</time><extensions><gpxtpx:TrackPointExtension><gpxtpx:hr>103</gpxtpx:hr></gpxtpx:TrackPointExtension></extensions></trkpt><trkpt lat="60.061543" lon="18.754198"><ele>17.608</ele><time>2026-05-01T08:36:06.941Z</time><extensions><gpxtpx:TrackPointExtension><gpxtpx:hr>102</gpxtpx:hr></gpxtpx:TrackPointExtension></extensions></trkpt><trkpt lat="60.06155" lon="18.7542"><ele>17.608</ele><time>2026-05-01T08:36:07.951Z</time><extensions><gpxtpx:TrackPointExtension><gpxtpx:hr>101</gpxtpx:hr></gpxtpx:TrackPointExtension></extensions></trkpt><trkpt lat="60.06156" lon="18.754202"><ele>17.662</ele><time>2026-05-01T08:36:08.960Z</time><extensions><gpxtpx:TrackPointExtension><gpxtpx:hr>101</gpxtpx:hr></gpxtpx:TrackPointExtension></extensions></trkpt><trkpt lat="60.06157" lon="18.754204"><ele>17.638</ele><time>2026-05-01T08:36:09.967Z</time><extensions><gpxtpx:TrackPointExtension><gpxtpx:hr>101</gpxtpx:hr></gpxtpx:TrackPointExtension></extensions></trkpt><trkpt lat="60.061577" lon="18.754206"><ele>17.659</ele><time>2026-05-01T08:36:10.976Z</time><extensions><gpxtpx:TrackPointExtension><gpxtpx:hr>101</gpxtpx:hr></gpxtpx:TrackPointExtension></extensions></trkpt><trkpt lat="60.061584" lon="18.754208"><ele>17.656</ele><time>2026-05-01T08:36:11.985Z</time><extensions><gpxtpx:TrackPointExtension><gpxtpx:hr>101</gpxtpx:hr></gpxtpx:TrackPointExtension></extensions></trkpt><trkpt lat="60.061592" lon="18.75421"><ele>17.624</ele><time>2026-05-01T08:36:12.995Z</time><extensions><gpxtpx:TrackPointExtension><gpxtpx:hr>101</gpxtpx:hr></gpxtpx:TrackPointExtension></extensions></trkpt><trkpt lat="60.0616" lon="18.75421"><ele>17.652</ele><time>2026-05-01T08:36:14.003Z</time><extensions><gpxtpx:TrackPointExtension><gpxtpx:hr>100</gpxtpx:hr></gpxtpx:TrackPointExtension></extensions></trkpt><trkpt lat="60.061607" lon="18.754208"><ele>17.609</ele><time>2026-05-01T08:36:15.012Z</time></trkpt><trkpt lat="60.06162" lon="18.754208"><ele>17.604</ele><time>2026-05-01T08:36:16.021Z</time></trkpt><trkpt lat="60.061626" lon="18.754206"><ele>17.56</ele><time>2026-05-01T08:36:17.029Z</time><extensions><gpxtpx:TrackPointExtension><gpxtpx:hr>99</gpxtpx:hr></gpxtpx:TrackPointExtension></extensions></trkpt><trkpt lat="60.061638" lon="18.754204"><ele>17.541</ele><time>2026-05-01T08:36:18.036Z</time><extensions><gpxtpx:TrackPointExtension><gpxtpx:hr>98</gpxtpx:hr></gpxtpx:TrackPointExtension></extensions></trkpt><trkpt lat="60.061646" lon="18.754202"><ele>17.509</ele><time>2026-05-01T08:36:19.046Z</time><extensions><gpxtpx:TrackPointExtension><gpxtpx:hr>97</gpxtpx:hr></gpxtpx:TrackPointExtension></extensions></trkpt><trkpt lat="60.061653" lon="18.754202"><ele>17.512</ele><time>2026-05-01T08:36:20.055Z</time></trkpt><trkpt lat="60.061665" lon="18.754202"><ele>17.536</ele><time>2026-05-01T08:36:21.064Z</time><extensions><gpxtpx:TrackPointExtension><gpxtpx:hr>97</gpxtpx:hr></gpxtpx:TrackPointExtension></extensions></trkpt><trkpt lat="60.061672" lon="18.754202"><ele>17.563</ele><time>2026-05-01T08:36:22.073Z</time><extensions><gpxtpx:TrackPointExtension><gpxtpx:hr>97</gpxtpx:hr></gpxtpx:TrackPointExtension></extensions></trkpt><trkpt lat="60.06168" lon="18.754202"><ele>17.576</ele><time>2026-05-01T08:36:23.083Z</time><extensions><gpxtpx:TrackPointExtension><gpxtpx:hr>97</gpxtpx:hr></gpxtpx:TrackPointExtension></extensions></trkpt><trkpt lat="60.061687" lon="18.754202"><ele>17.612</ele><time>2026-05-01T08:36:24.090Z</time><extensions><gpxtpx:TrackPointExtension><gpxtpx:hr>97</gpxtpx:hr></gpxtpx:TrackPointExtension></extensions></trkpt><trkpt lat="60.061695" lon="18.754204"><ele>17.574</ele><time>2026-05-01T08:36:25.097Z</time></trkpt><trkpt lat="60.061703" lon="18.754204"><ele>17.564</ele><time>2026-05-01T08:36:26.106Z</time><extensions><gpxtpx:TrackPointExtension><gpxtpx:hr>96</gpxtpx:hr></gpxtpx:TrackPointExtension></extensions></trkpt><trkpt lat="60.061714" lon="18.754202"><ele>17.601</ele><time>2026-05-01T08:36:27.114Z</time><extensions><gpxtpx:TrackPointExtension><gpxtpx:hr>95</gpxtpx:hr></gpxtpx:TrackPointExtension></extensions></trkpt><trkpt lat="60.061726" lon="18.7542"><ele>17.613</ele><time>2026-05-01T08:36:28.123Z</time><extensions><gpxtpx:TrackPointExtension><gpxtpx:hr>95</gpxtpx:hr></gpxtpx:TrackPointExtension></extensions></trkpt><trkpt lat="60.061737" lon="18.754196"><ele>17.594</ele><time>2026-05-01T08:36:29.130Z</time><extensions><gpxtpx:TrackPointExtension><gpxtpx:hr>94</gpxtpx:hr></gpxtpx:TrackPointExtension></extensions></trkpt><trkpt lat="60.06175" lon="18.754192"><ele>17.594</ele><time>2026-05-01T08:36:30.137Z</time></trkpt><trkpt lat="60.06176" lon="18.754189"><ele>17.627</ele><time>2026-05-01T08:36:31.146Z</time><extensions><gpxtpx:TrackPointExtension><gpxtpx:hr>94</gpxtpx:hr></gpxtpx:TrackPointExtension></extensions></trkpt><trkpt lat="60.06177" lon="18.754185"><ele>17.621</ele><time>2026-05-01T08:36:32.154Z</time><extensions><gpxtpx:TrackPointExtension><gpxtpx:hr>96</gpxtpx:hr></gpxtpx:TrackPointExtension></extensions></trkpt><trkpt lat="60.061783" lon="18.75418"><ele>17.605</ele><time>2026-05-01T08:36:33.163Z</time><extensions><gpxtpx:TrackPointExtension><gpxtpx:hr>96</gpxtpx:hr></gpxtpx:TrackPointExtension></extensions></trkpt><trkpt lat="60.061794" lon="18.754175"><ele>17.576</ele><time>2026-05-01T08:36:34.172Z</time><extensions><gpxtpx:TrackPointExtension><gpxtpx:hr>95</gpxtpx:hr></gpxtpx:TrackPointExtension></extensions></trkpt><trkpt lat="60.061806" lon="18.754171"><ele>17.532</ele><time>2026-05-01T08:36:35.179Z</time></trkpt><trkpt lat="60.061817" lon="18.754166"><ele>17.496</ele><time>2026-05-01T08:36:36.186Z</time><extensions><gpxtpx:TrackPointExtension><gpxtpx:hr>94</gpxtpx:hr></gpxtpx:TrackPointExtension></extensions></trkpt><trkpt lat="60.06183" lon="18.754162"><ele>17.504</ele><time>2026-05-01T08:36:37.193Z</time><extensions><gpxtpx:TrackPointExtension><gpxtpx:hr>94</gpxtpx:hr></gpxtpx:TrackPointExtension></extensions></trkpt><trkpt lat="60.061844" lon="18.754156"><ele>17.439</ele><time>2026-05-01T08:36:38.202Z</time><extensions><gpxtpx:TrackPointExtension><gpxtpx:hr>94</gpxtpx:hr></gpxtpx:TrackPointExtension></extensions></trkpt><trkpt lat="60.061855" lon="18.75415"><ele>17.447</ele><time>2026-05-01T08:36:39.211Z</time><extensions><gpxtpx:TrackPointExtension><gpxtpx:hr>94</gpxtpx:hr></gpxtpx:TrackPointExtension></extensions></trkpt><trkpt lat="60.061867" lon="18.754145"><ele>17.495</ele><time>2026-05-01T08:36:40.221Z</time></trkpt><trkpt lat="60.061882" lon="18.75414"><ele>17.437</ele><time>2026-05-01T08:36:41.228Z</time><extensions><gpxtpx:TrackPointExtension><gpxtpx:hr>92</gpxtpx:hr></gpxtpx:TrackPointExtension></extensions></trkpt><trkpt lat="60.061893" lon="18.754137"><ele>17.367</ele><time>2026-05-01T08:36:42.237Z</time><extensions><gpxtpx:TrackPointExtension><gpxtpx:hr>92</gpxtpx:hr></gpxtpx:TrackPointExtension></extensions></trkpt><trkpt lat="60.06191" lon="18.754133"><ele>17.352</ele><time>2026-05-01T08:36:43.246Z</time><extensions><gpxtpx:TrackPointExtension><gpxtpx:hr>92</gpxtpx:hr></gpxtpx:TrackPointExtension></extensions></trkpt><trkpt lat="60.06192" lon="18.75413"><ele>17.383</ele><time>2026-05-01T08:36:44.254Z</time><extensions><gpxtpx:TrackPointExtension><gpxtpx:hr>91</gpxtpx:hr></gpxtpx:TrackPointExtension></extensions></trkpt><trkpt lat="60.061935" lon="18.754124"><ele>17.388</ele><time>2026-05-01T08:36:45.264Z</time></trkpt><trkpt lat="60.061947" lon="18.75412"><ele>17.348</ele><time>2026-05-01T08:36:46.273Z</time><extensions><gpxtpx:TrackPointExtension><gpxtpx:hr>91</gpxtpx:hr></gpxtpx:TrackPointExtension></extensions></trkpt><trkpt lat="60.061962" lon="18.754116"><ele>17.351</ele><time>2026-05-01T08:36:47.282Z</time><extensions><gpxtpx:TrackPointExtension><gpxtpx:hr>91</gpxtpx:hr></gpxtpx:TrackPointExtension></extensions></trkpt><trkpt lat="60.061974" lon="18.754112"><ele>17.331</ele><time>2026-05-01T08:36:48.289Z</time><extensions><gpxtpx:TrackPointExtension><gpxtpx:hr>90</gpxtpx:hr></gpxtpx:TrackPointExtension></extensions></trkpt><trkpt lat="60.061985" lon="18.754107"><ele>17.283</ele><time>2026-05-01T08:36:49.295Z</time><extensions><gpxtpx:TrackPointExtension><gpxtpx:hr>90</gpxtpx:hr></gpxtpx:TrackPointExtension></extensions></trkpt><trkpt lat="60.061996" lon="18.754105"><ele>17.22</ele><time>2026-05-01T08:36:50.303Z</time></trkpt><trkpt lat="60.062008" lon="18.7541"><ele>17.286</ele><time>2026-05-01T08:36:51.313Z</time><extensions><gpxtpx:TrackPointExtension><gpxtpx:hr>91</gpxtpx:hr></gpxtpx:TrackPointExtension></extensions></trkpt><trkpt lat="60.06202" lon="18.754097"><ele>17.284</ele><time>2026-05-01T08:36:52.323Z</time><extensions><gpxtpx:TrackPointExtension><gpxtpx:hr>91</gpxtpx:hr></gpxtpx:TrackPointExtension></extensions></trkpt><trkpt lat="60.062027" lon="18.754093"><ele>17.297</ele><time>2026-05-01T08:36:53.332Z</time><extensions><gpxtpx:TrackPointExtension><gpxtpx:hr>91</gpxtpx:hr></gpxtpx:TrackPointExtension></extensions></trkpt><trkpt lat="60.062035" lon="18.75409"><ele>17.24</ele><time>2026-05-01T08:36:54.341Z</time></trkpt><trkpt lat="60.062042" lon="18.754084"><ele>17.261</ele><time>2026-05-01T08:36:55.347Z</time><extensions><gpxtpx:TrackPointExtension><gpxtpx:hr>91</gpxtpx:hr></gpxtpx:TrackPointExtension></extensions></trkpt><trkpt lat="60.06205" lon="18.754078"><ele>17.253</ele><time>2026-05-01T08:36:56.356Z</time><extensions><gpxtpx:TrackPointExtension><gpxtpx:hr>92</gpxtpx:hr></gpxtpx:TrackPointExtension></extensions></trkpt><trkpt lat="60.06206" lon="18.75407"><ele>17.215</ele><time>2026-05-01T08:36:57.366Z</time><extensions><gpxtpx:TrackPointExtension><gpxtpx:hr>92</gpxtpx:hr></gpxtpx:TrackPointExtension></extensions></trkpt><trkpt lat="60.06207" lon="18.754065"><ele>17.197</ele><time>2026-05-01T08:36:58.374Z</time><extensions><gpxtpx:TrackPointExtension><gpxtpx:hr>92</gpxtpx:hr></gpxtpx:TrackPointExtension></extensions></trkpt><trkpt lat="60.062077" lon="18.754057"><ele>17.197</ele><time>2026-05-01T08:36:59.382Z</time></trkpt><trkpt lat="60.062084" lon="18.75405"><ele>17.288</ele><time>2026-05-01T08:37:00.391Z</time><extensions><gpxtpx:TrackPointExtension><gpxtpx:hr>93</gpxtpx:hr></gpxtpx:TrackPointExtension></extensions></trkpt><trkpt lat="60.062096" lon="18.754044"><ele>17.276</ele><time>2026-05-01T08:37:01.400Z</time><extensions><gpxtpx:TrackPointExtension><gpxtpx:hr>94</gpxtpx:hr></gpxtpx:TrackPointExtension></extensions></trkpt><trkpt lat="60.062107" lon="18.754036"><ele>17.297</ele><time>2026-05-01T08:37:02.407Z</time><extensions><gpxtpx:TrackPointExtension><gpxtpx:hr>95</gpxtpx:hr></gpxtpx:TrackPointExtension></extensions></trkpt><trkpt lat="60.062115" lon="18.754032"><ele>17.382</ele><time>2026-05-01T08:37:03.416Z</time><extensions><gpxtpx:TrackPointExtension><gpxtpx:hr>95</gpxtpx:hr></gpxtpx:TrackPointExtension></extensions></trkpt><trkpt lat="60.062126" lon="18.754026"><ele>17.383</ele><time>2026-05-01T08:37:04.425Z</time></trkpt><trkpt lat="60.062138" lon="18.754025"><ele>17.284</ele><time>2026-05-01T08:37:05.434Z</time><extensions><gpxtpx:TrackPointExtension><gpxtpx:hr>95</gpxtpx:hr></gpxtpx:TrackPointExtension></extensions></trkpt><trkpt lat="60.062145" lon="18.754023"><ele>17.229</ele><time>2026-05-01T08:37:06.443Z</time><extensions><gpxtpx:TrackPointExtension><gpxtpx:hr>95</gpxtpx:hr></gpxtpx:TrackPointExtension></extensions></trkpt><trkpt lat="60.062157" lon="18.75402"><ele>17.236</ele><time>2026-05-01T08:37:07.453Z</time><extensions><gpxtpx:TrackPointExtension><gpxtpx:hr>94</gpxtpx:hr></gpxtpx:TrackPointExtension></extensions></trkpt><trkpt lat="60.062164" lon="18.754017"><ele>17.269</ele><time>2026-05-01T08:37:08.461Z</time><extensions><gpxtpx:TrackPointExtension><gpxtpx:hr>94</gpxtpx:hr></gpxtpx:TrackPointExtension></extensions></trkpt><trkpt lat="60.062172" lon="18.754015"><ele>17.203</ele><time>2026-05-01T08:37:09.468Z</time></trkpt><trkpt lat="60.062183" lon="18.754013"><ele>17.193</ele><time>2026-05-01T08:37:10.477Z</time><extensions><gpxtpx:TrackPointExtension><gpxtpx:hr>95</gpxtpx:hr></gpxtpx:TrackPointExtension></extensions></trkpt><trkpt lat="60.06219" lon="18.75401"><ele>17.192</ele><time>2026-05-01T08:37:11.486Z</time><extensions><gpxtpx:TrackPointExtension><gpxtpx:hr>94</gpxtpx:hr></gpxtpx:TrackPointExtension></extensions></trkpt><trkpt lat="60.0622" lon="18.754007"><ele>17.207</ele><time>2026-05-01T08:37:12.495Z</time><extensions><gpxtpx:TrackPointExtension><gpxtpx:hr>94</gpxtpx:hr></gpxtpx:TrackPointExtension></extensions></trkpt><trkpt lat="60.062206" lon="18.754005"><ele>17.181</ele><time>2026-05-01T08:37:13.505Z</time><extensions><gpxtpx:TrackPointExtension><gpxtpx:hr>94</gpxtpx:hr></gpxtpx:TrackPointExtension></extensions></trkpt><trkpt lat="60.062218" lon="18.754004"><ele>17.22</ele><time>2026-05-01T08:37:14.513Z</time></trkpt><trkpt lat="60.062225" lon="18.754002"><ele>17.189</ele><time>2026-05-01T08:37:15.522Z</time><extensions><gpxtpx:TrackPointExtension><gpxtpx:hr>96</gpxtpx:hr></gpxtpx:TrackPointExtension></extensions></trkpt><trkpt lat="60.062237" lon="18.754"><ele>17.215</ele><time>2026-05-01T08:37:16.531Z</time><extensions><gpxtpx:TrackPointExtension><gpxtpx:hr>96</gpxtpx:hr></gpxtpx:TrackPointExtension></extensions></trkpt><trkpt lat="60.062244" lon="18.753998"><ele>17.228</ele><time>2026-05-01T08:37:17.537Z</time><extensions><gpxtpx:TrackPointExtension><gpxtpx:hr>95</gpxtpx:hr></gpxtpx:TrackPointExtension></extensions></trkpt><trkpt lat="60.062256" lon="18.753996"><ele>17.253</ele><time>2026-05-01T08:37:18.546Z</time><extensions><gpxtpx:TrackPointExtension><gpxtpx:hr>95</gpxtpx:hr></gpxtpx:TrackPointExtension></extensions></trkpt><trkpt lat="60.062267" lon="18.753992"><ele>17.178</ele><time>2026-05-01T08:37:19.556Z</time></trkpt><trkpt lat="60.06228" lon="18.753988"><ele>17.174</ele><time>2026-05-01T08:37:20.565Z</time><extensions><gpxtpx:TrackPointExtension><gpxtpx:hr>95</gpxtpx:hr></gpxtpx:TrackPointExtension></extensions></trkpt><trkpt lat="60.06229" lon="18.753984"><ele>17.221</ele><time>2026-05-01T08:37:21.573Z</time><extensions><gpxtpx:TrackPointExtension><gpxtpx:hr>95</gpxtpx:hr></gpxtpx:TrackPointExtension></extensions></trkpt><trkpt lat="60.0623" lon="18.75398"><ele>17.215</ele><time>2026-05-01T08:37:22.582Z</time><extensions><gpxtpx:TrackPointExtension><gpxtpx:hr>94</gpxtpx:hr></gpxtpx:TrackPointExtension></extensions></trkpt><trkpt lat="60.062313" lon="18.753977"><ele>17.229</ele><time>2026-05-01T08:37:23.592Z</time></trkpt><trkpt lat="60.06232" lon="18.753979"><ele>17.18</ele><time>2026-05-01T08:37:24.601Z</time></trkpt><trkpt lat="60.062332" lon="18.753979"><ele>17.141</ele><time>2026-05-01T08:37:25.608Z</time><extensions><gpxtpx:TrackPointExtension><gpxtpx:hr>94</gpxtpx:hr></gpxtpx:TrackPointExtension></extensions></trkpt><trkpt lat="60.06234" lon="18.75398"><ele>17.13</ele><time>2026-05-01T08:37:26.617Z</time><extensions><gpxtpx:TrackPointExtension><gpxtpx:hr>94</gpxtpx:hr></gpxtpx:TrackPointExtension></extensions></trkpt><trkpt lat="60.06235" lon="18.75398"><ele>17.162</ele><time>2026-05-01T08:37:27.625Z</time><extensions><gpxtpx:TrackPointExtension><gpxtpx:hr>94</gpxtpx:hr></gpxtpx:TrackPointExtension></extensions></trkpt><trkpt lat="60.062363" lon="18.75398"><ele>17.227</ele><time>2026-05-01T08:37:28.633Z</time><extensions><gpxtpx:TrackPointExtension><gpxtpx:hr>93</gpxtpx:hr></gpxtpx:TrackPointExtension></extensions></trkpt><trkpt lat="60.06237" lon="18.753984"><ele>17.271</ele><time>2026-05-01T08:37:29.643Z</time></trkpt><trkpt lat="60.062378" lon="18.753988"><ele>17.333</ele><time>2026-05-01T08:37:30.651Z</time><extensions><gpxtpx:TrackPointExtension><gpxtpx:hr>94</gpxtpx:hr></gpxtpx:TrackPointExtension></extensions></trkpt><trkpt lat="60.062386" lon="18.753994"><ele>17.398</ele><time>2026-05-01T08:37:31.658Z</time><extensions><gpxtpx:TrackPointExtension><gpxtpx:hr>95</gpxtpx:hr></gpxtpx:TrackPointExtension></extensions></trkpt><trkpt lat="60.062393" lon="18.753996"><ele>17.338</ele><time>2026-05-01T08:37:32.666Z</time><extensions><gpxtpx:TrackPointExtension><gpxtpx:hr>96</gpxtpx:hr></gpxtpx:TrackPointExtension></extensions></trkpt><trkpt lat="60.0624" lon="18.754"><ele>17.317</ele><time>2026-05-01T08:37:33.676Z</time><extensions><gpxtpx:TrackPointExtension><gpxtpx:hr>96</gpxtpx:hr></gpxtpx:TrackPointExtension></extensions></trkpt><trkpt lat="60.062412" lon="18.754"><ele>17.308</ele><time>2026-05-01T08:37:34.684Z</time><extensions><gpxtpx:TrackPointExtension><gpxtpx:hr>96</gpxtpx:hr></gpxtpx:TrackPointExtension></extensions></trkpt><trkpt lat="60.06242" lon="18.754002"><ele>17.329</ele><time>2026-05-01T08:37:35.693Z</time><extensions><gpxtpx:TrackPointExtension><gpxtpx:hr>95</gpxtpx:hr></gpxtpx:TrackPointExtension></extensions></trkpt><trkpt lat="60.062428" lon="18.754002"><ele>17.375</ele><time>2026-05-01T08:37:36.697Z</time><extensions><gpxtpx:TrackPointExtension><gpxtpx:hr>95</gpxtpx:hr></gpxtpx:TrackPointExtension></extensions></trkpt><trkpt lat="60.06244" lon="18.754002"><ele>17.335</ele><time>2026-05-01T08:37:37.707Z</time><extensions><gpxtpx:TrackPointExtension><gpxtpx:hr>96</gpxtpx:hr></gpxtpx:TrackPointExtension></extensions></trkpt><trkpt lat="60.062447" lon="18.754004"><ele>17.344</ele><time>2026-05-01T08:37:38.716Z</time><extensions><gpxtpx:TrackPointExtension><gpxtpx:hr>96</gpxtpx:hr></gpxtpx:TrackPointExtension></extensions></trkpt><trkpt lat="60.062454" lon="18.754004"><ele>17.391</ele><time>2026-05-01T08:37:39.725Z</time><extensions><gpxtpx:TrackPointExtension><gpxtpx:hr>97</gpxtpx:hr></gpxtpx:TrackPointExtension></extensions></trkpt><trkpt lat="60.062466" lon="18.754005"><ele>17.429</ele><time>2026-05-01T08:37:40.733Z</time><extensions><gpxtpx:TrackPointExtension><gpxtpx:hr>98</gpxtpx:hr></gpxtpx:TrackPointExtension></extensions></trkpt><trkpt lat="60.06248" lon="18.754011"><ele>17.356</ele><time>2026-05-01T08:37:41.743Z</time><extensions><gpxtpx:TrackPointExtension><gpxtpx:hr>97</gpxtpx:hr></gpxtpx:TrackPointExtension></extensions></trkpt><trkpt lat="60.062496" lon="18.754017"><ele>17.339</ele><time>2026-05-01T08:37:42.752Z</time><extensions><gpxtpx:TrackPointExtension><gpxtpx:hr>97</gpxtpx:hr></gpxtpx:TrackPointExtension></extensions></trkpt><trkpt lat="60.062515" lon="18.754025"><ele>17.321</ele><time>2026-05-01T08:37:43.759Z</time><extensions><gpxtpx:TrackPointExtension><gpxtpx:hr>98</gpxtpx:hr></gpxtpx:TrackPointExtension></extensions></trkpt><trkpt lat="60.062542" lon="18.754045"><ele>17.311</ele><time>2026-05-01T08:37:44.767Z</time><extensions><gpxtpx:TrackPointExtension><gpxtpx:hr>99</gpxtpx:hr></gpxtpx:TrackPointExtension></extensions></trkpt><trkpt lat="60.062576" lon="18.75407"><ele>17.401</ele><time>2026-05-01T08:37:45.774Z</time><extensions><gpxtpx:TrackPointExtension><gpxtpx:hr>99</gpxtpx:hr></gpxtpx:TrackPointExtension></extensions></trkpt><trkpt lat="60.06262" lon="18.754103"><ele>17.399</ele><time>2026-05-01T08:37:46.783Z</time><extensions><gpxtpx:TrackPointExtension><gpxtpx:hr>100</gpxtpx:hr></gpxtpx:TrackPointExtension></extensions></trkpt><trkpt lat="60.062653" lon="18.754131"><ele>16.286</ele><time>2026-05-01T08:38:16.696Z</time><extensions><gpxtpx:TrackPointExtension><gpxtpx:hr>94</gpxtpx:hr></gpxtpx:TrackPointExtension></extensions></trkpt><trkpt lat="60.06269" lon="18.75416"><ele>16.182</ele><time>2026-05-01T08:38:17.698Z</time><extensions><gpxtpx:TrackPointExtension><gpxtpx:hr>94</gpxtpx:hr></gpxtpx:TrackPointExtension></extensions></trkpt><trkpt lat="60.062725" lon="18.754187"><ele>16.095</ele><time>2026-05-01T08:38:18.698Z</time><extensions><gpxtpx:TrackPointExtension><gpxtpx:hr>94</gpxtpx:hr></gpxtpx:TrackPointExtension></extensions></trkpt><trkpt lat="60.062756" lon="18.754211"><ele>16.041</ele><time>2026-05-01T08:38:19.699Z</time><extensions><gpxtpx:TrackPointExtension><gpxtpx:hr>94</gpxtpx:hr></gpxtpx:TrackPointExtension></extensions></trkpt><trkpt lat="60.06279" lon="18.754238"><ele>15.958</ele><time>2026-05-01T08:38:20.699Z</time><extensions><gpxtpx:TrackPointExtension><gpxtpx:hr>94</gpxtpx:hr></gpxtpx:TrackPointExtension></extensions></trkpt><trkpt lat="60.06282" lon="18.754265"><ele>15.808</ele><time>2026-05-01T08:38:21.700Z</time><extensions><gpxtpx:TrackPointExtension><gpxtpx:hr>94</gpxtpx:hr></gpxtpx:TrackPointExtension></extensions></trkpt><trkpt lat="60.06285" lon="18.75429"><ele>15.628</ele><time>2026-05-01T08:38:22.700Z</time><extensions><gpxtpx:TrackPointExtension><gpxtpx:hr>93</gpxtpx:hr></gpxtpx:TrackPointExtension></extensions></trkpt><trkpt lat="60.062874" lon="18.75431"><ele>15.514</ele><time>2026-05-01T08:38:23.701Z</time><extensions><gpxtpx:TrackPointExtension><gpxtpx:hr>93</gpxtpx:hr></gpxtpx:TrackPointExtension></extensions></trkpt><trkpt lat="60.062897" lon="18.754326"><ele>15.394</ele><time>2026-05-01T08:38:24.702Z</time><extensions><gpxtpx:TrackPointExtension><gpxtpx:hr>92</gpxtpx:hr></gpxtpx:TrackPointExtension></extensions></trkpt><trkpt lat="60.062912" lon="18.75434"><ele>15.192</ele><time>2026-05-01T08:38:25.703Z</time><extensions><gpxtpx:TrackPointExtension><gpxtpx:hr>92</gpxtpx:hr></gpxtpx:TrackPointExtension></extensions></trkpt><trkpt lat="60.062927" lon="18.754353"><ele>15.062</ele><time>2026-05-01T08:38:26.703Z</time><extensions><gpxtpx:TrackPointExtension><gpxtpx:hr>92</gpxtpx:hr></gpxtpx:TrackPointExtension></extensions></trkpt><trkpt lat="60.062943" lon="18.754366"><ele>15.018</ele><time>2026-05-01T08:38:27.703Z</time><extensions><gpxtpx:TrackPointExtension><gpxtpx:hr>92</gpxtpx:hr></gpxtpx:TrackPointExtension></extensions></trkpt><trkpt lat="60.062958" lon="18.754381"><ele>14.89</ele><time>2026-05-01T08:38:28.704Z</time><extensions><gpxtpx:TrackPointExtension><gpxtpx:hr>92</gpxtpx:hr></gpxtpx:TrackPointExtension></extensions></trkpt><trkpt lat="60.06297" lon="18.754396"><ele>14.811</ele><time>2026-05-01T08:38:29.705Z</time><extensions><gpxtpx:TrackPointExtension><gpxtpx:hr>92</gpxtpx:hr></gpxtpx:TrackPointExtension></extensions></trkpt><trkpt lat="60.062984" lon="18.754412"><ele>14.738</ele><time>2026-05-01T08:38:30.705Z</time><extensions><gpxtpx:TrackPointExtension><gpxtpx:hr>93</gpxtpx:hr></gpxtpx:TrackPointExtension></extensions></trkpt><trkpt lat="60.063" lon="18.754429"><ele>14.726</ele><time>2026-05-01T08:38:31.706Z</time><extensions><gpxtpx:TrackPointExtension><gpxtpx:hr>94</gpxtpx:hr></gpxtpx:TrackPointExtension></extensions></trkpt><trkpt lat="60.063015" lon="18.754444"><ele>14.711</ele><time>2026-05-01T08:38:32.710Z</time></trkpt><trkpt lat="60.06303" lon="18.75446"><ele>14.615</ele><time>2026-05-01T08:38:33.719Z</time><extensions><gpxtpx:TrackPointExtension><gpxtpx:hr>93</gpxtpx:hr></gpxtpx:TrackPointExtension></extensions></trkpt><trkpt lat="60.063046" lon="18.754477"><ele>14.532</ele><time>2026-05-01T08:38:34.727Z</time><extensions><gpxtpx:TrackPointExtension><gpxtpx:hr>93</gpxtpx:hr></gpxtpx:TrackPointExtension></extensions></trkpt><trkpt lat="60.06306" lon="18.754492"><ele>14.538</ele><time>2026-05-01T08:38:35.736Z</time><extensions><gpxtpx:TrackPointExtension><gpxtpx:hr>93</gpxtpx:hr></gpxtpx:TrackPointExtension></extensions></trkpt><trkpt lat="60.063072" lon="18.754505"><ele>14.496</ele><time>2026-05-01T08:38:36.745Z</time><extensions><gpxtpx:TrackPointExtension><gpxtpx:hr>93</gpxtpx:hr></gpxtpx:TrackPointExtension></extensions></trkpt><trkpt lat="60.063087" lon="18.754519"><ele>14.485</ele><time>2026-05-01T08:38:37.755Z</time><extensions><gpxtpx:TrackPointExtension><gpxtpx:hr>92</gpxtpx:hr></gpxtpx:TrackPointExtension></extensions></trkpt><trkpt lat="60.063103" lon="18.754532"><ele>14.447</ele><time>2026-05-01T08:38:38.763Z</time><extensions><gpxtpx:TrackPointExtension><gpxtpx:hr>92</gpxtpx:hr></gpxtpx:TrackPointExtension></extensions></trkpt><trkpt lat="60.063118" lon="18.754545"><ele>14.355</ele><time>2026-05-01T08:38:39.772Z</time><extensions><gpxtpx:TrackPointExtension><gpxtpx:hr>91</gpxtpx:hr></gpxtpx:TrackPointExtension></extensions></trkpt><trkpt lat="60.063133" lon="18.754559"><ele>14.403</ele><time>2026-05-01T08:38:40.780Z</time><extensions><gpxtpx:TrackPointExtension><gpxtpx:hr>91</gpxtpx:hr></gpxtpx:TrackPointExtension></extensions></trkpt><trkpt lat="60.06315" lon="18.75457"><ele>14.388</ele><time>2026-05-01T08:38:41.788Z</time><extensions><gpxtpx:TrackPointExtension><gpxtpx:hr>93</gpxtpx:hr></gpxtpx:TrackPointExtension></extensions></trkpt><trkpt lat="60.06316" lon="18.754583"><ele>14.377</ele><time>2026-05-01T08:38:42.796Z</time><extensions><gpxtpx:TrackPointExtension><gpxtpx:hr>94</gpxtpx:hr></gpxtpx:TrackPointExtension></extensions></trkpt><trkpt lat="60.063175" lon="18.754595"><ele>14.358</ele><time>2026-05-01T08:38:43.805Z</time><extensions><gpxtpx:TrackPointExtension><gpxtpx:hr>96</gpxtpx:hr></gpxtpx:TrackPointExtension></extensions></trkpt><trkpt lat="60.06319" lon="18.754606"><ele>14.438</ele><time>2026-05-01T08:38:44.814Z</time><extensions><gpxtpx:TrackPointExtension><gpxtpx:hr>96</gpxtpx:hr></gpxtpx:TrackPointExtension></extensions></trkpt><trkpt lat="60.063206" lon="18.754616"><ele>14.396</ele><time>2026-05-01T08:38:45.822Z</time><extensions><gpxtpx:TrackPointExtension><gpxtpx:hr>97</gpxtpx:hr></gpxtpx:TrackPointExtension></extensions></trkpt><trkpt lat="60.06322" lon="18.754625"><ele>14.411</ele><time>2026-05-01T08:38:46.829Z</time><extensions><gpxtpx:TrackPointExtension><gpxtpx:hr>97</gpxtpx:hr></gpxtpx:TrackPointExtension></extensions></trkpt><trkpt lat="60.063236" lon="18.754637"><ele>14.506</ele><time>2026-05-01T08:38:47.837Z</time><extensions><gpxtpx:TrackPointExtension><gpxtpx:hr>97</gpxtpx:hr></gpxtpx:TrackPointExtension></extensions></trkpt><trkpt lat="60.06325" lon="18.754646"><ele>14.517</ele><time>2026-05-01T08:38:48.846Z</time><extensions><gpxtpx:TrackPointExtension><gpxtpx:hr>97</gpxtpx:hr></gpxtpx:TrackPointExtension></extensions></trkpt><trkpt lat="60.06327" lon="18.75466"><ele>14.507</ele><time>2026-05-01T08:38:49.855Z</time><extensions><gpxtpx:TrackPointExtension><gpxtpx:hr>98</gpxtpx:hr></gpxtpx:TrackPointExtension></extensions></trkpt><trkpt lat="60.063286" lon="18.754671"><ele>14.477</ele><time>2026-05-01T08:38:50.862Z</time><extensions><gpxtpx:TrackPointExtension><gpxtpx:hr>99</gpxtpx:hr></gpxtpx:TrackPointExtension></extensions></trkpt><trkpt lat="60.06331" lon="18.754683"><ele>14.472</ele><time>2026-05-01T08:38:51.871Z</time><extensions><gpxtpx:TrackPointExtension><gpxtpx:hr>99</gpxtpx:hr></gpxtpx:TrackPointExtension></extensions></trkpt><trkpt lat="60.063328" lon="18.754698"><ele>14.466</ele><time>2026-05-01T08:38:52.878Z</time><extensions><gpxtpx:TrackPointExtension><gpxtpx:hr>100</gpxtpx:hr></gpxtpx:TrackPointExtension></extensions></trkpt><trkpt lat="60.063347" lon="18.754711"><ele>14.645</ele><time>2026-05-01T08:38:53.887Z</time><extensions><gpxtpx:TrackPointExtension><gpxtpx:hr>101</gpxtpx:hr></gpxtpx:TrackPointExtension></extensions></trkpt><trkpt lat="60.063366" lon="18.754728"><ele>14.699</ele><time>2026-05-01T08:38:54.896Z</time><extensions><gpxtpx:TrackPointExtension><gpxtpx:hr>102</gpxtpx:hr></gpxtpx:TrackPointExtension></extensions></trkpt><trkpt lat="60.06339" lon="18.754744"><ele>14.831</ele><time>2026-05-01T08:38:55.904Z</time><extensions><gpxtpx:TrackPointExtension><gpxtpx:hr>102</gpxtpx:hr></gpxtpx:TrackPointExtension></extensions></trkpt><trkpt lat="60.063408" lon="18.75476"><ele>14.873</ele><time>2026-05-01T08:38:56.913Z</time><extensions><gpxtpx:TrackPointExtension><gpxtpx:hr>103</gpxtpx:hr></gpxtpx:TrackPointExtension></extensions></trkpt><trkpt lat="60.063427" lon="18.754778"><ele>14.9</ele><time>2026-05-01T08:38:57.923Z</time><extensions><gpxtpx:TrackPointExtension><gpxtpx:hr>103</gpxtpx:hr></gpxtpx:TrackPointExtension></extensions></trkpt><trkpt lat="60.063442" lon="18.754795"><ele>14.968</ele><time>2026-05-01T08:38:58.932Z</time><extensions><gpxtpx:TrackPointExtension><gpxtpx:hr>103</gpxtpx:hr></gpxtpx:TrackPointExtension></extensions></trkpt><trkpt lat="60.06346" lon="18.754812"><ele>14.828</ele><time>2026-05-01T08:38:59.939Z</time><extensions><gpxtpx:TrackPointExtension><gpxtpx:hr>103</gpxtpx:hr></gpxtpx:TrackPointExtension></extensions></trkpt><trkpt lat="60.063477" lon="18.754827"><ele>14.755</ele><time>2026-05-01T08:39:00.948Z</time><extensions><gpxtpx:TrackPointExtension><gpxtpx:hr>102</gpxtpx:hr></gpxtpx:TrackPointExtension></extensions></trkpt><trkpt lat="60.063488" lon="18.754845"><ele>14.643</ele><time>2026-05-01T08:39:01.956Z</time><extensions><gpxtpx:TrackPointExtension><gpxtpx:hr>101</gpxtpx:hr></gpxtpx:TrackPointExtension></extensions></trkpt><trkpt lat="60.063503" lon="18.754862"><ele>14.605</ele><time>2026-05-01T08:39:02.964Z</time><extensions><gpxtpx:TrackPointExtension><gpxtpx:hr>100</gpxtpx:hr></gpxtpx:TrackPointExtension></extensions></trkpt><trkpt lat="60.063515" lon="18.754877"><ele>14.612</ele><time>2026-05-01T08:39:03.972Z</time><extensions><gpxtpx:TrackPointExtension><gpxtpx:hr>99</gpxtpx:hr></gpxtpx:TrackPointExtension></extensions></trkpt><trkpt lat="60.063526" lon="18.754892"><ele>14.65</ele><time>2026-05-01T08:39:04.981Z</time><extensions><gpxtpx:TrackPointExtension><gpxtpx:hr>98</gpxtpx:hr></gpxtpx:TrackPointExtension></extensions></trkpt><trkpt lat="60.063534" lon="18.754908"><ele>14.695</ele><time>2026-05-01T08:39:05.989Z</time><extensions><gpxtpx:TrackPointExtension><gpxtpx:hr>97</gpxtpx:hr></gpxtpx:TrackPointExtension></extensions></trkpt><trkpt lat="60.063545" lon="18.754921"><ele>14.744</ele><time>2026-05-01T08:39:06.998Z</time><extensions><gpxtpx:TrackPointExtension><gpxtpx:hr>97</gpxtpx:hr></gpxtpx:TrackPointExtension></extensions></trkpt><trkpt lat="60.063553" lon="18.754932"><ele>14.724</ele><time>2026-05-01T08:39:08.007Z</time><extensions><gpxtpx:TrackPointExtension><gpxtpx:hr>97</gpxtpx:hr></gpxtpx:TrackPointExtension></extensions></trkpt><trkpt lat="60.06356" lon="18.754946"><ele>14.731</ele><time>2026-05-01T08:39:09.016Z</time></trkpt><trkpt lat="60.063572" lon="18.75496"><ele>14.766</ele><time>2026-05-01T08:39:10.025Z</time><extensions><gpxtpx:TrackPointExtension><gpxtpx:hr>98</gpxtpx:hr></gpxtpx:TrackPointExtension></extensions></trkpt><trkpt lat="60.06358" lon="18.754972"><ele>14.852</ele><time>2026-05-01T08:39:11.034Z</time><extensions><gpxtpx:TrackPointExtension><gpxtpx:hr>99</gpxtpx:hr></gpxtpx:TrackPointExtension></extensions></trkpt><trkpt lat="60.06359" lon="18.754984"><ele>14.919</ele><time>2026-05-01T08:39:12.044Z</time><extensions><gpxtpx:TrackPointExtension><gpxtpx:hr>100</gpxtpx:hr></gpxtpx:TrackPointExtension></extensions></trkpt><trkpt lat="60.0636" lon="18.754997"><ele>14.97</ele><time>2026-05-01T08:39:13.052Z</time><extensions><gpxtpx:TrackPointExtension><gpxtpx:hr>100</gpxtpx:hr></gpxtpx:TrackPointExtension></extensions></trkpt><trkpt lat="60.06361" lon="18.755009"><ele>15.003</ele><time>2026-05-01T08:39:14.059Z</time><extensions><gpxtpx:TrackPointExtension><gpxtpx:hr>100</gpxtpx:hr></gpxtpx:TrackPointExtension></extensions></trkpt><trkpt lat="60.06362" lon="18.755028"><ele>15.044</ele><time>2026-05-01T08:39:15.067Z</time><extensions><gpxtpx:TrackPointExtension><gpxtpx:hr>99</gpxtpx:hr></gpxtpx:TrackPointExtension></extensions></trkpt><trkpt lat="60.063633" lon="18.755049"><ele>14.979</ele><time>2026-05-01T08:39:16.076Z</time><extensions><gpxtpx:TrackPointExtension><gpxtpx:hr>99</gpxtpx:hr></gpxtpx:TrackPointExtension></extensions></trkpt><trkpt lat="60.063644" lon="18.755068"><ele>15.002</ele><time>2026-05-01T08:39:17.085Z</time><extensions><gpxtpx:TrackPointExtension><gpxtpx:hr>99</gpxtpx:hr></gpxtpx:TrackPointExtension></extensions></trkpt><trkpt lat="60.063656" lon="18.755087"><ele>15.054</ele><time>2026-05-01T08:39:18.093Z</time><extensions><gpxtpx:TrackPointExtension><gpxtpx:hr>100</gpxtpx:hr></gpxtpx:TrackPointExtension></extensions></trkpt><trkpt lat="60.063667" lon="18.75511"><ele>14.943</ele><time>2026-05-01T08:39:19.102Z</time><extensions><gpxtpx:TrackPointExtension><gpxtpx:hr>100</gpxtpx:hr></gpxtpx:TrackPointExtension></extensions></trkpt><trkpt lat="60.06368" lon="18.755129"><ele>14.851</ele><time>2026-05-01T08:39:20.109Z</time><extensions><gpxtpx:TrackPointExtension><gpxtpx:hr>100</gpxtpx:hr></gpxtpx:TrackPointExtension></extensions></trkpt><trkpt lat="60.06369" lon="18.755146"><ele>14.837</ele><time>2026-05-01T08:39:21.118Z</time><extensions><gpxtpx:TrackPointExtension><gpxtpx:hr>101</gpxtpx:hr></gpxtpx:TrackPointExtension></extensions></trkpt><trkpt lat="60.0637" lon="18.755163"><ele>14.805</ele><time>2026-05-01T08:39:22.127Z</time><extensions><gpxtpx:TrackPointExtension><gpxtpx:hr>101</gpxtpx:hr></gpxtpx:TrackPointExtension></extensions></trkpt><trkpt lat="60.063713" lon="18.75518"><ele>14.822</ele><time>2026-05-01T08:39:23.136Z</time><extensions><gpxtpx:TrackPointExtension><gpxtpx:hr>99</gpxtpx:hr></gpxtpx:TrackPointExtension></extensions></trkpt><trkpt lat="60.063725" lon="18.755198"><ele>14.744</ele><time>2026-05-01T08:39:24.145Z</time><extensions><gpxtpx:TrackPointExtension><gpxtpx:hr>98</gpxtpx:hr></gpxtpx:TrackPointExtension></extensions></trkpt><trkpt lat="60.063736" lon="18.755217"><ele>14.591</ele><time>2026-05-01T08:39:25.152Z</time><extensions><gpxtpx:TrackPointExtension><gpxtpx:hr>97</gpxtpx:hr></gpxtpx:TrackPointExtension></extensions></trkpt><trkpt lat="60.063747" lon="18.75524"><ele>14.556</ele><time>2026-05-01T08:39:26.159Z</time><extensions><gpxtpx:TrackPointExtension><gpxtpx:hr>96</gpxtpx:hr></gpxtpx:TrackPointExtension></extensions></trkpt><trkpt lat="60.06376" lon="18.75526"><ele>14.584</ele><time>2026-05-01T08:39:27.168Z</time><extensions><gpxtpx:TrackPointExtension><gpxtpx:hr>95</gpxtpx:hr></gpxtpx:TrackPointExtension></extensions></trkpt><trkpt lat="60.06377" lon="18.755281"><ele>14.605</ele><time>2026-05-01T08:39:28.178Z</time><extensions><gpxtpx:TrackPointExtension><gpxtpx:hr>95</gpxtpx:hr></gpxtpx:TrackPointExtension></extensions></trkpt><trkpt lat="60.06378" lon="18.7553"><ele>14.68</ele><time>2026-05-01T08:39:29.186Z</time><extensions><gpxtpx:TrackPointExtension><gpxtpx:hr>96</gpxtpx:hr></gpxtpx:TrackPointExtension></extensions></trkpt><trkpt lat="60.063793" lon="18.75532"><ele>14.645</ele><time>2026-05-01T08:39:30.194Z</time><extensions><gpxtpx:TrackPointExtension><gpxtpx:hr>97</gpxtpx:hr></gpxtpx:TrackPointExtension></extensions></trkpt><trkpt lat="60.063805" lon="18.755337"><ele>14.65</ele><time>2026-05-01T08:39:31.203Z</time><extensions><gpxtpx:TrackPointExtension><gpxtpx:hr>98</gpxtpx:hr></gpxtpx:TrackPointExtension></extensions></trkpt><trkpt lat="60.06382" lon="18.755354"><ele>14.681</ele><time>2026-05-01T08:39:32.211Z</time><extensions><gpxtpx:TrackPointExtension><gpxtpx:hr>100</gpxtpx:hr></gpxtpx:TrackPointExtension></extensions></trkpt><trkpt lat="60.06383" lon="18.755371"><ele>14.756</ele><time>2026-05-01T08:39:33.218Z</time><extensions><gpxtpx:TrackPointExtension><gpxtpx:hr>101</gpxtpx:hr></gpxtpx:TrackPointExtension></extensions></trkpt><trkpt lat="60.063847" lon="18.755388"><ele>14.742</ele><time>2026-05-01T08:39:34.226Z</time><extensions><gpxtpx:TrackPointExtension><gpxtpx:hr>101</gpxtpx:hr></gpxtpx:TrackPointExtension></extensions></trkpt><trkpt lat="60.06386" lon="18.755405"><ele>14.77</ele><time>2026-05-01T08:39:35.235Z</time><extensions><gpxtpx:TrackPointExtension><gpxtpx:hr>101</gpxtpx:hr></gpxtpx:TrackPointExtension></extensions></trkpt><trkpt lat="60.063873" lon="18.755423"><ele>14.729</ele><time>2026-05-01T08:39:36.244Z</time><extensions><gpxtpx:TrackPointExtension><gpxtpx:hr>101</gpxtpx:hr></gpxtpx:TrackPointExtension></extensions></trkpt><trkpt lat="60.06389" lon="18.75544"><ele>14.867</ele><time>2026-05-01T08:39:37.253Z</time><extensions><gpxtpx:TrackPointExtension><gpxtpx:hr>100</gpxtpx:hr></gpxtpx:TrackPointExtension></extensions></trkpt><trkpt lat="60.063904" lon="18.755459"><ele>15.039</ele><time>2026-05-01T08:39:38.262Z</time><extensions><gpxtpx:TrackPointExtension><gpxtpx:hr>100</gpxtpx:hr></gpxtpx:TrackPointExtension></extensions></trkpt><trkpt lat="60.063915" lon="18.755478"><ele>15.098</ele><time>2026-05-01T08:39:39.271Z</time><extensions><gpxtpx:TrackPointExtension><gpxtpx:hr>100</gpxtpx:hr></gpxtpx:TrackPointExtension></extensions></trkpt><trkpt lat="60.063927" lon="18.7555"><ele>15.039</ele><time>2026-05-01T08:39:40.278Z</time><extensions><gpxtpx:TrackPointExtension><gpxtpx:hr>100</gpxtpx:hr></gpxtpx:TrackPointExtension></extensions></trkpt><trkpt lat="60.06394" lon="18.755522"><ele>15.152</ele><time>2026-05-01T08:39:41.287Z</time><extensions><gpxtpx:TrackPointExtension><gpxtpx:hr>100</gpxtpx:hr></gpxtpx:TrackPointExtension></extensions></trkpt><trkpt lat="60.063946" lon="18.755545"><ele>15.464</ele><time>2026-05-01T08:39:42.295Z</time><extensions><gpxtpx:TrackPointExtension><gpxtpx:hr>98</gpxtpx:hr></gpxtpx:TrackPointExtension></extensions></trkpt><trkpt lat="60.06395" lon="18.755571"><ele>15.671</ele><time>2026-05-01T08:39:43.304Z</time><extensions><gpxtpx:TrackPointExtension><gpxtpx:hr>97</gpxtpx:hr></gpxtpx:TrackPointExtension></extensions></trkpt><trkpt lat="60.063957" lon="18.755598"><ele>15.566</ele><time>2026-05-01T08:39:44.312Z</time><extensions><gpxtpx:TrackPointExtension><gpxtpx:hr>97</gpxtpx:hr></gpxtpx:TrackPointExtension></extensions></trkpt><trkpt lat="60.06396" lon="18.755627"><ele>15.445</ele><time>2026-05-01T08:39:45.320Z</time><extensions><gpxtpx:TrackPointExtension><gpxtpx:hr>96</gpxtpx:hr></gpxtpx:TrackPointExtension></extensions></trkpt><trkpt lat="60.063965" lon="18.75566"><ele>15.433</ele><time>2026-05-01T08:39:46.327Z</time><extensions><gpxtpx:TrackPointExtension><gpxtpx:hr>96</gpxtpx:hr></gpxtpx:TrackPointExtension></extensions></trkpt><trkpt lat="60.06397" lon="18.755697"><ele>15.48</ele><time>2026-05-01T08:39:47.336Z</time><extensions><gpxtpx:TrackPointExtension><gpxtpx:hr>96</gpxtpx:hr></gpxtpx:TrackPointExtension></extensions></trkpt><trkpt lat="60.06397" lon="18.755735"><ele>15.304</ele><time>2026-05-01T08:39:48.344Z</time><extensions><gpxtpx:TrackPointExtension><gpxtpx:hr>95</gpxtpx:hr></gpxtpx:TrackPointExtension></extensions></trkpt><trkpt lat="60.063972" lon="18.755775"><ele>14.979</ele><time>2026-05-01T08:39:49.354Z</time><extensions><gpxtpx:TrackPointExtension><gpxtpx:hr>93</gpxtpx:hr></gpxtpx:TrackPointExtension></extensions></trkpt><trkpt lat="60.063976" lon="18.755816"><ele>14.871</ele><time>2026-05-01T08:39:50.363Z</time><extensions><gpxtpx:TrackPointExtension><gpxtpx:hr>92</gpxtpx:hr></gpxtpx:TrackPointExtension></extensions></trkpt><trkpt lat="60.06398" lon="18.755854"><ele>14.951</ele><time>2026-05-01T08:39:51.372Z</time><extensions><gpxtpx:TrackPointExtension><gpxtpx:hr>92</gpxtpx:hr></gpxtpx:TrackPointExtension></extensions></trkpt><trkpt lat="60.063988" lon="18.75589"><ele>14.958</ele><time>2026-05-01T08:39:52.381Z</time><extensions><gpxtpx:TrackPointExtension><gpxtpx:hr>92</gpxtpx:hr></gpxtpx:TrackPointExtension></extensions></trkpt><trkpt lat="60.063995" lon="18.755926"><ele>14.841</ele><time>2026-05-01T08:39:53.390Z</time><extensions><gpxtpx:TrackPointExtension><gpxtpx:hr>92</gpxtpx:hr></gpxtpx:TrackPointExtension></extensions></trkpt><trkpt lat="60.064003" lon="18.75596"><ele>14.857</ele><time>2026-05-01T08:39:54.397Z</time><extensions><gpxtpx:TrackPointExtension><gpxtpx:hr>92</gpxtpx:hr></gpxtpx:TrackPointExtension></extensions></trkpt><trkpt lat="60.06401" lon="18.755991"><ele>14.714</ele><time>2026-05-01T08:39:55.404Z</time><extensions><gpxtpx:TrackPointExtension><gpxtpx:hr>91</gpxtpx:hr></gpxtpx:TrackPointExtension></extensions></trkpt><trkpt lat="60.064022" lon="18.756023"><ele>14.535</ele><time>2026-05-01T08:39:56.414Z</time><extensions><gpxtpx:TrackPointExtension><gpxtpx:hr>91</gpxtpx:hr></gpxtpx:TrackPointExtension></extensions></trkpt><trkpt lat="60.06403" lon="18.756056"><ele>14.439</ele><time>2026-05-01T08:39:57.421Z</time><extensions><gpxtpx:TrackPointExtension><gpxtpx:hr>92</gpxtpx:hr></gpxtpx:TrackPointExtension></extensions></trkpt><trkpt lat="60.064037" lon="18.756086"><ele>14.271</ele><time>2026-05-01T08:39:58.428Z</time><extensions><gpxtpx:TrackPointExtension><gpxtpx:hr>93</gpxtpx:hr></gpxtpx:TrackPointExtension></extensions></trkpt><trkpt lat="60.06405" lon="18.756117"><ele>14.07</ele><time>2026-05-01T08:39:59.436Z</time><extensions><gpxtpx:TrackPointExtension><gpxtpx:hr>94</gpxtpx:hr></gpxtpx:TrackPointExtension></extensions></trkpt><trkpt lat="60.06406" lon="18.756147"><ele>13.863</ele><time>2026-05-01T08:40:00.447Z</time><extensions><gpxtpx:TrackPointExtension><gpxtpx:hr>95</gpxtpx:hr></gpxtpx:TrackPointExtension></extensions></trkpt><trkpt lat="60.06407" lon="18.756184"><ele>13.634</ele><time>2026-05-01T08:40:01.454Z</time><extensions><gpxtpx:TrackPointExtension><gpxtpx:hr>96</gpxtpx:hr></gpxtpx:TrackPointExtension></extensions></trkpt><trkpt lat="60.064083" lon="18.756222"><ele>13.599</ele><time>2026-05-01T08:40:02.464Z</time><extensions><gpxtpx:TrackPointExtension><gpxtpx:hr>96</gpxtpx:hr></gpxtpx:TrackPointExtension></extensions></trkpt><trkpt lat="60.064095" lon="18.756258"><ele>13.595</ele><time>2026-05-01T08:40:03.472Z</time><extensions><gpxtpx:TrackPointExtension><gpxtpx:hr>96</gpxtpx:hr></gpxtpx:TrackPointExtension></extensions></trkpt><trkpt lat="60.064106" lon="18.756296"><ele>13.472</ele><time>2026-05-01T08:40:04.481Z</time><extensions><gpxtpx:TrackPointExtension><gpxtpx:hr>97</gpxtpx:hr></gpxtpx:TrackPointExtension></extensions></trkpt><trkpt lat="60.064117" lon="18.756332"><ele>13.425</ele><time>2026-05-01T08:40:05.488Z</time><extensions><gpxtpx:TrackPointExtension><gpxtpx:hr>97</gpxtpx:hr></gpxtpx:TrackPointExtension></extensions></trkpt><trkpt lat="60.06413" lon="18.756369"><ele>13.394</ele><time>2026-05-01T08:40:06.497Z</time><extensions><gpxtpx:TrackPointExtension><gpxtpx:hr>98</gpxtpx:hr></gpxtpx:TrackPointExtension></extensions></trkpt><trkpt lat="60.06414" lon="18.756405"><ele>13.371</ele><time>2026-05-01T08:40:07.506Z</time><extensions><gpxtpx:TrackPointExtension><gpxtpx:hr>98</gpxtpx:hr></gpxtpx:TrackPointExtension></extensions></trkpt><trkpt lat="60.06415" lon="18.756441"><ele>13.321</ele><time>2026-05-01T08:40:08.515Z</time><extensions><gpxtpx:TrackPointExtension><gpxtpx:hr>98</gpxtpx:hr></gpxtpx:TrackPointExtension></extensions></trkpt><trkpt lat="60.064163" lon="18.756477"><ele>13.386</ele><time>2026-05-01T08:40:09.522Z</time><extensions><gpxtpx:TrackPointExtension><gpxtpx:hr>100</gpxtpx:hr></gpxtpx:TrackPointExtension></extensions></trkpt><trkpt lat="60.064175" lon="18.756512"><ele>13.346</ele><time>2026-05-01T08:40:10.529Z</time><extensions><gpxtpx:TrackPointExtension><gpxtpx:hr>100</gpxtpx:hr></gpxtpx:TrackPointExtension></extensions></trkpt><trkpt lat="60.064186" lon="18.756546"><ele>13.285</ele><time>2026-05-01T08:40:11.538Z</time><extensions><gpxtpx:TrackPointExtension><gpxtpx:hr>99</gpxtpx:hr></gpxtpx:TrackPointExtension></extensions></trkpt><trkpt lat="60.064194" lon="18.75658"><ele>13.244</ele><time>2026-05-01T08:40:12.547Z</time><extensions><gpxtpx:TrackPointExtension><gpxtpx:hr>98</gpxtpx:hr></gpxtpx:TrackPointExtension></extensions></trkpt><trkpt lat="60.064205" lon="18.756613"><ele>13.153</ele><time>2026-05-01T08:40:13.556Z</time><extensions><gpxtpx:TrackPointExtension><gpxtpx:hr>97</gpxtpx:hr></gpxtpx:TrackPointExtension></extensions></trkpt><trkpt lat="60.064213" lon="18.756649"><ele>13.123</ele><time>2026-05-01T08:40:14.566Z</time><extensions><gpxtpx:TrackPointExtension><gpxtpx:hr>95</gpxtpx:hr></gpxtpx:TrackPointExtension></extensions></trkpt><trkpt lat="60.06422" lon="18.756683"><ele>13.122</ele><time>2026-05-01T08:40:15.574Z</time><extensions><gpxtpx:TrackPointExtension><gpxtpx:hr>94</gpxtpx:hr></gpxtpx:TrackPointExtension></extensions></trkpt><trkpt lat="60.064228" lon="18.756718"><ele>13.107</ele><time>2026-05-01T08:40:16.584Z</time><extensions><gpxtpx:TrackPointExtension><gpxtpx:hr>93</gpxtpx:hr></gpxtpx:TrackPointExtension></extensions></trkpt><trkpt lat="60.06424" lon="18.756752"><ele>13.016</ele><time>2026-05-01T08:40:17.593Z</time><extensions><gpxtpx:TrackPointExtension><gpxtpx:hr>92</gpxtpx:hr></gpxtpx:TrackPointExtension></extensions></trkpt><trkpt lat="60.064247" lon="18.756788"><ele>12.914</ele><time>2026-05-01T08:40:18.602Z</time><extensions><gpxtpx:TrackPointExtension><gpxtpx:hr>92</gpxtpx:hr></gpxtpx:TrackPointExtension></extensions></trkpt><trkpt lat="60.064255" lon="18.756826"><ele>12.88</ele><time>2026-05-01T08:40:19.611Z</time><extensions><gpxtpx:TrackPointExtension><gpxtpx:hr>91</gpxtpx:hr></gpxtpx:TrackPointExtension></extensions></trkpt><trkpt lat="60.06426" lon="18.756863"><ele>13.026</ele><time>2026-05-01T08:40:20.610Z</time><extensions><gpxtpx:TrackPointExtension><gpxtpx:hr>91</gpxtpx:hr></gpxtpx:TrackPointExtension></extensions></trkpt><trkpt lat="60.064266" lon="18.756899"><ele>13.09</ele><time>2026-05-01T08:40:21.609Z</time><extensions><gpxtpx:TrackPointExtension><gpxtpx:hr>90</gpxtpx:hr></gpxtpx:TrackPointExtension></extensions></trkpt><trkpt lat="60.064274" lon="18.756935"><ele>12.99</ele><time>2026-05-01T08:40:22.609Z</time><extensions><gpxtpx:TrackPointExtension><gpxtpx:hr>91</gpxtpx:hr></gpxtpx:TrackPointExtension></extensions></trkpt><trkpt lat="60.06428" lon="18.756973"><ele>12.899</ele><time>2026-05-01T08:40:23.609Z</time></trkpt><trkpt lat="60.064285" lon="18.75701"><ele>13.009</ele><time>2026-05-01T08:40:24.609Z</time><extensions><gpxtpx:TrackPointExtension><gpxtpx:hr>91</gpxtpx:hr></gpxtpx:TrackPointExtension></extensions></trkpt><trkpt lat="60.064293" lon="18.757048"><ele>12.974</ele><time>2026-05-01T08:40:25.609Z</time><extensions><gpxtpx:TrackPointExtension><gpxtpx:hr>91</gpxtpx:hr></gpxtpx:TrackPointExtension></extensions></trkpt><trkpt lat="60.064297" lon="18.757084"><ele>12.902</ele><time>2026-05-01T08:40:26.608Z</time></trkpt><trkpt lat="60.064304" lon="18.75712"><ele>12.842</ele><time>2026-05-01T08:40:27.609Z</time></trkpt><trkpt lat="60.06431" lon="18.757156"><ele>12.744</ele><time>2026-05-01T08:40:28.608Z</time><extensions><gpxtpx:TrackPointExtension><gpxtpx:hr>92</gpxtpx:hr></gpxtpx:TrackPointExtension></extensions></trkpt><trkpt lat="60.064316" lon="18.757193"><ele>12.552</ele><time>2026-05-01T08:40:29.609Z</time><extensions><gpxtpx:TrackPointExtension><gpxtpx:hr>93</gpxtpx:hr></gpxtpx:TrackPointExtension></extensions></trkpt><trkpt lat="60.064323" lon="18.757233"><ele>12.583</ele><time>2026-05-01T08:40:30.608Z</time><extensions><gpxtpx:TrackPointExtension><gpxtpx:hr>93</gpxtpx:hr></gpxtpx:TrackPointExtension></extensions></trkpt><trkpt lat="60.064327" lon="18.75727"><ele>12.519</ele><time>2026-05-01T08:40:31.612Z</time><extensions><gpxtpx:TrackPointExtension><gpxtpx:hr>94</gpxtpx:hr></gpxtpx:TrackPointExtension></extensions></trkpt><trkpt lat="60.064335" lon="18.757309"><ele>12.61</ele><time>2026-05-01T08:40:32.621Z</time><extensions><gpxtpx:TrackPointExtension><gpxtpx:hr>94</gpxtpx:hr></gpxtpx:TrackPointExtension></extensions></trkpt><trkpt lat="60.064342" lon="18.757347"><ele>12.587</ele><time>2026-05-01T08:40:33.628Z</time><extensions><gpxtpx:TrackPointExtension><gpxtpx:hr>93</gpxtpx:hr></gpxtpx:TrackPointExtension></extensions></trkpt><trkpt lat="60.06435" lon="18.757383"><ele>12.606</ele><time>2026-05-01T08:40:34.636Z</time><extensions><gpxtpx:TrackPointExtension><gpxtpx:hr>93</gpxtpx:hr></gpxtpx:TrackPointExtension></extensions></trkpt><trkpt lat="60.064354" lon="18.757421"><ele>12.61</ele><time>2026-05-01T08:40:35.645Z</time><extensions><gpxtpx:TrackPointExtension><gpxtpx:hr>92</gpxtpx:hr></gpxtpx:TrackPointExtension></extensions></trkpt><trkpt lat="60.06436" lon="18.75746"><ele>12.583</ele><time>2026-05-01T08:40:36.654Z</time><extensions><gpxtpx:TrackPointExtension><gpxtpx:hr>90</gpxtpx:hr></gpxtpx:TrackPointExtension></extensions></trkpt><trkpt lat="60.06437" lon="18.757496"><ele>12.521</ele><time>2026-05-01T08:40:37.663Z</time><extensions><gpxtpx:TrackPointExtension><gpxtpx:hr>89</gpxtpx:hr></gpxtpx:TrackPointExtension></extensions></trkpt><trkpt lat="60.064377" lon="18.757534"><ele>12.229</ele><time>2026-05-01T08:40:38.672Z</time><extensions><gpxtpx:TrackPointExtension><gpxtpx:hr>89</gpxtpx:hr></gpxtpx:TrackPointExtension></extensions></trkpt><trkpt lat="60.064384" lon="18.757572"><ele>12.108</ele><time>2026-05-01T08:40:39.678Z</time><extensions><gpxtpx:TrackPointExtension><gpxtpx:hr>88</gpxtpx:hr></gpxtpx:TrackPointExtension></extensions></trkpt><trkpt lat="60.06439" lon="18.757608"><ele>12.046</ele><time>2026-05-01T08:40:40.686Z</time><extensions><gpxtpx:TrackPointExtension><gpxtpx:hr>88</gpxtpx:hr></gpxtpx:TrackPointExtension></extensions></trkpt><trkpt lat="60.064396" lon="18.757647"><ele>12.039</ele><time>2026-05-01T08:40:41.695Z</time><extensions><gpxtpx:TrackPointExtension><gpxtpx:hr>88</gpxtpx:hr></gpxtpx:TrackPointExtension></extensions></trkpt><trkpt lat="60.064404" lon="18.757687"><ele>12.006</ele><time>2026-05-01T08:40:42.697Z</time><extensions><gpxtpx:TrackPointExtension><gpxtpx:hr>88</gpxtpx:hr></gpxtpx:TrackPointExtension></extensions></trkpt><trkpt lat="60.06441" lon="18.757725"><ele>11.922</ele><time>2026-05-01T08:40:43.705Z</time><extensions><gpxtpx:TrackPointExtension><gpxtpx:hr>88</gpxtpx:hr></gpxtpx:TrackPointExtension></extensions></trkpt><trkpt lat="60.06442" lon="18.757763"><ele>11.885</ele><time>2026-05-01T08:40:44.713Z</time><extensions><gpxtpx:TrackPointExtension><gpxtpx:hr>88</gpxtpx:hr></gpxtpx:TrackPointExtension></extensions></trkpt><trkpt lat="60.064426" lon="18.757803"><ele>11.872</ele><time>2026-05-01T08:40:45.721Z</time><extensions><gpxtpx:TrackPointExtension><gpxtpx:hr>88</gpxtpx:hr></gpxtpx:TrackPointExtension></extensions></trkpt><trkpt lat="60.064434" lon="18.757843"><ele>11.894</ele><time>2026-05-01T08:40:46.729Z</time><extensions><gpxtpx:TrackPointExtension><gpxtpx:hr>88</gpxtpx:hr></gpxtpx:TrackPointExtension></extensions></trkpt><trkpt lat="60.06444" lon="18.757881"><ele>11.897</ele><time>2026-05-01T08:40:47.737Z</time><extensions><gpxtpx:TrackPointExtension><gpxtpx:hr>88</gpxtpx:hr></gpxtpx:TrackPointExtension></extensions></trkpt><trkpt lat="60.06445" lon="18.75792"><ele>11.872</ele><time>2026-05-01T08:40:48.747Z</time><extensions><gpxtpx:TrackPointExtension><gpxtpx:hr>89</gpxtpx:hr></gpxtpx:TrackPointExtension></extensions></trkpt><trkpt lat="60.064457" lon="18.757957"><ele>11.846</ele><time>2026-05-01T08:40:49.756Z</time><extensions><gpxtpx:TrackPointExtension><gpxtpx:hr>89</gpxtpx:hr></gpxtpx:TrackPointExtension></extensions></trkpt><trkpt lat="60.064465" lon="18.758"><ele>11.832</ele><time>2026-05-01T08:40:50.765Z</time><extensions><gpxtpx:TrackPointExtension><gpxtpx:hr>89</gpxtpx:hr></gpxtpx:TrackPointExtension></extensions></trkpt><trkpt lat="60.064472" lon="18.758041"><ele>11.859</ele><time>2026-05-01T08:40:51.773Z</time><extensions><gpxtpx:TrackPointExtension><gpxtpx:hr>89</gpxtpx:hr></gpxtpx:TrackPointExtension></extensions></trkpt><trkpt lat="60.06448" lon="18.758081"><ele>11.842</ele><time>2026-05-01T08:40:52.782Z</time><extensions><gpxtpx:TrackPointExtension><gpxtpx:hr>88</gpxtpx:hr></gpxtpx:TrackPointExtension></extensions></trkpt><trkpt lat="60.064487" lon="18.758121"><ele>11.804</ele><time>2026-05-01T08:40:53.788Z</time><extensions><gpxtpx:TrackPointExtension><gpxtpx:hr>88</gpxtpx:hr></gpxtpx:TrackPointExtension></extensions></trkpt><trkpt lat="60.064495" lon="18.758162"><ele>11.795</ele><time>2026-05-01T08:40:54.796Z</time><extensions><gpxtpx:TrackPointExtension><gpxtpx:hr>88</gpxtpx:hr></gpxtpx:TrackPointExtension></extensions></trkpt><trkpt lat="60.064503" lon="18.758202"><ele>11.825</ele><time>2026-05-01T08:40:55.804Z</time><extensions><gpxtpx:TrackPointExtension><gpxtpx:hr>88</gpxtpx:hr></gpxtpx:TrackPointExtension></extensions></trkpt><trkpt lat="60.06451" lon="18.758245"><ele>11.768</ele><time>2026-05-01T08:40:56.813Z</time><extensions><gpxtpx:TrackPointExtension><gpxtpx:hr>87</gpxtpx:hr></gpxtpx:TrackPointExtension></extensions></trkpt><trkpt lat="60.064514" lon="18.758286"><ele>11.778</ele><time>2026-05-01T08:40:57.822Z</time><extensions><gpxtpx:TrackPointExtension><gpxtpx:hr>87</gpxtpx:hr></gpxtpx:TrackPointExtension></extensions></trkpt><trkpt lat="60.06452" lon="18.75833"><ele>11.803</ele><time>2026-05-01T08:40:58.829Z</time><extensions><gpxtpx:TrackPointExtension><gpxtpx:hr>86</gpxtpx:hr></gpxtpx:TrackPointExtension></extensions></trkpt><trkpt lat="60.064526" lon="18.75837"><ele>11.789</ele><time>2026-05-01T08:40:59.838Z</time><extensions><gpxtpx:TrackPointExtension><gpxtpx:hr>86</gpxtpx:hr></gpxtpx:TrackPointExtension></extensions></trkpt><trkpt lat="60.06453" lon="18.75841"><ele>11.661</ele><time>2026-05-01T08:41:00.839Z</time><extensions><gpxtpx:TrackPointExtension><gpxtpx:hr>87</gpxtpx:hr></gpxtpx:TrackPointExtension></extensions></trkpt><trkpt lat="60.064537" lon="18.758446"><ele>11.425</ele><time>2026-05-01T08:41:01.839Z</time><extensions><gpxtpx:TrackPointExtension><gpxtpx:hr>88</gpxtpx:hr></gpxtpx:TrackPointExtension></extensions></trkpt><trkpt lat="60.064545" lon="18.758482"><ele>11.302</ele><time>2026-05-01T08:41:02.839Z</time><extensions><gpxtpx:TrackPointExtension><gpxtpx:hr>89</gpxtpx:hr></gpxtpx:TrackPointExtension></extensions></trkpt><trkpt lat="60.064552" lon="18.758514"><ele>11.089</ele><time>2026-05-01T08:41:03.841Z</time></trkpt><trkpt lat="60.06456" lon="18.758545"><ele>10.997</ele><time>2026-05-01T08:41:04.841Z</time><extensions><gpxtpx:TrackPointExtension><gpxtpx:hr>90</gpxtpx:hr></gpxtpx:TrackPointExtension></extensions></trkpt><trkpt lat="60.06457" lon="18.758577"><ele>10.922</ele><time>2026-05-01T08:41:05.842Z</time><extensions><gpxtpx:TrackPointExtension><gpxtpx:hr>91</gpxtpx:hr></gpxtpx:TrackPointExtension></extensions></trkpt><trkpt lat="60.06458" lon="18.75861"><ele>11.091</ele><time>2026-05-01T08:41:06.842Z</time><extensions><gpxtpx:TrackPointExtension><gpxtpx:hr>91</gpxtpx:hr></gpxtpx:TrackPointExtension></extensions></trkpt><trkpt lat="60.06459" lon="18.75864"><ele>11.2</ele><time>2026-05-01T08:41:07.841Z</time><extensions><gpxtpx:TrackPointExtension><gpxtpx:hr>92</gpxtpx:hr></gpxtpx:TrackPointExtension></extensions></trkpt><trkpt lat="60.064606" lon="18.758669"><ele>11.11</ele><time>2026-05-01T08:41:08.845Z</time></trkpt><trkpt lat="60.064617" lon="18.7587"><ele>10.941</ele><time>2026-05-01T08:41:09.842Z</time><extensions><gpxtpx:TrackPointExtension><gpxtpx:hr>93</gpxtpx:hr></gpxtpx:TrackPointExtension></extensions></trkpt><trkpt lat="60.06463" lon="18.758728"><ele>10.993</ele><time>2026-05-01T08:41:10.843Z</time><extensions><gpxtpx:TrackPointExtension><gpxtpx:hr>92</gpxtpx:hr></gpxtpx:TrackPointExtension></extensions></trkpt><trkpt lat="60.064644" lon="18.758757"><ele>11.046</ele><time>2026-05-01T08:41:11.842Z</time><extensions><gpxtpx:TrackPointExtension><gpxtpx:hr>92</gpxtpx:hr></gpxtpx:TrackPointExtension></extensions></trkpt><trkpt lat="60.06466" lon="18.758785"><ele>10.996</ele><time>2026-05-01T08:41:12.842Z</time><extensions><gpxtpx:TrackPointExtension><gpxtpx:hr>92</gpxtpx:hr></gpxtpx:TrackPointExtension></extensions></trkpt><trkpt lat="60.06467" lon="18.758814"><ele>10.829</ele><time>2026-05-01T08:41:13.843Z</time></trkpt><trkpt lat="60.064682" lon="18.758842"><ele>10.756</ele><time>2026-05-01T08:41:14.843Z</time><extensions><gpxtpx:TrackPointExtension><gpxtpx:hr>92</gpxtpx:hr></gpxtpx:TrackPointExtension></extensions></trkpt><trkpt lat="60.064693" lon="18.758873"><ele>10.765</ele><time>2026-05-01T08:41:15.845Z</time></trkpt><trkpt lat="60.06471" lon="18.758904"><ele>10.739</ele><time>2026-05-01T08:41:16.843Z</time></trkpt><trkpt lat="60.064716" lon="18.758934"><ele>10.716</ele><time>2026-05-01T08:41:17.843Z</time><extensions><gpxtpx:TrackPointExtension><gpxtpx:hr>91</gpxtpx:hr></gpxtpx:TrackPointExtension></extensions></trkpt><trkpt lat="60.064728" lon="18.758968"><ele>10.863</ele><time>2026-05-01T08:41:18.843Z</time><extensions><gpxtpx:TrackPointExtension><gpxtpx:hr>90</gpxtpx:hr></gpxtpx:TrackPointExtension></extensions></trkpt><trkpt lat="60.064743" lon="18.758999"><ele>10.9</ele><time>2026-05-01T08:41:19.852Z</time><extensions><gpxtpx:TrackPointExtension><gpxtpx:hr>88</gpxtpx:hr></gpxtpx:TrackPointExtension></extensions></trkpt><trkpt lat="60.064754" lon="18.759026"><ele>10.976</ele><time>2026-05-01T08:41:20.859Z</time><extensions><gpxtpx:TrackPointExtension><gpxtpx:hr>86</gpxtpx:hr></gpxtpx:TrackPointExtension></extensions></trkpt><trkpt lat="60.06477" lon="18.759052"><ele>10.97</ele><time>2026-05-01T08:41:21.868Z</time><extensions><gpxtpx:TrackPointExtension><gpxtpx:hr>84</gpxtpx:hr></gpxtpx:TrackPointExtension></extensions></trkpt><trkpt lat="60.06478" lon="18.75908"><ele>10.787</ele><time>2026-05-01T08:41:22.874Z</time><extensions><gpxtpx:TrackPointExtension><gpxtpx:hr>83</gpxtpx:hr></gpxtpx:TrackPointExtension></extensions></trkpt><trkpt lat="60.064793" lon="18.759111"><ele>10.457</ele><time>2026-05-01T08:41:23.876Z</time><extensions><gpxtpx:TrackPointExtension><gpxtpx:hr>82</gpxtpx:hr></gpxtpx:TrackPointExtension></extensions></trkpt><trkpt lat="60.064808" lon="18.75914"><ele>10.163</ele><time>2026-05-01T08:41:24.876Z</time><extensions><gpxtpx:TrackPointExtension><gpxtpx:hr>82</gpxtpx:hr></gpxtpx:TrackPointExtension></extensions></trkpt><trkpt lat="60.06482" lon="18.759169"><ele>10.025</ele><time>2026-05-01T08:41:25.884Z</time><extensions><gpxtpx:TrackPointExtension><gpxtpx:hr>82</gpxtpx:hr></gpxtpx:TrackPointExtension></extensions></trkpt><trkpt lat="60.06483" lon="18.759193"><ele>9.88</ele><time>2026-05-01T08:41:26.894Z</time><extensions><gpxtpx:TrackPointExtension><gpxtpx:hr>83</gpxtpx:hr></gpxtpx:TrackPointExtension></extensions></trkpt><trkpt lat="60.06485" lon="18.759218"><ele>9.755</ele><time>2026-05-01T08:41:27.901Z</time><extensions><gpxtpx:TrackPointExtension><gpxtpx:hr>83</gpxtpx:hr></gpxtpx:TrackPointExtension></extensions></trkpt><trkpt lat="60.064865" lon="18.759243"><ele>9.732</ele><time>2026-05-01T08:41:28.908Z</time><extensions><gpxtpx:TrackPointExtension><gpxtpx:hr>82</gpxtpx:hr></gpxtpx:TrackPointExtension></extensions></trkpt><trkpt lat="60.06488" lon="18.759268"><ele>9.625</ele><time>2026-05-01T08:41:29.918Z</time><extensions><gpxtpx:TrackPointExtension><gpxtpx:hr>83</gpxtpx:hr></gpxtpx:TrackPointExtension></extensions></trkpt><trkpt lat="60.064896" lon="18.759293"><ele>9.659</ele><time>2026-05-01T08:41:30.922Z</time><extensions><gpxtpx:TrackPointExtension><gpxtpx:hr>83</gpxtpx:hr></gpxtpx:TrackPointExtension></extensions></trkpt><trkpt lat="60.06491" lon="18.75932"><ele>9.783</ele><time>2026-05-01T08:41:31.922Z</time><extensions><gpxtpx:TrackPointExtension><gpxtpx:hr>84</gpxtpx:hr></gpxtpx:TrackPointExtension></extensions></trkpt><trkpt lat="60.064926" lon="18.759346"><ele>9.659</ele><time>2026-05-01T08:41:32.923Z</time><extensions><gpxtpx:TrackPointExtension><gpxtpx:hr>84</gpxtpx:hr></gpxtpx:TrackPointExtension></extensions></trkpt><trkpt lat="60.06494" lon="18.759369"><ele>9.589</ele><time>2026-05-01T08:41:33.930Z</time><extensions><gpxtpx:TrackPointExtension><gpxtpx:hr>85</gpxtpx:hr></gpxtpx:TrackPointExtension></extensions></trkpt><trkpt lat="60.064953" lon="18.759392"><ele>9.426</ele><time>2026-05-01T08:41:34.938Z</time><extensions><gpxtpx:TrackPointExtension><gpxtpx:hr>87</gpxtpx:hr></gpxtpx:TrackPointExtension></extensions></trkpt><trkpt lat="60.06497" lon="18.759413"><ele>9.43</ele><time>2026-05-01T08:41:35.946Z</time><extensions><gpxtpx:TrackPointExtension><gpxtpx:hr>87</gpxtpx:hr></gpxtpx:TrackPointExtension></extensions></trkpt><trkpt lat="60.064983" lon="18.759436"><ele>9.344</ele><time>2026-05-01T08:41:36.953Z</time><extensions><gpxtpx:TrackPointExtension><gpxtpx:hr>87</gpxtpx:hr></gpxtpx:TrackPointExtension></extensions></trkpt><trkpt lat="60.065" lon="18.759457"><ele>9.259</ele><time>2026-05-01T08:41:37.962Z</time><extensions><gpxtpx:TrackPointExtension><gpxtpx:hr>87</gpxtpx:hr></gpxtpx:TrackPointExtension></extensions></trkpt><trkpt lat="60.065018" lon="18.759476"><ele>9.174</ele><time>2026-05-01T08:41:38.968Z</time><extensions><gpxtpx:TrackPointExtension><gpxtpx:hr>88</gpxtpx:hr></gpxtpx:TrackPointExtension></extensions></trkpt><trkpt lat="60.065033" lon="18.759497"><ele>9.036</ele><time>2026-05-01T08:41:39.978Z</time><extensions><gpxtpx:TrackPointExtension><gpxtpx:hr>88</gpxtpx:hr></gpxtpx:TrackPointExtension></extensions></trkpt><trkpt lat="60.065056" lon="18.759518"><ele>9.119</ele><time>2026-05-01T08:41:40.987Z</time><extensions><gpxtpx:TrackPointExtension><gpxtpx:hr>89</gpxtpx:hr></gpxtpx:TrackPointExtension></extensions></trkpt><trkpt lat="60.065075" lon="18.759539"><ele>9.027</ele><time>2026-05-01T08:41:41.995Z</time><extensions><gpxtpx:TrackPointExtension><gpxtpx:hr>90</gpxtpx:hr></gpxtpx:TrackPointExtension></extensions></trkpt><trkpt lat="60.065094" lon="18.759558"><ele>8.886</ele><time>2026-05-01T08:41:43.004Z</time><extensions><gpxtpx:TrackPointExtension><gpxtpx:hr>92</gpxtpx:hr></gpxtpx:TrackPointExtension></extensions></trkpt><trkpt lat="60.065113" lon="18.759579"><ele>8.758</ele><time>2026-05-01T08:41:44.013Z</time></trkpt><trkpt lat="60.065132" lon="18.759598"><ele>8.645</ele><time>2026-05-01T08:41:45.022Z</time><extensions><gpxtpx:TrackPointExtension><gpxtpx:hr>94</gpxtpx:hr></gpxtpx:TrackPointExtension></extensions></trkpt><trkpt lat="60.065147" lon="18.759615"><ele>8.654</ele><time>2026-05-01T08:41:46.029Z</time><extensions><gpxtpx:TrackPointExtension><gpxtpx:hr>95</gpxtpx:hr></gpxtpx:TrackPointExtension></extensions></trkpt><trkpt lat="60.06516" lon="18.75963"><ele>8.78</ele><time>2026-05-01T08:41:47.037Z</time><extensions><gpxtpx:TrackPointExtension><gpxtpx:hr>95</gpxtpx:hr></gpxtpx:TrackPointExtension></extensions></trkpt><trkpt lat="60.065174" lon="18.759645"><ele>8.789</ele><time>2026-05-01T08:41:48.044Z</time><extensions><gpxtpx:TrackPointExtension><gpxtpx:hr>96</gpxtpx:hr></gpxtpx:TrackPointExtension></extensions></trkpt><trkpt lat="60.065186" lon="18.759659"><ele>8.851</ele><time>2026-05-01T08:41:49.053Z</time></trkpt><trkpt lat="60.065197" lon="18.759674"><ele>8.925</ele><time>2026-05-01T08:41:50.059Z</time><extensions><gpxtpx:TrackPointExtension><gpxtpx:hr>96</gpxtpx:hr></gpxtpx:TrackPointExtension></extensions></trkpt><trkpt lat="60.065212" lon="18.759691"><ele>8.875</ele><time>2026-05-01T08:41:51.067Z</time><extensions><gpxtpx:TrackPointExtension><gpxtpx:hr>97</gpxtpx:hr></gpxtpx:TrackPointExtension></extensions></trkpt><trkpt lat="60.065224" lon="18.759708"><ele>8.847</ele><time>2026-05-01T08:41:52.075Z</time><extensions><gpxtpx:TrackPointExtension><gpxtpx:hr>99</gpxtpx:hr></gpxtpx:TrackPointExtension></extensions></trkpt><trkpt lat="60.06524" lon="18.759727"><ele>8.653</ele><time>2026-05-01T08:41:53.085Z</time><extensions><gpxtpx:TrackPointExtension><gpxtpx:hr>100</gpxtpx:hr></gpxtpx:TrackPointExtension></extensions></trkpt><trkpt lat="60.065254" lon="18.759745"><ele>8.526</ele><time>2026-05-01T08:41:54.093Z</time></trkpt><trkpt lat="60.065266" lon="18.75976"><ele>8.469</ele><time>2026-05-01T08:41:55.102Z</time><extensions><gpxtpx:TrackPointExtension><gpxtpx:hr>102</gpxtpx:hr></gpxtpx:TrackPointExtension></extensions></trkpt><trkpt lat="60.06528" lon="18.759779"><ele>8.389</ele><time>2026-05-01T08:41:56.111Z</time><extensions><gpxtpx:TrackPointExtension><gpxtpx:hr>102</gpxtpx:hr></gpxtpx:TrackPointExtension></extensions></trkpt><trkpt lat="60.065296" lon="18.759796"><ele>8.365</ele><time>2026-05-01T08:41:57.118Z</time><extensions><gpxtpx:TrackPointExtension><gpxtpx:hr>102</gpxtpx:hr></gpxtpx:TrackPointExtension></extensions></trkpt><trkpt lat="60.065308" lon="18.759813"><ele>8.316</ele><time>2026-05-01T08:41:58.127Z</time><extensions><gpxtpx:TrackPointExtension><gpxtpx:hr>102</gpxtpx:hr></gpxtpx:TrackPointExtension></extensions></trkpt><trkpt lat="60.065323" lon="18.75983"><ele>8.293</ele><time>2026-05-01T08:41:59.135Z</time></trkpt><trkpt lat="60.06534" lon="18.759848"><ele>8.297</ele><time>2026-05-01T08:42:00.142Z</time><extensions><gpxtpx:TrackPointExtension><gpxtpx:hr>101</gpxtpx:hr></gpxtpx:TrackPointExtension></extensions></trkpt><trkpt lat="60.06535" lon="18.759865"><ele>8.299</ele><time>2026-05-01T08:42:01.149Z</time><extensions><gpxtpx:TrackPointExtension><gpxtpx:hr>101</gpxtpx:hr></gpxtpx:TrackPointExtension></extensions></trkpt><trkpt lat="60.065365" lon="18.759882"><ele>8.323</ele><time>2026-05-01T08:42:02.158Z</time><extensions><gpxtpx:TrackPointExtension><gpxtpx:hr>100</gpxtpx:hr></gpxtpx:TrackPointExtension></extensions></trkpt><trkpt lat="60.06538" lon="18.7599"><ele>8.364</ele><time>2026-05-01T08:42:03.167Z</time><extensions><gpxtpx:TrackPointExtension><gpxtpx:hr>100</gpxtpx:hr></gpxtpx:TrackPointExtension></extensions></trkpt><trkpt lat="60.06539" lon="18.759916"><ele>8.324</ele><time>2026-05-01T08:42:04.176Z</time></trkpt><trkpt lat="60.065407" lon="18.759935"><ele>8.27</ele><time>2026-05-01T08:42:05.185Z</time><extensions><gpxtpx:TrackPointExtension><gpxtpx:hr>98</gpxtpx:hr></gpxtpx:TrackPointExtension></extensions></trkpt><trkpt lat="60.065422" lon="18.759953"><ele>8.226</ele><time>2026-05-01T08:42:06.193Z</time><extensions><gpxtpx:TrackPointExtension><gpxtpx:hr>97</gpxtpx:hr></gpxtpx:TrackPointExtension></extensions></trkpt><trkpt lat="60.065437" lon="18.759972"><ele>8.21</ele><time>2026-05-01T08:42:07.201Z</time><extensions><gpxtpx:TrackPointExtension><gpxtpx:hr>97</gpxtpx:hr></gpxtpx:TrackPointExtension></extensions></trkpt><trkpt lat="60.065453" lon="18.759989"><ele>8.225</ele><time>2026-05-01T08:42:08.209Z</time><extensions><gpxtpx:TrackPointExtension><gpxtpx:hr>97</gpxtpx:hr></gpxtpx:TrackPointExtension></extensions></trkpt><trkpt lat="60.065468" lon="18.760008"><ele>8.268</ele><time>2026-05-01T08:42:09.217Z</time></trkpt><trkpt lat="60.065483" lon="18.760025"><ele>8.185</ele><time>2026-05-01T08:42:10.225Z</time><extensions><gpxtpx:TrackPointExtension><gpxtpx:hr>94</gpxtpx:hr></gpxtpx:TrackPointExtension></extensions></trkpt><trkpt lat="60.0655" lon="18.76004"><ele>8.107</ele><time>2026-05-01T08:42:11.233Z</time><extensions><gpxtpx:TrackPointExtension><gpxtpx:hr>93</gpxtpx:hr></gpxtpx:TrackPointExtension></extensions></trkpt><trkpt lat="60.065514" lon="18.760057"><ele>8.152</ele><time>2026-05-01T08:42:12.243Z</time><extensions><gpxtpx:TrackPointExtension><gpxtpx:hr>93</gpxtpx:hr></gpxtpx:TrackPointExtension></extensions></trkpt><trkpt lat="60.065525" lon="18.760073"><ele>8.133</ele><time>2026-05-01T08:42:13.252Z</time><extensions><gpxtpx:TrackPointExtension><gpxtpx:hr>93</gpxtpx:hr></gpxtpx:TrackPointExtension></extensions></trkpt><trkpt lat="60.065536" lon="18.760086"><ele>8.16</ele><time>2026-05-01T08:42:14.261Z</time></trkpt><trkpt lat="60.065548" lon="18.7601"><ele>8.137</ele><time>2026-05-01T08:42:15.271Z</time><extensions><gpxtpx:TrackPointExtension><gpxtpx:hr>93</gpxtpx:hr></gpxtpx:TrackPointExtension></extensions></trkpt><trkpt lat="60.06556" lon="18.760115"><ele>8.172</ele><time>2026-05-01T08:42:16.280Z</time><extensions><gpxtpx:TrackPointExtension><gpxtpx:hr>94</gpxtpx:hr></gpxtpx:TrackPointExtension></extensions></trkpt><trkpt lat="60.06557" lon="18.76013"><ele>8.248</ele><time>2026-05-01T08:42:17.287Z</time><extensions><gpxtpx:TrackPointExtension><gpxtpx:hr>95</gpxtpx:hr></gpxtpx:TrackPointExtension></extensions></trkpt><trkpt lat="60.065582" lon="18.760143"><ele>8.274</ele><time>2026-05-01T08:42:18.297Z</time><extensions><gpxtpx:TrackPointExtension><gpxtpx:hr>96</gpxtpx:hr></gpxtpx:TrackPointExtension></extensions></trkpt><trkpt lat="60.065594" lon="18.760155"><ele>8.384</ele><time>2026-05-01T08:42:19.307Z</time></trkpt><trkpt lat="60.0656" lon="18.760166"><ele>8.402</ele><time>2026-05-01T08:42:20.316Z</time><extensions><gpxtpx:TrackPointExtension><gpxtpx:hr>98</gpxtpx:hr></gpxtpx:TrackPointExtension></extensions></trkpt><trkpt lat="60.065613" lon="18.760174"><ele>8.422</ele><time>2026-05-01T08:42:21.326Z</time><extensions><gpxtpx:TrackPointExtension><gpxtpx:hr>99</gpxtpx:hr></gpxtpx:TrackPointExtension></extensions></trkpt><trkpt lat="60.065624" lon="18.760181"><ele>8.395</ele><time>2026-05-01T08:42:22.334Z</time><extensions><gpxtpx:TrackPointExtension><gpxtpx:hr>100</gpxtpx:hr></gpxtpx:TrackPointExtension></extensions></trkpt><trkpt lat="60.06564" lon="18.760187"><ele>8.369</ele><time>2026-05-01T08:42:23.343Z</time><extensions><gpxtpx:TrackPointExtension><gpxtpx:hr>101</gpxtpx:hr></gpxtpx:TrackPointExtension></extensions></trkpt><trkpt lat="60.065655" lon="18.760193"><ele>8.383</ele><time>2026-05-01T08:42:24.352Z</time></trkpt><trkpt lat="60.06567" lon="18.7602"><ele>8.336</ele><time>2026-05-01T08:42:25.361Z</time><extensions><gpxtpx:TrackPointExtension><gpxtpx:hr>103</gpxtpx:hr></gpxtpx:TrackPointExtension></extensions></trkpt><trkpt lat="60.06569" lon="18.76021"><ele>8.343</ele><time>2026-05-01T08:42:26.371Z</time><extensions><gpxtpx:TrackPointExtension><gpxtpx:hr>102</gpxtpx:hr></gpxtpx:TrackPointExtension></extensions></trkpt><trkpt lat="60.06571" lon="18.76022"><ele>8.323</ele><time>2026-05-01T08:42:27.378Z</time><extensions><gpxtpx:TrackPointExtension><gpxtpx:hr>101</gpxtpx:hr></gpxtpx:TrackPointExtension></extensions></trkpt><trkpt lat="60.065727" lon="18.760233"><ele>8.297</ele><time>2026-05-01T08:42:28.387Z</time></trkpt><trkpt lat="60.065746" lon="18.760246"><ele>8.319</ele><time>2026-05-01T08:42:29.396Z</time><extensions><gpxtpx:TrackPointExtension><gpxtpx:hr>102</gpxtpx:hr></gpxtpx:TrackPointExtension></extensions></trkpt><trkpt lat="60.06577" lon="18.760262"><ele>8.392</ele><time>2026-05-01T08:42:30.407Z</time><extensions><gpxtpx:TrackPointExtension><gpxtpx:hr>101</gpxtpx:hr></gpxtpx:TrackPointExtension></extensions></trkpt><trkpt lat="60.06579" lon="18.760277"><ele>8.414</ele><time>2026-05-01T08:42:31.415Z</time></trkpt><trkpt lat="60.06581" lon="18.760292"><ele>8.406</ele><time>2026-05-01T08:42:32.424Z</time><extensions><gpxtpx:TrackPointExtension><gpxtpx:hr>101</gpxtpx:hr></gpxtpx:TrackPointExtension></extensions></trkpt><trkpt lat="60.06583" lon="18.76031"><ele>8.396</ele><time>2026-05-01T08:42:33.433Z</time></trkpt><trkpt lat="60.065845" lon="18.760326"><ele>8.433</ele><time>2026-05-01T08:42:34.442Z</time><extensions><gpxtpx:TrackPointExtension><gpxtpx:hr>102</gpxtpx:hr></gpxtpx:TrackPointExtension></extensions></trkpt><trkpt lat="60.06586" lon="18.760344"><ele>8.449</ele><time>2026-05-01T08:42:35.452Z</time><extensions><gpxtpx:TrackPointExtension><gpxtpx:hr>102</gpxtpx:hr></gpxtpx:TrackPointExtension></extensions></trkpt><trkpt lat="60.065876" lon="18.760359"><ele>8.507</ele><time>2026-05-01T08:42:36.461Z</time><extensions><gpxtpx:TrackPointExtension><gpxtpx:hr>101</gpxtpx:hr></gpxtpx:TrackPointExtension></extensions></trkpt><trkpt lat="60.065887" lon="18.760372"><ele>8.559</ele><time>2026-05-01T08:42:37.468Z</time><extensions><gpxtpx:TrackPointExtension><gpxtpx:hr>100</gpxtpx:hr></gpxtpx:TrackPointExtension></extensions></trkpt><trkpt lat="60.0659" lon="18.760387"><ele>8.564</ele><time>2026-05-01T08:42:38.477Z</time></trkpt><trkpt lat="60.06591" lon="18.7604"><ele>8.56</ele><time>2026-05-01T08:42:39.487Z</time><extensions><gpxtpx:TrackPointExtension><gpxtpx:hr>98</gpxtpx:hr></gpxtpx:TrackPointExtension></extensions></trkpt><trkpt lat="60.06592" lon="18.760412"><ele>8.482</ele><time>2026-05-01T08:42:40.495Z</time><extensions><gpxtpx:TrackPointExtension><gpxtpx:hr>98</gpxtpx:hr></gpxtpx:TrackPointExtension></extensions></trkpt><trkpt lat="60.065933" lon="18.760422"><ele>8.411</ele><time>2026-05-01T08:42:41.505Z</time><extensions><gpxtpx:TrackPointExtension><gpxtpx:hr>99</gpxtpx:hr></gpxtpx:TrackPointExtension></extensions></trkpt><trkpt lat="60.06595" lon="18.760431"><ele>8.357</ele><time>2026-05-01T08:42:42.513Z</time><extensions><gpxtpx:TrackPointExtension><gpxtpx:hr>99</gpxtpx:hr></gpxtpx:TrackPointExtension></extensions></trkpt><trkpt lat="60.065964" lon="18.760437"><ele>8.312</ele><time>2026-05-01T08:42:43.520Z</time><extensions><gpxtpx:TrackPointExtension><gpxtpx:hr>99</gpxtpx:hr></gpxtpx:TrackPointExtension></extensions></trkpt><trkpt lat="60.065983" lon="18.760443"><ele>8.354</ele><time>2026-05-01T08:42:44.527Z</time><extensions><gpxtpx:TrackPointExtension><gpxtpx:hr>98</gpxtpx:hr></gpxtpx:TrackPointExtension></extensions></trkpt><trkpt lat="60.066" lon="18.760447"><ele>8.307</ele><time>2026-05-01T08:42:45.537Z</time><extensions><gpxtpx:TrackPointExtension><gpxtpx:hr>97</gpxtpx:hr></gpxtpx:TrackPointExtension></extensions></trkpt><trkpt lat="60.066025" lon="18.76045"><ele>8.245</ele><time>2026-05-01T08:42:46.546Z</time><extensions><gpxtpx:TrackPointExtension><gpxtpx:hr>96</gpxtpx:hr></gpxtpx:TrackPointExtension></extensions></trkpt><trkpt lat="60.066048" lon="18.760456"><ele>8.132</ele><time>2026-05-01T08:42:47.556Z</time><extensions><gpxtpx:TrackPointExtension><gpxtpx:hr>96</gpxtpx:hr></gpxtpx:TrackPointExtension></extensions></trkpt><trkpt lat="60.066074" lon="18.760466"><ele>7.969</ele><time>2026-05-01T08:42:48.565Z</time><extensions><gpxtpx:TrackPointExtension><gpxtpx:hr>96</gpxtpx:hr></gpxtpx:TrackPointExtension></extensions></trkpt><trkpt lat="60.0661" lon="18.760477"><ele>7.873</ele><time>2026-05-01T08:42:49.574Z</time><extensions><gpxtpx:TrackPointExtension><gpxtpx:hr>95</gpxtpx:hr></gpxtpx:TrackPointExtension></extensions></trkpt><trkpt lat="60.066128" lon="18.760492"><ele>7.81</ele><time>2026-05-01T08:42:50.577Z</time><extensions><gpxtpx:TrackPointExtension><gpxtpx:hr>94</gpxtpx:hr></gpxtpx:TrackPointExtension></extensions></trkpt><trkpt lat="60.06615" lon="18.760506"><ele>7.729</ele><time>2026-05-01T08:42:51.583Z</time><extensions><gpxtpx:TrackPointExtension><gpxtpx:hr>95</gpxtpx:hr></gpxtpx:TrackPointExtension></extensions></trkpt><trkpt lat="60.066177" lon="18.760519"><ele>7.708</ele><time>2026-05-01T08:42:52.586Z</time><extensions><gpxtpx:TrackPointExtension><gpxtpx:hr>95</gpxtpx:hr></gpxtpx:TrackPointExtension></extensions></trkpt><trkpt lat="60.0662" lon="18.760532"><ele>7.665</ele><time>2026-05-01T08:42:53.592Z</time><extensions><gpxtpx:TrackPointExtension><gpxtpx:hr>96</gpxtpx:hr></gpxtpx:TrackPointExtension></extensions></trkpt><trkpt lat="60.066223" lon="18.760546"><ele>7.567</ele><time>2026-05-01T08:42:54.600Z</time><extensions><gpxtpx:TrackPointExtension><gpxtpx:hr>97</gpxtpx:hr></gpxtpx:TrackPointExtension></extensions></trkpt><trkpt lat="60.066246" lon="18.760561"><ele>7.377</ele><time>2026-05-01T08:42:55.610Z</time><extensions><gpxtpx:TrackPointExtension><gpxtpx:hr>97</gpxtpx:hr></gpxtpx:TrackPointExtension></extensions></trkpt><trkpt lat="60.066265" lon="18.760574"><ele>7.25</ele><time>2026-05-01T08:42:56.618Z</time><extensions><gpxtpx:TrackPointExtension><gpxtpx:hr>98</gpxtpx:hr></gpxtpx:TrackPointExtension></extensions></trkpt><trkpt lat="60.06628" lon="18.760586"><ele>7.109</ele><time>2026-05-01T08:42:57.627Z</time><extensions><gpxtpx:TrackPointExtension><gpxtpx:hr>99</gpxtpx:hr></gpxtpx:TrackPointExtension></extensions></trkpt><trkpt lat="60.0663" lon="18.760595"><ele>6.975</ele><time>2026-05-01T08:42:58.636Z</time><extensions><gpxtpx:TrackPointExtension><gpxtpx:hr>100</gpxtpx:hr></gpxtpx:TrackPointExtension></extensions></trkpt><trkpt lat="60.066315" lon="18.760605"><ele>6.754</ele><time>2026-05-01T08:42:59.646Z</time><extensions><gpxtpx:TrackPointExtension><gpxtpx:hr>100</gpxtpx:hr></gpxtpx:TrackPointExtension></extensions></trkpt><trkpt lat="60.066334" lon="18.760612"><ele>6.557</ele><time>2026-05-01T08:43:00.655Z</time><extensions><gpxtpx:TrackPointExtension><gpxtpx:hr>100</gpxtpx:hr></gpxtpx:TrackPointExtension></extensions></trkpt><trkpt lat="60.066357" lon="18.76062"><ele>6.406</ele><time>2026-05-01T08:43:01.663Z</time><extensions><gpxtpx:TrackPointExtension><gpxtpx:hr>100</gpxtpx:hr></gpxtpx:TrackPointExtension></extensions></trkpt><trkpt lat="60.06638" lon="18.76063"><ele>6.32</ele><time>2026-05-01T08:43:02.672Z</time><extensions><gpxtpx:TrackPointExtension><gpxtpx:hr>100</gpxtpx:hr></gpxtpx:TrackPointExtension></extensions></trkpt><trkpt lat="60.066402" lon="18.760637"><ele>6.297</ele><time>2026-05-01T08:43:03.681Z</time><extensions><gpxtpx:TrackPointExtension><gpxtpx:hr>99</gpxtpx:hr></gpxtpx:TrackPointExtension></extensions></trkpt><trkpt lat="60.066425" lon="18.760647"><ele>6.151</ele><time>2026-05-01T08:43:04.687Z</time><extensions><gpxtpx:TrackPointExtension><gpxtpx:hr>99</gpxtpx:hr></gpxtpx:TrackPointExtension></extensions></trkpt><trkpt lat="60.066452" lon="18.760654"><ele>6.078</ele><time>2026-05-01T08:43:05.697Z</time><extensions><gpxtpx:TrackPointExtension><gpxtpx:hr>99</gpxtpx:hr></gpxtpx:TrackPointExtension></extensions></trkpt><trkpt lat="60.06648" lon="18.760662"><ele>5.933</ele><time>2026-05-01T08:43:06.706Z</time><extensions><gpxtpx:TrackPointExtension><gpxtpx:hr>98</gpxtpx:hr></gpxtpx:TrackPointExtension></extensions></trkpt><trkpt lat="60.066505" lon="18.760668"><ele>5.822</ele><time>2026-05-01T08:43:07.714Z</time><extensions><gpxtpx:TrackPointExtension><gpxtpx:hr>97</gpxtpx:hr></gpxtpx:TrackPointExtension></extensions></trkpt><trkpt lat="60.066532" lon="18.760672"><ele>5.69</ele><time>2026-05-01T08:43:08.724Z</time><extensions><gpxtpx:TrackPointExtension><gpxtpx:hr>97</gpxtpx:hr></gpxtpx:TrackPointExtension></extensions></trkpt><trkpt lat="60.066555" lon="18.76067"><ele>5.62</ele><time>2026-05-01T08:43:09.728Z</time><extensions><gpxtpx:TrackPointExtension><gpxtpx:hr>96</gpxtpx:hr></gpxtpx:TrackPointExtension></extensions></trkpt><trkpt lat="60.066578" lon="18.76067"><ele>5.459</ele><time>2026-05-01T08:43:10.727Z</time><extensions><gpxtpx:TrackPointExtension><gpxtpx:hr>95</gpxtpx:hr></gpxtpx:TrackPointExtension></extensions></trkpt><trkpt lat="60.0666" lon="18.760672"><ele>5.371</ele><time>2026-05-01T08:43:11.726Z</time><extensions><gpxtpx:TrackPointExtension><gpxtpx:hr>95</gpxtpx:hr></gpxtpx:TrackPointExtension></extensions></trkpt><trkpt lat="60.066624" lon="18.760677"><ele>5.354</ele><time>2026-05-01T08:43:12.735Z</time><extensions><gpxtpx:TrackPointExtension><gpxtpx:hr>94</gpxtpx:hr></gpxtpx:TrackPointExtension></extensions></trkpt><trkpt lat="60.066647" lon="18.760681"><ele>5.365</ele><time>2026-05-01T08:43:13.744Z</time><extensions><gpxtpx:TrackPointExtension><gpxtpx:hr>94</gpxtpx:hr></gpxtpx:TrackPointExtension></extensions></trkpt><trkpt lat="60.06667" lon="18.760687"><ele>5.409</ele><time>2026-05-01T08:43:14.753Z</time><extensions><gpxtpx:TrackPointExtension><gpxtpx:hr>94</gpxtpx:hr></gpxtpx:TrackPointExtension></extensions></trkpt><trkpt lat="60.066696" lon="18.76069"><ele>5.345</ele><time>2026-05-01T08:43:15.761Z</time><extensions><gpxtpx:TrackPointExtension><gpxtpx:hr>93</gpxtpx:hr></gpxtpx:TrackPointExtension></extensions></trkpt><trkpt lat="60.06672" lon="18.760695"><ele>5.32</ele><time>2026-05-01T08:43:16.765Z</time><extensions><gpxtpx:TrackPointExtension><gpxtpx:hr>92</gpxtpx:hr></gpxtpx:TrackPointExtension></extensions></trkpt><trkpt lat="60.066746" lon="18.760698"><ele>5.3</ele><time>2026-05-01T08:43:17.774Z</time><extensions><gpxtpx:TrackPointExtension><gpxtpx:hr>91</gpxtpx:hr></gpxtpx:TrackPointExtension></extensions></trkpt><trkpt lat="60.06677" lon="18.7607"><ele>5.287</ele><time>2026-05-01T08:43:18.783Z</time><extensions><gpxtpx:TrackPointExtension><gpxtpx:hr>91</gpxtpx:hr></gpxtpx:TrackPointExtension></extensions></trkpt><trkpt lat="60.066795" lon="18.760702"><ele>5.267</ele><time>2026-05-01T08:43:19.792Z</time><extensions><gpxtpx:TrackPointExtension><gpxtpx:hr>92</gpxtpx:hr></gpxtpx:TrackPointExtension></extensions></trkpt><trkpt lat="60.066822" lon="18.760706"><ele>5.258</ele><time>2026-05-01T08:43:20.802Z</time><extensions><gpxtpx:TrackPointExtension><gpxtpx:hr>93</gpxtpx:hr></gpxtpx:TrackPointExtension></extensions></trkpt><trkpt lat="60.06685" lon="18.760708"><ele>5.216</ele><time>2026-05-01T08:43:21.808Z</time><extensions><gpxtpx:TrackPointExtension><gpxtpx:hr>95</gpxtpx:hr></gpxtpx:TrackPointExtension></extensions></trkpt><trkpt lat="60.06687" lon="18.76071"><ele>5.191</ele><time>2026-05-01T08:43:22.817Z</time><extensions><gpxtpx:TrackPointExtension><gpxtpx:hr>95</gpxtpx:hr></gpxtpx:TrackPointExtension></extensions></trkpt><trkpt lat="60.0669" lon="18.760714"><ele>5.23</ele><time>2026-05-01T08:43:23.826Z</time><extensions><gpxtpx:TrackPointExtension><gpxtpx:hr>96</gpxtpx:hr></gpxtpx:TrackPointExtension></extensions></trkpt><trkpt lat="60.06692" lon="18.76072"><ele>5.146</ele><time>2026-05-01T08:43:24.835Z</time><extensions><gpxtpx:TrackPointExtension><gpxtpx:hr>97</gpxtpx:hr></gpxtpx:TrackPointExtension></extensions></trkpt><trkpt lat="60.066944" lon="18.760721"><ele>5.046</ele><time>2026-05-01T08:43:25.844Z</time><extensions><gpxtpx:TrackPointExtension><gpxtpx:hr>96</gpxtpx:hr></gpxtpx:TrackPointExtension></extensions></trkpt><trkpt lat="60.06697" lon="18.760725"><ele>5.09</ele><time>2026-05-01T08:43:26.853Z</time><extensions><gpxtpx:TrackPointExtension><gpxtpx:hr>95</gpxtpx:hr></gpxtpx:TrackPointExtension></extensions></trkpt><trkpt lat="60.066994" lon="18.760727"><ele>5.028</ele><time>2026-05-01T08:43:27.864Z</time><extensions><gpxtpx:TrackPointExtension><gpxtpx:hr>95</gpxtpx:hr></gpxtpx:TrackPointExtension></extensions></trkpt><trkpt lat="60.067017" lon="18.76073"><ele>5.009</ele><time>2026-05-01T08:43:28.872Z</time><extensions><gpxtpx:TrackPointExtension><gpxtpx:hr>95</gpxtpx:hr></gpxtpx:TrackPointExtension></extensions></trkpt><trkpt lat="60.06704" lon="18.760733"><ele>4.986</ele><time>2026-05-01T08:43:29.882Z</time><extensions><gpxtpx:TrackPointExtension><gpxtpx:hr>94</gpxtpx:hr></gpxtpx:TrackPointExtension></extensions></trkpt><trkpt lat="60.067066" lon="18.760736"><ele>5.092</ele><time>2026-05-01T08:43:30.891Z</time><extensions><gpxtpx:TrackPointExtension><gpxtpx:hr>93</gpxtpx:hr></gpxtpx:TrackPointExtension></extensions></trkpt><trkpt lat="60.06709" lon="18.760746"><ele>5.15</ele><time>2026-05-01T08:43:31.901Z</time><extensions><gpxtpx:TrackPointExtension><gpxtpx:hr>94</gpxtpx:hr></gpxtpx:TrackPointExtension></extensions></trkpt><trkpt lat="60.067112" lon="18.760756"><ele>5.128</ele><time>2026-05-01T08:43:32.910Z</time><extensions><gpxtpx:TrackPointExtension><gpxtpx:hr>94</gpxtpx:hr></gpxtpx:TrackPointExtension></extensions></trkpt><trkpt lat="60.067135" lon="18.760767"><ele>5.087</ele><time>2026-05-01T08:43:33.917Z</time><extensions><gpxtpx:TrackPointExtension><gpxtpx:hr>94</gpxtpx:hr></gpxtpx:TrackPointExtension></extensions></trkpt><trkpt lat="60.067158" lon="18.760777"><ele>5.156</ele><time>2026-05-01T08:43:34.927Z</time><extensions><gpxtpx:TrackPointExtension><gpxtpx:hr>94</gpxtpx:hr></gpxtpx:TrackPointExtension></extensions></trkpt><trkpt lat="60.06718" lon="18.760784"><ele>5.118</ele><time>2026-05-01T08:43:35.936Z</time><extensions><gpxtpx:TrackPointExtension><gpxtpx:hr>94</gpxtpx:hr></gpxtpx:TrackPointExtension></extensions></trkpt><trkpt lat="60.067204" lon="18.760792"><ele>5.17</ele><time>2026-05-01T08:43:36.944Z</time><extensions><gpxtpx:TrackPointExtension><gpxtpx:hr>93</gpxtpx:hr></gpxtpx:TrackPointExtension></extensions></trkpt><trkpt lat="60.067226" lon="18.760798"><ele>5.105</ele><time>2026-05-01T08:43:37.953Z</time><extensions><gpxtpx:TrackPointExtension><gpxtpx:hr>93</gpxtpx:hr></gpxtpx:TrackPointExtension></extensions></trkpt><trkpt lat="60.06725" lon="18.760803"><ele>5.131</ele><time>2026-05-01T08:43:38.962Z</time><extensions><gpxtpx:TrackPointExtension><gpxtpx:hr>92</gpxtpx:hr></gpxtpx:TrackPointExtension></extensions></trkpt><trkpt lat="60.067272" lon="18.760809"><ele>5.122</ele><time>2026-05-01T08:43:39.971Z</time><extensions><gpxtpx:TrackPointExtension><gpxtpx:hr>92</gpxtpx:hr></gpxtpx:TrackPointExtension></extensions></trkpt><trkpt lat="60.0673" lon="18.760815"><ele>5.085</ele><time>2026-05-01T08:43:40.978Z</time><extensions><gpxtpx:TrackPointExtension><gpxtpx:hr>91</gpxtpx:hr></gpxtpx:TrackPointExtension></extensions></trkpt><trkpt lat="60.06732" lon="18.760822"><ele>5.15</ele><time>2026-05-01T08:43:41.987Z</time><extensions><gpxtpx:TrackPointExtension><gpxtpx:hr>91</gpxtpx:hr></gpxtpx:TrackPointExtension></extensions></trkpt><trkpt lat="60.067345" lon="18.76083"><ele>5.219</ele><time>2026-05-01T08:43:42.996Z</time><extensions><gpxtpx:TrackPointExtension><gpxtpx:hr>91</gpxtpx:hr></gpxtpx:TrackPointExtension></extensions></trkpt><trkpt lat="60.067368" lon="18.760838"><ele>5.254</ele><time>2026-05-01T08:43:44.005Z</time></trkpt><trkpt lat="60.06739" lon="18.760843"><ele>5.273</ele><time>2026-05-01T08:43:45.014Z</time><extensions><gpxtpx:TrackPointExtension><gpxtpx:hr>94</gpxtpx:hr></gpxtpx:TrackPointExtension></extensions></trkpt><trkpt lat="60.067413" lon="18.760849"><ele>5.329</ele><time>2026-05-01T08:43:46.024Z</time><extensions><gpxtpx:TrackPointExtension><gpxtpx:hr>94</gpxtpx:hr></gpxtpx:TrackPointExtension></extensions></trkpt><trkpt lat="60.067436" lon="18.760857"><ele>5.38</ele><time>2026-05-01T08:43:47.031Z</time><extensions><gpxtpx:TrackPointExtension><gpxtpx:hr>95</gpxtpx:hr></gpxtpx:TrackPointExtension></extensions></trkpt><trkpt lat="60.06746" lon="18.760862"><ele>5.426</ele><time>2026-05-01T08:43:48.039Z</time><extensions><gpxtpx:TrackPointExtension><gpxtpx:hr>95</gpxtpx:hr></gpxtpx:TrackPointExtension></extensions></trkpt><trkpt lat="60.067482" lon="18.760872"><ele>5.472</ele><time>2026-05-01T08:43:49.047Z</time></trkpt><trkpt lat="60.067505" lon="18.760878"><ele>5.492</ele><time>2026-05-01T08:43:50.055Z</time></trkpt><trkpt lat="60.067524" lon="18.760885"><ele>5.542</ele><time>2026-05-01T08:43:51.065Z</time><extensions><gpxtpx:TrackPointExtension><gpxtpx:hr>98</gpxtpx:hr></gpxtpx:TrackPointExtension></extensions></trkpt><trkpt lat="60.067547" lon="18.760891"><ele>5.63</ele><time>2026-05-01T08:43:52.074Z</time><extensions><gpxtpx:TrackPointExtension><gpxtpx:hr>99</gpxtpx:hr></gpxtpx:TrackPointExtension></extensions></trkpt><trkpt lat="60.067566" lon="18.760895"><ele>5.694</ele><time>2026-05-01T08:43:53.082Z</time><extensions><gpxtpx:TrackPointExtension><gpxtpx:hr>100</gpxtpx:hr></gpxtpx:TrackPointExtension></extensions></trkpt><trkpt lat="60.06758" lon="18.760897"><ele>5.651</ele><time>2026-05-01T08:43:54.092Z</time></trkpt><trkpt lat="60.0676" lon="18.7609"><ele>5.737</ele><time>2026-05-01T08:43:55.099Z</time><extensions><gpxtpx:TrackPointExtension><gpxtpx:hr>102</gpxtpx:hr></gpxtpx:TrackPointExtension></extensions></trkpt><trkpt lat="60.06762" lon="18.760902"><ele>5.76</ele><time>2026-05-01T08:43:56.107Z</time><extensions><gpxtpx:TrackPointExtension><gpxtpx:hr>103</gpxtpx:hr></gpxtpx:TrackPointExtension></extensions></trkpt><trkpt lat="60.06764" lon="18.760906"><ele>5.867</ele><time>2026-05-01T08:43:57.116Z</time><extensions><gpxtpx:TrackPointExtension><gpxtpx:hr>104</gpxtpx:hr></gpxtpx:TrackPointExtension></extensions></trkpt><trkpt lat="60.067657" lon="18.760912"><ele>5.933</ele><time>2026-05-01T08:43:58.125Z</time><extensions><gpxtpx:TrackPointExtension><gpxtpx:hr>105</gpxtpx:hr></gpxtpx:TrackPointExtension></extensions></trkpt><trkpt lat="60.06768" lon="18.760921"><ele>6.064</ele><time>2026-05-01T08:43:59.133Z</time></trkpt><trkpt lat="60.0677" lon="18.760937"><ele>6.157</ele><time>2026-05-01T08:44:00.142Z</time><extensions><gpxtpx:TrackPointExtension><gpxtpx:hr>104</gpxtpx:hr></gpxtpx:TrackPointExtension></extensions></trkpt><trkpt lat="60.067722" lon="18.760948"><ele>6.267</ele><time>2026-05-01T08:44:01.151Z</time><extensions><gpxtpx:TrackPointExtension><gpxtpx:hr>103</gpxtpx:hr></gpxtpx:TrackPointExtension></extensions></trkpt><trkpt lat="60.06774" lon="18.760962"><ele>6.319</ele><time>2026-05-01T08:44:02.158Z</time><extensions><gpxtpx:TrackPointExtension><gpxtpx:hr>102</gpxtpx:hr></gpxtpx:TrackPointExtension></extensions></trkpt><trkpt lat="60.06776" lon="18.760965"><ele>6.361</ele><time>2026-05-01T08:44:03.166Z</time><extensions><gpxtpx:TrackPointExtension><gpxtpx:hr>101</gpxtpx:hr></gpxtpx:TrackPointExtension></extensions></trkpt><trkpt lat="60.06778" lon="18.760967"><ele>6.397</ele><time>2026-05-01T08:44:04.175Z</time></trkpt><trkpt lat="60.0678" lon="18.760965"><ele>6.435</ele><time>2026-05-01T08:44:05.182Z</time><extensions><gpxtpx:TrackPointExtension><gpxtpx:hr>100</gpxtpx:hr></gpxtpx:TrackPointExtension></extensions></trkpt><trkpt lat="60.067814" lon="18.760965"><ele>6.557</ele><time>2026-05-01T08:44:06.192Z</time><extensions><gpxtpx:TrackPointExtension><gpxtpx:hr>100</gpxtpx:hr></gpxtpx:TrackPointExtension></extensions></trkpt><trkpt lat="60.067833" lon="18.760967"><ele>6.699</ele><time>2026-05-01T08:44:07.201Z</time><extensions><gpxtpx:TrackPointExtension><gpxtpx:hr>100</gpxtpx:hr></gpxtpx:TrackPointExtension></extensions></trkpt><trkpt lat="60.067852" lon="18.760971"><ele>6.759</ele><time>2026-05-01T08:44:08.208Z</time><extensions><gpxtpx:TrackPointExtension><gpxtpx:hr>99</gpxtpx:hr></gpxtpx:TrackPointExtension></extensions></trkpt><trkpt lat="60.06787" lon="18.760975"><ele>6.841</ele><time>2026-05-01T08:44:09.216Z</time></trkpt><trkpt lat="60.067894" lon="18.760979"><ele>6.963</ele><time>2026-05-01T08:44:10.223Z</time><extensions><gpxtpx:TrackPointExtension><gpxtpx:hr>99</gpxtpx:hr></gpxtpx:TrackPointExtension></extensions></trkpt><trkpt lat="60.067917" lon="18.760983"><ele>6.991</ele><time>2026-05-01T08:44:11.232Z</time><extensions><gpxtpx:TrackPointExtension><gpxtpx:hr>99</gpxtpx:hr></gpxtpx:TrackPointExtension></extensions></trkpt><trkpt lat="60.06794" lon="18.760988"><ele>7.002</ele><time>2026-05-01T08:44:12.240Z</time><extensions><gpxtpx:TrackPointExtension><gpxtpx:hr>98</gpxtpx:hr></gpxtpx:TrackPointExtension></extensions></trkpt><trkpt lat="60.06796" lon="18.760992"><ele>6.911</ele><time>2026-05-01T08:44:13.248Z</time><extensions><gpxtpx:TrackPointExtension><gpxtpx:hr>98</gpxtpx:hr></gpxtpx:TrackPointExtension></extensions></trkpt><trkpt lat="60.067978" lon="18.760996"><ele>6.765</ele><time>2026-05-01T08:44:14.257Z</time></trkpt><trkpt lat="60.067997" lon="18.761"><ele>6.762</ele><time>2026-05-01T08:44:15.266Z</time><extensions><gpxtpx:TrackPointExtension><gpxtpx:hr>99</gpxtpx:hr></gpxtpx:TrackPointExtension></extensions></trkpt><trkpt lat="60.068012" lon="18.761"><ele>6.691</ele><time>2026-05-01T08:44:16.274Z</time></trkpt><trkpt lat="60.068027" lon="18.761"><ele>6.719</ele><time>2026-05-01T08:44:17.276Z</time><extensions><gpxtpx:TrackPointExtension><gpxtpx:hr>97</gpxtpx:hr></gpxtpx:TrackPointExtension></extensions></trkpt><trkpt lat="60.068043" lon="18.761"><ele>6.745</ele><time>2026-05-01T08:44:18.286Z</time><extensions><gpxtpx:TrackPointExtension><gpxtpx:hr>97</gpxtpx:hr></gpxtpx:TrackPointExtension></extensions></trkpt><trkpt lat="60.06806" lon="18.761"><ele>6.716</ele><time>2026-05-01T08:44:19.294Z</time></trkpt><trkpt lat="60.068077" lon="18.761"><ele>6.683</ele><time>2026-05-01T08:44:20.303Z</time><extensions><gpxtpx:TrackPointExtension><gpxtpx:hr>95</gpxtpx:hr></gpxtpx:TrackPointExtension></extensions></trkpt><trkpt lat="60.068096" lon="18.761002"><ele>6.772</ele><time>2026-05-01T08:44:21.311Z</time><extensions><gpxtpx:TrackPointExtension><gpxtpx:hr>94</gpxtpx:hr></gpxtpx:TrackPointExtension></extensions></trkpt><trkpt lat="60.06811" lon="18.761003"><ele>6.838</ele><time>2026-05-01T08:44:22.319Z</time><extensions><gpxtpx:TrackPointExtension><gpxtpx:hr>94</gpxtpx:hr></gpxtpx:TrackPointExtension></extensions></trkpt><trkpt lat="60.068127" lon="18.761005"><ele>6.826</ele><time>2026-05-01T08:44:23.326Z</time><extensions><gpxtpx:TrackPointExtension><gpxtpx:hr>94</gpxtpx:hr></gpxtpx:TrackPointExtension></extensions></trkpt><trkpt lat="60.06814" lon="18.761007"><ele>6.8</ele><time>2026-05-01T08:44:24.337Z</time></trkpt><trkpt lat="60.068153" lon="18.761005"><ele>6.753</ele><time>2026-05-01T08:44:25.346Z</time><extensions><gpxtpx:TrackPointExtension><gpxtpx:hr>95</gpxtpx:hr></gpxtpx:TrackPointExtension></extensions></trkpt><trkpt lat="60.068165" lon="18.761"><ele>6.731</ele><time>2026-05-01T08:44:26.354Z</time><extensions><gpxtpx:TrackPointExtension><gpxtpx:hr>95</gpxtpx:hr></gpxtpx:TrackPointExtension></extensions></trkpt><trkpt lat="60.06818" lon="18.760994"><ele>6.75</ele><time>2026-05-01T08:44:27.364Z</time><extensions><gpxtpx:TrackPointExtension><gpxtpx:hr>96</gpxtpx:hr></gpxtpx:TrackPointExtension></extensions></trkpt><trkpt lat="60.06819" lon="18.76098"><ele>6.773</ele><time>2026-05-01T08:44:28.373Z</time></trkpt><trkpt lat="60.0682" lon="18.760963"><ele>6.784</ele><time>2026-05-01T08:44:29.376Z</time><extensions><gpxtpx:TrackPointExtension><gpxtpx:hr>96</gpxtpx:hr></gpxtpx:TrackPointExtension></extensions></trkpt><trkpt lat="60.06821" lon="18.760946"><ele>6.825</ele><time>2026-05-01T08:44:30.375Z</time><extensions><gpxtpx:TrackPointExtension><gpxtpx:hr>96</gpxtpx:hr></gpxtpx:TrackPointExtension></extensions></trkpt><trkpt lat="60.06822" lon="18.760923"><ele>6.793</ele><time>2026-05-01T08:44:31.374Z</time><extensions><gpxtpx:TrackPointExtension><gpxtpx:hr>96</gpxtpx:hr></gpxtpx:TrackPointExtension></extensions></trkpt><trkpt lat="60.068226" lon="18.7609"><ele>6.714</ele><time>2026-05-01T08:44:32.382Z</time><extensions><gpxtpx:TrackPointExtension><gpxtpx:hr>96</gpxtpx:hr></gpxtpx:TrackPointExtension></extensions></trkpt><trkpt lat="60.06823" lon="18.760878"><ele>6.734</ele><time>2026-05-01T08:44:33.391Z</time></trkpt><trkpt lat="60.068237" lon="18.760853"><ele>6.675</ele><time>2026-05-01T08:44:34.394Z</time><extensions><gpxtpx:TrackPointExtension><gpxtpx:hr>96</gpxtpx:hr></gpxtpx:TrackPointExtension></extensions></trkpt><trkpt lat="60.06824" lon="18.760826"><ele>6.685</ele><time>2026-05-01T08:44:35.393Z</time><extensions><gpxtpx:TrackPointExtension><gpxtpx:hr>96</gpxtpx:hr></gpxtpx:TrackPointExtension></extensions></trkpt><trkpt lat="60.068245" lon="18.760798"><ele>6.664</ele><time>2026-05-01T08:44:36.392Z</time><extensions><gpxtpx:TrackPointExtension><gpxtpx:hr>96</gpxtpx:hr></gpxtpx:TrackPointExtension></extensions></trkpt><trkpt lat="60.06825" lon="18.760769"><ele>6.63</ele><time>2026-05-01T08:44:37.400Z</time></trkpt><trkpt lat="60.068253" lon="18.760738"><ele>6.653</ele><time>2026-05-01T08:44:38.408Z</time></trkpt><trkpt lat="60.068256" lon="18.760706"><ele>6.672</ele><time>2026-05-01T08:44:39.417Z</time><extensions><gpxtpx:TrackPointExtension><gpxtpx:hr>97</gpxtpx:hr></gpxtpx:TrackPointExtension></extensions></trkpt><trkpt lat="60.068264" lon="18.760672"><ele>6.676</ele><time>2026-05-01T08:44:40.426Z</time><extensions><gpxtpx:TrackPointExtension><gpxtpx:hr>97</gpxtpx:hr></gpxtpx:TrackPointExtension></extensions></trkpt><trkpt lat="60.068268" lon="18.760637"><ele>6.678</ele><time>2026-05-01T08:44:41.435Z</time><extensions><gpxtpx:TrackPointExtension><gpxtpx:hr>96</gpxtpx:hr></gpxtpx:TrackPointExtension></extensions></trkpt><trkpt lat="60.06827" lon="18.760601"><ele>6.658</ele><time>2026-05-01T08:44:42.445Z</time><extensions><gpxtpx:TrackPointExtension><gpxtpx:hr>96</gpxtpx:hr></gpxtpx:TrackPointExtension></extensions></trkpt><trkpt lat="60.06828" lon="18.760565"><ele>6.769</ele><time>2026-05-01T08:44:43.454Z</time></trkpt><trkpt lat="60.068283" lon="18.76053"><ele>6.804</ele><time>2026-05-01T08:44:44.463Z</time><extensions><gpxtpx:TrackPointExtension><gpxtpx:hr>97</gpxtpx:hr></gpxtpx:TrackPointExtension></extensions></trkpt><trkpt lat="60.06829" lon="18.7605"><ele>6.85</ele><time>2026-05-01T08:44:45.471Z</time><extensions><gpxtpx:TrackPointExtension><gpxtpx:hr>97</gpxtpx:hr></gpxtpx:TrackPointExtension></extensions></trkpt><trkpt lat="60.068295" lon="18.760471"><ele>6.888</ele><time>2026-05-01T08:44:46.479Z</time><extensions><gpxtpx:TrackPointExtension><gpxtpx:hr>96</gpxtpx:hr></gpxtpx:TrackPointExtension></extensions></trkpt><trkpt lat="60.0683" lon="18.760443"><ele>6.932</ele><time>2026-05-01T08:44:47.487Z</time><extensions><gpxtpx:TrackPointExtension><gpxtpx:hr>95</gpxtpx:hr></gpxtpx:TrackPointExtension></extensions></trkpt><trkpt lat="60.068302" lon="18.760414"><ele>7.04</ele><time>2026-05-01T08:44:48.496Z</time><extensions><gpxtpx:TrackPointExtension><gpxtpx:hr>95</gpxtpx:hr></gpxtpx:TrackPointExtension></extensions></trkpt><trkpt lat="60.068306" lon="18.760386"><ele>7.12</ele><time>2026-05-01T08:44:49.504Z</time><extensions><gpxtpx:TrackPointExtension><gpxtpx:hr>94</gpxtpx:hr></gpxtpx:TrackPointExtension></extensions></trkpt><trkpt lat="60.06831" lon="18.760359"><ele>7.115</ele><time>2026-05-01T08:44:50.513Z</time><extensions><gpxtpx:TrackPointExtension><gpxtpx:hr>95</gpxtpx:hr></gpxtpx:TrackPointExtension></extensions></trkpt><trkpt lat="60.068314" lon="18.760332"><ele>7.114</ele><time>2026-05-01T08:44:51.522Z</time><extensions><gpxtpx:TrackPointExtension><gpxtpx:hr>95</gpxtpx:hr></gpxtpx:TrackPointExtension></extensions></trkpt><trkpt lat="60.068317" lon="18.760303"><ele>7.198</ele><time>2026-05-01T08:44:52.532Z</time><extensions><gpxtpx:TrackPointExtension><gpxtpx:hr>95</gpxtpx:hr></gpxtpx:TrackPointExtension></extensions></trkpt><trkpt lat="60.06832" lon="18.760277"><ele>7.336</ele><time>2026-05-01T08:44:53.540Z</time><extensions><gpxtpx:TrackPointExtension><gpxtpx:hr>95</gpxtpx:hr></gpxtpx:TrackPointExtension></extensions></trkpt><trkpt lat="60.068325" lon="18.760248"><ele>7.458</ele><time>2026-05-01T08:44:54.547Z</time><extensions><gpxtpx:TrackPointExtension><gpxtpx:hr>95</gpxtpx:hr></gpxtpx:TrackPointExtension></extensions></trkpt><trkpt lat="60.06833" lon="18.760223"><ele>7.549</ele><time>2026-05-01T08:44:55.555Z</time><extensions><gpxtpx:TrackPointExtension><gpxtpx:hr>94</gpxtpx:hr></gpxtpx:TrackPointExtension></extensions></trkpt><trkpt lat="60.068336" lon="18.760199"><ele>7.629</ele><time>2026-05-01T08:44:56.563Z</time><extensions><gpxtpx:TrackPointExtension><gpxtpx:hr>94</gpxtpx:hr></gpxtpx:TrackPointExtension></extensions></trkpt><trkpt lat="60.068344" lon="18.76018"><ele>7.734</ele><time>2026-05-01T08:44:57.571Z</time><extensions><gpxtpx:TrackPointExtension><gpxtpx:hr>94</gpxtpx:hr></gpxtpx:TrackPointExtension></extensions></trkpt><trkpt lat="60.06835" lon="18.760164"><ele>7.823</ele><time>2026-05-01T08:44:58.580Z</time><extensions><gpxtpx:TrackPointExtension><gpxtpx:hr>94</gpxtpx:hr></gpxtpx:TrackPointExtension></extensions></trkpt><trkpt lat="60.06836" lon="18.760159"><ele>7.922</ele><time>2026-05-01T08:44:59.587Z</time><extensions><gpxtpx:TrackPointExtension><gpxtpx:hr>94</gpxtpx:hr></gpxtpx:TrackPointExtension></extensions></trkpt><trkpt lat="60.068367" lon="18.760162"><ele>7.982</ele><time>2026-05-01T08:45:00.596Z</time><extensions><gpxtpx:TrackPointExtension><gpxtpx:hr>94</gpxtpx:hr></gpxtpx:TrackPointExtension></extensions></trkpt><trkpt lat="60.068375" lon="18.760178"><ele>8.073</ele><time>2026-05-01T08:45:01.605Z</time><extensions><gpxtpx:TrackPointExtension><gpxtpx:hr>94</gpxtpx:hr></gpxtpx:TrackPointExtension></extensions></trkpt><trkpt lat="60.06838" lon="18.7602"><ele>8.094</ele><time>2026-05-01T08:45:02.615Z</time><extensions><gpxtpx:TrackPointExtension><gpxtpx:hr>94</gpxtpx:hr></gpxtpx:TrackPointExtension></extensions></trkpt><trkpt lat="60.068386" lon="18.760208"><ele>8.096</ele><time>2026-05-01T08:45:03.624Z</time><extensions><gpxtpx:TrackPointExtension><gpxtpx:hr>94</gpxtpx:hr></gpxtpx:TrackPointExtension></extensions></trkpt><trkpt lat="60.06839" lon="18.760218"><ele>8.111</ele><time>2026-05-01T08:45:04.633Z</time><extensions><gpxtpx:TrackPointExtension><gpxtpx:hr>94</gpxtpx:hr></gpxtpx:TrackPointExtension></extensions></trkpt><trkpt lat="60.068398" lon="18.760231"><ele>8.242</ele><time>2026-05-01T08:47:05.712Z</time><extensions><gpxtpx:TrackPointExtension><gpxtpx:hr>102</gpxtpx:hr></gpxtpx:TrackPointExtension></extensions></trkpt><trkpt lat="60.0684" lon="18.760248"><ele>8.185</ele><time>2026-05-01T08:47:06.715Z</time><extensions><gpxtpx:TrackPointExtension><gpxtpx:hr>103</gpxtpx:hr></gpxtpx:TrackPointExtension></extensions></trkpt><trkpt lat="60.06841" lon="18.760267"><ele>8.124</ele><time>2026-05-01T08:47:07.716Z</time><extensions><gpxtpx:TrackPointExtension><gpxtpx:hr>103</gpxtpx:hr></gpxtpx:TrackPointExtension></extensions></trkpt><trkpt lat="60.068413" lon="18.76029"><ele>8.119</ele><time>2026-05-01T08:47:08.718Z</time><extensions><gpxtpx:TrackPointExtension><gpxtpx:hr>103</gpxtpx:hr></gpxtpx:TrackPointExtension></extensions></trkpt><trkpt lat="60.068417" lon="18.760319"><ele>8.089</ele><time>2026-05-01T08:47:09.718Z</time><extensions><gpxtpx:TrackPointExtension><gpxtpx:hr>103</gpxtpx:hr></gpxtpx:TrackPointExtension></extensions></trkpt><trkpt lat="60.068417" lon="18.760315"><ele>8.054</ele><time>2026-05-01T08:47:10.719Z</time><extensions><gpxtpx:TrackPointExtension><gpxtpx:hr>103</gpxtpx:hr></gpxtpx:TrackPointExtension></extensions></trkpt><trkpt lat="60.06842" lon="18.760303"><ele>8.06</ele><time>2026-05-01T08:47:11.720Z</time><extensions><gpxtpx:TrackPointExtension><gpxtpx:hr>102</gpxtpx:hr></gpxtpx:TrackPointExtension></extensions></trkpt><trkpt lat="60.06842" lon="18.760286"><ele>8.066</ele><time>2026-05-01T08:47:12.721Z</time><extensions><gpxtpx:TrackPointExtension><gpxtpx:hr>101</gpxtpx:hr></gpxtpx:TrackPointExtension></extensions></trkpt></trkseg></trk></gpx>