<?xml version='1.0' encoding='UTF-8' standalone='yes' ?><TrainingCenterDatabase xsi:schemaLocation="http://www.garmin.com/xmlschemas/TrainingCenterDatabase/v2 http://www.garmin.com/xmlschemas/TrainingCenterDatabasev2.xsd" xmlns:ns5="http://www.garmin.com/xmlschemas/ActivityGoals/v1" xmlns:ns3="http://www.garmin.com/xmlschemas/ActivityExtension/v2" xmlns:ns2="http://www.garmin.com/xmlschemas/UserProfile/v2" xmlns="http://www.garmin.com/xmlschemas/TrainingCenterDatabase/v2" xmlns:xsi="http://www.w3.org/2001/XMLSchema-instance" xmlns:ns4="http://www.garmin.com/xmlschemas/ProfileExtension/v1"><Activities><Activity Sport="Biking"><Id>2026-05-01T07:40:38.394Z</Id><Author><Name>Samsung Health</Name></Author><Lap StartTime="2026-05-01T07:40:38.394Z"><TotalTimeSeconds>2289</TotalTimeSeconds><DistanceMeters>5565.964</DistanceMeters><Calories>359</Calories><MaximumSpeed>8.007341</MaximumSpeed><AverageHeartRateBpm><Value>98</Value></AverageHeartRateBpm><MaximumHeartRateBpm><Value>137</Value></MaximumHeartRateBpm><Intensity>Active</Intensity><TriggerMethod>Manual</TriggerMethod><Track><Trackpoint><Time>2026-05-01T07:41:19.710Z</Time><Position><LatitudeDegrees>60.068596</LatitudeDegrees><LongitudeDegrees>18.757484</LongitudeDegrees></Position><AltitudeMeters>16.868</AltitudeMeters><HeartRateBpm><Value>109</Value></HeartRateBpm></Trackpoint><Trackpoint><Time>2026-05-01T07:41:20.711Z</Time><Position><LatitudeDegrees>60.06862</LatitudeDegrees><LongitudeDegrees>18.75742</LongitudeDegrees></Position><AltitudeMeters>16.975</AltitudeMeters><HeartRateBpm><Value>109</Value></HeartRateBpm></Trackpoint><Trackpoint><Time>2026-05-01T07:41:21.712Z</Time><Position><LatitudeDegrees>60.06863</LatitudeDegrees><LongitudeDegrees>18.757355</LongitudeDegrees></Position><AltitudeMeters>17.074</AltitudeMeters><HeartRateBpm><Value>110</Value></HeartRateBpm></Trackpoint><Trackpoint><Time>2026-05-01T07:41:22.713Z</Time><Position><LatitudeDegrees>60.068638</LatitudeDegrees><LongitudeDegrees>18.757292</LongitudeDegrees></Position><AltitudeMeters>17.1</AltitudeMeters><HeartRateBpm><Value>110</Value></HeartRateBpm></Trackpoint><Trackpoint><Time>2026-05-01T07:41:23.722Z</Time><Position><LatitudeDegrees>60.068645</LatitudeDegrees><LongitudeDegrees>18.757223</LongitudeDegrees></Position><AltitudeMeters>17.093</AltitudeMeters><HeartRateBpm><Value>110</Value></HeartRateBpm></Trackpoint><Trackpoint><Time>2026-05-01T07:41:24.730Z</Time><Position><LatitudeDegrees>60.068653</LatitudeDegrees><LongitudeDegrees>18.757154</LongitudeDegrees></Position><AltitudeMeters>17.182</AltitudeMeters><HeartRateBpm><Value>111</Value></HeartRateBpm></Trackpoint><Trackpoint><Time>2026-05-01T07:41:25.740Z</Time><Position><LatitudeDegrees>60.06866</LatitudeDegrees><LongitudeDegrees>18.75709</LongitudeDegrees></Position><AltitudeMeters>17.387</AltitudeMeters><HeartRateBpm><Value>112</Value></HeartRateBpm></Trackpoint><Trackpoint><Time>2026-05-01T07:41:26.748Z</Time><Position><LatitudeDegrees>60.06867</LatitudeDegrees><LongitudeDegrees>18.757023</LongitudeDegrees></Position><AltitudeMeters>17.514</AltitudeMeters><HeartRateBpm><Value>112</Value></HeartRateBpm></Trackpoint><Trackpoint><Time>2026-05-01T07:41:27.757Z</Time><Position><LatitudeDegrees>60.068676</LatitudeDegrees><LongitudeDegrees>18.756956</LongitudeDegrees></Position><AltitudeMeters>17.608</AltitudeMeters><HeartRateBpm><Value>112</Value></HeartRateBpm></Trackpoint><Trackpoint><Time>2026-05-01T07:41:28.765Z</Time><Position><LatitudeDegrees>60.068684</LatitudeDegrees><LongitudeDegrees>18.75689</LongitudeDegrees></Position><AltitudeMeters>17.638</AltitudeMeters><HeartRateBpm><Value>112</Value></HeartRateBpm></Trackpoint><Trackpoint><Time>2026-05-01T07:41:29.775Z</Time><Position><LatitudeDegrees>60.068695</LatitudeDegrees><LongitudeDegrees>18.756823</LongitudeDegrees></Position><AltitudeMeters>17.653</AltitudeMeters><HeartRateBpm><Value>112</Value></HeartRateBpm></Trackpoint><Trackpoint><Time>2026-05-01T07:41:30.783Z</Time><Position><LatitudeDegrees>60.068703</LatitudeDegrees><LongitudeDegrees>18.756754</LongitudeDegrees></Position><AltitudeMeters>17.711</AltitudeMeters><HeartRateBpm><Value>112</Value></HeartRateBpm></Trackpoint><Trackpoint><Time>2026-05-01T07:41:31.792Z</Time><Position><LatitudeDegrees>60.068714</LatitudeDegrees><LongitudeDegrees>18.756685</LongitudeDegrees></Position><AltitudeMeters>17.793</AltitudeMeters><HeartRateBpm><Value>111</Value></HeartRateBpm></Trackpoint><Trackpoint><Time>2026-05-01T07:41:32.801Z</Time><Position><LatitudeDegrees>60.068726</LatitudeDegrees><LongitudeDegrees>18.75662</LongitudeDegrees></Position><AltitudeMeters>17.806</AltitudeMeters><HeartRateBpm><Value>111</Value></HeartRateBpm></Trackpoint><Trackpoint><Time>2026-05-01T07:41:33.810Z</Time><Position><LatitudeDegrees>60.068737</LatitudeDegrees><LongitudeDegrees>18.75655</LongitudeDegrees></Position><AltitudeMeters>17.956</AltitudeMeters><HeartRateBpm><Value>111</Value></HeartRateBpm></Trackpoint><Trackpoint><Time>2026-05-01T07:41:34.817Z</Time><Position><LatitudeDegrees>60.06875</LatitudeDegrees><LongitudeDegrees>18.756481</LongitudeDegrees></Position><AltitudeMeters>18.108</AltitudeMeters><HeartRateBpm><Value>112</Value></HeartRateBpm></Trackpoint><Trackpoint><Time>2026-05-01T07:41:35.827Z</Time><Position><LatitudeDegrees>60.06876</LatitudeDegrees><LongitudeDegrees>18.75641</LongitudeDegrees></Position><AltitudeMeters>18.347</AltitudeMeters><HeartRateBpm><Value>112</Value></HeartRateBpm></Trackpoint><Trackpoint><Time>2026-05-01T07:41:36.834Z</Time><Position><LatitudeDegrees>60.06877</LatitudeDegrees><LongitudeDegrees>18.756342</LongitudeDegrees></Position><AltitudeMeters>18.563</AltitudeMeters><HeartRateBpm><Value>112</Value></HeartRateBpm></Trackpoint><Trackpoint><Time>2026-05-01T07:41:37.843Z</Time><Position><LatitudeDegrees>60.068783</LatitudeDegrees><LongitudeDegrees>18.756275</LongitudeDegrees></Position><AltitudeMeters>18.823</AltitudeMeters><HeartRateBpm><Value>111</Value></HeartRateBpm></Trackpoint><Trackpoint><Time>2026-05-01T07:41:38.849Z</Time><Position><LatitudeDegrees>60.06879</LatitudeDegrees><LongitudeDegrees>18.756207</LongitudeDegrees></Position><AltitudeMeters>19.026</AltitudeMeters><HeartRateBpm><Value>110</Value></HeartRateBpm></Trackpoint><Trackpoint><Time>2026-05-01T07:41:39.858Z</Time><Position><LatitudeDegrees>60.0688</LatitudeDegrees><LongitudeDegrees>18.756144</LongitudeDegrees></Position><AltitudeMeters>10.621</AltitudeMeters><HeartRateBpm><Value>109</Value></HeartRateBpm></Trackpoint><Trackpoint><Time>2026-05-01T07:41:40.867Z</Time><Position><LatitudeDegrees>60.068817</LatitudeDegrees><LongitudeDegrees>18.756084</LongitudeDegrees></Position><AltitudeMeters>10.82</AltitudeMeters><HeartRateBpm><Value>108</Value></HeartRateBpm></Trackpoint><Trackpoint><Time>2026-05-01T07:41:41.874Z</Time><Position><LatitudeDegrees>60.068832</LatitudeDegrees><LongitudeDegrees>18.75603</LongitudeDegrees></Position><AltitudeMeters>10.982</AltitudeMeters><HeartRateBpm><Value>107</Value></HeartRateBpm></Trackpoint><Trackpoint><Time>2026-05-01T07:41:42.884Z</Time><Position><LatitudeDegrees>60.068848</LatitudeDegrees><LongitudeDegrees>18.755972</LongitudeDegrees></Position><AltitudeMeters>11.174</AltitudeMeters><HeartRateBpm><Value>108</Value></HeartRateBpm></Trackpoint><Trackpoint><Time>2026-05-01T07:41:43.893Z</Time><Position><LatitudeDegrees>60.068867</LatitudeDegrees><LongitudeDegrees>18.75593</LongitudeDegrees></Position><AltitudeMeters>11.482</AltitudeMeters><HeartRateBpm><Value>110</Value></HeartRateBpm></Trackpoint><Trackpoint><Time>2026-05-01T07:41:44.901Z</Time><Position><LatitudeDegrees>60.06889</LatitudeDegrees><LongitudeDegrees>18.75589</LongitudeDegrees></Position><AltitudeMeters>11.824</AltitudeMeters><HeartRateBpm><Value>113</Value></HeartRateBpm></Trackpoint><Trackpoint><Time>2026-05-01T07:41:45.911Z</Time><Position><LatitudeDegrees>60.068913</LatitudeDegrees><LongitudeDegrees>18.755857</LongitudeDegrees></Position><AltitudeMeters>12.18</AltitudeMeters><HeartRateBpm><Value>116</Value></HeartRateBpm></Trackpoint><Trackpoint><Time>2026-05-01T07:41:46.918Z</Time><Position><LatitudeDegrees>60.068935</LatitudeDegrees><LongitudeDegrees>18.755827</LongitudeDegrees></Position><AltitudeMeters>12.473</AltitudeMeters><HeartRateBpm><Value>119</Value></HeartRateBpm></Trackpoint><Trackpoint><Time>2026-05-01T07:41:47.927Z</Time><Position><LatitudeDegrees>60.068962</LatitudeDegrees><LongitudeDegrees>18.755795</LongitudeDegrees></Position><AltitudeMeters>12.617</AltitudeMeters><HeartRateBpm><Value>121</Value></HeartRateBpm></Trackpoint><Trackpoint><Time>2026-05-01T07:41:48.936Z</Time><Position><LatitudeDegrees>60.06899</LatitudeDegrees><LongitudeDegrees>18.755764</LongitudeDegrees></Position><AltitudeMeters>12.77</AltitudeMeters><HeartRateBpm><Value>123</Value></HeartRateBpm></Trackpoint><Trackpoint><Time>2026-05-01T07:41:49.946Z</Time><Position><LatitudeDegrees>60.06901</LatitudeDegrees><LongitudeDegrees>18.75573</LongitudeDegrees></Position><AltitudeMeters>12.923</AltitudeMeters><HeartRateBpm><Value>125</Value></HeartRateBpm></Trackpoint><Trackpoint><Time>2026-05-01T07:41:50.955Z</Time><Position><LatitudeDegrees>60.069035</LatitudeDegrees><LongitudeDegrees>18.755695</LongitudeDegrees></Position><AltitudeMeters>13.134</AltitudeMeters><HeartRateBpm><Value>127</Value></HeartRateBpm></Trackpoint><Trackpoint><Time>2026-05-01T07:41:51.964Z</Time><Position><LatitudeDegrees>60.069057</LatitudeDegrees><LongitudeDegrees>18.755661</LongitudeDegrees></Position><AltitudeMeters>13.274</AltitudeMeters><HeartRateBpm><Value>128</Value></HeartRateBpm></Trackpoint><Trackpoint><Time>2026-05-01T07:41:52.973Z</Time><Position><LatitudeDegrees>60.069077</LatitudeDegrees><LongitudeDegrees>18.755627</LongitudeDegrees></Position><AltitudeMeters>13.423</AltitudeMeters><HeartRateBpm><Value>129</Value></HeartRateBpm></Trackpoint><Trackpoint><Time>2026-05-01T07:41:53.982Z</Time><Position><LatitudeDegrees>60.06909</LatitudeDegrees><LongitudeDegrees>18.755596</LongitudeDegrees></Position><AltitudeMeters>13.564</AltitudeMeters><HeartRateBpm><Value>130</Value></HeartRateBpm></Trackpoint><Trackpoint><Time>2026-05-01T07:41:54.991Z</Time><Position><LatitudeDegrees>60.069107</LatitudeDegrees><LongitudeDegrees>18.75557</LongitudeDegrees></Position><AltitudeMeters>13.739</AltitudeMeters><HeartRateBpm><Value>131</Value></HeartRateBpm></Trackpoint><Trackpoint><Time>2026-05-01T07:41:56Z</Time><Position><LatitudeDegrees>60.069122</LatitudeDegrees><LongitudeDegrees>18.755539</LongitudeDegrees></Position><AltitudeMeters>13.956</AltitudeMeters><HeartRateBpm><Value>132</Value></HeartRateBpm></Trackpoint><Trackpoint><Time>2026-05-01T07:41:57.006Z</Time><Position><LatitudeDegrees>60.06914</LatitudeDegrees><LongitudeDegrees>18.755512</LongitudeDegrees></Position><AltitudeMeters>14.148</AltitudeMeters><HeartRateBpm><Value>132</Value></HeartRateBpm></Trackpoint><Trackpoint><Time>2026-05-01T07:41:58.015Z</Time><Position><LatitudeDegrees>60.069153</LatitudeDegrees><LongitudeDegrees>18.75549</LongitudeDegrees></Position><AltitudeMeters>14.3</AltitudeMeters><HeartRateBpm><Value>133</Value></HeartRateBpm></Trackpoint><Trackpoint><Time>2026-05-01T07:41:59.025Z</Time><Position><LatitudeDegrees>60.06917</LatitudeDegrees><LongitudeDegrees>18.755465</LongitudeDegrees></Position><AltitudeMeters>14.483</AltitudeMeters><HeartRateBpm><Value>133</Value></HeartRateBpm></Trackpoint><Trackpoint><Time>2026-05-01T07:42:00.033Z</Time><Position><LatitudeDegrees>60.06919</LatitudeDegrees><LongitudeDegrees>18.755436</LongitudeDegrees></Position><AltitudeMeters>14.587</AltitudeMeters><HeartRateBpm><Value>133</Value></HeartRateBpm></Trackpoint><Trackpoint><Time>2026-05-01T07:42:01.043Z</Time><Position><LatitudeDegrees>60.069206</LatitudeDegrees><LongitudeDegrees>18.755404</LongitudeDegrees></Position><AltitudeMeters>14.685</AltitudeMeters><HeartRateBpm><Value>134</Value></HeartRateBpm></Trackpoint><Trackpoint><Time>2026-05-01T07:42:02.049Z</Time><Position><LatitudeDegrees>60.06922</LatitudeDegrees><LongitudeDegrees>18.755379</LongitudeDegrees></Position><AltitudeMeters>14.868</AltitudeMeters><HeartRateBpm><Value>134</Value></HeartRateBpm></Trackpoint><Trackpoint><Time>2026-05-01T07:42:03.059Z</Time><Position><LatitudeDegrees>60.069237</LatitudeDegrees><LongitudeDegrees>18.755352</LongitudeDegrees></Position><AltitudeMeters>14.985</AltitudeMeters><HeartRateBpm><Value>133</Value></HeartRateBpm></Trackpoint><Trackpoint><Time>2026-05-01T07:42:04.067Z</Time><Position><LatitudeDegrees>60.069252</LatitudeDegrees><LongitudeDegrees>18.755325</LongitudeDegrees></Position><AltitudeMeters>15.083</AltitudeMeters><HeartRateBpm><Value>133</Value></HeartRateBpm></Trackpoint><Trackpoint><Time>2026-05-01T07:42:05.075Z</Time><Position><LatitudeDegrees>60.06927</LatitudeDegrees><LongitudeDegrees>18.755299</LongitudeDegrees></Position><AltitudeMeters>15.221</AltitudeMeters><HeartRateBpm><Value>132</Value></HeartRateBpm></Trackpoint><Trackpoint><Time>2026-05-01T07:42:06.084Z</Time><Position><LatitudeDegrees>60.069286</LatitudeDegrees><LongitudeDegrees>18.755278</LongitudeDegrees></Position><AltitudeMeters>15.359</AltitudeMeters><HeartRateBpm><Value>132</Value></HeartRateBpm></Trackpoint><Trackpoint><Time>2026-05-01T07:42:07.094Z</Time><Position><LatitudeDegrees>60.0693</LatitudeDegrees><LongitudeDegrees>18.755259</LongitudeDegrees></Position><AltitudeMeters>15.493</AltitudeMeters><HeartRateBpm><Value>132</Value></HeartRateBpm></Trackpoint><Trackpoint><Time>2026-05-01T07:42:08.102Z</Time><Position><LatitudeDegrees>60.06932</LatitudeDegrees><LongitudeDegrees>18.75524</LongitudeDegrees></Position><AltitudeMeters>15.709</AltitudeMeters><HeartRateBpm><Value>131</Value></HeartRateBpm></Trackpoint><Trackpoint><Time>2026-05-01T07:42:09.112Z</Time><Position><LatitudeDegrees>60.069336</LatitudeDegrees><LongitudeDegrees>18.755222</LongitudeDegrees></Position><AltitudeMeters>15.863</AltitudeMeters><HeartRateBpm><Value>131</Value></HeartRateBpm></Trackpoint><Trackpoint><Time>2026-05-01T07:42:10.119Z</Time><Position><LatitudeDegrees>60.06935</LatitudeDegrees><LongitudeDegrees>18.75521</LongitudeDegrees></Position><AltitudeMeters>16.107</AltitudeMeters><HeartRateBpm><Value>132</Value></HeartRateBpm></Trackpoint><Trackpoint><Time>2026-05-01T07:42:11.128Z</Time><Position><LatitudeDegrees>60.06937</LatitudeDegrees><LongitudeDegrees>18.755201</LongitudeDegrees></Position><AltitudeMeters>16.239</AltitudeMeters><HeartRateBpm><Value>133</Value></HeartRateBpm></Trackpoint><Trackpoint><Time>2026-05-01T07:42:12.137Z</Time><Position><LatitudeDegrees>60.069386</LatitudeDegrees><LongitudeDegrees>18.75519</LongitudeDegrees></Position><AltitudeMeters>16.223</AltitudeMeters><HeartRateBpm><Value>134</Value></HeartRateBpm></Trackpoint><Trackpoint><Time>2026-05-01T07:42:13.146Z</Time><Position><LatitudeDegrees>60.069393</LatitudeDegrees><LongitudeDegrees>18.755175</LongitudeDegrees></Position><AltitudeMeters>16.206</AltitudeMeters><HeartRateBpm><Value>134</Value></HeartRateBpm></Trackpoint><Trackpoint><Time>2026-05-01T07:42:14.155Z</Time><Position><LatitudeDegrees>60.069397</LatitudeDegrees><LongitudeDegrees>18.75516</LongitudeDegrees></Position><AltitudeMeters>16.189</AltitudeMeters><HeartRateBpm><Value>134</Value></HeartRateBpm></Trackpoint><Trackpoint><Time>2026-05-01T07:42:15.161Z</Time><Position><LatitudeDegrees>60.069397</LatitudeDegrees><LongitudeDegrees>18.755148</LongitudeDegrees></Position><AltitudeMeters>16.051</AltitudeMeters><HeartRateBpm><Value>135</Value></HeartRateBpm></Trackpoint><Trackpoint><Time>2026-05-01T07:42:16.160Z</Time><Position><LatitudeDegrees>60.069393</LatitudeDegrees><LongitudeDegrees>18.75514</LongitudeDegrees></Position><AltitudeMeters>15.941</AltitudeMeters><HeartRateBpm><Value>136</Value></HeartRateBpm></Trackpoint><Trackpoint><Time>2026-05-01T07:42:17.161Z</Time><Position><LatitudeDegrees>60.069386</LatitudeDegrees><LongitudeDegrees>18.755136</LongitudeDegrees></Position><AltitudeMeters>15.974</AltitudeMeters><HeartRateBpm><Value>136</Value></HeartRateBpm></Trackpoint><Trackpoint><Time>2026-05-01T07:42:18.159Z</Time><Position><LatitudeDegrees>60.069378</LatitudeDegrees><LongitudeDegrees>18.755138</LongitudeDegrees></Position><AltitudeMeters>15.911</AltitudeMeters><HeartRateBpm><Value>136</Value></HeartRateBpm></Trackpoint><Trackpoint><Time>2026-05-01T07:42:19.166Z</Time><Position><LatitudeDegrees>60.069366</LatitudeDegrees><LongitudeDegrees>18.755144</LongitudeDegrees></Position><AltitudeMeters>15.904</AltitudeMeters><HeartRateBpm><Value>137</Value></HeartRateBpm></Trackpoint><Trackpoint><Time>2026-05-01T07:42:20.175Z</Time><Position><LatitudeDegrees>60.06936</LatitudeDegrees><LongitudeDegrees>18.755148</LongitudeDegrees></Position><AltitudeMeters>15.965</AltitudeMeters><HeartRateBpm><Value>137</Value></HeartRateBpm></Trackpoint><Trackpoint><Time>2026-05-01T07:42:21.185Z</Time><Position><LatitudeDegrees>60.069347</LatitudeDegrees><LongitudeDegrees>18.755157</LongitudeDegrees></Position><AltitudeMeters>16.05</AltitudeMeters><HeartRateBpm><Value>137</Value></HeartRateBpm></Trackpoint><Trackpoint><Time>2026-05-01T07:42:22.193Z</Time><Position><LatitudeDegrees>60.06934</LatitudeDegrees><LongitudeDegrees>18.75517</LongitudeDegrees></Position><AltitudeMeters>16.246</AltitudeMeters><HeartRateBpm><Value>136</Value></HeartRateBpm></Trackpoint><Trackpoint><Time>2026-05-01T07:42:23.203Z</Time><Position><LatitudeDegrees>60.069332</LatitudeDegrees><LongitudeDegrees>18.755188</LongitudeDegrees></Position><AltitudeMeters>16.463</AltitudeMeters><HeartRateBpm><Value>135</Value></HeartRateBpm></Trackpoint><Trackpoint><Time>2026-05-01T07:42:24.212Z</Time><Position><LatitudeDegrees>60.06932</LatitudeDegrees><LongitudeDegrees>18.755209</LongitudeDegrees></Position><AltitudeMeters>16.388</AltitudeMeters><HeartRateBpm><Value>134</Value></HeartRateBpm></Trackpoint><Trackpoint><Time>2026-05-01T07:42:25.222Z</Time><Position><LatitudeDegrees>60.069313</LatitudeDegrees><LongitudeDegrees>18.755232</LongitudeDegrees></Position><AltitudeMeters>16.234</AltitudeMeters><HeartRateBpm><Value>134</Value></HeartRateBpm></Trackpoint><Trackpoint><Time>2026-05-01T07:42:26.229Z</Time><Position><LatitudeDegrees>60.0693</LatitudeDegrees><LongitudeDegrees>18.755255</LongitudeDegrees></Position><AltitudeMeters>16.002</AltitudeMeters><HeartRateBpm><Value>133</Value></HeartRateBpm></Trackpoint><Trackpoint><Time>2026-05-01T07:42:27.237Z</Time><Position><LatitudeDegrees>60.069294</LatitudeDegrees><LongitudeDegrees>18.755276</LongitudeDegrees></Position><AltitudeMeters>16.016</AltitudeMeters><HeartRateBpm><Value>133</Value></HeartRateBpm></Trackpoint><Trackpoint><Time>2026-05-01T07:42:28.245Z</Time><Position><LatitudeDegrees>60.069283</LatitudeDegrees><LongitudeDegrees>18.755297</LongitudeDegrees></Position><AltitudeMeters>15.989</AltitudeMeters><HeartRateBpm><Value>134</Value></HeartRateBpm></Trackpoint><Trackpoint><Time>2026-05-01T07:42:29.254Z</Time><Position><LatitudeDegrees>60.06927</LatitudeDegrees><LongitudeDegrees>18.75532</LongitudeDegrees></Position><AltitudeMeters>15.86</AltitudeMeters><HeartRateBpm><Value>134</Value></HeartRateBpm></Trackpoint><Trackpoint><Time>2026-05-01T07:42:30.262Z</Time><Position><LatitudeDegrees>60.069256</LatitudeDegrees><LongitudeDegrees>18.755342</LongitudeDegrees></Position><AltitudeMeters>15.79</AltitudeMeters><HeartRateBpm><Value>134</Value></HeartRateBpm></Trackpoint><Trackpoint><Time>2026-05-01T07:42:31.272Z</Time><Position><LatitudeDegrees>60.06925</LatitudeDegrees><LongitudeDegrees>18.755365</LongitudeDegrees></Position><AltitudeMeters>15.787</AltitudeMeters><HeartRateBpm><Value>135</Value></HeartRateBpm></Trackpoint><Trackpoint><Time>2026-05-01T07:42:32.281Z</Time><Position><LatitudeDegrees>60.069233</LatitudeDegrees><LongitudeDegrees>18.755392</LongitudeDegrees></Position><AltitudeMeters>15.406</AltitudeMeters><HeartRateBpm><Value>135</Value></HeartRateBpm></Trackpoint><Trackpoint><Time>2026-05-01T07:42:33.290Z</Time><Position><LatitudeDegrees>60.06922</LatitudeDegrees><LongitudeDegrees>18.755417</LongitudeDegrees></Position><AltitudeMeters>15.154</AltitudeMeters><HeartRateBpm><Value>135</Value></HeartRateBpm></Trackpoint><Trackpoint><Time>2026-05-01T07:42:34.297Z</Time><Position><LatitudeDegrees>60.069206</LatitudeDegrees><LongitudeDegrees>18.755444</LongitudeDegrees></Position><AltitudeMeters>14.969</AltitudeMeters><HeartRateBpm><Value>134</Value></HeartRateBpm></Trackpoint><Trackpoint><Time>2026-05-01T07:42:35.306Z</Time><Position><LatitudeDegrees>60.069187</LatitudeDegrees><LongitudeDegrees>18.75547</LongitudeDegrees></Position><AltitudeMeters>14.685</AltitudeMeters><HeartRateBpm><Value>132</Value></HeartRateBpm></Trackpoint><Trackpoint><Time>2026-05-01T07:42:36.316Z</Time><Position><LatitudeDegrees>60.069168</LatitudeDegrees><LongitudeDegrees>18.755499</LongitudeDegrees></Position><AltitudeMeters>14.364</AltitudeMeters><HeartRateBpm><Value>130</Value></HeartRateBpm></Trackpoint><Trackpoint><Time>2026-05-01T07:42:37.325Z</Time><Position><LatitudeDegrees>60.06915</LatitudeDegrees><LongitudeDegrees>18.755526</LongitudeDegrees></Position><AltitudeMeters>14.214</AltitudeMeters><HeartRateBpm><Value>128</Value></HeartRateBpm></Trackpoint><Trackpoint><Time>2026-05-01T07:42:38.327Z</Time><Position><LatitudeDegrees>60.069126</LatitudeDegrees><LongitudeDegrees>18.755558</LongitudeDegrees></Position><AltitudeMeters>14.059</AltitudeMeters><HeartRateBpm><Value>127</Value></HeartRateBpm></Trackpoint><Trackpoint><Time>2026-05-01T07:42:39.328Z</Time><Position><LatitudeDegrees>60.069103</LatitudeDegrees><LongitudeDegrees>18.755596</LongitudeDegrees></Position><AltitudeMeters>14.157</AltitudeMeters><HeartRateBpm><Value>126</Value></HeartRateBpm></Trackpoint><Trackpoint><Time>2026-05-01T07:42:40.333Z</Time><Position><LatitudeDegrees>60.069073</LatitudeDegrees><LongitudeDegrees>18.75564</LongitudeDegrees></Position><AltitudeMeters>13.831</AltitudeMeters><HeartRateBpm><Value>125</Value></HeartRateBpm></Trackpoint><Trackpoint><Time>2026-05-01T07:42:41.336Z</Time><Position><LatitudeDegrees>60.069046</LatitudeDegrees><LongitudeDegrees>18.755686</LongitudeDegrees></Position><AltitudeMeters>13.445</AltitudeMeters><HeartRateBpm><Value>124</Value></HeartRateBpm></Trackpoint><Trackpoint><Time>2026-05-01T07:42:42.345Z</Time><Position><LatitudeDegrees>60.06901</LatitudeDegrees><LongitudeDegrees>18.755728</LongitudeDegrees></Position><AltitudeMeters>13.327</AltitudeMeters><HeartRateBpm><Value>123</Value></HeartRateBpm></Trackpoint><Trackpoint><Time>2026-05-01T07:42:43.353Z</Time><Position><LatitudeDegrees>60.06898</LatitudeDegrees><LongitudeDegrees>18.755764</LongitudeDegrees></Position><AltitudeMeters>12.998</AltitudeMeters><HeartRateBpm><Value>122</Value></HeartRateBpm></Trackpoint><Trackpoint><Time>2026-05-01T07:42:44.363Z</Time><Position><LatitudeDegrees>60.068947</LatitudeDegrees><LongitudeDegrees>18.755798</LongitudeDegrees></Position><AltitudeMeters>12.819</AltitudeMeters><HeartRateBpm><Value>121</Value></HeartRateBpm></Trackpoint><Trackpoint><Time>2026-05-01T07:42:45.373Z</Time><Position><LatitudeDegrees>60.068913</LatitudeDegrees><LongitudeDegrees>18.75583</LongitudeDegrees></Position><AltitudeMeters>12.347</AltitudeMeters><HeartRateBpm><Value>120</Value></HeartRateBpm></Trackpoint><Trackpoint><Time>2026-05-01T07:42:46.382Z</Time><Position><LatitudeDegrees>60.06887</LatitudeDegrees><LongitudeDegrees>18.755867</LongitudeDegrees></Position><AltitudeMeters>12.287</AltitudeMeters><HeartRateBpm><Value>120</Value></HeartRateBpm></Trackpoint><Trackpoint><Time>2026-05-01T07:42:47.391Z</Time><Position><LatitudeDegrees>60.068832</LatitudeDegrees><LongitudeDegrees>18.755909</LongitudeDegrees></Position><AltitudeMeters>12.426</AltitudeMeters><HeartRateBpm><Value>120</Value></HeartRateBpm></Trackpoint><Trackpoint><Time>2026-05-01T07:42:48.398Z</Time><Position><LatitudeDegrees>60.0688</LatitudeDegrees><LongitudeDegrees>18.755964</LongitudeDegrees></Position><AltitudeMeters>11.981</AltitudeMeters><HeartRateBpm><Value>121</Value></HeartRateBpm></Trackpoint><Trackpoint><Time>2026-05-01T07:42:49.405Z</Time><Position><LatitudeDegrees>60.068775</LatitudeDegrees><LongitudeDegrees>18.756027</LongitudeDegrees></Position><AltitudeMeters>11.666</AltitudeMeters><HeartRateBpm><Value>121</Value></HeartRateBpm></Trackpoint><Trackpoint><Time>2026-05-01T07:42:50.414Z</Time><Position><LatitudeDegrees>60.068752</LatitudeDegrees><LongitudeDegrees>18.7561</LongitudeDegrees></Position><AltitudeMeters>11.315</AltitudeMeters><HeartRateBpm><Value>121</Value></HeartRateBpm></Trackpoint><Trackpoint><Time>2026-05-01T07:42:51.423Z</Time><Position><LatitudeDegrees>60.068737</LatitudeDegrees><LongitudeDegrees>18.756182</LongitudeDegrees></Position><AltitudeMeters>10.902</AltitudeMeters><HeartRateBpm><Value>120</Value></HeartRateBpm></Trackpoint><Trackpoint><Time>2026-05-01T07:42:52.433Z</Time><Position><LatitudeDegrees>60.068726</LatitudeDegrees><LongitudeDegrees>18.75626</LongitudeDegrees></Position><AltitudeMeters>10.852</AltitudeMeters><HeartRateBpm><Value>119</Value></HeartRateBpm></Trackpoint><Trackpoint><Time>2026-05-01T07:42:53.441Z</Time><Position><LatitudeDegrees>60.068718</LatitudeDegrees><LongitudeDegrees>18.756344</LongitudeDegrees></Position><AltitudeMeters>10.964</AltitudeMeters><HeartRateBpm><Value>118</Value></HeartRateBpm></Trackpoint><Trackpoint><Time>2026-05-01T07:42:54.448Z</Time><Position><LatitudeDegrees>60.068714</LatitudeDegrees><LongitudeDegrees>18.756428</LongitudeDegrees></Position><AltitudeMeters>11.003</AltitudeMeters><HeartRateBpm><Value>118</Value></HeartRateBpm></Trackpoint><Trackpoint><Time>2026-05-01T07:42:55.448Z</Time><Position><LatitudeDegrees>60.068714</LatitudeDegrees><LongitudeDegrees>18.756517</LongitudeDegrees></Position><AltitudeMeters>11.141</AltitudeMeters><HeartRateBpm><Value>118</Value></HeartRateBpm></Trackpoint><Trackpoint><Time>2026-05-01T07:42:56.446Z</Time><Position><LatitudeDegrees>60.068714</LatitudeDegrees><LongitudeDegrees>18.756609</LongitudeDegrees></Position><AltitudeMeters>11.071</AltitudeMeters><HeartRateBpm><Value>118</Value></HeartRateBpm></Trackpoint><Trackpoint><Time>2026-05-01T07:42:57.455Z</Time><Position><LatitudeDegrees>60.068707</LatitudeDegrees><LongitudeDegrees>18.756706</LongitudeDegrees></Position><AltitudeMeters>10.876</AltitudeMeters><HeartRateBpm><Value>118</Value></HeartRateBpm></Trackpoint><Trackpoint><Time>2026-05-01T07:42:58.464Z</Time><Position><LatitudeDegrees>60.068703</LatitudeDegrees><LongitudeDegrees>18.756802</LongitudeDegrees></Position><AltitudeMeters>10.455</AltitudeMeters><HeartRateBpm><Value>118</Value></HeartRateBpm></Trackpoint><Trackpoint><Time>2026-05-01T07:42:59.473Z</Time><Position><LatitudeDegrees>60.06869</LatitudeDegrees><LongitudeDegrees>18.756903</LongitudeDegrees></Position><AltitudeMeters>10.267</AltitudeMeters><HeartRateBpm><Value>119</Value></HeartRateBpm></Trackpoint><Trackpoint><Time>2026-05-01T07:43:00.482Z</Time><Position><LatitudeDegrees>60.06868</LatitudeDegrees><LongitudeDegrees>18.757006</LongitudeDegrees></Position><AltitudeMeters>9.891</AltitudeMeters><HeartRateBpm><Value>119</Value></HeartRateBpm></Trackpoint><Trackpoint><Time>2026-05-01T07:43:01.489Z</Time><Position><LatitudeDegrees>60.06867</LatitudeDegrees><LongitudeDegrees>18.757109</LongitudeDegrees></Position><AltitudeMeters>9.585</AltitudeMeters><HeartRateBpm><Value>120</Value></HeartRateBpm></Trackpoint><Trackpoint><Time>2026-05-01T07:43:02.497Z</Time><Position><LatitudeDegrees>60.068657</LatitudeDegrees><LongitudeDegrees>18.757206</LongitudeDegrees></Position><AltitudeMeters>9.892</AltitudeMeters><HeartRateBpm><Value>119</Value></HeartRateBpm></Trackpoint><Trackpoint><Time>2026-05-01T07:43:03.505Z</Time><Position><LatitudeDegrees>60.06865</LatitudeDegrees><LongitudeDegrees>18.757301</LongitudeDegrees></Position><AltitudeMeters>10.084</AltitudeMeters><HeartRateBpm><Value>119</Value></HeartRateBpm></Trackpoint><Trackpoint><Time>2026-05-01T07:43:04.514Z</Time><Position><LatitudeDegrees>60.068638</LatitudeDegrees><LongitudeDegrees>18.757393</LongitudeDegrees></Position><AltitudeMeters>10.197</AltitudeMeters><HeartRateBpm><Value>119</Value></HeartRateBpm></Trackpoint><Trackpoint><Time>2026-05-01T07:43:05.525Z</Time><Position><LatitudeDegrees>60.06863</LatitudeDegrees><LongitudeDegrees>18.757479</LongitudeDegrees></Position><AltitudeMeters>9.797</AltitudeMeters><HeartRateBpm><Value>118</Value></HeartRateBpm></Trackpoint><Trackpoint><Time>2026-05-01T07:43:06.534Z</Time><Position><LatitudeDegrees>60.068623</LatitudeDegrees><LongitudeDegrees>18.757568</LongitudeDegrees></Position><AltitudeMeters>9.372</AltitudeMeters><HeartRateBpm><Value>117</Value></HeartRateBpm></Trackpoint><Trackpoint><Time>2026-05-01T07:43:07.542Z</Time><Position><LatitudeDegrees>60.068615</LatitudeDegrees><LongitudeDegrees>18.757648</LongitudeDegrees></Position><AltitudeMeters>9.167</AltitudeMeters><HeartRateBpm><Value>116</Value></HeartRateBpm></Trackpoint><Trackpoint><Time>2026-05-01T07:43:08.548Z</Time><Position><LatitudeDegrees>60.068607</LatitudeDegrees><LongitudeDegrees>18.757729</LongitudeDegrees></Position><AltitudeMeters>8.932</AltitudeMeters><HeartRateBpm><Value>114</Value></HeartRateBpm></Trackpoint><Trackpoint><Time>2026-05-01T07:43:09.557Z</Time><Position><LatitudeDegrees>60.0686</LatitudeDegrees><LongitudeDegrees>18.75781</LongitudeDegrees></Position><AltitudeMeters>8.523</AltitudeMeters><HeartRateBpm><Value>112</Value></HeartRateBpm></Trackpoint><Trackpoint><Time>2026-05-01T07:43:10.566Z</Time><Position><LatitudeDegrees>60.06859</LatitudeDegrees><LongitudeDegrees>18.757893</LongitudeDegrees></Position><AltitudeMeters>8.43</AltitudeMeters><HeartRateBpm><Value>109</Value></HeartRateBpm></Trackpoint><Trackpoint><Time>2026-05-01T07:43:11.575Z</Time><Position><LatitudeDegrees>60.06858</LatitudeDegrees><LongitudeDegrees>18.757973</LongitudeDegrees></Position><AltitudeMeters>8.496</AltitudeMeters><HeartRateBpm><Value>107</Value></HeartRateBpm></Trackpoint><Trackpoint><Time>2026-05-01T07:43:12.583Z</Time><Position><LatitudeDegrees>60.068573</LatitudeDegrees><LongitudeDegrees>18.758055</LongitudeDegrees></Position><AltitudeMeters>8.263</AltitudeMeters><HeartRateBpm><Value>106</Value></HeartRateBpm></Trackpoint><Trackpoint><Time>2026-05-01T07:43:13.592Z</Time><Position><LatitudeDegrees>60.06856</LatitudeDegrees><LongitudeDegrees>18.758135</LongitudeDegrees></Position><AltitudeMeters>8.034</AltitudeMeters><HeartRateBpm><Value>105</Value></HeartRateBpm></Trackpoint><Trackpoint><Time>2026-05-01T07:43:14.599Z</Time><Position><LatitudeDegrees>60.068554</LatitudeDegrees><LongitudeDegrees>18.758219</LongitudeDegrees></Position><AltitudeMeters>7.991</AltitudeMeters><HeartRateBpm><Value>103</Value></HeartRateBpm></Trackpoint><Trackpoint><Time>2026-05-01T07:43:15.608Z</Time><Position><LatitudeDegrees>60.068542</LatitudeDegrees><LongitudeDegrees>18.758303</LongitudeDegrees></Position><AltitudeMeters>7.661</AltitudeMeters><HeartRateBpm><Value>102</Value></HeartRateBpm></Trackpoint><Trackpoint><Time>2026-05-01T07:43:16.617Z</Time><Position><LatitudeDegrees>60.06853</LatitudeDegrees><LongitudeDegrees>18.758387</LongitudeDegrees></Position><AltitudeMeters>7.407</AltitudeMeters><HeartRateBpm><Value>102</Value></HeartRateBpm></Trackpoint><Trackpoint><Time>2026-05-01T07:43:17.626Z</Time><Position><LatitudeDegrees>60.06852</LatitudeDegrees><LongitudeDegrees>18.75847</LongitudeDegrees></Position><AltitudeMeters>7.23</AltitudeMeters><HeartRateBpm><Value>102</Value></HeartRateBpm></Trackpoint><Trackpoint><Time>2026-05-01T07:43:18.634Z</Time><Position><LatitudeDegrees>60.068512</LatitudeDegrees><LongitudeDegrees>18.758554</LongitudeDegrees></Position><AltitudeMeters>7.152</AltitudeMeters><HeartRateBpm><Value>102</Value></HeartRateBpm></Trackpoint><Trackpoint><Time>2026-05-01T07:43:19.643Z</Time><Position><LatitudeDegrees>60.068497</LatitudeDegrees><LongitudeDegrees>18.758642</LongitudeDegrees></Position><AltitudeMeters>6.724</AltitudeMeters><HeartRateBpm><Value>103</Value></HeartRateBpm></Trackpoint><Trackpoint><Time>2026-05-01T07:43:20.649Z</Time><Position><LatitudeDegrees>60.06848</LatitudeDegrees><LongitudeDegrees>18.75873</LongitudeDegrees></Position><AltitudeMeters>6.407</AltitudeMeters><HeartRateBpm><Value>102</Value></HeartRateBpm></Trackpoint><Trackpoint><Time>2026-05-01T07:43:21.658Z</Time><Position><LatitudeDegrees>60.06847</LatitudeDegrees><LongitudeDegrees>18.75883</LongitudeDegrees></Position><AltitudeMeters>5.906</AltitudeMeters><HeartRateBpm><Value>102</Value></HeartRateBpm></Trackpoint><Trackpoint><Time>2026-05-01T07:43:22.670Z</Time><Position><LatitudeDegrees>60.068455</LatitudeDegrees><LongitudeDegrees>18.758926</LongitudeDegrees></Position><AltitudeMeters>5.612</AltitudeMeters><HeartRateBpm><Value>102</Value></HeartRateBpm></Trackpoint><Trackpoint><Time>2026-05-01T07:43:23.677Z</Time><Position><LatitudeDegrees>60.068443</LatitudeDegrees><LongitudeDegrees>18.75903</LongitudeDegrees></Position><AltitudeMeters>5.163</AltitudeMeters><HeartRateBpm><Value>102</Value></HeartRateBpm></Trackpoint><Trackpoint><Time>2026-05-01T07:43:24.685Z</Time><Position><LatitudeDegrees>60.068436</LatitudeDegrees><LongitudeDegrees>18.75914</LongitudeDegrees></Position><AltitudeMeters>5.222</AltitudeMeters><HeartRateBpm><Value>102</Value></HeartRateBpm></Trackpoint><Trackpoint><Time>2026-05-01T07:43:25.694Z</Time><Position><LatitudeDegrees>60.068424</LatitudeDegrees><LongitudeDegrees>18.759249</LongitudeDegrees></Position><AltitudeMeters>5.068</AltitudeMeters><HeartRateBpm><Value>102</Value></HeartRateBpm></Trackpoint><Trackpoint><Time>2026-05-01T07:43:26.702Z</Time><Position><LatitudeDegrees>60.068413</LatitudeDegrees><LongitudeDegrees>18.759356</LongitudeDegrees></Position><AltitudeMeters>4.652</AltitudeMeters><HeartRateBpm><Value>102</Value></HeartRateBpm></Trackpoint><Trackpoint><Time>2026-05-01T07:43:27.709Z</Time><Position><LatitudeDegrees>60.0684</LatitudeDegrees><LongitudeDegrees>18.75946</LongitudeDegrees></Position><AltitudeMeters>4.417</AltitudeMeters><HeartRateBpm><Value>103</Value></HeartRateBpm></Trackpoint><Trackpoint><Time>2026-05-01T07:43:28.717Z</Time><Position><LatitudeDegrees>60.06839</LatitudeDegrees><LongitudeDegrees>18.759567</LongitudeDegrees></Position><AltitudeMeters>4.896</AltitudeMeters><HeartRateBpm><Value>104</Value></HeartRateBpm></Trackpoint><Trackpoint><Time>2026-05-01T07:43:29.726Z</Time><Position><LatitudeDegrees>60.068382</LatitudeDegrees><LongitudeDegrees>18.759666</LongitudeDegrees></Position><AltitudeMeters>4.765</AltitudeMeters><HeartRateBpm><Value>104</Value></HeartRateBpm></Trackpoint><Trackpoint><Time>2026-05-01T07:43:30.733Z</Time><Position><LatitudeDegrees>60.068375</LatitudeDegrees><LongitudeDegrees>18.759766</LongitudeDegrees></Position><AltitudeMeters>4.312</AltitudeMeters><HeartRateBpm><Value>104</Value></HeartRateBpm></Trackpoint><Trackpoint><Time>2026-05-01T07:43:31.742Z</Time><Position><LatitudeDegrees>60.068367</LatitudeDegrees><LongitudeDegrees>18.75985</LongitudeDegrees></Position><AltitudeMeters>3.98</AltitudeMeters><HeartRateBpm><Value>103</Value></HeartRateBpm></Trackpoint><Trackpoint><Time>2026-05-01T07:43:32.749Z</Time><Position><LatitudeDegrees>60.068363</LatitudeDegrees><LongitudeDegrees>18.759926</LongitudeDegrees></Position><AltitudeMeters>3.633</AltitudeMeters><HeartRateBpm><Value>102</Value></HeartRateBpm></Trackpoint><Trackpoint><Time>2026-05-01T07:43:33.758Z</Time><Position><LatitudeDegrees>60.068363</LatitudeDegrees><LongitudeDegrees>18.759985</LongitudeDegrees></Position><AltitudeMeters>3.392</AltitudeMeters><HeartRateBpm><Value>101</Value></HeartRateBpm></Trackpoint><Trackpoint><Time>2026-05-01T07:43:34.767Z</Time><Position><LatitudeDegrees>60.06837</LatitudeDegrees><LongitudeDegrees>18.760025</LongitudeDegrees></Position><AltitudeMeters>3.186</AltitudeMeters><HeartRateBpm><Value>100</Value></HeartRateBpm></Trackpoint><Trackpoint><Time>2026-05-01T07:43:35.776Z</Time><Position><LatitudeDegrees>60.068382</LatitudeDegrees><LongitudeDegrees>18.760052</LongitudeDegrees></Position><AltitudeMeters>2.964</AltitudeMeters><HeartRateBpm><Value>99</Value></HeartRateBpm></Trackpoint><Trackpoint><Time>2026-05-01T07:43:36.785Z</Time><Position><LatitudeDegrees>60.068398</LatitudeDegrees><LongitudeDegrees>18.760067</LongitudeDegrees></Position><AltitudeMeters>3.009</AltitudeMeters><HeartRateBpm><Value>100</Value></HeartRateBpm></Trackpoint><Trackpoint><Time>2026-05-01T07:43:37.794Z</Time><Position><LatitudeDegrees>60.06841</LatitudeDegrees><LongitudeDegrees>18.760073</LongitudeDegrees></Position><AltitudeMeters>3.031</AltitudeMeters><HeartRateBpm><Value>100</Value></HeartRateBpm></Trackpoint><Trackpoint><Time>2026-05-01T07:43:38.803Z</Time><Position><LatitudeDegrees>60.068417</LatitudeDegrees><LongitudeDegrees>18.760078</LongitudeDegrees></Position><AltitudeMeters>2.946</AltitudeMeters><HeartRateBpm><Value>100</Value></HeartRateBpm></Trackpoint><Trackpoint><Time>2026-05-01T07:43:39.812Z</Time><Position><LatitudeDegrees>60.068413</LatitudeDegrees><LongitudeDegrees>18.760088</LongitudeDegrees></Position><AltitudeMeters>2.898</AltitudeMeters><HeartRateBpm><Value>100</Value></HeartRateBpm></Trackpoint><Trackpoint><Time>2026-05-01T07:43:40.821Z</Time><Position><LatitudeDegrees>60.0684</LatitudeDegrees><LongitudeDegrees>18.760109</LongitudeDegrees></Position><AltitudeMeters>2.905</AltitudeMeters><HeartRateBpm><Value>100</Value></HeartRateBpm></Trackpoint><Trackpoint><Time>2026-05-01T07:43:41.828Z</Time><Position><LatitudeDegrees>60.068386</LatitudeDegrees><LongitudeDegrees>18.76014</LongitudeDegrees></Position><AltitudeMeters>2.861</AltitudeMeters><HeartRateBpm><Value>99</Value></HeartRateBpm></Trackpoint><Trackpoint><Time>2026-05-01T07:46:25.675Z</Time><Position><LatitudeDegrees>60.068367</LatitudeDegrees><LongitudeDegrees>18.760172</LongitudeDegrees></Position><AltitudeMeters>2.86</AltitudeMeters><HeartRateBpm><Value>102</Value></HeartRateBpm></Trackpoint><Trackpoint><Time>2026-05-01T07:46:26.674Z</Time><Position><LatitudeDegrees>60.068344</LatitudeDegrees><LongitudeDegrees>18.760214</LongitudeDegrees></Position><AltitudeMeters>2.71</AltitudeMeters><HeartRateBpm><Value>102</Value></HeartRateBpm></Trackpoint><Trackpoint><Time>2026-05-01T07:46:27.675Z</Time><Position><LatitudeDegrees>60.068325</LatitudeDegrees><LongitudeDegrees>18.760265</LongitudeDegrees></Position><AltitudeMeters>2.794</AltitudeMeters><HeartRateBpm><Value>102</Value></HeartRateBpm></Trackpoint><Trackpoint><Time>2026-05-01T07:46:28.673Z</Time><Position><LatitudeDegrees>60.06831</LatitudeDegrees><LongitudeDegrees>18.760323</LongitudeDegrees></Position><AltitudeMeters>2.782</AltitudeMeters><HeartRateBpm><Value>101</Value></HeartRateBpm></Trackpoint><Trackpoint><Time>2026-05-01T07:46:29.673Z</Time><Position><LatitudeDegrees>60.0683</LatitudeDegrees><LongitudeDegrees>18.760387</LongitudeDegrees></Position><AltitudeMeters>2.917</AltitudeMeters><HeartRateBpm><Value>99</Value></HeartRateBpm></Trackpoint><Trackpoint><Time>2026-05-01T07:46:30.672Z</Time><Position><LatitudeDegrees>60.06829</LatitudeDegrees><LongitudeDegrees>18.760458</LongitudeDegrees></Position><AltitudeMeters>2.992</AltitudeMeters><HeartRateBpm><Value>99</Value></HeartRateBpm></Trackpoint><Trackpoint><Time>2026-05-01T07:46:31.673Z</Time><Position><LatitudeDegrees>60.068283</LatitudeDegrees><LongitudeDegrees>18.76053</LongitudeDegrees></Position><AltitudeMeters>2.982</AltitudeMeters><HeartRateBpm><Value>100</Value></HeartRateBpm></Trackpoint><Trackpoint><Time>2026-05-01T07:46:32.673Z</Time><Position><LatitudeDegrees>60.068275</LatitudeDegrees><LongitudeDegrees>18.760605</LongitudeDegrees></Position><AltitudeMeters>2.891</AltitudeMeters><HeartRateBpm><Value>101</Value></HeartRateBpm></Trackpoint><Trackpoint><Time>2026-05-01T07:46:33.674Z</Time><Position><LatitudeDegrees>60.068268</LatitudeDegrees><LongitudeDegrees>18.760677</LongitudeDegrees></Position><AltitudeMeters>2.844</AltitudeMeters><HeartRateBpm><Value>102</Value></HeartRateBpm></Trackpoint><Trackpoint><Time>2026-05-01T07:46:34.674Z</Time><Position><LatitudeDegrees>60.068256</LatitudeDegrees><LongitudeDegrees>18.760736</LongitudeDegrees></Position><AltitudeMeters>2.565</AltitudeMeters><HeartRateBpm><Value>102</Value></HeartRateBpm></Trackpoint><Trackpoint><Time>2026-05-01T07:46:35.675Z</Time><Position><LatitudeDegrees>60.06825</LatitudeDegrees><LongitudeDegrees>18.760794</LongitudeDegrees></Position><AltitudeMeters>2.354</AltitudeMeters><HeartRateBpm><Value>102</Value></HeartRateBpm></Trackpoint><Trackpoint><Time>2026-05-01T07:46:36.676Z</Time><Position><LatitudeDegrees>60.068253</LatitudeDegrees><LongitudeDegrees>18.760853</LongitudeDegrees></Position><AltitudeMeters>2.422</AltitudeMeters><HeartRateBpm><Value>102</Value></HeartRateBpm></Trackpoint><Trackpoint><Time>2026-05-01T07:46:37.677Z</Time><Position><LatitudeDegrees>60.068264</LatitudeDegrees><LongitudeDegrees>18.760904</LongitudeDegrees></Position><AltitudeMeters>2.322</AltitudeMeters><HeartRateBpm><Value>101</Value></HeartRateBpm></Trackpoint><Trackpoint><Time>2026-05-01T07:46:38.677Z</Time><Position><LatitudeDegrees>60.06828</LatitudeDegrees><LongitudeDegrees>18.760954</LongitudeDegrees></Position><AltitudeMeters>2.234</AltitudeMeters><HeartRateBpm><Value>101</Value></HeartRateBpm></Trackpoint><Trackpoint><Time>2026-05-01T07:46:39.679Z</Time><Position><LatitudeDegrees>60.068302</LatitudeDegrees><LongitudeDegrees>18.760986</LongitudeDegrees></Position><AltitudeMeters>2.15</AltitudeMeters><HeartRateBpm><Value>101</Value></HeartRateBpm></Trackpoint><Trackpoint><Time>2026-05-01T07:46:40.678Z</Time><Position><LatitudeDegrees>60.068333</LatitudeDegrees><LongitudeDegrees>18.761013</LongitudeDegrees></Position><AltitudeMeters>1.895</AltitudeMeters><HeartRateBpm><Value>101</Value></HeartRateBpm></Trackpoint><Trackpoint><Time>2026-05-01T07:46:41.683Z</Time><Position><LatitudeDegrees>60.068367</LatitudeDegrees><LongitudeDegrees>18.761034</LongitudeDegrees></Position><AltitudeMeters>1.698</AltitudeMeters><HeartRateBpm><Value>101</Value></HeartRateBpm></Trackpoint><Trackpoint><Time>2026-05-01T07:46:42.689Z</Time><Position><LatitudeDegrees>60.068405</LatitudeDegrees><LongitudeDegrees>18.761055</LongitudeDegrees></Position><AltitudeMeters>1.652</AltitudeMeters><HeartRateBpm><Value>101</Value></HeartRateBpm></Trackpoint><Trackpoint><Time>2026-05-01T07:46:43.698Z</Time><Position><LatitudeDegrees>60.068447</LatitudeDegrees><LongitudeDegrees>18.761078</LongitudeDegrees></Position><AltitudeMeters>1.646</AltitudeMeters><HeartRateBpm><Value>101</Value></HeartRateBpm></Trackpoint><Trackpoint><Time>2026-05-01T07:46:44.706Z</Time><Position><LatitudeDegrees>60.068493</LatitudeDegrees><LongitudeDegrees>18.761103</LongitudeDegrees></Position><AltitudeMeters>1.42</AltitudeMeters><HeartRateBpm><Value>101</Value></HeartRateBpm></Trackpoint><Trackpoint><Time>2026-05-01T07:46:45.715Z</Time><Position><LatitudeDegrees>60.06854</LatitudeDegrees><LongitudeDegrees>18.761126</LongitudeDegrees></Position><AltitudeMeters>1.135</AltitudeMeters><HeartRateBpm><Value>101</Value></HeartRateBpm></Trackpoint><Trackpoint><Time>2026-05-01T07:46:46.724Z</Time><Position><LatitudeDegrees>60.068584</LatitudeDegrees><LongitudeDegrees>18.76115</LongitudeDegrees></Position><AltitudeMeters>0.861</AltitudeMeters><HeartRateBpm><Value>100</Value></HeartRateBpm></Trackpoint><Trackpoint><Time>2026-05-01T07:46:47.733Z</Time><Position><LatitudeDegrees>60.068634</LatitudeDegrees><LongitudeDegrees>18.761173</LongitudeDegrees></Position><AltitudeMeters>0.721</AltitudeMeters><HeartRateBpm><Value>100</Value></HeartRateBpm></Trackpoint><Trackpoint><Time>2026-05-01T07:46:48.740Z</Time><Position><LatitudeDegrees>60.06868</LatitudeDegrees><LongitudeDegrees>18.7612</LongitudeDegrees></Position><AltitudeMeters>0.474</AltitudeMeters><HeartRateBpm><Value>99</Value></HeartRateBpm></Trackpoint><Trackpoint><Time>2026-05-01T07:46:49.750Z</Time><Position><LatitudeDegrees>60.068726</LatitudeDegrees><LongitudeDegrees>18.76123</LongitudeDegrees></Position><AltitudeMeters>0.204</AltitudeMeters><HeartRateBpm><Value>99</Value></HeartRateBpm></Trackpoint><Trackpoint><Time>2026-05-01T07:46:50.757Z</Time><Position><LatitudeDegrees>60.068775</LatitudeDegrees><LongitudeDegrees>18.761261</LongitudeDegrees></Position><AltitudeMeters>-0.05</AltitudeMeters><HeartRateBpm><Value>98</Value></HeartRateBpm></Trackpoint><Trackpoint><Time>2026-05-01T07:46:51.766Z</Time><Position><LatitudeDegrees>60.06882</LatitudeDegrees><LongitudeDegrees>18.761284</LongitudeDegrees></Position><AltitudeMeters>-0.094</AltitudeMeters><HeartRateBpm><Value>97</Value></HeartRateBpm></Trackpoint><Trackpoint><Time>2026-05-01T07:46:52.774Z</Time><Position><LatitudeDegrees>60.068867</LatitudeDegrees><LongitudeDegrees>18.76131</LongitudeDegrees></Position><AltitudeMeters>-0.277</AltitudeMeters><HeartRateBpm><Value>96</Value></HeartRateBpm></Trackpoint><Trackpoint><Time>2026-05-01T07:46:53.781Z</Time><Position><LatitudeDegrees>60.068916</LatitudeDegrees><LongitudeDegrees>18.761335</LongitudeDegrees></Position><AltitudeMeters>-0.436</AltitudeMeters><HeartRateBpm><Value>96</Value></HeartRateBpm></Trackpoint><Trackpoint><Time>2026-05-01T07:46:54.789Z</Time><Position><LatitudeDegrees>60.068962</LatitudeDegrees><LongitudeDegrees>18.76136</LongitudeDegrees></Position><AltitudeMeters>-0.642</AltitudeMeters><HeartRateBpm><Value>96</Value></HeartRateBpm></Trackpoint><Trackpoint><Time>2026-05-01T07:46:55.799Z</Time><Position><LatitudeDegrees>60.06901</LatitudeDegrees><LongitudeDegrees>18.761396</LongitudeDegrees></Position><AltitudeMeters>-0.777</AltitudeMeters><HeartRateBpm><Value>96</Value></HeartRateBpm></Trackpoint><Trackpoint><Time>2026-05-01T07:46:56.807Z</Time><Position><LatitudeDegrees>60.06906</LatitudeDegrees><LongitudeDegrees>18.76143</LongitudeDegrees></Position><AltitudeMeters>-0.776</AltitudeMeters><HeartRateBpm><Value>96</Value></HeartRateBpm></Trackpoint><Trackpoint><Time>2026-05-01T07:46:57.816Z</Time><Position><LatitudeDegrees>60.069107</LatitudeDegrees><LongitudeDegrees>18.761473</LongitudeDegrees></Position><AltitudeMeters>-0.814</AltitudeMeters><HeartRateBpm><Value>96</Value></HeartRateBpm></Trackpoint><Trackpoint><Time>2026-05-01T07:46:58.825Z</Time><Position><LatitudeDegrees>60.069153</LatitudeDegrees><LongitudeDegrees>18.761513</LongitudeDegrees></Position><AltitudeMeters>-0.81</AltitudeMeters><HeartRateBpm><Value>96</Value></HeartRateBpm></Trackpoint><Trackpoint><Time>2026-05-01T07:46:59.831Z</Time><Position><LatitudeDegrees>60.069202</LatitudeDegrees><LongitudeDegrees>18.761547</LongitudeDegrees></Position><AltitudeMeters>-0.856</AltitudeMeters><HeartRateBpm><Value>96</Value></HeartRateBpm></Trackpoint><Trackpoint><Time>2026-05-01T07:47:00.839Z</Time><Position><LatitudeDegrees>60.06925</LatitudeDegrees><LongitudeDegrees>18.76158</LongitudeDegrees></Position><AltitudeMeters>-0.822</AltitudeMeters><HeartRateBpm><Value>96</Value></HeartRateBpm></Trackpoint><Trackpoint><Time>2026-05-01T07:47:01.847Z</Time><Position><LatitudeDegrees>60.069294</LatitudeDegrees><LongitudeDegrees>18.761599</LongitudeDegrees></Position><AltitudeMeters>-0.803</AltitudeMeters><HeartRateBpm><Value>96</Value></HeartRateBpm></Trackpoint><Trackpoint><Time>2026-05-01T07:47:02.854Z</Time><Position><LatitudeDegrees>60.06934</LatitudeDegrees><LongitudeDegrees>18.761618</LongitudeDegrees></Position><AltitudeMeters>-0.778</AltitudeMeters><HeartRateBpm><Value>95</Value></HeartRateBpm></Trackpoint><Trackpoint><Time>2026-05-01T07:47:03.860Z</Time><Position><LatitudeDegrees>60.06938</LatitudeDegrees><LongitudeDegrees>18.761639</LongitudeDegrees></Position><AltitudeMeters>-0.812</AltitudeMeters><HeartRateBpm><Value>94</Value></HeartRateBpm></Trackpoint><Trackpoint><Time>2026-05-01T07:47:04.869Z</Time><Position><LatitudeDegrees>60.069427</LatitudeDegrees><LongitudeDegrees>18.761667</LongitudeDegrees></Position><AltitudeMeters>-0.812</AltitudeMeters><HeartRateBpm><Value>94</Value></HeartRateBpm></Trackpoint><Trackpoint><Time>2026-05-01T07:47:05.877Z</Time><Position><LatitudeDegrees>60.069466</LatitudeDegrees><LongitudeDegrees>18.761703</LongitudeDegrees></Position><AltitudeMeters>-0.797</AltitudeMeters><HeartRateBpm><Value>93</Value></HeartRateBpm></Trackpoint><Trackpoint><Time>2026-05-01T07:47:06.886Z</Time><Position><LatitudeDegrees>60.069504</LatitudeDegrees><LongitudeDegrees>18.76174</LongitudeDegrees></Position><AltitudeMeters>-0.724</AltitudeMeters><HeartRateBpm><Value>93</Value></HeartRateBpm></Trackpoint><Trackpoint><Time>2026-05-01T07:47:07.895Z</Time><Position><LatitudeDegrees>60.069534</LatitudeDegrees><LongitudeDegrees>18.761776</LongitudeDegrees></Position><AltitudeMeters>-0.667</AltitudeMeters><HeartRateBpm><Value>94</Value></HeartRateBpm></Trackpoint><Trackpoint><Time>2026-05-01T07:47:08.904Z</Time><Position><LatitudeDegrees>60.06956</LatitudeDegrees><LongitudeDegrees>18.761812</LongitudeDegrees></Position><AltitudeMeters>-0.577</AltitudeMeters><HeartRateBpm><Value>94</Value></HeartRateBpm></Trackpoint><Trackpoint><Time>2026-05-01T07:47:09.911Z</Time><Position><LatitudeDegrees>60.069584</LatitudeDegrees><LongitudeDegrees>18.761848</LongitudeDegrees></Position><AltitudeMeters>-0.505</AltitudeMeters><HeartRateBpm><Value>93</Value></HeartRateBpm></Trackpoint><Trackpoint><Time>2026-05-01T07:47:10.920Z</Time><Position><LatitudeDegrees>60.069607</LatitudeDegrees><LongitudeDegrees>18.761875</LongitudeDegrees></Position><AltitudeMeters>-0.493</AltitudeMeters><HeartRateBpm><Value>93</Value></HeartRateBpm></Trackpoint><Trackpoint><Time>2026-05-01T07:47:11.928Z</Time><Position><LatitudeDegrees>60.06963</LatitudeDegrees><LongitudeDegrees>18.761887</LongitudeDegrees></Position><AltitudeMeters>-0.57</AltitudeMeters><HeartRateBpm><Value>93</Value></HeartRateBpm></Trackpoint><Trackpoint><Time>2026-05-01T07:47:12.937Z</Time><Position><LatitudeDegrees>60.069653</LatitudeDegrees><LongitudeDegrees>18.761887</LongitudeDegrees></Position><AltitudeMeters>-0.573</AltitudeMeters><HeartRateBpm><Value>93</Value></HeartRateBpm></Trackpoint><Trackpoint><Time>2026-05-01T07:47:13.945Z</Time><Position><LatitudeDegrees>60.06968</LatitudeDegrees><LongitudeDegrees>18.76188</LongitudeDegrees></Position><AltitudeMeters>-0.444</AltitudeMeters><HeartRateBpm><Value>94</Value></HeartRateBpm></Trackpoint><Trackpoint><Time>2026-05-01T07:47:14.954Z</Time><Position><LatitudeDegrees>60.069702</LatitudeDegrees><LongitudeDegrees>18.76187</LongitudeDegrees></Position><AltitudeMeters>-0.267</AltitudeMeters><HeartRateBpm><Value>94</Value></HeartRateBpm></Trackpoint><Trackpoint><Time>2026-05-01T07:47:15.961Z</Time><Position><LatitudeDegrees>60.06973</LatitudeDegrees><LongitudeDegrees>18.76186</LongitudeDegrees></Position><AltitudeMeters>-0.091</AltitudeMeters><HeartRateBpm><Value>94</Value></HeartRateBpm></Trackpoint><Trackpoint><Time>2026-05-01T07:47:16.969Z</Time><Position><LatitudeDegrees>60.06976</LatitudeDegrees><LongitudeDegrees>18.761864</LongitudeDegrees></Position><AltitudeMeters>0.126</AltitudeMeters><HeartRateBpm><Value>94</Value></HeartRateBpm></Trackpoint><Trackpoint><Time>2026-05-01T07:47:17.977Z</Time><Position><LatitudeDegrees>60.069798</LatitudeDegrees><LongitudeDegrees>18.761873</LongitudeDegrees></Position><AltitudeMeters>0.224</AltitudeMeters><HeartRateBpm><Value>94</Value></HeartRateBpm></Trackpoint><Trackpoint><Time>2026-05-01T07:47:18.986Z</Time><Position><LatitudeDegrees>60.06985</LatitudeDegrees><LongitudeDegrees>18.761885</LongitudeDegrees></Position><AltitudeMeters>0.253</AltitudeMeters><HeartRateBpm><Value>93</Value></HeartRateBpm></Trackpoint><Trackpoint><Time>2026-05-01T07:47:19.995Z</Time><Position><LatitudeDegrees>60.069923</LatitudeDegrees><LongitudeDegrees>18.761908</LongitudeDegrees></Position><AltitudeMeters>0.236</AltitudeMeters><HeartRateBpm><Value>92</Value></HeartRateBpm></Trackpoint><Trackpoint><Time>2026-05-01T07:47:21.005Z</Time><Position><LatitudeDegrees>60.06998</LatitudeDegrees><LongitudeDegrees>18.761925</LongitudeDegrees></Position><AltitudeMeters>0.37</AltitudeMeters><HeartRateBpm><Value>92</Value></HeartRateBpm></Trackpoint><Trackpoint><Time>2026-05-01T07:47:22.011Z</Time><Position><LatitudeDegrees>60.07003</LatitudeDegrees><LongitudeDegrees>18.761927</LongitudeDegrees></Position><AltitudeMeters>0.526</AltitudeMeters><HeartRateBpm><Value>92</Value></HeartRateBpm></Trackpoint><Trackpoint><Time>2026-05-01T07:47:23.019Z</Time><Position><LatitudeDegrees>60.070076</LatitudeDegrees><LongitudeDegrees>18.761911</LongitudeDegrees></Position><AltitudeMeters>0.65</AltitudeMeters><HeartRateBpm><Value>93</Value></HeartRateBpm></Trackpoint><Trackpoint><Time>2026-05-01T07:47:24.028Z</Time><Position><LatitudeDegrees>60.070118</LatitudeDegrees><LongitudeDegrees>18.76189</LongitudeDegrees></Position><AltitudeMeters>0.839</AltitudeMeters><HeartRateBpm><Value>93</Value></HeartRateBpm></Trackpoint><Trackpoint><Time>2026-05-01T07:47:25.036Z</Time><Position><LatitudeDegrees>60.07016</LatitudeDegrees><LongitudeDegrees>18.761866</LongitudeDegrees></Position><AltitudeMeters>1.074</AltitudeMeters><HeartRateBpm><Value>92</Value></HeartRateBpm></Trackpoint><Trackpoint><Time>2026-05-01T07:47:26.044Z</Time><Position><LatitudeDegrees>60.070198</LatitudeDegrees><LongitudeDegrees>18.761847</LongitudeDegrees></Position><AltitudeMeters>1.475</AltitudeMeters><HeartRateBpm><Value>93</Value></HeartRateBpm></Trackpoint><Trackpoint><Time>2026-05-01T07:47:27.053Z</Time><Position><LatitudeDegrees>60.07024</LatitudeDegrees><LongitudeDegrees>18.76183</LongitudeDegrees></Position><AltitudeMeters>1.836</AltitudeMeters><HeartRateBpm><Value>94</Value></HeartRateBpm></Trackpoint><Trackpoint><Time>2026-05-01T07:47:28.060Z</Time><Position><LatitudeDegrees>60.07028</LatitudeDegrees><LongitudeDegrees>18.76181</LongitudeDegrees></Position><AltitudeMeters>2.198</AltitudeMeters><HeartRateBpm><Value>96</Value></HeartRateBpm></Trackpoint><Trackpoint><Time>2026-05-01T07:47:29.069Z</Time><Position><LatitudeDegrees>60.070316</LatitudeDegrees><LongitudeDegrees>18.76179</LongitudeDegrees></Position><AltitudeMeters>2.584</AltitudeMeters><HeartRateBpm><Value>97</Value></HeartRateBpm></Trackpoint><Trackpoint><Time>2026-05-01T07:47:30.077Z</Time><Position><LatitudeDegrees>60.07035</LatitudeDegrees><LongitudeDegrees>18.761768</LongitudeDegrees></Position><AltitudeMeters>3.012</AltitudeMeters><HeartRateBpm><Value>98</Value></HeartRateBpm></Trackpoint><Trackpoint><Time>2026-05-01T07:47:31.087Z</Time><Position><LatitudeDegrees>60.07039</LatitudeDegrees><LongitudeDegrees>18.761755</LongitudeDegrees></Position><AltitudeMeters>3.332</AltitudeMeters><HeartRateBpm><Value>98</Value></HeartRateBpm></Trackpoint><Trackpoint><Time>2026-05-01T07:47:32.096Z</Time><Position><LatitudeDegrees>60.070423</LatitudeDegrees><LongitudeDegrees>18.761744</LongitudeDegrees></Position><AltitudeMeters>3.526</AltitudeMeters><HeartRateBpm><Value>99</Value></HeartRateBpm></Trackpoint><Trackpoint><Time>2026-05-01T07:47:33.104Z</Time><Position><LatitudeDegrees>60.07046</LatitudeDegrees><LongitudeDegrees>18.761736</LongitudeDegrees></Position><AltitudeMeters>3.803</AltitudeMeters><HeartRateBpm><Value>100</Value></HeartRateBpm></Trackpoint><Trackpoint><Time>2026-05-01T07:47:34.111Z</Time><Position><LatitudeDegrees>60.070496</LatitudeDegrees><LongitudeDegrees>18.761728</LongitudeDegrees></Position><AltitudeMeters>4.015</AltitudeMeters><HeartRateBpm><Value>102</Value></HeartRateBpm></Trackpoint><Trackpoint><Time>2026-05-01T07:47:35.120Z</Time><Position><LatitudeDegrees>60.07053</LatitudeDegrees><LongitudeDegrees>18.761719</LongitudeDegrees></Position><AltitudeMeters>4.195</AltitudeMeters><HeartRateBpm><Value>104</Value></HeartRateBpm></Trackpoint><Trackpoint><Time>2026-05-01T07:47:36.129Z</Time><Position><LatitudeDegrees>60.070568</LatitudeDegrees><LongitudeDegrees>18.76171</LongitudeDegrees></Position><AltitudeMeters>4.299</AltitudeMeters><HeartRateBpm><Value>106</Value></HeartRateBpm></Trackpoint><Trackpoint><Time>2026-05-01T07:47:37.138Z</Time><Position><LatitudeDegrees>60.070606</LatitudeDegrees><LongitudeDegrees>18.761703</LongitudeDegrees></Position><AltitudeMeters>4.33</AltitudeMeters><HeartRateBpm><Value>108</Value></HeartRateBpm></Trackpoint><Trackpoint><Time>2026-05-01T07:47:38.146Z</Time><Position><LatitudeDegrees>60.07065</LatitudeDegrees><LongitudeDegrees>18.761707</LongitudeDegrees></Position><AltitudeMeters>4.3</AltitudeMeters><HeartRateBpm><Value>108</Value></HeartRateBpm></Trackpoint><Trackpoint><Time>2026-05-01T07:47:39.154Z</Time><Position><LatitudeDegrees>60.07069</LatitudeDegrees><LongitudeDegrees>18.761717</LongitudeDegrees></Position><AltitudeMeters>4.234</AltitudeMeters><HeartRateBpm><Value>108</Value></HeartRateBpm></Trackpoint><Trackpoint><Time>2026-05-01T07:47:40.157Z</Time><Position><LatitudeDegrees>60.07074</LatitudeDegrees><LongitudeDegrees>18.761715</LongitudeDegrees></Position><AltitudeMeters>4.162</AltitudeMeters><HeartRateBpm><Value>109</Value></HeartRateBpm></Trackpoint><Trackpoint><Time>2026-05-01T07:47:41.159Z</Time><Position><LatitudeDegrees>60.07079</LatitudeDegrees><LongitudeDegrees>18.761698</LongitudeDegrees></Position><AltitudeMeters>4.27</AltitudeMeters><HeartRateBpm><Value>110</Value></HeartRateBpm></Trackpoint><Trackpoint><Time>2026-05-01T07:47:42.160Z</Time><Position><LatitudeDegrees>60.070835</LatitudeDegrees><LongitudeDegrees>18.761679</LongitudeDegrees></Position><AltitudeMeters>4.295</AltitudeMeters><HeartRateBpm><Value>111</Value></HeartRateBpm></Trackpoint><Trackpoint><Time>2026-05-01T07:47:43.165Z</Time><Position><LatitudeDegrees>60.070877</LatitudeDegrees><LongitudeDegrees>18.761658</LongitudeDegrees></Position><AltitudeMeters>4.363</AltitudeMeters><HeartRateBpm><Value>112</Value></HeartRateBpm></Trackpoint><Trackpoint><Time>2026-05-01T07:47:44.175Z</Time><Position><LatitudeDegrees>60.07091</LatitudeDegrees><LongitudeDegrees>18.761637</LongitudeDegrees></Position><AltitudeMeters>4.665</AltitudeMeters><HeartRateBpm><Value>111</Value></HeartRateBpm></Trackpoint><Trackpoint><Time>2026-05-01T07:47:45.183Z</Time><Position><LatitudeDegrees>60.07095</LatitudeDegrees><LongitudeDegrees>18.76162</LongitudeDegrees></Position><AltitudeMeters>5.044</AltitudeMeters><HeartRateBpm><Value>111</Value></HeartRateBpm></Trackpoint><Trackpoint><Time>2026-05-01T07:47:46.189Z</Time><Position><LatitudeDegrees>60.070984</LatitudeDegrees><LongitudeDegrees>18.76161</LongitudeDegrees></Position><AltitudeMeters>5.369</AltitudeMeters><HeartRateBpm><Value>110</Value></HeartRateBpm></Trackpoint><Trackpoint><Time>2026-05-01T07:47:47.198Z</Time><Position><LatitudeDegrees>60.07102</LatitudeDegrees><LongitudeDegrees>18.761602</LongitudeDegrees></Position><AltitudeMeters>5.537</AltitudeMeters><HeartRateBpm><Value>109</Value></HeartRateBpm></Trackpoint><Trackpoint><Time>2026-05-01T07:47:48.208Z</Time><Position><LatitudeDegrees>60.071053</LatitudeDegrees><LongitudeDegrees>18.761597</LongitudeDegrees></Position><AltitudeMeters>5.546</AltitudeMeters><HeartRateBpm><Value>109</Value></HeartRateBpm></Trackpoint><Trackpoint><Time>2026-05-01T07:47:49.216Z</Time><Position><LatitudeDegrees>60.07109</LatitudeDegrees><LongitudeDegrees>18.76159</LongitudeDegrees></Position><AltitudeMeters>5.366</AltitudeMeters><HeartRateBpm><Value>109</Value></HeartRateBpm></Trackpoint><Trackpoint><Time>2026-05-01T07:47:50.225Z</Time><Position><LatitudeDegrees>60.071133</LatitudeDegrees><LongitudeDegrees>18.761585</LongitudeDegrees></Position><AltitudeMeters>5.27</AltitudeMeters><HeartRateBpm><Value>109</Value></HeartRateBpm></Trackpoint><Trackpoint><Time>2026-05-01T07:47:51.233Z</Time><Position><LatitudeDegrees>60.071175</LatitudeDegrees><LongitudeDegrees>18.761583</LongitudeDegrees></Position><AltitudeMeters>5.211</AltitudeMeters><HeartRateBpm><Value>111</Value></HeartRateBpm></Trackpoint><Trackpoint><Time>2026-05-01T07:47:52.240Z</Time><Position><LatitudeDegrees>60.071217</LatitudeDegrees><LongitudeDegrees>18.761581</LongitudeDegrees></Position><AltitudeMeters>5.183</AltitudeMeters><HeartRateBpm><Value>112</Value></HeartRateBpm></Trackpoint><Trackpoint><Time>2026-05-01T07:47:53.249Z</Time><Position><LatitudeDegrees>60.07126</LatitudeDegrees><LongitudeDegrees>18.76158</LongitudeDegrees></Position><AltitudeMeters>5.107</AltitudeMeters><HeartRateBpm><Value>113</Value></HeartRateBpm></Trackpoint><Trackpoint><Time>2026-05-01T07:47:54.258Z</Time><Position><LatitudeDegrees>60.0713</LatitudeDegrees><LongitudeDegrees>18.761578</LongitudeDegrees></Position><AltitudeMeters>5.097</AltitudeMeters><HeartRateBpm><Value>115</Value></HeartRateBpm></Trackpoint><Trackpoint><Time>2026-05-01T07:47:55.267Z</Time><Position><LatitudeDegrees>60.071342</LatitudeDegrees><LongitudeDegrees>18.76157</LongitudeDegrees></Position><AltitudeMeters>5.199</AltitudeMeters><HeartRateBpm><Value>117</Value></HeartRateBpm></Trackpoint><Trackpoint><Time>2026-05-01T07:47:56.275Z</Time><Position><LatitudeDegrees>60.07139</LatitudeDegrees><LongitudeDegrees>18.761562</LongitudeDegrees></Position><AltitudeMeters>5.177</AltitudeMeters><HeartRateBpm><Value>119</Value></HeartRateBpm></Trackpoint><Trackpoint><Time>2026-05-01T07:47:57.283Z</Time><Position><LatitudeDegrees>60.07143</LatitudeDegrees><LongitudeDegrees>18.761557</LongitudeDegrees></Position><AltitudeMeters>5.133</AltitudeMeters><HeartRateBpm><Value>120</Value></HeartRateBpm></Trackpoint><Trackpoint><Time>2026-05-01T07:47:58.291Z</Time><Position><LatitudeDegrees>60.071476</LatitudeDegrees><LongitudeDegrees>18.761543</LongitudeDegrees></Position><AltitudeMeters>5.257</AltitudeMeters><HeartRateBpm><Value>121</Value></HeartRateBpm></Trackpoint><Trackpoint><Time>2026-05-01T07:47:59.299Z</Time><Position><LatitudeDegrees>60.071514</LatitudeDegrees><LongitudeDegrees>18.76151</LongitudeDegrees></Position><AltitudeMeters>5.543</AltitudeMeters><HeartRateBpm><Value>122</Value></HeartRateBpm></Trackpoint><Trackpoint><Time>2026-05-01T07:48:00.307Z</Time><Position><LatitudeDegrees>60.071556</LatitudeDegrees><LongitudeDegrees>18.761477</LongitudeDegrees></Position><AltitudeMeters>5.855</AltitudeMeters><HeartRateBpm><Value>122</Value></HeartRateBpm></Trackpoint><Trackpoint><Time>2026-05-01T07:48:01.314Z</Time><Position><LatitudeDegrees>60.071587</LatitudeDegrees><LongitudeDegrees>18.761435</LongitudeDegrees></Position><AltitudeMeters>6.233</AltitudeMeters><HeartRateBpm><Value>123</Value></HeartRateBpm></Trackpoint><Trackpoint><Time>2026-05-01T07:48:02.324Z</Time><Position><LatitudeDegrees>60.071613</LatitudeDegrees><LongitudeDegrees>18.761395</LongitudeDegrees></Position><AltitudeMeters>6.651</AltitudeMeters><HeartRateBpm><Value>124</Value></HeartRateBpm></Trackpoint><Trackpoint><Time>2026-05-01T07:48:03.332Z</Time><Position><LatitudeDegrees>60.07164</LatitudeDegrees><LongitudeDegrees>18.76136</LongitudeDegrees></Position><AltitudeMeters>6.933</AltitudeMeters><HeartRateBpm><Value>125</Value></HeartRateBpm></Trackpoint><Trackpoint><Time>2026-05-01T07:48:04.339Z</Time><Position><LatitudeDegrees>60.071667</LatitudeDegrees><LongitudeDegrees>18.761328</LongitudeDegrees></Position><AltitudeMeters>7.278</AltitudeMeters><HeartRateBpm><Value>125</Value></HeartRateBpm></Trackpoint><Trackpoint><Time>2026-05-01T07:48:05.348Z</Time><Position><LatitudeDegrees>60.07169</LatitudeDegrees><LongitudeDegrees>18.761297</LongitudeDegrees></Position><AltitudeMeters>7.582</AltitudeMeters><HeartRateBpm><Value>126</Value></HeartRateBpm></Trackpoint><Trackpoint><Time>2026-05-01T07:48:06.357Z</Time><Position><LatitudeDegrees>60.071712</LatitudeDegrees><LongitudeDegrees>18.761261</LongitudeDegrees></Position><AltitudeMeters>7.828</AltitudeMeters><HeartRateBpm><Value>127</Value></HeartRateBpm></Trackpoint><Trackpoint><Time>2026-05-01T07:48:07.366Z</Time><Position><LatitudeDegrees>60.071735</LatitudeDegrees><LongitudeDegrees>18.761219</LongitudeDegrees></Position><AltitudeMeters>8.026</AltitudeMeters><HeartRateBpm><Value>128</Value></HeartRateBpm></Trackpoint><Trackpoint><Time>2026-05-01T07:48:08.376Z</Time><Position><LatitudeDegrees>60.071754</LatitudeDegrees><LongitudeDegrees>18.761173</LongitudeDegrees></Position><AltitudeMeters>8.233</AltitudeMeters><HeartRateBpm><Value>129</Value></HeartRateBpm></Trackpoint><Trackpoint><Time>2026-05-01T07:48:09.384Z</Time><Position><LatitudeDegrees>60.07177</LatitudeDegrees><LongitudeDegrees>18.761131</LongitudeDegrees></Position><AltitudeMeters>8.456</AltitudeMeters><HeartRateBpm><Value>130</Value></HeartRateBpm></Trackpoint><Trackpoint><Time>2026-05-01T07:48:10.391Z</Time><Position><LatitudeDegrees>60.07179</LatitudeDegrees><LongitudeDegrees>18.761097</LongitudeDegrees></Position><AltitudeMeters>8.664</AltitudeMeters><HeartRateBpm><Value>130</Value></HeartRateBpm></Trackpoint><Trackpoint><Time>2026-05-01T07:48:11.399Z</Time><Position><LatitudeDegrees>60.071808</LatitudeDegrees><LongitudeDegrees>18.761065</LongitudeDegrees></Position><AltitudeMeters>8.865</AltitudeMeters><HeartRateBpm><Value>130</Value></HeartRateBpm></Trackpoint><Trackpoint><Time>2026-05-01T07:48:12.407Z</Time><Position><LatitudeDegrees>60.071827</LatitudeDegrees><LongitudeDegrees>18.761038</LongitudeDegrees></Position><AltitudeMeters>9.122</AltitudeMeters><HeartRateBpm><Value>130</Value></HeartRateBpm></Trackpoint><Trackpoint><Time>2026-05-01T07:48:13.416Z</Time><Position><LatitudeDegrees>60.07185</LatitudeDegrees><LongitudeDegrees>18.76102</LongitudeDegrees></Position><AltitudeMeters>9.365</AltitudeMeters><HeartRateBpm><Value>130</Value></HeartRateBpm></Trackpoint><Trackpoint><Time>2026-05-01T07:48:14.424Z</Time><Position><LatitudeDegrees>60.07187</LatitudeDegrees><LongitudeDegrees>18.761003</LongitudeDegrees></Position><AltitudeMeters>9.608</AltitudeMeters><HeartRateBpm><Value>130</Value></HeartRateBpm></Trackpoint><Trackpoint><Time>2026-05-01T07:48:15.433Z</Time><Position><LatitudeDegrees>60.071884</LatitudeDegrees><LongitudeDegrees>18.760988</LongitudeDegrees></Position><AltitudeMeters>9.814</AltitudeMeters><HeartRateBpm><Value>131</Value></HeartRateBpm></Trackpoint><Trackpoint><Time>2026-05-01T07:48:16.440Z</Time><Position><LatitudeDegrees>60.071907</LatitudeDegrees><LongitudeDegrees>18.760973</LongitudeDegrees></Position><AltitudeMeters>9.975</AltitudeMeters><HeartRateBpm><Value>131</Value></HeartRateBpm></Trackpoint><Trackpoint><Time>2026-05-01T07:48:17.452Z</Time><Position><LatitudeDegrees>60.071926</LatitudeDegrees><LongitudeDegrees>18.760956</LongitudeDegrees></Position><AltitudeMeters>10.112</AltitudeMeters><HeartRateBpm><Value>132</Value></HeartRateBpm></Trackpoint><Trackpoint><Time>2026-05-01T07:48:18.458Z</Time><Position><LatitudeDegrees>60.071953</LatitudeDegrees><LongitudeDegrees>18.760939</LongitudeDegrees></Position><AltitudeMeters>10.161</AltitudeMeters><HeartRateBpm><Value>133</Value></HeartRateBpm></Trackpoint><Trackpoint><Time>2026-05-01T07:48:19.467Z</Time><Position><LatitudeDegrees>60.071976</LatitudeDegrees><LongitudeDegrees>18.760921</LongitudeDegrees></Position><AltitudeMeters>10.201</AltitudeMeters><HeartRateBpm><Value>134</Value></HeartRateBpm></Trackpoint><Trackpoint><Time>2026-05-01T07:48:20.477Z</Time><Position><LatitudeDegrees>60.072006</LatitudeDegrees><LongitudeDegrees>18.760906</LongitudeDegrees></Position><AltitudeMeters>10.27</AltitudeMeters><HeartRateBpm><Value>134</Value></HeartRateBpm></Trackpoint><Trackpoint><Time>2026-05-01T07:48:21.485Z</Time><Position><LatitudeDegrees>60.072033</LatitudeDegrees><LongitudeDegrees>18.760895</LongitudeDegrees></Position><AltitudeMeters>10.33</AltitudeMeters><HeartRateBpm><Value>134</Value></HeartRateBpm></Trackpoint><Trackpoint><Time>2026-05-01T07:48:22.494Z</Time><Position><LatitudeDegrees>60.07206</LatitudeDegrees><LongitudeDegrees>18.760885</LongitudeDegrees></Position><AltitudeMeters>10.346</AltitudeMeters><HeartRateBpm><Value>135</Value></HeartRateBpm></Trackpoint><Trackpoint><Time>2026-05-01T07:48:23.502Z</Time><Position><LatitudeDegrees>60.072083</LatitudeDegrees><LongitudeDegrees>18.760876</LongitudeDegrees></Position><AltitudeMeters>10.247</AltitudeMeters><HeartRateBpm><Value>135</Value></HeartRateBpm></Trackpoint><Trackpoint><Time>2026-05-01T07:48:24.503Z</Time><Position><LatitudeDegrees>60.072098</LatitudeDegrees><LongitudeDegrees>18.760866</LongitudeDegrees></Position><AltitudeMeters>10.205</AltitudeMeters><HeartRateBpm><Value>135</Value></HeartRateBpm></Trackpoint><Trackpoint><Time>2026-05-01T07:48:25.502Z</Time><Position><LatitudeDegrees>60.072117</LatitudeDegrees><LongitudeDegrees>18.76086</LongitudeDegrees></Position><AltitudeMeters>10.089</AltitudeMeters><HeartRateBpm><Value>135</Value></HeartRateBpm></Trackpoint><Trackpoint><Time>2026-05-01T07:48:26.500Z</Time><Position><LatitudeDegrees>60.072132</LatitudeDegrees><LongitudeDegrees>18.760857</LongitudeDegrees></Position><AltitudeMeters>10.086</AltitudeMeters><HeartRateBpm><Value>135</Value></HeartRateBpm></Trackpoint><Trackpoint><Time>2026-05-01T07:48:27.507Z</Time><Position><LatitudeDegrees>60.07215</LatitudeDegrees><LongitudeDegrees>18.760857</LongitudeDegrees></Position><AltitudeMeters>10.122</AltitudeMeters><HeartRateBpm><Value>134</Value></HeartRateBpm></Trackpoint><Trackpoint><Time>2026-05-01T07:48:28.516Z</Time><Position><LatitudeDegrees>60.07217</LatitudeDegrees><LongitudeDegrees>18.760857</LongitudeDegrees></Position><AltitudeMeters>10.076</AltitudeMeters><HeartRateBpm><Value>133</Value></HeartRateBpm></Trackpoint><Trackpoint><Time>2026-05-01T07:48:29.525Z</Time><Position><LatitudeDegrees>60.07219</LatitudeDegrees><LongitudeDegrees>18.760859</LongitudeDegrees></Position><AltitudeMeters>10.028</AltitudeMeters><HeartRateBpm><Value>132</Value></HeartRateBpm></Trackpoint><Trackpoint><Time>2026-05-01T07:48:30.534Z</Time><Position><LatitudeDegrees>60.07221</LatitudeDegrees><LongitudeDegrees>18.760859</LongitudeDegrees></Position><AltitudeMeters>10.082</AltitudeMeters><HeartRateBpm><Value>132</Value></HeartRateBpm></Trackpoint><Trackpoint><Time>2026-05-01T07:48:31.540Z</Time><Position><LatitudeDegrees>60.072227</LatitudeDegrees><LongitudeDegrees>18.76086</LongitudeDegrees></Position><AltitudeMeters>10.147</AltitudeMeters><HeartRateBpm><Value>132</Value></HeartRateBpm></Trackpoint><Trackpoint><Time>2026-05-01T07:48:32.549Z</Time><Position><LatitudeDegrees>60.07225</LatitudeDegrees><LongitudeDegrees>18.760859</LongitudeDegrees></Position><AltitudeMeters>10.124</AltitudeMeters><HeartRateBpm><Value>131</Value></HeartRateBpm></Trackpoint><Trackpoint><Time>2026-05-01T07:48:33.557Z</Time><Position><LatitudeDegrees>60.072277</LatitudeDegrees><LongitudeDegrees>18.760855</LongitudeDegrees></Position><AltitudeMeters>10.126</AltitudeMeters><HeartRateBpm><Value>131</Value></HeartRateBpm></Trackpoint><Trackpoint><Time>2026-05-01T07:48:34.567Z</Time><Position><LatitudeDegrees>60.072308</LatitudeDegrees><LongitudeDegrees>18.760853</LongitudeDegrees></Position><AltitudeMeters>10.137</AltitudeMeters><HeartRateBpm><Value>132</Value></HeartRateBpm></Trackpoint><Trackpoint><Time>2026-05-01T07:48:35.575Z</Time><Position><LatitudeDegrees>60.07234</LatitudeDegrees><LongitudeDegrees>18.76085</LongitudeDegrees></Position><AltitudeMeters>10.087</AltitudeMeters><HeartRateBpm><Value>131</Value></HeartRateBpm></Trackpoint><Trackpoint><Time>2026-05-01T07:48:36.583Z</Time><Position><LatitudeDegrees>60.072365</LatitudeDegrees><LongitudeDegrees>18.760849</LongitudeDegrees></Position><AltitudeMeters>10.07</AltitudeMeters><HeartRateBpm><Value>130</Value></HeartRateBpm></Trackpoint><Trackpoint><Time>2026-05-01T07:48:37.589Z</Time><Position><LatitudeDegrees>60.072395</LatitudeDegrees><LongitudeDegrees>18.760847</LongitudeDegrees></Position><AltitudeMeters>10.047</AltitudeMeters><HeartRateBpm><Value>129</Value></HeartRateBpm></Trackpoint><Trackpoint><Time>2026-05-01T07:48:38.599Z</Time><Position><LatitudeDegrees>60.072422</LatitudeDegrees><LongitudeDegrees>18.760841</LongitudeDegrees></Position><AltitudeMeters>10.033</AltitudeMeters><HeartRateBpm><Value>127</Value></HeartRateBpm></Trackpoint><Trackpoint><Time>2026-05-01T07:48:39.607Z</Time><Position><LatitudeDegrees>60.07245</LatitudeDegrees><LongitudeDegrees>18.76083</LongitudeDegrees></Position><AltitudeMeters>10.077</AltitudeMeters><HeartRateBpm><Value>127</Value></HeartRateBpm></Trackpoint><Trackpoint><Time>2026-05-01T07:48:40.617Z</Time><Position><LatitudeDegrees>60.072475</LatitudeDegrees><LongitudeDegrees>18.76081</LongitudeDegrees></Position><AltitudeMeters>10.161</AltitudeMeters><HeartRateBpm><Value>126</Value></HeartRateBpm></Trackpoint><Trackpoint><Time>2026-05-01T07:48:41.625Z</Time><Position><LatitudeDegrees>60.0725</LatitudeDegrees><LongitudeDegrees>18.760792</LongitudeDegrees></Position><AltitudeMeters>10.26</AltitudeMeters><HeartRateBpm><Value>126</Value></HeartRateBpm></Trackpoint><Trackpoint><Time>2026-05-01T07:48:42.634Z</Time><Position><LatitudeDegrees>60.07253</LatitudeDegrees><LongitudeDegrees>18.760769</LongitudeDegrees></Position><AltitudeMeters>10.239</AltitudeMeters><HeartRateBpm><Value>125</Value></HeartRateBpm></Trackpoint><Trackpoint><Time>2026-05-01T07:48:43.641Z</Time><Position><LatitudeDegrees>60.07256</LatitudeDegrees><LongitudeDegrees>18.760746</LongitudeDegrees></Position><AltitudeMeters>10.217</AltitudeMeters><HeartRateBpm><Value>125</Value></HeartRateBpm></Trackpoint><Trackpoint><Time>2026-05-01T07:48:44.652Z</Time><Position><LatitudeDegrees>60.07259</LatitudeDegrees><LongitudeDegrees>18.760723</LongitudeDegrees></Position><AltitudeMeters>10.186</AltitudeMeters><HeartRateBpm><Value>125</Value></HeartRateBpm></Trackpoint><Trackpoint><Time>2026-05-01T07:48:45.659Z</Time><Position><LatitudeDegrees>60.07262</LatitudeDegrees><LongitudeDegrees>18.760706</LongitudeDegrees></Position><AltitudeMeters>10.064</AltitudeMeters><HeartRateBpm><Value>125</Value></HeartRateBpm></Trackpoint><Trackpoint><Time>2026-05-01T07:48:46.668Z</Time><Position><LatitudeDegrees>60.07266</LatitudeDegrees><LongitudeDegrees>18.760693</LongitudeDegrees></Position><AltitudeMeters>10.041</AltitudeMeters><HeartRateBpm><Value>125</Value></HeartRateBpm></Trackpoint><Trackpoint><Time>2026-05-01T07:48:47.677Z</Time><Position><LatitudeDegrees>60.072697</LatitudeDegrees><LongitudeDegrees>18.760677</LongitudeDegrees></Position><AltitudeMeters>10.019</AltitudeMeters><HeartRateBpm><Value>125</Value></HeartRateBpm></Trackpoint><Trackpoint><Time>2026-05-01T07:48:48.686Z</Time><Position><LatitudeDegrees>60.07274</LatitudeDegrees><LongitudeDegrees>18.760662</LongitudeDegrees></Position><AltitudeMeters>9.965</AltitudeMeters><HeartRateBpm><Value>126</Value></HeartRateBpm></Trackpoint><Trackpoint><Time>2026-05-01T07:48:49.694Z</Time><Position><LatitudeDegrees>60.072777</LatitudeDegrees><LongitudeDegrees>18.760645</LongitudeDegrees></Position><AltitudeMeters>9.919</AltitudeMeters><HeartRateBpm><Value>126</Value></HeartRateBpm></Trackpoint><Trackpoint><Time>2026-05-01T07:48:50.703Z</Time><Position><LatitudeDegrees>60.072807</LatitudeDegrees><LongitudeDegrees>18.760628</LongitudeDegrees></Position><AltitudeMeters>9.993</AltitudeMeters><HeartRateBpm><Value>126</Value></HeartRateBpm></Trackpoint><Trackpoint><Time>2026-05-01T07:48:51.709Z</Time><Position><LatitudeDegrees>60.07284</LatitudeDegrees><LongitudeDegrees>18.760614</LongitudeDegrees></Position><AltitudeMeters>10.179</AltitudeMeters><HeartRateBpm><Value>126</Value></HeartRateBpm></Trackpoint><Trackpoint><Time>2026-05-01T07:48:52.719Z</Time><Position><LatitudeDegrees>60.072872</LatitudeDegrees><LongitudeDegrees>18.760601</LongitudeDegrees></Position><AltitudeMeters>10.32</AltitudeMeters><HeartRateBpm><Value>126</Value></HeartRateBpm></Trackpoint><Trackpoint><Time>2026-05-01T07:48:53.727Z</Time><Position><LatitudeDegrees>60.072903</LatitudeDegrees><LongitudeDegrees>18.760584</LongitudeDegrees></Position><AltitudeMeters>10.359</AltitudeMeters><HeartRateBpm><Value>126</Value></HeartRateBpm></Trackpoint><Trackpoint><Time>2026-05-01T07:48:54.736Z</Time><Position><LatitudeDegrees>60.072937</LatitudeDegrees><LongitudeDegrees>18.760565</LongitudeDegrees></Position><AltitudeMeters>10.272</AltitudeMeters><HeartRateBpm><Value>125</Value></HeartRateBpm></Trackpoint><Trackpoint><Time>2026-05-01T07:48:55.745Z</Time><Position><LatitudeDegrees>60.072968</LatitudeDegrees><LongitudeDegrees>18.760538</LongitudeDegrees></Position><AltitudeMeters>10.211</AltitudeMeters><HeartRateBpm><Value>124</Value></HeartRateBpm></Trackpoint><Trackpoint><Time>2026-05-01T07:48:56.754Z</Time><Position><LatitudeDegrees>60.072987</LatitudeDegrees><LongitudeDegrees>18.760502</LongitudeDegrees></Position><AltitudeMeters>10.104</AltitudeMeters><HeartRateBpm><Value>124</Value></HeartRateBpm></Trackpoint><Trackpoint><Time>2026-05-01T07:48:57.760Z</Time><Position><LatitudeDegrees>60.072994</LatitudeDegrees><LongitudeDegrees>18.760473</LongitudeDegrees></Position><AltitudeMeters>9.98</AltitudeMeters><HeartRateBpm><Value>124</Value></HeartRateBpm></Trackpoint><Trackpoint><Time>2026-05-01T07:48:58.769Z</Time><Position><LatitudeDegrees>60.07299</LatitudeDegrees><LongitudeDegrees>18.76046</LongitudeDegrees></Position><AltitudeMeters>10.144</AltitudeMeters><HeartRateBpm><Value>124</Value></HeartRateBpm></Trackpoint><Trackpoint><Time>2026-05-01T07:48:59.778Z</Time><Position><LatitudeDegrees>60.072975</LatitudeDegrees><LongitudeDegrees>18.760464</LongitudeDegrees></Position><AltitudeMeters>10.455</AltitudeMeters><HeartRateBpm><Value>124</Value></HeartRateBpm></Trackpoint><Trackpoint><Time>2026-05-01T07:49:00.786Z</Time><Position><LatitudeDegrees>60.07296</LatitudeDegrees><LongitudeDegrees>18.760475</LongitudeDegrees></Position><AltitudeMeters>10.7</AltitudeMeters><HeartRateBpm><Value>124</Value></HeartRateBpm></Trackpoint><Trackpoint><Time>2026-05-01T07:49:01.794Z</Time><Position><LatitudeDegrees>60.072937</LatitudeDegrees><LongitudeDegrees>18.760498</LongitudeDegrees></Position><AltitudeMeters>10.663</AltitudeMeters><HeartRateBpm><Value>124</Value></HeartRateBpm></Trackpoint><Trackpoint><Time>2026-05-01T07:49:02.803Z</Time><Position><LatitudeDegrees>60.07291</LatitudeDegrees><LongitudeDegrees>18.760527</LongitudeDegrees></Position><AltitudeMeters>10.501</AltitudeMeters><HeartRateBpm><Value>124</Value></HeartRateBpm></Trackpoint><Trackpoint><Time>2026-05-01T07:49:03.813Z</Time><Position><LatitudeDegrees>60.07288</LatitudeDegrees><LongitudeDegrees>18.760551</LongitudeDegrees></Position><AltitudeMeters>10.313</AltitudeMeters><HeartRateBpm><Value>124</Value></HeartRateBpm></Trackpoint><Trackpoint><Time>2026-05-01T07:49:04.820Z</Time><Position><LatitudeDegrees>60.07285</LatitudeDegrees><LongitudeDegrees>18.760576</LongitudeDegrees></Position><AltitudeMeters>10.244</AltitudeMeters><HeartRateBpm><Value>124</Value></HeartRateBpm></Trackpoint><Trackpoint><Time>2026-05-01T07:49:05.828Z</Time><Position><LatitudeDegrees>60.07282</LatitudeDegrees><LongitudeDegrees>18.760593</LongitudeDegrees></Position><AltitudeMeters>10.097</AltitudeMeters><HeartRateBpm><Value>124</Value></HeartRateBpm></Trackpoint><Trackpoint><Time>2026-05-01T07:49:06.836Z</Time><Position><LatitudeDegrees>60.072784</LatitudeDegrees><LongitudeDegrees>18.76061</LongitudeDegrees></Position><AltitudeMeters>10.148</AltitudeMeters><HeartRateBpm><Value>124</Value></HeartRateBpm></Trackpoint><Trackpoint><Time>2026-05-01T07:49:07.845Z</Time><Position><LatitudeDegrees>60.072754</LatitudeDegrees><LongitudeDegrees>18.760628</LongitudeDegrees></Position><AltitudeMeters>10.024</AltitudeMeters><HeartRateBpm><Value>123</Value></HeartRateBpm></Trackpoint><Trackpoint><Time>2026-05-01T07:49:08.853Z</Time><Position><LatitudeDegrees>60.07272</LatitudeDegrees><LongitudeDegrees>18.760649</LongitudeDegrees></Position><AltitudeMeters>9.961</AltitudeMeters><HeartRateBpm><Value>123</Value></HeartRateBpm></Trackpoint><Trackpoint><Time>2026-05-01T07:49:09.857Z</Time><Position><LatitudeDegrees>60.07268</LatitudeDegrees><LongitudeDegrees>18.76067</LongitudeDegrees></Position><AltitudeMeters>9.757</AltitudeMeters><HeartRateBpm><Value>123</Value></HeartRateBpm></Trackpoint><Trackpoint><Time>2026-05-01T07:49:10.856Z</Time><Position><LatitudeDegrees>60.072643</LatitudeDegrees><LongitudeDegrees>18.760689</LongitudeDegrees></Position><AltitudeMeters>9.894</AltitudeMeters><HeartRateBpm><Value>123</Value></HeartRateBpm></Trackpoint><Trackpoint><Time>2026-05-01T07:49:11.856Z</Time><Position><LatitudeDegrees>60.07261</LatitudeDegrees><LongitudeDegrees>18.760708</LongitudeDegrees></Position><AltitudeMeters>9.902</AltitudeMeters><HeartRateBpm><Value>123</Value></HeartRateBpm></Trackpoint><Trackpoint><Time>2026-05-01T07:49:12.863Z</Time><Position><LatitudeDegrees>60.07257</LatitudeDegrees><LongitudeDegrees>18.760721</LongitudeDegrees></Position><AltitudeMeters>9.803</AltitudeMeters><HeartRateBpm><Value>122</Value></HeartRateBpm></Trackpoint><Trackpoint><Time>2026-05-01T07:49:13.872Z</Time><Position><LatitudeDegrees>60.072536</LatitudeDegrees><LongitudeDegrees>18.760733</LongitudeDegrees></Position><AltitudeMeters>9.993</AltitudeMeters><HeartRateBpm><Value>122</Value></HeartRateBpm></Trackpoint><Trackpoint><Time>2026-05-01T07:49:14.879Z</Time><Position><LatitudeDegrees>60.072502</LatitudeDegrees><LongitudeDegrees>18.76074</LongitudeDegrees></Position><AltitudeMeters>10.026</AltitudeMeters><HeartRateBpm><Value>122</Value></HeartRateBpm></Trackpoint><Trackpoint><Time>2026-05-01T07:49:15.888Z</Time><Position><LatitudeDegrees>60.07247</LatitudeDegrees><LongitudeDegrees>18.760746</LongitudeDegrees></Position><AltitudeMeters>10.188</AltitudeMeters><HeartRateBpm><Value>122</Value></HeartRateBpm></Trackpoint><Trackpoint><Time>2026-05-01T07:49:16.897Z</Time><Position><LatitudeDegrees>60.07244</LatitudeDegrees><LongitudeDegrees>18.760752</LongitudeDegrees></Position><AltitudeMeters>10.168</AltitudeMeters><HeartRateBpm><Value>122</Value></HeartRateBpm></Trackpoint><Trackpoint><Time>2026-05-01T07:49:17.907Z</Time><Position><LatitudeDegrees>60.07241</LatitudeDegrees><LongitudeDegrees>18.760757</LongitudeDegrees></Position><AltitudeMeters>10.163</AltitudeMeters><HeartRateBpm><Value>123</Value></HeartRateBpm></Trackpoint><Trackpoint><Time>2026-05-01T07:49:18.916Z</Time><Position><LatitudeDegrees>60.07238</LatitudeDegrees><LongitudeDegrees>18.760765</LongitudeDegrees></Position><AltitudeMeters>10.083</AltitudeMeters><HeartRateBpm><Value>123</Value></HeartRateBpm></Trackpoint><Trackpoint><Time>2026-05-01T07:49:19.924Z</Time><Position><LatitudeDegrees>60.07235</LatitudeDegrees><LongitudeDegrees>18.760777</LongitudeDegrees></Position><AltitudeMeters>10.05</AltitudeMeters><HeartRateBpm><Value>124</Value></HeartRateBpm></Trackpoint><Trackpoint><Time>2026-05-01T07:49:20.933Z</Time><Position><LatitudeDegrees>60.072315</LatitudeDegrees><LongitudeDegrees>18.760786</LongitudeDegrees></Position><AltitudeMeters>10.143</AltitudeMeters><HeartRateBpm><Value>124</Value></HeartRateBpm></Trackpoint><Trackpoint><Time>2026-05-01T07:49:21.940Z</Time><Position><LatitudeDegrees>60.072285</LatitudeDegrees><LongitudeDegrees>18.760794</LongitudeDegrees></Position><AltitudeMeters>10.079</AltitudeMeters><HeartRateBpm><Value>125</Value></HeartRateBpm></Trackpoint><Trackpoint><Time>2026-05-01T07:49:22.948Z</Time><Position><LatitudeDegrees>60.07225</LatitudeDegrees><LongitudeDegrees>18.760801</LongitudeDegrees></Position><AltitudeMeters>9.929</AltitudeMeters><HeartRateBpm><Value>125</Value></HeartRateBpm></Trackpoint><Trackpoint><Time>2026-05-01T07:49:23.956Z</Time><Position><LatitudeDegrees>60.072212</LatitudeDegrees><LongitudeDegrees>18.760813</LongitudeDegrees></Position><AltitudeMeters>10.135</AltitudeMeters><HeartRateBpm><Value>124</Value></HeartRateBpm></Trackpoint><Trackpoint><Time>2026-05-01T07:49:24.965Z</Time><Position><LatitudeDegrees>60.072178</LatitudeDegrees><LongitudeDegrees>18.760824</LongitudeDegrees></Position><AltitudeMeters>10.147</AltitudeMeters><HeartRateBpm><Value>123</Value></HeartRateBpm></Trackpoint><Trackpoint><Time>2026-05-01T07:49:25.974Z</Time><Position><LatitudeDegrees>60.072136</LatitudeDegrees><LongitudeDegrees>18.760843</LongitudeDegrees></Position><AltitudeMeters>10.128</AltitudeMeters><HeartRateBpm><Value>123</Value></HeartRateBpm></Trackpoint><Trackpoint><Time>2026-05-01T07:49:26.982Z</Time><Position><LatitudeDegrees>60.072094</LatitudeDegrees><LongitudeDegrees>18.760868</LongitudeDegrees></Position><AltitudeMeters>10.01</AltitudeMeters><HeartRateBpm><Value>122</Value></HeartRateBpm></Trackpoint><Trackpoint><Time>2026-05-01T07:49:27.990Z</Time><Position><LatitudeDegrees>60.07205</LatitudeDegrees><LongitudeDegrees>18.760891</LongitudeDegrees></Position><AltitudeMeters>9.865</AltitudeMeters><HeartRateBpm><Value>122</Value></HeartRateBpm></Trackpoint><Trackpoint><Time>2026-05-01T07:49:28.999Z</Time><Position><LatitudeDegrees>60.072006</LatitudeDegrees><LongitudeDegrees>18.76091</LongitudeDegrees></Position><AltitudeMeters>9.984</AltitudeMeters><HeartRateBpm><Value>120</Value></HeartRateBpm></Trackpoint><Trackpoint><Time>2026-05-01T07:49:30.007Z</Time><Position><LatitudeDegrees>60.071968</LatitudeDegrees><LongitudeDegrees>18.760925</LongitudeDegrees></Position><AltitudeMeters>10.119</AltitudeMeters><HeartRateBpm><Value>119</Value></HeartRateBpm></Trackpoint><Trackpoint><Time>2026-05-01T07:49:31.017Z</Time><Position><LatitudeDegrees>60.071938</LatitudeDegrees><LongitudeDegrees>18.76094</LongitudeDegrees></Position><AltitudeMeters>9.985</AltitudeMeters><HeartRateBpm><Value>118</Value></HeartRateBpm></Trackpoint><Trackpoint><Time>2026-05-01T07:49:32.025Z</Time><Position><LatitudeDegrees>60.07191</LatitudeDegrees><LongitudeDegrees>18.76096</LongitudeDegrees></Position><AltitudeMeters>10.052</AltitudeMeters><HeartRateBpm><Value>117</Value></HeartRateBpm></Trackpoint><Trackpoint><Time>2026-05-01T07:49:33.034Z</Time><Position><LatitudeDegrees>60.07188</LatitudeDegrees><LongitudeDegrees>18.760983</LongitudeDegrees></Position><AltitudeMeters>10.091</AltitudeMeters><HeartRateBpm><Value>117</Value></HeartRateBpm></Trackpoint><Trackpoint><Time>2026-05-01T07:49:34.043Z</Time><Position><LatitudeDegrees>60.071854</LatitudeDegrees><LongitudeDegrees>18.76102</LongitudeDegrees></Position><AltitudeMeters>10.108</AltitudeMeters><HeartRateBpm><Value>116</Value></HeartRateBpm></Trackpoint><Trackpoint><Time>2026-05-01T07:49:35.052Z</Time><Position><LatitudeDegrees>60.071823</LatitudeDegrees><LongitudeDegrees>18.76106</LongitudeDegrees></Position><AltitudeMeters>9.96</AltitudeMeters><HeartRateBpm><Value>116</Value></HeartRateBpm></Trackpoint><Trackpoint><Time>2026-05-01T07:49:36.059Z</Time><Position><LatitudeDegrees>60.071793</LatitudeDegrees><LongitudeDegrees>18.761108</LongitudeDegrees></Position><AltitudeMeters>9.674</AltitudeMeters><HeartRateBpm><Value>117</Value></HeartRateBpm></Trackpoint><Trackpoint><Time>2026-05-01T07:49:37.068Z</Time><Position><LatitudeDegrees>60.071762</LatitudeDegrees><LongitudeDegrees>18.761162</LongitudeDegrees></Position><AltitudeMeters>9.42</AltitudeMeters><HeartRateBpm><Value>117</Value></HeartRateBpm></Trackpoint><Trackpoint><Time>2026-05-01T07:49:38.076Z</Time><Position><LatitudeDegrees>60.071728</LatitudeDegrees><LongitudeDegrees>18.76122</LongitudeDegrees></Position><AltitudeMeters>9.367</AltitudeMeters><HeartRateBpm><Value>117</Value></HeartRateBpm></Trackpoint><Trackpoint><Time>2026-05-01T07:49:39.084Z</Time><Position><LatitudeDegrees>60.07169</LatitudeDegrees><LongitudeDegrees>18.761278</LongitudeDegrees></Position><AltitudeMeters>9.369</AltitudeMeters><HeartRateBpm><Value>117</Value></HeartRateBpm></Trackpoint><Trackpoint><Time>2026-05-01T07:49:40.092Z</Time><Position><LatitudeDegrees>60.07165</LatitudeDegrees><LongitudeDegrees>18.761335</LongitudeDegrees></Position><AltitudeMeters>9.363</AltitudeMeters><HeartRateBpm><Value>118</Value></HeartRateBpm></Trackpoint><Trackpoint><Time>2026-05-01T07:49:41.099Z</Time><Position><LatitudeDegrees>60.071613</LatitudeDegrees><LongitudeDegrees>18.761393</LongitudeDegrees></Position><AltitudeMeters>9.145</AltitudeMeters><HeartRateBpm><Value>118</Value></HeartRateBpm></Trackpoint><Trackpoint><Time>2026-05-01T07:49:42.100Z</Time><Position><LatitudeDegrees>60.071564</LatitudeDegrees><LongitudeDegrees>18.761461</LongitudeDegrees></Position><AltitudeMeters>8.477</AltitudeMeters><HeartRateBpm><Value>118</Value></HeartRateBpm></Trackpoint><Trackpoint><Time>2026-05-01T07:49:43.109Z</Time><Position><LatitudeDegrees>60.07151</LatitudeDegrees><LongitudeDegrees>18.76148</LongitudeDegrees></Position><AltitudeMeters>7.717</AltitudeMeters><HeartRateBpm><Value>118</Value></HeartRateBpm></Trackpoint><Trackpoint><Time>2026-05-01T07:49:44.118Z</Time><Position><LatitudeDegrees>60.07145</LatitudeDegrees><LongitudeDegrees>18.761522</LongitudeDegrees></Position><AltitudeMeters>7.071</AltitudeMeters><HeartRateBpm><Value>118</Value></HeartRateBpm></Trackpoint><Trackpoint><Time>2026-05-01T07:49:45.128Z</Time><Position><LatitudeDegrees>60.071384</LatitudeDegrees><LongitudeDegrees>18.761557</LongitudeDegrees></Position><AltitudeMeters>6.435</AltitudeMeters><HeartRateBpm><Value>118</Value></HeartRateBpm></Trackpoint><Trackpoint><Time>2026-05-01T07:49:46.136Z</Time><Position><LatitudeDegrees>60.07133</LatitudeDegrees><LongitudeDegrees>18.76157</LongitudeDegrees></Position><AltitudeMeters>6.101</AltitudeMeters><HeartRateBpm><Value>118</Value></HeartRateBpm></Trackpoint><Trackpoint><Time>2026-05-01T07:49:47.145Z</Time><Position><LatitudeDegrees>60.07127</LatitudeDegrees><LongitudeDegrees>18.761572</LongitudeDegrees></Position><AltitudeMeters>5.864</AltitudeMeters><HeartRateBpm><Value>118</Value></HeartRateBpm></Trackpoint><Trackpoint><Time>2026-05-01T07:49:48.154Z</Time><Position><LatitudeDegrees>60.07121</LatitudeDegrees><LongitudeDegrees>18.761578</LongitudeDegrees></Position><AltitudeMeters>5.577</AltitudeMeters><HeartRateBpm><Value>118</Value></HeartRateBpm></Trackpoint><Trackpoint><Time>2026-05-01T07:49:49.162Z</Time><Position><LatitudeDegrees>60.071156</LatitudeDegrees><LongitudeDegrees>18.76158</LongitudeDegrees></Position><AltitudeMeters>5.543</AltitudeMeters><HeartRateBpm><Value>118</Value></HeartRateBpm></Trackpoint><Trackpoint><Time>2026-05-01T07:49:50.172Z</Time><Position><LatitudeDegrees>60.07111</LatitudeDegrees><LongitudeDegrees>18.76159</LongitudeDegrees></Position><AltitudeMeters>5.554</AltitudeMeters><HeartRateBpm><Value>117</Value></HeartRateBpm></Trackpoint><Trackpoint><Time>2026-05-01T07:49:51.179Z</Time><Position><LatitudeDegrees>60.071068</LatitudeDegrees><LongitudeDegrees>18.761587</LongitudeDegrees></Position><AltitudeMeters>5.55</AltitudeMeters><HeartRateBpm><Value>117</Value></HeartRateBpm></Trackpoint><Trackpoint><Time>2026-05-01T07:49:52.188Z</Time><Position><LatitudeDegrees>60.071026</LatitudeDegrees><LongitudeDegrees>18.761585</LongitudeDegrees></Position><AltitudeMeters>5.719</AltitudeMeters><HeartRateBpm><Value>117</Value></HeartRateBpm></Trackpoint><Trackpoint><Time>2026-05-01T07:49:53.197Z</Time><Position><LatitudeDegrees>60.070988</LatitudeDegrees><LongitudeDegrees>18.761585</LongitudeDegrees></Position><AltitudeMeters>5.863</AltitudeMeters><HeartRateBpm><Value>116</Value></HeartRateBpm></Trackpoint><Trackpoint><Time>2026-05-01T07:49:54.206Z</Time><Position><LatitudeDegrees>60.070946</LatitudeDegrees><LongitudeDegrees>18.761587</LongitudeDegrees></Position><AltitudeMeters>5.783</AltitudeMeters><HeartRateBpm><Value>115</Value></HeartRateBpm></Trackpoint><Trackpoint><Time>2026-05-01T07:49:55.215Z</Time><Position><LatitudeDegrees>60.070904</LatitudeDegrees><LongitudeDegrees>18.761593</LongitudeDegrees></Position><AltitudeMeters>5.669</AltitudeMeters><HeartRateBpm><Value>114</Value></HeartRateBpm></Trackpoint><Trackpoint><Time>2026-05-01T07:49:56.225Z</Time><Position><LatitudeDegrees>60.070854</LatitudeDegrees><LongitudeDegrees>18.761612</LongitudeDegrees></Position><AltitudeMeters>5.482</AltitudeMeters><HeartRateBpm><Value>115</Value></HeartRateBpm></Trackpoint><Trackpoint><Time>2026-05-01T07:49:57.233Z</Time><Position><LatitudeDegrees>60.0708</LatitudeDegrees><LongitudeDegrees>18.76164</LongitudeDegrees></Position><AltitudeMeters>5.192</AltitudeMeters><HeartRateBpm><Value>115</Value></HeartRateBpm></Trackpoint><Trackpoint><Time>2026-05-01T07:49:58.240Z</Time><Position><LatitudeDegrees>60.07074</LatitudeDegrees><LongitudeDegrees>18.761677</LongitudeDegrees></Position><AltitudeMeters>5.023</AltitudeMeters><HeartRateBpm><Value>115</Value></HeartRateBpm></Trackpoint><Trackpoint><Time>2026-05-01T07:49:59.248Z</Time><Position><LatitudeDegrees>60.070686</LatitudeDegrees><LongitudeDegrees>18.761702</LongitudeDegrees></Position><AltitudeMeters>4.912</AltitudeMeters><HeartRateBpm><Value>115</Value></HeartRateBpm></Trackpoint><Trackpoint><Time>2026-05-01T07:50:00.257Z</Time><Position><LatitudeDegrees>60.07064</LatitudeDegrees><LongitudeDegrees>18.761717</LongitudeDegrees></Position><AltitudeMeters>4.87</AltitudeMeters><HeartRateBpm><Value>115</Value></HeartRateBpm></Trackpoint><Trackpoint><Time>2026-05-01T07:50:01.266Z</Time><Position><LatitudeDegrees>60.070606</LatitudeDegrees><LongitudeDegrees>18.761724</LongitudeDegrees></Position><AltitudeMeters>4.805</AltitudeMeters><HeartRateBpm><Value>116</Value></HeartRateBpm></Trackpoint><Trackpoint><Time>2026-05-01T07:50:02.275Z</Time><Position><LatitudeDegrees>60.07057</LatitudeDegrees><LongitudeDegrees>18.761726</LongitudeDegrees></Position><AltitudeMeters>4.912</AltitudeMeters><HeartRateBpm><Value>116</Value></HeartRateBpm></Trackpoint><Trackpoint><Time>2026-05-01T07:50:03.283Z</Time><Position><LatitudeDegrees>60.070534</LatitudeDegrees><LongitudeDegrees>18.76173</LongitudeDegrees></Position><AltitudeMeters>4.977</AltitudeMeters><HeartRateBpm><Value>115</Value></HeartRateBpm></Trackpoint><Trackpoint><Time>2026-05-01T07:50:04.292Z</Time><Position><LatitudeDegrees>60.070496</LatitudeDegrees><LongitudeDegrees>18.761738</LongitudeDegrees></Position><AltitudeMeters>4.894</AltitudeMeters><HeartRateBpm><Value>115</Value></HeartRateBpm></Trackpoint><Trackpoint><Time>2026-05-01T07:50:05.299Z</Time><Position><LatitudeDegrees>60.07045</LatitudeDegrees><LongitudeDegrees>18.761742</LongitudeDegrees></Position><AltitudeMeters>4.768</AltitudeMeters><HeartRateBpm><Value>115</Value></HeartRateBpm></Trackpoint><Trackpoint><Time>2026-05-01T07:50:06.308Z</Time><Position><LatitudeDegrees>60.070408</LatitudeDegrees><LongitudeDegrees>18.761751</LongitudeDegrees></Position><AltitudeMeters>4.415</AltitudeMeters><HeartRateBpm><Value>114</Value></HeartRateBpm></Trackpoint><Trackpoint><Time>2026-05-01T07:50:07.318Z</Time><Position><LatitudeDegrees>60.070362</LatitudeDegrees><LongitudeDegrees>18.761772</LongitudeDegrees></Position><AltitudeMeters>4.241</AltitudeMeters><HeartRateBpm><Value>113</Value></HeartRateBpm></Trackpoint><Trackpoint><Time>2026-05-01T07:50:08.327Z</Time><Position><LatitudeDegrees>60.07032</LatitudeDegrees><LongitudeDegrees>18.761797</LongitudeDegrees></Position><AltitudeMeters>4.245</AltitudeMeters><HeartRateBpm><Value>113</Value></HeartRateBpm></Trackpoint><Trackpoint><Time>2026-05-01T07:50:09.337Z</Time><Position><LatitudeDegrees>60.07028</LatitudeDegrees><LongitudeDegrees>18.761822</LongitudeDegrees></Position><AltitudeMeters>3.999</AltitudeMeters><HeartRateBpm><Value>113</Value></HeartRateBpm></Trackpoint><Trackpoint><Time>2026-05-01T07:50:10.346Z</Time><Position><LatitudeDegrees>60.070236</LatitudeDegrees><LongitudeDegrees>18.761858</LongitudeDegrees></Position><AltitudeMeters>3.604</AltitudeMeters><HeartRateBpm><Value>113</Value></HeartRateBpm></Trackpoint><Trackpoint><Time>2026-05-01T07:50:11.354Z</Time><Position><LatitudeDegrees>60.07018</LatitudeDegrees><LongitudeDegrees>18.7619</LongitudeDegrees></Position><AltitudeMeters>3.284</AltitudeMeters><HeartRateBpm><Value>114</Value></HeartRateBpm></Trackpoint><Trackpoint><Time>2026-05-01T07:50:12.360Z</Time><Position><LatitudeDegrees>60.070118</LatitudeDegrees><LongitudeDegrees>18.761923</LongitudeDegrees></Position><AltitudeMeters>2.87</AltitudeMeters><HeartRateBpm><Value>114</Value></HeartRateBpm></Trackpoint><Trackpoint><Time>2026-05-01T07:50:13.369Z</Time><Position><LatitudeDegrees>60.070057</LatitudeDegrees><LongitudeDegrees>18.761936</LongitudeDegrees></Position><AltitudeMeters>2.346</AltitudeMeters><HeartRateBpm><Value>114</Value></HeartRateBpm></Trackpoint><Trackpoint><Time>2026-05-01T07:50:14.378Z</Time><Position><LatitudeDegrees>60.069996</LatitudeDegrees><LongitudeDegrees>18.761948</LongitudeDegrees></Position><AltitudeMeters>2.172</AltitudeMeters><HeartRateBpm><Value>113</Value></HeartRateBpm></Trackpoint><Trackpoint><Time>2026-05-01T07:50:15.388Z</Time><Position><LatitudeDegrees>60.069927</LatitudeDegrees><LongitudeDegrees>18.761944</LongitudeDegrees></Position><AltitudeMeters>1.665</AltitudeMeters><HeartRateBpm><Value>113</Value></HeartRateBpm></Trackpoint><Trackpoint><Time>2026-05-01T07:50:16.396Z</Time><Position><LatitudeDegrees>60.06986</LatitudeDegrees><LongitudeDegrees>18.761942</LongitudeDegrees></Position><AltitudeMeters>1.205</AltitudeMeters><HeartRateBpm><Value>113</Value></HeartRateBpm></Trackpoint><Trackpoint><Time>2026-05-01T07:50:17.405Z</Time><Position><LatitudeDegrees>60.069794</LatitudeDegrees><LongitudeDegrees>18.761915</LongitudeDegrees></Position><AltitudeMeters>0.879</AltitudeMeters><HeartRateBpm><Value>112</Value></HeartRateBpm></Trackpoint><Trackpoint><Time>2026-05-01T07:50:18.414Z</Time><Position><LatitudeDegrees>60.069736</LatitudeDegrees><LongitudeDegrees>18.76189</LongitudeDegrees></Position><AltitudeMeters>0.626</AltitudeMeters><HeartRateBpm><Value>111</Value></HeartRateBpm></Trackpoint><Trackpoint><Time>2026-05-01T07:50:19.423Z</Time><Position><LatitudeDegrees>60.069683</LatitudeDegrees><LongitudeDegrees>18.761858</LongitudeDegrees></Position><AltitudeMeters>0.22</AltitudeMeters><HeartRateBpm><Value>111</Value></HeartRateBpm></Trackpoint><Trackpoint><Time>2026-05-01T07:50:20.430Z</Time><Position><LatitudeDegrees>60.06963</LatitudeDegrees><LongitudeDegrees>18.761822</LongitudeDegrees></Position><AltitudeMeters>-0.014</AltitudeMeters><HeartRateBpm><Value>111</Value></HeartRateBpm></Trackpoint><Trackpoint><Time>2026-05-01T07:50:21.439Z</Time><Position><LatitudeDegrees>60.069576</LatitudeDegrees><LongitudeDegrees>18.761782</LongitudeDegrees></Position><AltitudeMeters>-0.028</AltitudeMeters><HeartRateBpm><Value>110</Value></HeartRateBpm></Trackpoint><Trackpoint><Time>2026-05-01T07:50:22.447Z</Time><Position><LatitudeDegrees>60.069523</LatitudeDegrees><LongitudeDegrees>18.761742</LongitudeDegrees></Position><AltitudeMeters>-0.295</AltitudeMeters><HeartRateBpm><Value>110</Value></HeartRateBpm></Trackpoint><Trackpoint><Time>2026-05-01T07:50:23.456Z</Time><Position><LatitudeDegrees>60.069466</LatitudeDegrees><LongitudeDegrees>18.761702</LongitudeDegrees></Position><AltitudeMeters>-0.342</AltitudeMeters><HeartRateBpm><Value>109</Value></HeartRateBpm></Trackpoint><Trackpoint><Time>2026-05-01T07:50:24.464Z</Time><Position><LatitudeDegrees>60.069416</LatitudeDegrees><LongitudeDegrees>18.761665</LongitudeDegrees></Position><AltitudeMeters>-0.569</AltitudeMeters><HeartRateBpm><Value>109</Value></HeartRateBpm></Trackpoint><Trackpoint><Time>2026-05-01T07:50:25.474Z</Time><Position><LatitudeDegrees>60.069366</LatitudeDegrees><LongitudeDegrees>18.761633</LongitudeDegrees></Position><AltitudeMeters>-0.827</AltitudeMeters><HeartRateBpm><Value>108</Value></HeartRateBpm></Trackpoint><Trackpoint><Time>2026-05-01T07:50:26.481Z</Time><Position><LatitudeDegrees>60.06932</LatitudeDegrees><LongitudeDegrees>18.761606</LongitudeDegrees></Position><AltitudeMeters>-0.941</AltitudeMeters><HeartRateBpm><Value>108</Value></HeartRateBpm></Trackpoint><Trackpoint><Time>2026-05-01T07:50:27.490Z</Time><Position><LatitudeDegrees>60.069275</LatitudeDegrees><LongitudeDegrees>18.76158</LongitudeDegrees></Position><AltitudeMeters>-1.459</AltitudeMeters><HeartRateBpm><Value>108</Value></HeartRateBpm></Trackpoint><Trackpoint><Time>2026-05-01T07:50:28.498Z</Time><Position><LatitudeDegrees>60.06923</LatitudeDegrees><LongitudeDegrees>18.761553</LongitudeDegrees></Position><AltitudeMeters>-1.53</AltitudeMeters><HeartRateBpm><Value>108</Value></HeartRateBpm></Trackpoint><Trackpoint><Time>2026-05-01T07:50:29.508Z</Time><Position><LatitudeDegrees>60.06918</LatitudeDegrees><LongitudeDegrees>18.761526</LongitudeDegrees></Position><AltitudeMeters>-1.333</AltitudeMeters><HeartRateBpm><Value>107</Value></HeartRateBpm></Trackpoint><Trackpoint><Time>2026-05-01T07:50:30.515Z</Time><Position><LatitudeDegrees>60.069134</LatitudeDegrees><LongitudeDegrees>18.761503</LongitudeDegrees></Position><AltitudeMeters>-1.382</AltitudeMeters><HeartRateBpm><Value>107</Value></HeartRateBpm></Trackpoint><Trackpoint><Time>2026-05-01T07:50:31.522Z</Time><Position><LatitudeDegrees>60.069084</LatitudeDegrees><LongitudeDegrees>18.76148</LongitudeDegrees></Position><AltitudeMeters>-1.288</AltitudeMeters><HeartRateBpm><Value>107</Value></HeartRateBpm></Trackpoint><Trackpoint><Time>2026-05-01T07:50:32.530Z</Time><Position><LatitudeDegrees>60.06903</LatitudeDegrees><LongitudeDegrees>18.761435</LongitudeDegrees></Position><AltitudeMeters>-1.081</AltitudeMeters><HeartRateBpm><Value>108</Value></HeartRateBpm></Trackpoint><Trackpoint><Time>2026-05-01T07:50:33.538Z</Time><Position><LatitudeDegrees>60.068977</LatitudeDegrees><LongitudeDegrees>18.761387</LongitudeDegrees></Position><AltitudeMeters>-0.87</AltitudeMeters><HeartRateBpm><Value>108</Value></HeartRateBpm></Trackpoint><Trackpoint><Time>2026-05-01T07:50:34.547Z</Time><Position><LatitudeDegrees>60.068935</LatitudeDegrees><LongitudeDegrees>18.761332</LongitudeDegrees></Position><AltitudeMeters>-0.952</AltitudeMeters><HeartRateBpm><Value>109</Value></HeartRateBpm></Trackpoint><Trackpoint><Time>2026-05-01T07:50:35.556Z</Time><Position><LatitudeDegrees>60.068882</LatitudeDegrees><LongitudeDegrees>18.761312</LongitudeDegrees></Position><AltitudeMeters>-0.799</AltitudeMeters><HeartRateBpm><Value>110</Value></HeartRateBpm></Trackpoint><Trackpoint><Time>2026-05-01T07:50:36.564Z</Time><Position><LatitudeDegrees>60.068832</LatitudeDegrees><LongitudeDegrees>18.761295</LongitudeDegrees></Position><AltitudeMeters>-0.445</AltitudeMeters><HeartRateBpm><Value>111</Value></HeartRateBpm></Trackpoint><Trackpoint><Time>2026-05-01T07:50:37.573Z</Time><Position><LatitudeDegrees>60.06879</LatitudeDegrees><LongitudeDegrees>18.761274</LongitudeDegrees></Position><AltitudeMeters>-0.115</AltitudeMeters><HeartRateBpm><Value>112</Value></HeartRateBpm></Trackpoint><Trackpoint><Time>2026-05-01T07:50:38.582Z</Time><Position><LatitudeDegrees>60.068752</LatitudeDegrees><LongitudeDegrees>18.761251</LongitudeDegrees></Position><AltitudeMeters>0.22</AltitudeMeters><HeartRateBpm><Value>113</Value></HeartRateBpm></Trackpoint><Trackpoint><Time>2026-05-01T07:50:39.589Z</Time><Position><LatitudeDegrees>60.06871</LatitudeDegrees><LongitudeDegrees>18.76123</LongitudeDegrees></Position><AltitudeMeters>0.369</AltitudeMeters><HeartRateBpm><Value>113</Value></HeartRateBpm></Trackpoint><Trackpoint><Time>2026-05-01T07:50:40.598Z</Time><Position><LatitudeDegrees>60.06867</LatitudeDegrees><LongitudeDegrees>18.761211</LongitudeDegrees></Position><AltitudeMeters>0.496</AltitudeMeters><HeartRateBpm><Value>113</Value></HeartRateBpm></Trackpoint><Trackpoint><Time>2026-05-01T07:50:41.605Z</Time><Position><LatitudeDegrees>60.068626</LatitudeDegrees><LongitudeDegrees>18.76119</LongitudeDegrees></Position><AltitudeMeters>0.594</AltitudeMeters><HeartRateBpm><Value>113</Value></HeartRateBpm></Trackpoint><Trackpoint><Time>2026-05-01T07:50:42.613Z</Time><Position><LatitudeDegrees>60.068584</LatitudeDegrees><LongitudeDegrees>18.761168</LongitudeDegrees></Position><AltitudeMeters>0.703</AltitudeMeters><HeartRateBpm><Value>113</Value></HeartRateBpm></Trackpoint><Trackpoint><Time>2026-05-01T07:50:43.622Z</Time><Position><LatitudeDegrees>60.068542</LatitudeDegrees><LongitudeDegrees>18.761147</LongitudeDegrees></Position><AltitudeMeters>0.83</AltitudeMeters><HeartRateBpm><Value>113</Value></HeartRateBpm></Trackpoint><Trackpoint><Time>2026-05-01T07:50:44.628Z</Time><Position><LatitudeDegrees>60.068504</LatitudeDegrees><LongitudeDegrees>18.761126</LongitudeDegrees></Position><AltitudeMeters>0.971</AltitudeMeters><HeartRateBpm><Value>113</Value></HeartRateBpm></Trackpoint><Trackpoint><Time>2026-05-01T07:50:45.636Z</Time><Position><LatitudeDegrees>60.068466</LatitudeDegrees><LongitudeDegrees>18.761105</LongitudeDegrees></Position><AltitudeMeters>1.164</AltitudeMeters><HeartRateBpm><Value>113</Value></HeartRateBpm></Trackpoint><Trackpoint><Time>2026-05-01T07:50:46.643Z</Time><Position><LatitudeDegrees>60.068428</LatitudeDegrees><LongitudeDegrees>18.761084</LongitudeDegrees></Position><AltitudeMeters>1.403</AltitudeMeters><HeartRateBpm><Value>113</Value></HeartRateBpm></Trackpoint><Trackpoint><Time>2026-05-01T07:50:47.650Z</Time><Position><LatitudeDegrees>60.068394</LatitudeDegrees><LongitudeDegrees>18.761065</LongitudeDegrees></Position><AltitudeMeters>1.688</AltitudeMeters><HeartRateBpm><Value>113</Value></HeartRateBpm></Trackpoint><Trackpoint><Time>2026-05-01T07:50:48.657Z</Time><Position><LatitudeDegrees>60.068363</LatitudeDegrees><LongitudeDegrees>18.761044</LongitudeDegrees></Position><AltitudeMeters>1.864</AltitudeMeters><HeartRateBpm><Value>113</Value></HeartRateBpm></Trackpoint><Trackpoint><Time>2026-05-01T07:50:49.665Z</Time><Position><LatitudeDegrees>60.068333</LatitudeDegrees><LongitudeDegrees>18.761019</LongitudeDegrees></Position><AltitudeMeters>1.974</AltitudeMeters><HeartRateBpm><Value>113</Value></HeartRateBpm></Trackpoint><Trackpoint><Time>2026-05-01T07:50:50.675Z</Time><Position><LatitudeDegrees>60.068314</LatitudeDegrees><LongitudeDegrees>18.760979</LongitudeDegrees></Position><AltitudeMeters>1.996</AltitudeMeters><HeartRateBpm><Value>113</Value></HeartRateBpm></Trackpoint><Trackpoint><Time>2026-05-01T07:50:51.684Z</Time><Position><LatitudeDegrees>60.068295</LatitudeDegrees><LongitudeDegrees>18.760935</LongitudeDegrees></Position><AltitudeMeters>2.093</AltitudeMeters><HeartRateBpm><Value>113</Value></HeartRateBpm></Trackpoint><Trackpoint><Time>2026-05-01T07:50:52.689Z</Time><Position><LatitudeDegrees>60.068283</LatitudeDegrees><LongitudeDegrees>18.760883</LongitudeDegrees></Position><AltitudeMeters>2.301</AltitudeMeters><HeartRateBpm><Value>112</Value></HeartRateBpm></Trackpoint><Trackpoint><Time>2026-05-01T07:50:53.698Z</Time><Position><LatitudeDegrees>60.068275</LatitudeDegrees><LongitudeDegrees>18.760824</LongitudeDegrees></Position><AltitudeMeters>2.565</AltitudeMeters><HeartRateBpm><Value>111</Value></HeartRateBpm></Trackpoint><Trackpoint><Time>2026-05-01T07:50:54.707Z</Time><Position><LatitudeDegrees>60.068275</LatitudeDegrees><LongitudeDegrees>18.76076</LongitudeDegrees></Position><AltitudeMeters>2.631</AltitudeMeters><HeartRateBpm><Value>110</Value></HeartRateBpm></Trackpoint><Trackpoint><Time>2026-05-01T07:50:55.716Z</Time><Position><LatitudeDegrees>60.068275</LatitudeDegrees><LongitudeDegrees>18.760693</LongitudeDegrees></Position><AltitudeMeters>2.682</AltitudeMeters><HeartRateBpm><Value>109</Value></HeartRateBpm></Trackpoint><Trackpoint><Time>2026-05-01T07:50:56.724Z</Time><Position><LatitudeDegrees>60.06828</LatitudeDegrees><LongitudeDegrees>18.76062</LongitudeDegrees></Position><AltitudeMeters>2.772</AltitudeMeters><HeartRateBpm><Value>111</Value></HeartRateBpm></Trackpoint><Trackpoint><Time>2026-05-01T07:50:57.731Z</Time><Position><LatitudeDegrees>60.068287</LatitudeDegrees><LongitudeDegrees>18.760544</LongitudeDegrees></Position><AltitudeMeters>2.785</AltitudeMeters><HeartRateBpm><Value>112</Value></HeartRateBpm></Trackpoint><Trackpoint><Time>2026-05-01T07:50:58.739Z</Time><Position><LatitudeDegrees>60.068295</LatitudeDegrees><LongitudeDegrees>18.760468</LongitudeDegrees></Position><AltitudeMeters>2.937</AltitudeMeters><HeartRateBpm><Value>114</Value></HeartRateBpm></Trackpoint><Trackpoint><Time>2026-05-01T07:50:59.748Z</Time><Position><LatitudeDegrees>60.068302</LatitudeDegrees><LongitudeDegrees>18.760391</LongitudeDegrees></Position><AltitudeMeters>2.898</AltitudeMeters><HeartRateBpm><Value>117</Value></HeartRateBpm></Trackpoint><Trackpoint><Time>2026-05-01T07:51:00.756Z</Time><Position><LatitudeDegrees>60.06831</LatitudeDegrees><LongitudeDegrees>18.760319</LongitudeDegrees></Position><AltitudeMeters>2.841</AltitudeMeters><HeartRateBpm><Value>119</Value></HeartRateBpm></Trackpoint><Trackpoint><Time>2026-05-01T07:51:01.764Z</Time><Position><LatitudeDegrees>60.068317</LatitudeDegrees><LongitudeDegrees>18.760244</LongitudeDegrees></Position><AltitudeMeters>2.918</AltitudeMeters><HeartRateBpm><Value>121</Value></HeartRateBpm></Trackpoint><Trackpoint><Time>2026-05-01T07:51:02.773Z</Time><Position><LatitudeDegrees>60.06832</LatitudeDegrees><LongitudeDegrees>18.760193</LongitudeDegrees></Position><AltitudeMeters>2.963</AltitudeMeters><HeartRateBpm><Value>120</Value></HeartRateBpm></Trackpoint><Trackpoint><Time>2026-05-01T07:51:03.780Z</Time><Position><LatitudeDegrees>60.06833</LatitudeDegrees><LongitudeDegrees>18.760153</LongitudeDegrees></Position><AltitudeMeters>3.132</AltitudeMeters><HeartRateBpm><Value>118</Value></HeartRateBpm></Trackpoint><Trackpoint><Time>2026-05-01T07:51:04.789Z</Time><Position><LatitudeDegrees>60.068333</LatitudeDegrees><LongitudeDegrees>18.760122</LongitudeDegrees></Position><AltitudeMeters>3.372</AltitudeMeters><HeartRateBpm><Value>117</Value></HeartRateBpm></Trackpoint><Trackpoint><Time>2026-05-01T07:51:05.797Z</Time><Position><LatitudeDegrees>60.06834</LatitudeDegrees><LongitudeDegrees>18.760105</LongitudeDegrees></Position><AltitudeMeters>3.612</AltitudeMeters><HeartRateBpm><Value>115</Value></HeartRateBpm></Trackpoint><Trackpoint><Time>2026-05-01T07:51:06.806Z</Time><Position><LatitudeDegrees>60.068348</LatitudeDegrees><LongitudeDegrees>18.760096</LongitudeDegrees></Position><AltitudeMeters>3.771</AltitudeMeters><HeartRateBpm><Value>114</Value></HeartRateBpm></Trackpoint><Trackpoint><Time>2026-05-01T07:51:07.814Z</Time><Position><LatitudeDegrees>60.068356</LatitudeDegrees><LongitudeDegrees>18.760098</LongitudeDegrees></Position><AltitudeMeters>3.94</AltitudeMeters><HeartRateBpm><Value>114</Value></HeartRateBpm></Trackpoint><Trackpoint><Time>2026-05-01T07:51:08.821Z</Time><Position><LatitudeDegrees>60.06836</LatitudeDegrees><LongitudeDegrees>18.760115</LongitudeDegrees></Position><AltitudeMeters>4.006</AltitudeMeters><HeartRateBpm><Value>113</Value></HeartRateBpm></Trackpoint><Trackpoint><Time>2026-05-01T07:51:09.830Z</Time><Position><LatitudeDegrees>60.068356</LatitudeDegrees><LongitudeDegrees>18.760153</LongitudeDegrees></Position><AltitudeMeters>4.044</AltitudeMeters><HeartRateBpm><Value>112</Value></HeartRateBpm></Trackpoint><Trackpoint><Time>2026-05-01T07:51:10.837Z</Time><Position><LatitudeDegrees>60.068348</LatitudeDegrees><LongitudeDegrees>18.760206</LongitudeDegrees></Position><AltitudeMeters>4.094</AltitudeMeters><HeartRateBpm><Value>111</Value></HeartRateBpm></Trackpoint><Trackpoint><Time>2026-05-01T07:51:11.839Z</Time><Position><LatitudeDegrees>60.068336</LatitudeDegrees><LongitudeDegrees>18.760271</LongitudeDegrees></Position><AltitudeMeters>4.11</AltitudeMeters><HeartRateBpm><Value>110</Value></HeartRateBpm></Trackpoint><Trackpoint><Time>2026-05-01T07:57:19.800Z</Time><Position><LatitudeDegrees>60.068325</LatitudeDegrees><LongitudeDegrees>18.760334</LongitudeDegrees></Position><AltitudeMeters>3.627</AltitudeMeters><HeartRateBpm><Value>91</Value></HeartRateBpm></Trackpoint><Trackpoint><Time>2026-05-01T07:57:20.801Z</Time><Position><LatitudeDegrees>60.06831</LatitudeDegrees><LongitudeDegrees>18.760406</LongitudeDegrees></Position><AltitudeMeters>3.757</AltitudeMeters><HeartRateBpm><Value>91</Value></HeartRateBpm></Trackpoint><Trackpoint><Time>2026-05-01T07:57:21.799Z</Time><Position><LatitudeDegrees>60.068295</LatitudeDegrees><LongitudeDegrees>18.760477</LongitudeDegrees></Position><AltitudeMeters>3.748</AltitudeMeters><HeartRateBpm><Value>91</Value></HeartRateBpm></Trackpoint><Trackpoint><Time>2026-05-01T07:57:22.801Z</Time><Position><LatitudeDegrees>60.068283</LatitudeDegrees><LongitudeDegrees>18.760542</LongitudeDegrees></Position><AltitudeMeters>3.718</AltitudeMeters><HeartRateBpm><Value>90</Value></HeartRateBpm></Trackpoint><Trackpoint><Time>2026-05-01T07:57:23.799Z</Time><Position><LatitudeDegrees>60.068275</LatitudeDegrees><LongitudeDegrees>18.760595</LongitudeDegrees></Position><AltitudeMeters>3.653</AltitudeMeters><HeartRateBpm><Value>89</Value></HeartRateBpm></Trackpoint><Trackpoint><Time>2026-05-01T07:57:24.800Z</Time><Position><LatitudeDegrees>60.068268</LatitudeDegrees><LongitudeDegrees>18.760641</LongitudeDegrees></Position><AltitudeMeters>3.839</AltitudeMeters><HeartRateBpm><Value>90</Value></HeartRateBpm></Trackpoint><Trackpoint><Time>2026-05-01T07:57:25.800Z</Time><Position><LatitudeDegrees>60.068264</LatitudeDegrees><LongitudeDegrees>18.760681</LongitudeDegrees></Position><AltitudeMeters>3.936</AltitudeMeters><HeartRateBpm><Value>91</Value></HeartRateBpm></Trackpoint><Trackpoint><Time>2026-05-01T07:57:26.800Z</Time><Position><LatitudeDegrees>60.068264</LatitudeDegrees><LongitudeDegrees>18.760721</LongitudeDegrees></Position><AltitudeMeters>3.825</AltitudeMeters><HeartRateBpm><Value>93</Value></HeartRateBpm></Trackpoint><Trackpoint><Time>2026-05-01T07:57:27.800Z</Time><Position><LatitudeDegrees>60.06826</LatitudeDegrees><LongitudeDegrees>18.760761</LongitudeDegrees></Position><AltitudeMeters>3.573</AltitudeMeters><HeartRateBpm><Value>94</Value></HeartRateBpm></Trackpoint><Trackpoint><Time>2026-05-01T07:57:28.800Z</Time><Position><LatitudeDegrees>60.06826</LatitudeDegrees><LongitudeDegrees>18.7608</LongitudeDegrees></Position><AltitudeMeters>3.386</AltitudeMeters><HeartRateBpm><Value>95</Value></HeartRateBpm></Trackpoint><Trackpoint><Time>2026-05-01T07:57:29.800Z</Time><Position><LatitudeDegrees>60.06826</LatitudeDegrees><LongitudeDegrees>18.760836</LongitudeDegrees></Position><AltitudeMeters>3.293</AltitudeMeters><HeartRateBpm><Value>94</Value></HeartRateBpm></Trackpoint><Trackpoint><Time>2026-05-01T07:57:30.799Z</Time><Position><LatitudeDegrees>60.06826</LatitudeDegrees><LongitudeDegrees>18.760872</LongitudeDegrees></Position><AltitudeMeters>3.356</AltitudeMeters><HeartRateBpm><Value>94</Value></HeartRateBpm></Trackpoint><Trackpoint><Time>2026-05-01T07:57:31.800Z</Time><Position><LatitudeDegrees>60.06826</LatitudeDegrees><LongitudeDegrees>18.760904</LongitudeDegrees></Position><AltitudeMeters>3.334</AltitudeMeters><HeartRateBpm><Value>95</Value></HeartRateBpm></Trackpoint><Trackpoint><Time>2026-05-01T07:57:32.800Z</Time><Position><LatitudeDegrees>60.068264</LatitudeDegrees><LongitudeDegrees>18.760931</LongitudeDegrees></Position><AltitudeMeters>3.32</AltitudeMeters><HeartRateBpm><Value>95</Value></HeartRateBpm></Trackpoint><Trackpoint><Time>2026-05-01T07:57:33.801Z</Time><Position><LatitudeDegrees>60.068268</LatitudeDegrees><LongitudeDegrees>18.760954</LongitudeDegrees></Position><AltitudeMeters>3.374</AltitudeMeters><HeartRateBpm><Value>95</Value></HeartRateBpm></Trackpoint><Trackpoint><Time>2026-05-01T07:57:34.801Z</Time><Position><LatitudeDegrees>60.068275</LatitudeDegrees><LongitudeDegrees>18.760977</LongitudeDegrees></Position><AltitudeMeters>3.348</AltitudeMeters><HeartRateBpm><Value>95</Value></HeartRateBpm></Trackpoint><Trackpoint><Time>2026-05-01T07:57:35.804Z</Time><Position><LatitudeDegrees>60.068287</LatitudeDegrees><LongitudeDegrees>18.760998</LongitudeDegrees></Position><AltitudeMeters>3.332</AltitudeMeters><HeartRateBpm><Value>96</Value></HeartRateBpm></Trackpoint><Trackpoint><Time>2026-05-01T07:57:36.814Z</Time><Position><LatitudeDegrees>60.068295</LatitudeDegrees><LongitudeDegrees>18.761019</LongitudeDegrees></Position><AltitudeMeters>3.21</AltitudeMeters><HeartRateBpm><Value>96</Value></HeartRateBpm></Trackpoint><Trackpoint><Time>2026-05-01T07:57:37.823Z</Time><Position><LatitudeDegrees>60.06831</LatitudeDegrees><LongitudeDegrees>18.761038</LongitudeDegrees></Position><AltitudeMeters>3.052</AltitudeMeters><HeartRateBpm><Value>96</Value></HeartRateBpm></Trackpoint><Trackpoint><Time>2026-05-01T07:57:38.832Z</Time><Position><LatitudeDegrees>60.068325</LatitudeDegrees><LongitudeDegrees>18.761055</LongitudeDegrees></Position><AltitudeMeters>2.936</AltitudeMeters><HeartRateBpm><Value>96</Value></HeartRateBpm></Trackpoint><Trackpoint><Time>2026-05-01T07:57:39.842Z</Time><Position><LatitudeDegrees>60.06834</LatitudeDegrees><LongitudeDegrees>18.761068</LongitudeDegrees></Position><AltitudeMeters>2.826</AltitudeMeters><HeartRateBpm><Value>96</Value></HeartRateBpm></Trackpoint><Trackpoint><Time>2026-05-01T07:57:40.847Z</Time><Position><LatitudeDegrees>60.068356</LatitudeDegrees><LongitudeDegrees>18.761084</LongitudeDegrees></Position><AltitudeMeters>2.76</AltitudeMeters><HeartRateBpm><Value>96</Value></HeartRateBpm></Trackpoint><Trackpoint><Time>2026-05-01T07:57:41.852Z</Time><Position><LatitudeDegrees>60.06837</LatitudeDegrees><LongitudeDegrees>18.761095</LongitudeDegrees></Position><AltitudeMeters>2.658</AltitudeMeters><HeartRateBpm><Value>96</Value></HeartRateBpm></Trackpoint><Trackpoint><Time>2026-05-01T07:57:42.852Z</Time><Position><LatitudeDegrees>60.068386</LatitudeDegrees><LongitudeDegrees>18.761105</LongitudeDegrees></Position><AltitudeMeters>2.566</AltitudeMeters><HeartRateBpm><Value>97</Value></HeartRateBpm></Trackpoint><Trackpoint><Time>2026-05-01T07:57:43.855Z</Time><Position><LatitudeDegrees>60.068405</LatitudeDegrees><LongitudeDegrees>18.761108</LongitudeDegrees></Position><AltitudeMeters>2.477</AltitudeMeters><HeartRateBpm><Value>97</Value></HeartRateBpm></Trackpoint><Trackpoint><Time>2026-05-01T07:57:44.863Z</Time><Position><LatitudeDegrees>60.068424</LatitudeDegrees><LongitudeDegrees>18.761112</LongitudeDegrees></Position><AltitudeMeters>2.366</AltitudeMeters><HeartRateBpm><Value>96</Value></HeartRateBpm></Trackpoint><Trackpoint><Time>2026-05-01T07:57:45.872Z</Time><Position><LatitudeDegrees>60.068443</LatitudeDegrees><LongitudeDegrees>18.761114</LongitudeDegrees></Position><AltitudeMeters>2.289</AltitudeMeters><HeartRateBpm><Value>96</Value></HeartRateBpm></Trackpoint><Trackpoint><Time>2026-05-01T07:57:46.880Z</Time><Position><LatitudeDegrees>60.068466</LatitudeDegrees><LongitudeDegrees>18.76112</LongitudeDegrees></Position><AltitudeMeters>2.282</AltitudeMeters><HeartRateBpm><Value>95</Value></HeartRateBpm></Trackpoint><Trackpoint><Time>2026-05-01T07:57:47.889Z</Time><Position><LatitudeDegrees>60.068493</LatitudeDegrees><LongitudeDegrees>18.76113</LongitudeDegrees></Position><AltitudeMeters>2.17</AltitudeMeters><HeartRateBpm><Value>94</Value></HeartRateBpm></Trackpoint><Trackpoint><Time>2026-05-01T07:57:48.896Z</Time><Position><LatitudeDegrees>60.068516</LatitudeDegrees><LongitudeDegrees>18.761139</LongitudeDegrees></Position><AltitudeMeters>2.095</AltitudeMeters><HeartRateBpm><Value>92</Value></HeartRateBpm></Trackpoint><Trackpoint><Time>2026-05-01T07:57:49.904Z</Time><Position><LatitudeDegrees>60.068542</LatitudeDegrees><LongitudeDegrees>18.761148</LongitudeDegrees></Position><AltitudeMeters>2.012</AltitudeMeters><HeartRateBpm><Value>92</Value></HeartRateBpm></Trackpoint><Trackpoint><Time>2026-05-01T07:57:50.913Z</Time><Position><LatitudeDegrees>60.06857</LatitudeDegrees><LongitudeDegrees>18.761158</LongitudeDegrees></Position><AltitudeMeters>1.868</AltitudeMeters><HeartRateBpm><Value>91</Value></HeartRateBpm></Trackpoint><Trackpoint><Time>2026-05-01T07:57:51.922Z</Time><Position><LatitudeDegrees>60.068596</LatitudeDegrees><LongitudeDegrees>18.76117</LongitudeDegrees></Position><AltitudeMeters>1.778</AltitudeMeters><HeartRateBpm><Value>91</Value></HeartRateBpm></Trackpoint><Trackpoint><Time>2026-05-01T07:57:52.930Z</Time><Position><LatitudeDegrees>60.068623</LatitudeDegrees><LongitudeDegrees>18.76118</LongitudeDegrees></Position><AltitudeMeters>1.746</AltitudeMeters><HeartRateBpm><Value>91</Value></HeartRateBpm></Trackpoint><Trackpoint><Time>2026-05-01T07:57:53.939Z</Time><Position><LatitudeDegrees>60.068653</LatitudeDegrees><LongitudeDegrees>18.761196</LongitudeDegrees></Position><AltitudeMeters>1.643</AltitudeMeters><HeartRateBpm><Value>92</Value></HeartRateBpm></Trackpoint><Trackpoint><Time>2026-05-01T07:57:54.948Z</Time><Position><LatitudeDegrees>60.06868</LatitudeDegrees><LongitudeDegrees>18.761204</LongitudeDegrees></Position><AltitudeMeters>1.412</AltitudeMeters><HeartRateBpm><Value>92</Value></HeartRateBpm></Trackpoint><Trackpoint><Time>2026-05-01T07:57:55.955Z</Time><Position><LatitudeDegrees>60.068707</LatitudeDegrees><LongitudeDegrees>18.761208</LongitudeDegrees></Position><AltitudeMeters>1.245</AltitudeMeters><HeartRateBpm><Value>93</Value></HeartRateBpm></Trackpoint><Trackpoint><Time>2026-05-01T07:57:56.963Z</Time><Position><LatitudeDegrees>60.068726</LatitudeDegrees><LongitudeDegrees>18.761213</LongitudeDegrees></Position><AltitudeMeters>1.159</AltitudeMeters><HeartRateBpm><Value>93</Value></HeartRateBpm></Trackpoint><Trackpoint><Time>2026-05-01T07:57:57.972Z</Time><Position><LatitudeDegrees>60.06875</LatitudeDegrees><LongitudeDegrees>18.76122</LongitudeDegrees></Position><AltitudeMeters>1.041</AltitudeMeters><HeartRateBpm><Value>93</Value></HeartRateBpm></Trackpoint><Trackpoint><Time>2026-05-01T07:57:58.981Z</Time><Position><LatitudeDegrees>60.068768</LatitudeDegrees><LongitudeDegrees>18.761227</LongitudeDegrees></Position><AltitudeMeters>1.0</AltitudeMeters><HeartRateBpm><Value>93</Value></HeartRateBpm></Trackpoint><Trackpoint><Time>2026-05-01T07:57:59.990Z</Time><Position><LatitudeDegrees>60.068787</LatitudeDegrees><LongitudeDegrees>18.761238</LongitudeDegrees></Position><AltitudeMeters>0.985</AltitudeMeters><HeartRateBpm><Value>92</Value></HeartRateBpm></Trackpoint><Trackpoint><Time>2026-05-01T07:58:00.999Z</Time><Position><LatitudeDegrees>60.06881</LatitudeDegrees><LongitudeDegrees>18.761253</LongitudeDegrees></Position><AltitudeMeters>0.867</AltitudeMeters><HeartRateBpm><Value>91</Value></HeartRateBpm></Trackpoint><Trackpoint><Time>2026-05-01T07:58:02.006Z</Time><Position><LatitudeDegrees>60.06883</LatitudeDegrees><LongitudeDegrees>18.76127</LongitudeDegrees></Position><AltitudeMeters>0.791</AltitudeMeters><HeartRateBpm><Value>91</Value></HeartRateBpm></Trackpoint><Trackpoint><Time>2026-05-01T07:58:03.014Z</Time><Position><LatitudeDegrees>60.068848</LatitudeDegrees><LongitudeDegrees>18.761286</LongitudeDegrees></Position><AltitudeMeters>0.736</AltitudeMeters><HeartRateBpm><Value>92</Value></HeartRateBpm></Trackpoint><Trackpoint><Time>2026-05-01T07:58:04.022Z</Time><Position><LatitudeDegrees>60.06887</LatitudeDegrees><LongitudeDegrees>18.761303</LongitudeDegrees></Position><AltitudeMeters>0.678</AltitudeMeters><HeartRateBpm><Value>94</Value></HeartRateBpm></Trackpoint><Trackpoint><Time>2026-05-01T07:58:05.030Z</Time><Position><LatitudeDegrees>60.06889</LatitudeDegrees><LongitudeDegrees>18.76132</LongitudeDegrees></Position><AltitudeMeters>0.635</AltitudeMeters><HeartRateBpm><Value>94</Value></HeartRateBpm></Trackpoint><Trackpoint><Time>2026-05-01T07:58:06.039Z</Time><Position><LatitudeDegrees>60.06891</LatitudeDegrees><LongitudeDegrees>18.761333</LongitudeDegrees></Position><AltitudeMeters>0.542</AltitudeMeters><HeartRateBpm><Value>95</Value></HeartRateBpm></Trackpoint><Trackpoint><Time>2026-05-01T07:58:07.048Z</Time><Position><LatitudeDegrees>60.06893</LatitudeDegrees><LongitudeDegrees>18.76135</LongitudeDegrees></Position><AltitudeMeters>0.543</AltitudeMeters><HeartRateBpm><Value>95</Value></HeartRateBpm></Trackpoint><Trackpoint><Time>2026-05-01T07:58:08.058Z</Time><Position><LatitudeDegrees>60.06895</LatitudeDegrees><LongitudeDegrees>18.761364</LongitudeDegrees></Position><AltitudeMeters>0.545</AltitudeMeters><HeartRateBpm><Value>95</Value></HeartRateBpm></Trackpoint><Trackpoint><Time>2026-05-01T07:58:09.064Z</Time><Position><LatitudeDegrees>60.068966</LatitudeDegrees><LongitudeDegrees>18.761377</LongitudeDegrees></Position><AltitudeMeters>0.498</AltitudeMeters><HeartRateBpm><Value>95</Value></HeartRateBpm></Trackpoint><Trackpoint><Time>2026-05-01T07:58:10.074Z</Time><Position><LatitudeDegrees>60.068985</LatitudeDegrees><LongitudeDegrees>18.76139</LongitudeDegrees></Position><AltitudeMeters>0.481</AltitudeMeters><HeartRateBpm><Value>94</Value></HeartRateBpm></Trackpoint><Trackpoint><Time>2026-05-01T07:58:11.083Z</Time><Position><LatitudeDegrees>60.069004</LatitudeDegrees><LongitudeDegrees>18.761404</LongitudeDegrees></Position><AltitudeMeters>0.323</AltitudeMeters><HeartRateBpm><Value>94</Value></HeartRateBpm></Trackpoint><Trackpoint><Time>2026-05-01T07:58:12.091Z</Time><Position><LatitudeDegrees>60.069027</LatitudeDegrees><LongitudeDegrees>18.761417</LongitudeDegrees></Position><AltitudeMeters>0.33</AltitudeMeters><HeartRateBpm><Value>93</Value></HeartRateBpm></Trackpoint><Trackpoint><Time>2026-05-01T07:58:13.100Z</Time><Position><LatitudeDegrees>60.069046</LatitudeDegrees><LongitudeDegrees>18.76143</LongitudeDegrees></Position><AltitudeMeters>0.347</AltitudeMeters><HeartRateBpm><Value>93</Value></HeartRateBpm></Trackpoint><Trackpoint><Time>2026-05-01T07:58:14.108Z</Time><Position><LatitudeDegrees>60.06907</LatitudeDegrees><LongitudeDegrees>18.761448</LongitudeDegrees></Position><AltitudeMeters>0.271</AltitudeMeters><HeartRateBpm><Value>92</Value></HeartRateBpm></Trackpoint><Trackpoint><Time>2026-05-01T07:58:15.115Z</Time><Position><LatitudeDegrees>60.06909</LatitudeDegrees><LongitudeDegrees>18.761463</LongitudeDegrees></Position><AltitudeMeters>0.299</AltitudeMeters><HeartRateBpm><Value>93</Value></HeartRateBpm></Trackpoint><Trackpoint><Time>2026-05-01T07:58:16.123Z</Time><Position><LatitudeDegrees>60.069115</LatitudeDegrees><LongitudeDegrees>18.761477</LongitudeDegrees></Position><AltitudeMeters>0.293</AltitudeMeters><HeartRateBpm><Value>93</Value></HeartRateBpm></Trackpoint><Trackpoint><Time>2026-05-01T07:58:17.131Z</Time><Position><LatitudeDegrees>60.069138</LatitudeDegrees><LongitudeDegrees>18.761492</LongitudeDegrees></Position><AltitudeMeters>0.283</AltitudeMeters><HeartRateBpm><Value>93</Value></HeartRateBpm></Trackpoint><Trackpoint><Time>2026-05-01T07:58:18.142Z</Time><Position><LatitudeDegrees>60.069157</LatitudeDegrees><LongitudeDegrees>18.761505</LongitudeDegrees></Position><AltitudeMeters>0.29</AltitudeMeters><HeartRateBpm><Value>93</Value></HeartRateBpm></Trackpoint><Trackpoint><Time>2026-05-01T07:58:19.151Z</Time><Position><LatitudeDegrees>60.069183</LatitudeDegrees><LongitudeDegrees>18.761522</LongitudeDegrees></Position><AltitudeMeters>0.248</AltitudeMeters><HeartRateBpm><Value>93</Value></HeartRateBpm></Trackpoint><Trackpoint><Time>2026-05-01T07:58:20.160Z</Time><Position><LatitudeDegrees>60.069206</LatitudeDegrees><LongitudeDegrees>18.761538</LongitudeDegrees></Position><AltitudeMeters>0.485</AltitudeMeters><HeartRateBpm><Value>94</Value></HeartRateBpm></Trackpoint><Trackpoint><Time>2026-05-01T07:58:21.168Z</Time><Position><LatitudeDegrees>60.06923</LatitudeDegrees><LongitudeDegrees>18.761553</LongitudeDegrees></Position><AltitudeMeters>0.556</AltitudeMeters><HeartRateBpm><Value>94</Value></HeartRateBpm></Trackpoint><Trackpoint><Time>2026-05-01T07:58:22.176Z</Time><Position><LatitudeDegrees>60.069252</LatitudeDegrees><LongitudeDegrees>18.76157</LongitudeDegrees></Position><AltitudeMeters>0.587</AltitudeMeters><HeartRateBpm><Value>95</Value></HeartRateBpm></Trackpoint><Trackpoint><Time>2026-05-01T07:58:23.184Z</Time><Position><LatitudeDegrees>60.069275</LatitudeDegrees><LongitudeDegrees>18.76159</LongitudeDegrees></Position><AltitudeMeters>0.561</AltitudeMeters><HeartRateBpm><Value>94</Value></HeartRateBpm></Trackpoint><Trackpoint><Time>2026-05-01T07:58:24.193Z</Time><Position><LatitudeDegrees>60.069298</LatitudeDegrees><LongitudeDegrees>18.761606</LongitudeDegrees></Position><AltitudeMeters>0.565</AltitudeMeters><HeartRateBpm><Value>94</Value></HeartRateBpm></Trackpoint><Trackpoint><Time>2026-05-01T07:58:25.202Z</Time><Position><LatitudeDegrees>60.06932</LatitudeDegrees><LongitudeDegrees>18.761621</LongitudeDegrees></Position><AltitudeMeters>0.553</AltitudeMeters><HeartRateBpm><Value>94</Value></HeartRateBpm></Trackpoint><Trackpoint><Time>2026-05-01T07:58:26.211Z</Time><Position><LatitudeDegrees>60.069344</LatitudeDegrees><LongitudeDegrees>18.761635</LongitudeDegrees></Position><AltitudeMeters>0.537</AltitudeMeters><HeartRateBpm><Value>94</Value></HeartRateBpm></Trackpoint><Trackpoint><Time>2026-05-01T07:58:27.219Z</Time><Position><LatitudeDegrees>60.06937</LatitudeDegrees><LongitudeDegrees>18.761652</LongitudeDegrees></Position><AltitudeMeters>0.618</AltitudeMeters><HeartRateBpm><Value>95</Value></HeartRateBpm></Trackpoint><Trackpoint><Time>2026-05-01T07:58:28.229Z</Time><Position><LatitudeDegrees>60.069397</LatitudeDegrees><LongitudeDegrees>18.761671</LongitudeDegrees></Position><AltitudeMeters>0.635</AltitudeMeters><HeartRateBpm><Value>96</Value></HeartRateBpm></Trackpoint><Trackpoint><Time>2026-05-01T07:58:29.236Z</Time><Position><LatitudeDegrees>60.069424</LatitudeDegrees><LongitudeDegrees>18.761698</LongitudeDegrees></Position><AltitudeMeters>0.581</AltitudeMeters><HeartRateBpm><Value>96</Value></HeartRateBpm></Trackpoint><Trackpoint><Time>2026-05-01T07:58:30.245Z</Time><Position><LatitudeDegrees>60.069447</LatitudeDegrees><LongitudeDegrees>18.761724</LongitudeDegrees></Position><AltitudeMeters>0.695</AltitudeMeters><HeartRateBpm><Value>97</Value></HeartRateBpm></Trackpoint><Trackpoint><Time>2026-05-01T07:58:31.253Z</Time><Position><LatitudeDegrees>60.06947</LatitudeDegrees><LongitudeDegrees>18.761747</LongitudeDegrees></Position><AltitudeMeters>0.828</AltitudeMeters><HeartRateBpm><Value>97</Value></HeartRateBpm></Trackpoint><Trackpoint><Time>2026-05-01T07:58:32.263Z</Time><Position><LatitudeDegrees>60.069496</LatitudeDegrees><LongitudeDegrees>18.761766</LongitudeDegrees></Position><AltitudeMeters>0.923</AltitudeMeters><HeartRateBpm><Value>98</Value></HeartRateBpm></Trackpoint><Trackpoint><Time>2026-05-01T07:58:33.271Z</Time><Position><LatitudeDegrees>60.069523</LatitudeDegrees><LongitudeDegrees>18.761782</LongitudeDegrees></Position><AltitudeMeters>0.955</AltitudeMeters><HeartRateBpm><Value>99</Value></HeartRateBpm></Trackpoint><Trackpoint><Time>2026-05-01T07:58:34.280Z</Time><Position><LatitudeDegrees>60.069546</LatitudeDegrees><LongitudeDegrees>18.76179</LongitudeDegrees></Position><AltitudeMeters>0.906</AltitudeMeters><HeartRateBpm><Value>100</Value></HeartRateBpm></Trackpoint><Trackpoint><Time>2026-05-01T07:58:35.281Z</Time><Position><LatitudeDegrees>60.06956</LatitudeDegrees><LongitudeDegrees>18.761787</LongitudeDegrees></Position><AltitudeMeters>0.878</AltitudeMeters><HeartRateBpm><Value>100</Value></HeartRateBpm></Trackpoint><Trackpoint><Time>2026-05-01T07:58:36.280Z</Time><Position><LatitudeDegrees>60.06957</LatitudeDegrees><LongitudeDegrees>18.761782</LongitudeDegrees></Position><AltitudeMeters>0.8</AltitudeMeters><HeartRateBpm><Value>99</Value></HeartRateBpm></Trackpoint><Trackpoint><Time>2026-05-01T07:58:37.281Z</Time><Position><LatitudeDegrees>60.069572</LatitudeDegrees><LongitudeDegrees>18.761774</LongitudeDegrees></Position><AltitudeMeters>0.703</AltitudeMeters><HeartRateBpm><Value>99</Value></HeartRateBpm></Trackpoint><Trackpoint><Time>2026-05-01T07:58:38.289Z</Time><Position><LatitudeDegrees>60.06957</LatitudeDegrees><LongitudeDegrees>18.761768</LongitudeDegrees></Position><AltitudeMeters>0.599</AltitudeMeters><HeartRateBpm><Value>99</Value></HeartRateBpm></Trackpoint><Trackpoint><Time>2026-05-01T07:58:39.294Z</Time><Position><LatitudeDegrees>60.069557</LatitudeDegrees><LongitudeDegrees>18.76176</LongitudeDegrees></Position><AltitudeMeters>0.425</AltitudeMeters><HeartRateBpm><Value>99</Value></HeartRateBpm></Trackpoint><Trackpoint><Time>2026-05-01T07:58:40.295Z</Time><Position><LatitudeDegrees>60.069546</LatitudeDegrees><LongitudeDegrees>18.761755</LongitudeDegrees></Position><AltitudeMeters>0.385</AltitudeMeters><HeartRateBpm><Value>98</Value></HeartRateBpm></Trackpoint><Trackpoint><Time>2026-05-01T07:58:41.296Z</Time><Position><LatitudeDegrees>60.06953</LatitudeDegrees><LongitudeDegrees>18.76175</LongitudeDegrees></Position><AltitudeMeters>0.386</AltitudeMeters><HeartRateBpm><Value>98</Value></HeartRateBpm></Trackpoint><Trackpoint><Time>2026-05-01T07:58:42.304Z</Time><Position><LatitudeDegrees>60.06951</LatitudeDegrees><LongitudeDegrees>18.761745</LongitudeDegrees></Position><AltitudeMeters>0.459</AltitudeMeters><HeartRateBpm><Value>97</Value></HeartRateBpm></Trackpoint><Trackpoint><Time>2026-05-01T07:58:43.311Z</Time><Position><LatitudeDegrees>60.069492</LatitudeDegrees><LongitudeDegrees>18.76174</LongitudeDegrees></Position><AltitudeMeters>0.38</AltitudeMeters><HeartRateBpm><Value>95</Value></HeartRateBpm></Trackpoint><Trackpoint><Time>2026-05-01T07:58:44.319Z</Time><Position><LatitudeDegrees>60.06947</LatitudeDegrees><LongitudeDegrees>18.761732</LongitudeDegrees></Position><AltitudeMeters>0.332</AltitudeMeters><HeartRateBpm><Value>95</Value></HeartRateBpm></Trackpoint><Trackpoint><Time>2026-05-01T07:58:45.328Z</Time><Position><LatitudeDegrees>60.069447</LatitudeDegrees><LongitudeDegrees>18.76172</LongitudeDegrees></Position><AltitudeMeters>0.252</AltitudeMeters><HeartRateBpm><Value>95</Value></HeartRateBpm></Trackpoint><Trackpoint><Time>2026-05-01T07:58:46.335Z</Time><Position><LatitudeDegrees>60.069424</LatitudeDegrees><LongitudeDegrees>18.761707</LongitudeDegrees></Position><AltitudeMeters>0.288</AltitudeMeters><HeartRateBpm><Value>95</Value></HeartRateBpm></Trackpoint><Trackpoint><Time>2026-05-01T07:58:47.343Z</Time><Position><LatitudeDegrees>60.0694</LatitudeDegrees><LongitudeDegrees>18.761692</LongitudeDegrees></Position><AltitudeMeters>0.287</AltitudeMeters><HeartRateBpm><Value>95</Value></HeartRateBpm></Trackpoint><Trackpoint><Time>2026-05-01T07:58:48.352Z</Time><Position><LatitudeDegrees>60.069378</LatitudeDegrees><LongitudeDegrees>18.761679</LongitudeDegrees></Position><AltitudeMeters>0.194</AltitudeMeters><HeartRateBpm><Value>96</Value></HeartRateBpm></Trackpoint><Trackpoint><Time>2026-05-01T07:58:49.359Z</Time><Position><LatitudeDegrees>60.06936</LatitudeDegrees><LongitudeDegrees>18.761663</LongitudeDegrees></Position><AltitudeMeters>0.21</AltitudeMeters><HeartRateBpm><Value>96</Value></HeartRateBpm></Trackpoint><Trackpoint><Time>2026-05-01T07:58:50.367Z</Time><Position><LatitudeDegrees>60.069336</LatitudeDegrees><LongitudeDegrees>18.76165</LongitudeDegrees></Position><AltitudeMeters>0.166</AltitudeMeters><HeartRateBpm><Value>96</Value></HeartRateBpm></Trackpoint><Trackpoint><Time>2026-05-01T07:58:51.374Z</Time><Position><LatitudeDegrees>60.069317</LatitudeDegrees><LongitudeDegrees>18.761639</LongitudeDegrees></Position><AltitudeMeters>0.041</AltitudeMeters><HeartRateBpm><Value>97</Value></HeartRateBpm></Trackpoint><Trackpoint><Time>2026-05-01T07:58:52.383Z</Time><Position><LatitudeDegrees>60.069294</LatitudeDegrees><LongitudeDegrees>18.761625</LongitudeDegrees></Position><AltitudeMeters>-0.029</AltitudeMeters><HeartRateBpm><Value>96</Value></HeartRateBpm></Trackpoint><Trackpoint><Time>2026-05-01T07:58:53.393Z</Time><Position><LatitudeDegrees>60.069275</LatitudeDegrees><LongitudeDegrees>18.761614</LongitudeDegrees></Position><AltitudeMeters>-0.117</AltitudeMeters><HeartRateBpm><Value>96</Value></HeartRateBpm></Trackpoint><Trackpoint><Time>2026-05-01T07:58:54.401Z</Time><Position><LatitudeDegrees>60.069252</LatitudeDegrees><LongitudeDegrees>18.7616</LongitudeDegrees></Position><AltitudeMeters>-0.113</AltitudeMeters><HeartRateBpm><Value>96</Value></HeartRateBpm></Trackpoint><Trackpoint><Time>2026-05-01T07:58:55.410Z</Time><Position><LatitudeDegrees>60.069233</LatitudeDegrees><LongitudeDegrees>18.76159</LongitudeDegrees></Position><AltitudeMeters>-0.011</AltitudeMeters><HeartRateBpm><Value>96</Value></HeartRateBpm></Trackpoint><Trackpoint><Time>2026-05-01T07:58:56.417Z</Time><Position><LatitudeDegrees>60.069214</LatitudeDegrees><LongitudeDegrees>18.761578</LongitudeDegrees></Position><AltitudeMeters>-0.028</AltitudeMeters><HeartRateBpm><Value>96</Value></HeartRateBpm></Trackpoint><Trackpoint><Time>2026-05-01T07:58:57.424Z</Time><Position><LatitudeDegrees>60.069195</LatitudeDegrees><LongitudeDegrees>18.761564</LongitudeDegrees></Position><AltitudeMeters>0.032</AltitudeMeters><HeartRateBpm><Value>96</Value></HeartRateBpm></Trackpoint><Trackpoint><Time>2026-05-01T07:58:58.433Z</Time><Position><LatitudeDegrees>60.069176</LatitudeDegrees><LongitudeDegrees>18.761553</LongitudeDegrees></Position><AltitudeMeters>0.019</AltitudeMeters><HeartRateBpm><Value>97</Value></HeartRateBpm></Trackpoint><Trackpoint><Time>2026-05-01T07:58:59.441Z</Time><Position><LatitudeDegrees>60.069157</LatitudeDegrees><LongitudeDegrees>18.761541</LongitudeDegrees></Position><AltitudeMeters>0.03</AltitudeMeters><HeartRateBpm><Value>97</Value></HeartRateBpm></Trackpoint><Trackpoint><Time>2026-05-01T07:59:00.450Z</Time><Position><LatitudeDegrees>60.069138</LatitudeDegrees><LongitudeDegrees>18.76153</LongitudeDegrees></Position><AltitudeMeters>-0.001</AltitudeMeters><HeartRateBpm><Value>98</Value></HeartRateBpm></Trackpoint><Trackpoint><Time>2026-05-01T07:59:01.459Z</Time><Position><LatitudeDegrees>60.06912</LatitudeDegrees><LongitudeDegrees>18.761518</LongitudeDegrees></Position><AltitudeMeters>-0.024</AltitudeMeters><HeartRateBpm><Value>98</Value></HeartRateBpm></Trackpoint><Trackpoint><Time>2026-05-01T07:59:02.466Z</Time><Position><LatitudeDegrees>60.0691</LatitudeDegrees><LongitudeDegrees>18.761507</LongitudeDegrees></Position><AltitudeMeters>-0.159</AltitudeMeters><HeartRateBpm><Value>98</Value></HeartRateBpm></Trackpoint><Trackpoint><Time>2026-05-01T07:59:03.474Z</Time><Position><LatitudeDegrees>60.06908</LatitudeDegrees><LongitudeDegrees>18.761496</LongitudeDegrees></Position><AltitudeMeters>-0.263</AltitudeMeters><HeartRateBpm><Value>98</Value></HeartRateBpm></Trackpoint><Trackpoint><Time>2026-05-01T07:59:04.484Z</Time><Position><LatitudeDegrees>60.06906</LatitudeDegrees><LongitudeDegrees>18.761482</LongitudeDegrees></Position><AltitudeMeters>-0.168</AltitudeMeters><HeartRateBpm><Value>98</Value></HeartRateBpm></Trackpoint><Trackpoint><Time>2026-05-01T07:59:05.493Z</Time><Position><LatitudeDegrees>60.069042</LatitudeDegrees><LongitudeDegrees>18.76147</LongitudeDegrees></Position><AltitudeMeters>0.041</AltitudeMeters><HeartRateBpm><Value>98</Value></HeartRateBpm></Trackpoint><Trackpoint><Time>2026-05-01T07:59:06.502Z</Time><Position><LatitudeDegrees>60.06902</LatitudeDegrees><LongitudeDegrees>18.761457</LongitudeDegrees></Position><AltitudeMeters>0.173</AltitudeMeters><HeartRateBpm><Value>98</Value></HeartRateBpm></Trackpoint><Trackpoint><Time>2026-05-01T07:59:07.509Z</Time><Position><LatitudeDegrees>60.069</LatitudeDegrees><LongitudeDegrees>18.761444</LongitudeDegrees></Position><AltitudeMeters>0.235</AltitudeMeters><HeartRateBpm><Value>99</Value></HeartRateBpm></Trackpoint><Trackpoint><Time>2026-05-01T07:59:08.518Z</Time><Position><LatitudeDegrees>60.068985</LatitudeDegrees><LongitudeDegrees>18.76143</LongitudeDegrees></Position><AltitudeMeters>0.251</AltitudeMeters><HeartRateBpm><Value>99</Value></HeartRateBpm></Trackpoint><Trackpoint><Time>2026-05-01T07:59:09.525Z</Time><Position><LatitudeDegrees>60.068966</LatitudeDegrees><LongitudeDegrees>18.76142</LongitudeDegrees></Position><AltitudeMeters>0.272</AltitudeMeters><HeartRateBpm><Value>99</Value></HeartRateBpm></Trackpoint><Trackpoint><Time>2026-05-01T07:59:10.534Z</Time><Position><LatitudeDegrees>60.06895</LatitudeDegrees><LongitudeDegrees>18.761408</LongitudeDegrees></Position><AltitudeMeters>0.304</AltitudeMeters><HeartRateBpm><Value>100</Value></HeartRateBpm></Trackpoint><Trackpoint><Time>2026-05-01T07:59:11.542Z</Time><Position><LatitudeDegrees>60.068935</LatitudeDegrees><LongitudeDegrees>18.761396</LongitudeDegrees></Position><AltitudeMeters>0.429</AltitudeMeters><HeartRateBpm><Value>100</Value></HeartRateBpm></Trackpoint><Trackpoint><Time>2026-05-01T07:59:12.551Z</Time><Position><LatitudeDegrees>60.06892</LatitudeDegrees><LongitudeDegrees>18.761389</LongitudeDegrees></Position><AltitudeMeters>0.58</AltitudeMeters><HeartRateBpm><Value>100</Value></HeartRateBpm></Trackpoint><Trackpoint><Time>2026-05-01T07:59:13.560Z</Time><Position><LatitudeDegrees>60.06891</LatitudeDegrees><LongitudeDegrees>18.761383</LongitudeDegrees></Position><AltitudeMeters>0.686</AltitudeMeters><HeartRateBpm><Value>99</Value></HeartRateBpm></Trackpoint><Trackpoint><Time>2026-05-01T07:59:14.569Z</Time><Position><LatitudeDegrees>60.068897</LatitudeDegrees><LongitudeDegrees>18.76138</LongitudeDegrees></Position><AltitudeMeters>0.785</AltitudeMeters><HeartRateBpm><Value>99</Value></HeartRateBpm></Trackpoint><Trackpoint><Time>2026-05-01T07:59:15.575Z</Time><Position><LatitudeDegrees>60.068886</LatitudeDegrees><LongitudeDegrees>18.761374</LongitudeDegrees></Position><AltitudeMeters>0.877</AltitudeMeters><HeartRateBpm><Value>99</Value></HeartRateBpm></Trackpoint><Trackpoint><Time>2026-05-01T07:59:16.585Z</Time><Position><LatitudeDegrees>60.068874</LatitudeDegrees><LongitudeDegrees>18.761368</LongitudeDegrees></Position><AltitudeMeters>0.949</AltitudeMeters><HeartRateBpm><Value>98</Value></HeartRateBpm></Trackpoint><Trackpoint><Time>2026-05-01T07:59:17.596Z</Time><Position><LatitudeDegrees>60.068863</LatitudeDegrees><LongitudeDegrees>18.76136</LongitudeDegrees></Position><AltitudeMeters>0.952</AltitudeMeters><HeartRateBpm><Value>98</Value></HeartRateBpm></Trackpoint><Trackpoint><Time>2026-05-01T07:59:18.604Z</Time><Position><LatitudeDegrees>60.06885</LatitudeDegrees><LongitudeDegrees>18.76135</LongitudeDegrees></Position><AltitudeMeters>0.933</AltitudeMeters><HeartRateBpm><Value>97</Value></HeartRateBpm></Trackpoint><Trackpoint><Time>2026-05-01T07:59:19.613Z</Time><Position><LatitudeDegrees>60.068844</LatitudeDegrees><LongitudeDegrees>18.761341</LongitudeDegrees></Position><AltitudeMeters>0.98</AltitudeMeters><HeartRateBpm><Value>96</Value></HeartRateBpm></Trackpoint><Trackpoint><Time>2026-05-01T07:59:20.622Z</Time><Position><LatitudeDegrees>60.068832</LatitudeDegrees><LongitudeDegrees>18.761332</LongitudeDegrees></Position><AltitudeMeters>0.932</AltitudeMeters><HeartRateBpm><Value>96</Value></HeartRateBpm></Trackpoint><Trackpoint><Time>2026-05-01T07:59:21.631Z</Time><Position><LatitudeDegrees>60.068817</LatitudeDegrees><LongitudeDegrees>18.76132</LongitudeDegrees></Position><AltitudeMeters>0.892</AltitudeMeters><HeartRateBpm><Value>95</Value></HeartRateBpm></Trackpoint><Trackpoint><Time>2026-05-01T07:59:22.641Z</Time><Position><LatitudeDegrees>60.068806</LatitudeDegrees><LongitudeDegrees>18.761305</LongitudeDegrees></Position><AltitudeMeters>1.035</AltitudeMeters><HeartRateBpm><Value>94</Value></HeartRateBpm></Trackpoint><Trackpoint><Time>2026-05-01T07:59:23.648Z</Time><Position><LatitudeDegrees>60.068794</LatitudeDegrees><LongitudeDegrees>18.76129</LongitudeDegrees></Position><AltitudeMeters>1.123</AltitudeMeters><HeartRateBpm><Value>94</Value></HeartRateBpm></Trackpoint><Trackpoint><Time>2026-05-01T07:59:24.656Z</Time><Position><LatitudeDegrees>60.06878</LatitudeDegrees><LongitudeDegrees>18.761272</LongitudeDegrees></Position><AltitudeMeters>1.262</AltitudeMeters><HeartRateBpm><Value>95</Value></HeartRateBpm></Trackpoint><Trackpoint><Time>2026-05-01T07:59:25.665Z</Time><Position><LatitudeDegrees>60.06876</LatitudeDegrees><LongitudeDegrees>18.761255</LongitudeDegrees></Position><AltitudeMeters>1.431</AltitudeMeters><HeartRateBpm><Value>96</Value></HeartRateBpm></Trackpoint><Trackpoint><Time>2026-05-01T07:59:26.673Z</Time><Position><LatitudeDegrees>60.068745</LatitudeDegrees><LongitudeDegrees>18.76124</LongitudeDegrees></Position><AltitudeMeters>1.419</AltitudeMeters><HeartRateBpm><Value>96</Value></HeartRateBpm></Trackpoint><Trackpoint><Time>2026-05-01T07:59:27.682Z</Time><Position><LatitudeDegrees>60.068726</LatitudeDegrees><LongitudeDegrees>18.761229</LongitudeDegrees></Position><AltitudeMeters>1.44</AltitudeMeters><HeartRateBpm><Value>96</Value></HeartRateBpm></Trackpoint><Trackpoint><Time>2026-05-01T07:59:28.691Z</Time><Position><LatitudeDegrees>60.068703</LatitudeDegrees><LongitudeDegrees>18.76122</LongitudeDegrees></Position><AltitudeMeters>1.449</AltitudeMeters><HeartRateBpm><Value>95</Value></HeartRateBpm></Trackpoint><Trackpoint><Time>2026-05-01T07:59:29.700Z</Time><Position><LatitudeDegrees>60.068684</LatitudeDegrees><LongitudeDegrees>18.761213</LongitudeDegrees></Position><AltitudeMeters>1.534</AltitudeMeters><HeartRateBpm><Value>95</Value></HeartRateBpm></Trackpoint><Trackpoint><Time>2026-05-01T07:59:30.708Z</Time><Position><LatitudeDegrees>60.06867</LatitudeDegrees><LongitudeDegrees>18.76121</LongitudeDegrees></Position><AltitudeMeters>1.615</AltitudeMeters><HeartRateBpm><Value>95</Value></HeartRateBpm></Trackpoint><Trackpoint><Time>2026-05-01T07:59:31.715Z</Time><Position><LatitudeDegrees>60.068653</LatitudeDegrees><LongitudeDegrees>18.761208</LongitudeDegrees></Position><AltitudeMeters>1.623</AltitudeMeters><HeartRateBpm><Value>95</Value></HeartRateBpm></Trackpoint><Trackpoint><Time>2026-05-01T07:59:32.723Z</Time><Position><LatitudeDegrees>60.068638</LatitudeDegrees><LongitudeDegrees>18.761208</LongitudeDegrees></Position><AltitudeMeters>1.579</AltitudeMeters><HeartRateBpm><Value>95</Value></HeartRateBpm></Trackpoint><Trackpoint><Time>2026-05-01T07:59:33.732Z</Time><Position><LatitudeDegrees>60.068623</LatitudeDegrees><LongitudeDegrees>18.761208</LongitudeDegrees></Position><AltitudeMeters>1.527</AltitudeMeters><HeartRateBpm><Value>94</Value></HeartRateBpm></Trackpoint><Trackpoint><Time>2026-05-01T07:59:34.741Z</Time><Position><LatitudeDegrees>60.06861</LatitudeDegrees><LongitudeDegrees>18.761208</LongitudeDegrees></Position><AltitudeMeters>1.607</AltitudeMeters><HeartRateBpm><Value>93</Value></HeartRateBpm></Trackpoint><Trackpoint><Time>2026-05-01T07:59:35.745Z</Time><Position><LatitudeDegrees>60.0686</LatitudeDegrees><LongitudeDegrees>18.761208</LongitudeDegrees></Position><AltitudeMeters>1.641</AltitudeMeters><HeartRateBpm><Value>94</Value></HeartRateBpm></Trackpoint><Trackpoint><Time>2026-05-01T07:59:36.752Z</Time><Position><LatitudeDegrees>60.06859</LatitudeDegrees><LongitudeDegrees>18.761208</LongitudeDegrees></Position><AltitudeMeters>1.697</AltitudeMeters><HeartRateBpm><Value>94</Value></HeartRateBpm></Trackpoint><Trackpoint><Time>2026-05-01T07:59:37.751Z</Time><Position><LatitudeDegrees>60.068577</LatitudeDegrees><LongitudeDegrees>18.761208</LongitudeDegrees></Position><AltitudeMeters>1.757</AltitudeMeters><HeartRateBpm><Value>95</Value></HeartRateBpm></Trackpoint><Trackpoint><Time>2026-05-01T07:59:38.752Z</Time><Position><LatitudeDegrees>60.06856</LatitudeDegrees><LongitudeDegrees>18.761208</LongitudeDegrees></Position><AltitudeMeters>1.928</AltitudeMeters><HeartRateBpm><Value>95</Value></HeartRateBpm></Trackpoint><Trackpoint><Time>2026-05-01T07:59:39.752Z</Time><Position><LatitudeDegrees>60.06855</LatitudeDegrees><LongitudeDegrees>18.761208</LongitudeDegrees></Position><AltitudeMeters>1.96</AltitudeMeters><HeartRateBpm><Value>97</Value></HeartRateBpm></Trackpoint><Trackpoint><Time>2026-05-01T07:59:40.752Z</Time><Position><LatitudeDegrees>60.068535</LatitudeDegrees><LongitudeDegrees>18.761206</LongitudeDegrees></Position><AltitudeMeters>1.985</AltitudeMeters><HeartRateBpm><Value>97</Value></HeartRateBpm></Trackpoint><Trackpoint><Time>2026-05-01T07:59:41.753Z</Time><Position><LatitudeDegrees>60.068516</LatitudeDegrees><LongitudeDegrees>18.761202</LongitudeDegrees></Position><AltitudeMeters>1.965</AltitudeMeters><HeartRateBpm><Value>97</Value></HeartRateBpm></Trackpoint><Trackpoint><Time>2026-05-01T07:59:42.756Z</Time><Position><LatitudeDegrees>60.0685</LatitudeDegrees><LongitudeDegrees>18.761194</LongitudeDegrees></Position><AltitudeMeters>2.132</AltitudeMeters><HeartRateBpm><Value>98</Value></HeartRateBpm></Trackpoint><Trackpoint><Time>2026-05-01T07:59:43.754Z</Time><Position><LatitudeDegrees>60.06848</LatitudeDegrees><LongitudeDegrees>18.761187</LongitudeDegrees></Position><AltitudeMeters>2.178</AltitudeMeters><HeartRateBpm><Value>99</Value></HeartRateBpm></Trackpoint><Trackpoint><Time>2026-05-01T07:59:54.726Z</Time><Position><LatitudeDegrees>60.068462</LatitudeDegrees><LongitudeDegrees>18.761179</LongitudeDegrees></Position><AltitudeMeters>3.15</AltitudeMeters><HeartRateBpm><Value>112</Value></HeartRateBpm></Trackpoint><Trackpoint><Time>2026-05-01T07:59:55.727Z</Time><Position><LatitudeDegrees>60.068447</LatitudeDegrees><LongitudeDegrees>18.761171</LongitudeDegrees></Position><AltitudeMeters>3.071</AltitudeMeters><HeartRateBpm><Value>112</Value></HeartRateBpm></Trackpoint><Trackpoint><Time>2026-05-01T07:59:56.727Z</Time><Position><LatitudeDegrees>60.068428</LatitudeDegrees><LongitudeDegrees>18.76116</LongitudeDegrees></Position><AltitudeMeters>2.868</AltitudeMeters><HeartRateBpm><Value>113</Value></HeartRateBpm></Trackpoint><Trackpoint><Time>2026-05-01T07:59:57.727Z</Time><Position><LatitudeDegrees>60.06841</LatitudeDegrees><LongitudeDegrees>18.761148</LongitudeDegrees></Position><AltitudeMeters>2.734</AltitudeMeters><HeartRateBpm><Value>114</Value></HeartRateBpm></Trackpoint><Trackpoint><Time>2026-05-01T07:59:58.726Z</Time><Position><LatitudeDegrees>60.06839</LatitudeDegrees><LongitudeDegrees>18.761135</LongitudeDegrees></Position><AltitudeMeters>2.774</AltitudeMeters><HeartRateBpm><Value>114</Value></HeartRateBpm></Trackpoint><Trackpoint><Time>2026-05-01T07:59:59.727Z</Time><Position><LatitudeDegrees>60.068375</LatitudeDegrees><LongitudeDegrees>18.761122</LongitudeDegrees></Position><AltitudeMeters>2.709</AltitudeMeters><HeartRateBpm><Value>114</Value></HeartRateBpm></Trackpoint><Trackpoint><Time>2026-05-01T08:00:00.726Z</Time><Position><LatitudeDegrees>60.06836</LatitudeDegrees><LongitudeDegrees>18.761108</LongitudeDegrees></Position><AltitudeMeters>2.828</AltitudeMeters><HeartRateBpm><Value>114</Value></HeartRateBpm></Trackpoint><Trackpoint><Time>2026-05-01T08:00:01.727Z</Time><Position><LatitudeDegrees>60.068348</LatitudeDegrees><LongitudeDegrees>18.761097</LongitudeDegrees></Position><AltitudeMeters>2.907</AltitudeMeters><HeartRateBpm><Value>114</Value></HeartRateBpm></Trackpoint><Trackpoint><Time>2026-05-01T08:00:02.728Z</Time><Position><LatitudeDegrees>60.068333</LatitudeDegrees><LongitudeDegrees>18.761086</LongitudeDegrees></Position><AltitudeMeters>2.988</AltitudeMeters><HeartRateBpm><Value>114</Value></HeartRateBpm></Trackpoint><Trackpoint><Time>2026-05-01T08:00:03.728Z</Time><Position><LatitudeDegrees>60.068317</LatitudeDegrees><LongitudeDegrees>18.76108</LongitudeDegrees></Position><AltitudeMeters>3.056</AltitudeMeters><HeartRateBpm><Value>113</Value></HeartRateBpm></Trackpoint><Trackpoint><Time>2026-05-01T08:00:04.729Z</Time><Position><LatitudeDegrees>60.068306</LatitudeDegrees><LongitudeDegrees>18.761072</LongitudeDegrees></Position><AltitudeMeters>3.107</AltitudeMeters><HeartRateBpm><Value>113</Value></HeartRateBpm></Trackpoint><Trackpoint><Time>2026-05-01T08:00:05.730Z</Time><Position><LatitudeDegrees>60.06829</LatitudeDegrees><LongitudeDegrees>18.761066</LongitudeDegrees></Position><AltitudeMeters>3.044</AltitudeMeters><HeartRateBpm><Value>113</Value></HeartRateBpm></Trackpoint><Trackpoint><Time>2026-05-01T08:00:06.730Z</Time><Position><LatitudeDegrees>60.068275</LatitudeDegrees><LongitudeDegrees>18.76106</LongitudeDegrees></Position><AltitudeMeters>3.014</AltitudeMeters><HeartRateBpm><Value>113</Value></HeartRateBpm></Trackpoint><Trackpoint><Time>2026-05-01T08:00:07.733Z</Time><Position><LatitudeDegrees>60.068264</LatitudeDegrees><LongitudeDegrees>18.761055</LongitudeDegrees></Position><AltitudeMeters>3.048</AltitudeMeters><HeartRateBpm><Value>113</Value></HeartRateBpm></Trackpoint><Trackpoint><Time>2026-05-01T08:00:08.732Z</Time><Position><LatitudeDegrees>60.068256</LatitudeDegrees><LongitudeDegrees>18.761047</LongitudeDegrees></Position><AltitudeMeters>3.073</AltitudeMeters><HeartRateBpm><Value>113</Value></HeartRateBpm></Trackpoint><Trackpoint><Time>2026-05-01T08:00:09.741Z</Time><Position><LatitudeDegrees>60.06825</LatitudeDegrees><LongitudeDegrees>18.76104</LongitudeDegrees></Position><AltitudeMeters>3.183</AltitudeMeters><HeartRateBpm><Value>112</Value></HeartRateBpm></Trackpoint><Trackpoint><Time>2026-05-01T08:00:10.750Z</Time><Position><LatitudeDegrees>60.068245</LatitudeDegrees><LongitudeDegrees>18.761028</LongitudeDegrees></Position><AltitudeMeters>3.275</AltitudeMeters><HeartRateBpm><Value>111</Value></HeartRateBpm></Trackpoint><Trackpoint><Time>2026-05-01T08:00:11.756Z</Time><Position><LatitudeDegrees>60.06824</LatitudeDegrees><LongitudeDegrees>18.761017</LongitudeDegrees></Position><AltitudeMeters>3.356</AltitudeMeters><HeartRateBpm><Value>110</Value></HeartRateBpm></Trackpoint><Trackpoint><Time>2026-05-01T08:00:12.765Z</Time><Position><LatitudeDegrees>60.06824</LatitudeDegrees><LongitudeDegrees>18.761003</LongitudeDegrees></Position><AltitudeMeters>3.4</AltitudeMeters><HeartRateBpm><Value>110</Value></HeartRateBpm></Trackpoint><Trackpoint><Time>2026-05-01T08:00:13.775Z</Time><Position><LatitudeDegrees>60.068237</LatitudeDegrees><LongitudeDegrees>18.76099</LongitudeDegrees></Position><AltitudeMeters>3.435</AltitudeMeters><HeartRateBpm><Value>110</Value></HeartRateBpm></Trackpoint><Trackpoint><Time>2026-05-01T08:00:14.784Z</Time><Position><LatitudeDegrees>60.068237</LatitudeDegrees><LongitudeDegrees>18.760975</LongitudeDegrees></Position><AltitudeMeters>3.501</AltitudeMeters><HeartRateBpm><Value>110</Value></HeartRateBpm></Trackpoint><Trackpoint><Time>2026-05-01T08:00:15.792Z</Time><Position><LatitudeDegrees>60.06824</LatitudeDegrees><LongitudeDegrees>18.760956</LongitudeDegrees></Position><AltitudeMeters>3.491</AltitudeMeters><HeartRateBpm><Value>111</Value></HeartRateBpm></Trackpoint><Trackpoint><Time>2026-05-01T08:00:16.802Z</Time><Position><LatitudeDegrees>60.06824</LatitudeDegrees><LongitudeDegrees>18.760937</LongitudeDegrees></Position><AltitudeMeters>3.536</AltitudeMeters><HeartRateBpm><Value>111</Value></HeartRateBpm></Trackpoint><Trackpoint><Time>2026-05-01T08:00:17.810Z</Time><Position><LatitudeDegrees>60.068245</LatitudeDegrees><LongitudeDegrees>18.76092</LongitudeDegrees></Position><AltitudeMeters>3.556</AltitudeMeters><HeartRateBpm><Value>111</Value></HeartRateBpm></Trackpoint><Trackpoint><Time>2026-05-01T08:00:18.817Z</Time><Position><LatitudeDegrees>60.06825</LatitudeDegrees><LongitudeDegrees>18.7609</LongitudeDegrees></Position><AltitudeMeters>3.52</AltitudeMeters><HeartRateBpm><Value>112</Value></HeartRateBpm></Trackpoint><Trackpoint><Time>2026-05-01T08:00:19.825Z</Time><Position><LatitudeDegrees>60.068253</LatitudeDegrees><LongitudeDegrees>18.76088</LongitudeDegrees></Position><AltitudeMeters>3.525</AltitudeMeters><HeartRateBpm><Value>112</Value></HeartRateBpm></Trackpoint><Trackpoint><Time>2026-05-01T08:00:20.834Z</Time><Position><LatitudeDegrees>60.068256</LatitudeDegrees><LongitudeDegrees>18.76086</LongitudeDegrees></Position><AltitudeMeters>3.562</AltitudeMeters><HeartRateBpm><Value>112</Value></HeartRateBpm></Trackpoint><Trackpoint><Time>2026-05-01T08:00:21.844Z</Time><Position><LatitudeDegrees>60.06826</LatitudeDegrees><LongitudeDegrees>18.760841</LongitudeDegrees></Position><AltitudeMeters>3.624</AltitudeMeters><HeartRateBpm><Value>111</Value></HeartRateBpm></Trackpoint><Trackpoint><Time>2026-05-01T08:00:22.853Z</Time><Position><LatitudeDegrees>60.068268</LatitudeDegrees><LongitudeDegrees>18.760822</LongitudeDegrees></Position><AltitudeMeters>3.662</AltitudeMeters><HeartRateBpm><Value>111</Value></HeartRateBpm></Trackpoint><Trackpoint><Time>2026-05-01T08:00:23.862Z</Time><Position><LatitudeDegrees>60.06827</LatitudeDegrees><LongitudeDegrees>18.760801</LongitudeDegrees></Position><AltitudeMeters>3.67</AltitudeMeters><HeartRateBpm><Value>111</Value></HeartRateBpm></Trackpoint><Trackpoint><Time>2026-05-01T08:00:24.871Z</Time><Position><LatitudeDegrees>60.068275</LatitudeDegrees><LongitudeDegrees>18.76078</LongitudeDegrees></Position><AltitudeMeters>3.673</AltitudeMeters><HeartRateBpm><Value>111</Value></HeartRateBpm></Trackpoint><Trackpoint><Time>2026-05-01T08:00:25.880Z</Time><Position><LatitudeDegrees>60.06828</LatitudeDegrees><LongitudeDegrees>18.76076</LongitudeDegrees></Position><AltitudeMeters>3.58</AltitudeMeters><HeartRateBpm><Value>110</Value></HeartRateBpm></Trackpoint><Trackpoint><Time>2026-05-01T08:01:06.833Z</Time><Position><LatitudeDegrees>60.06828</LatitudeDegrees><LongitudeDegrees>18.760736</LongitudeDegrees></Position><AltitudeMeters>3.903</AltitudeMeters><HeartRateBpm><Value>95</Value></HeartRateBpm></Trackpoint><Trackpoint><Time>2026-05-01T08:01:07.834Z</Time><Position><LatitudeDegrees>60.068283</LatitudeDegrees><LongitudeDegrees>18.760715</LongitudeDegrees></Position><AltitudeMeters>3.834</AltitudeMeters><HeartRateBpm><Value>94</Value></HeartRateBpm></Trackpoint><Trackpoint><Time>2026-05-01T08:01:08.837Z</Time><Position><LatitudeDegrees>60.068287</LatitudeDegrees><LongitudeDegrees>18.76069</LongitudeDegrees></Position><AltitudeMeters>3.679</AltitudeMeters><HeartRateBpm><Value>93</Value></HeartRateBpm></Trackpoint><Trackpoint><Time>2026-05-01T08:01:09.837Z</Time><Position><LatitudeDegrees>60.068287</LatitudeDegrees><LongitudeDegrees>18.760664</LongitudeDegrees></Position><AltitudeMeters>3.584</AltitudeMeters><HeartRateBpm><Value>93</Value></HeartRateBpm></Trackpoint><Trackpoint><Time>2026-05-01T08:01:10.847Z</Time><Position><LatitudeDegrees>60.06829</LatitudeDegrees><LongitudeDegrees>18.760633</LongitudeDegrees></Position><AltitudeMeters>3.464</AltitudeMeters><HeartRateBpm><Value>93</Value></HeartRateBpm></Trackpoint><Trackpoint><Time>2026-05-01T08:01:11.856Z</Time><Position><LatitudeDegrees>60.06829</LatitudeDegrees><LongitudeDegrees>18.760603</LongitudeDegrees></Position><AltitudeMeters>3.481</AltitudeMeters><HeartRateBpm><Value>94</Value></HeartRateBpm></Trackpoint><Trackpoint><Time>2026-05-01T08:03:30.233Z</Time><Position><LatitudeDegrees>60.068295</LatitudeDegrees><LongitudeDegrees>18.760572</LongitudeDegrees></Position><AltitudeMeters>3.325</AltitudeMeters><HeartRateBpm><Value>116</Value></HeartRateBpm></Trackpoint><Trackpoint><Time>2026-05-01T08:03:31.232Z</Time><Position><LatitudeDegrees>60.068295</LatitudeDegrees><LongitudeDegrees>18.76054</LongitudeDegrees></Position><AltitudeMeters>3.259</AltitudeMeters><HeartRateBpm><Value>117</Value></HeartRateBpm></Trackpoint><Trackpoint><Time>2026-05-01T08:03:32.232Z</Time><Position><LatitudeDegrees>60.0683</LatitudeDegrees><LongitudeDegrees>18.760508</LongitudeDegrees></Position><AltitudeMeters>3.117</AltitudeMeters><HeartRateBpm><Value>118</Value></HeartRateBpm></Trackpoint><Trackpoint><Time>2026-05-01T08:03:33.233Z</Time><Position><LatitudeDegrees>60.068302</LatitudeDegrees><LongitudeDegrees>18.760475</LongitudeDegrees></Position><AltitudeMeters>3.047</AltitudeMeters><HeartRateBpm><Value>118</Value></HeartRateBpm></Trackpoint><Trackpoint><Time>2026-05-01T08:03:34.243Z</Time><Position><LatitudeDegrees>60.068306</LatitudeDegrees><LongitudeDegrees>18.760443</LongitudeDegrees></Position><AltitudeMeters>3.013</AltitudeMeters><HeartRateBpm><Value>120</Value></HeartRateBpm></Trackpoint><Trackpoint><Time>2026-05-01T08:03:35.254Z</Time><Position><LatitudeDegrees>60.068314</LatitudeDegrees><LongitudeDegrees>18.760412</LongitudeDegrees></Position><AltitudeMeters>3.012</AltitudeMeters><HeartRateBpm><Value>121</Value></HeartRateBpm></Trackpoint><Trackpoint><Time>2026-05-01T08:03:36.262Z</Time><Position><LatitudeDegrees>60.068317</LatitudeDegrees><LongitudeDegrees>18.760384</LongitudeDegrees></Position><AltitudeMeters>3.086</AltitudeMeters><HeartRateBpm><Value>120</Value></HeartRateBpm></Trackpoint><Trackpoint><Time>2026-05-01T08:03:37.271Z</Time><Position><LatitudeDegrees>60.068325</LatitudeDegrees><LongitudeDegrees>18.760353</LongitudeDegrees></Position><AltitudeMeters>3.15</AltitudeMeters><HeartRateBpm><Value>120</Value></HeartRateBpm></Trackpoint><Trackpoint><Time>2026-05-01T08:03:38.275Z</Time><Position><LatitudeDegrees>60.06833</LatitudeDegrees><LongitudeDegrees>18.760324</LongitudeDegrees></Position><AltitudeMeters>3.381</AltitudeMeters><HeartRateBpm><Value>120</Value></HeartRateBpm></Trackpoint><Trackpoint><Time>2026-05-01T08:03:39.277Z</Time><Position><LatitudeDegrees>60.068333</LatitudeDegrees><LongitudeDegrees>18.760294</LongitudeDegrees></Position><AltitudeMeters>3.663</AltitudeMeters><HeartRateBpm><Value>119</Value></HeartRateBpm></Trackpoint><Trackpoint><Time>2026-05-01T08:03:40.281Z</Time><Position><LatitudeDegrees>60.06834</LatitudeDegrees><LongitudeDegrees>18.760267</LongitudeDegrees></Position><AltitudeMeters>3.646</AltitudeMeters><HeartRateBpm><Value>119</Value></HeartRateBpm></Trackpoint><Trackpoint><Time>2026-05-01T08:03:41.287Z</Time><Position><LatitudeDegrees>60.068344</LatitudeDegrees><LongitudeDegrees>18.76024</LongitudeDegrees></Position><AltitudeMeters>3.669</AltitudeMeters><HeartRateBpm><Value>119</Value></HeartRateBpm></Trackpoint><Trackpoint><Time>2026-05-01T08:03:42.296Z</Time><Position><LatitudeDegrees>60.068348</LatitudeDegrees><LongitudeDegrees>18.760216</LongitudeDegrees></Position><AltitudeMeters>3.713</AltitudeMeters><HeartRateBpm><Value>119</Value></HeartRateBpm></Trackpoint><Trackpoint><Time>2026-05-01T08:03:43.306Z</Time><Position><LatitudeDegrees>60.06835</LatitudeDegrees><LongitudeDegrees>18.760193</LongitudeDegrees></Position><AltitudeMeters>3.838</AltitudeMeters><HeartRateBpm><Value>118</Value></HeartRateBpm></Trackpoint><Trackpoint><Time>2026-05-01T08:03:44.315Z</Time><Position><LatitudeDegrees>60.068356</LatitudeDegrees><LongitudeDegrees>18.760172</LongitudeDegrees></Position><AltitudeMeters>3.959</AltitudeMeters><HeartRateBpm><Value>117</Value></HeartRateBpm></Trackpoint><Trackpoint><Time>2026-05-01T08:03:45.323Z</Time><Position><LatitudeDegrees>60.068363</LatitudeDegrees><LongitudeDegrees>18.760157</LongitudeDegrees></Position><AltitudeMeters>4.115</AltitudeMeters><HeartRateBpm><Value>116</Value></HeartRateBpm></Trackpoint><Trackpoint><Time>2026-05-01T08:03:46.331Z</Time><Position><LatitudeDegrees>60.06837</LatitudeDegrees><LongitudeDegrees>18.760141</LongitudeDegrees></Position><AltitudeMeters>4.308</AltitudeMeters><HeartRateBpm><Value>115</Value></HeartRateBpm></Trackpoint><Trackpoint><Time>2026-05-01T08:03:47.338Z</Time><Position><LatitudeDegrees>60.068382</LatitudeDegrees><LongitudeDegrees>18.76013</LongitudeDegrees></Position><AltitudeMeters>4.467</AltitudeMeters><HeartRateBpm><Value>114</Value></HeartRateBpm></Trackpoint><Trackpoint><Time>2026-05-01T08:03:48.347Z</Time><Position><LatitudeDegrees>60.06839</LatitudeDegrees><LongitudeDegrees>18.760118</LongitudeDegrees></Position><AltitudeMeters>4.625</AltitudeMeters><HeartRateBpm><Value>113</Value></HeartRateBpm></Trackpoint><Trackpoint><Time>2026-05-01T08:03:49.355Z</Time><Position><LatitudeDegrees>60.068398</LatitudeDegrees><LongitudeDegrees>18.760113</LongitudeDegrees></Position><AltitudeMeters>4.68</AltitudeMeters><HeartRateBpm><Value>112</Value></HeartRateBpm></Trackpoint><Trackpoint><Time>2026-05-01T08:03:50.364Z</Time><Position><LatitudeDegrees>60.06841</LatitudeDegrees><LongitudeDegrees>18.760109</LongitudeDegrees></Position><AltitudeMeters>4.762</AltitudeMeters><HeartRateBpm><Value>111</Value></HeartRateBpm></Trackpoint><Trackpoint><Time>2026-05-01T08:03:51.373Z</Time><Position><LatitudeDegrees>60.068417</LatitudeDegrees><LongitudeDegrees>18.760109</LongitudeDegrees></Position><AltitudeMeters>4.815</AltitudeMeters><HeartRateBpm><Value>111</Value></HeartRateBpm></Trackpoint><Trackpoint><Time>2026-05-01T08:03:52.382Z</Time><Position><LatitudeDegrees>60.06842</LatitudeDegrees><LongitudeDegrees>18.760107</LongitudeDegrees></Position><AltitudeMeters>4.957</AltitudeMeters><HeartRateBpm><Value>110</Value></HeartRateBpm></Trackpoint><Trackpoint><Time>2026-05-01T08:03:53.391Z</Time><Position><LatitudeDegrees>60.06842</LatitudeDegrees><LongitudeDegrees>18.76011</LongitudeDegrees></Position><AltitudeMeters>5.115</AltitudeMeters><HeartRateBpm><Value>110</Value></HeartRateBpm></Trackpoint><Trackpoint><Time>2026-05-01T08:03:54.400Z</Time><Position><LatitudeDegrees>60.06842</LatitudeDegrees><LongitudeDegrees>18.760117</LongitudeDegrees></Position><AltitudeMeters>5.244</AltitudeMeters><HeartRateBpm><Value>110</Value></HeartRateBpm></Trackpoint><Trackpoint><Time>2026-05-01T08:03:55.407Z</Time><Position><LatitudeDegrees>60.068417</LatitudeDegrees><LongitudeDegrees>18.760122</LongitudeDegrees></Position><AltitudeMeters>5.244</AltitudeMeters><HeartRateBpm><Value>109</Value></HeartRateBpm></Trackpoint><Trackpoint><Time>2026-05-01T08:03:56.415Z</Time><Position><LatitudeDegrees>60.06841</LatitudeDegrees><LongitudeDegrees>18.76013</LongitudeDegrees></Position><AltitudeMeters>5.204</AltitudeMeters><HeartRateBpm><Value>109</Value></HeartRateBpm></Trackpoint><Trackpoint><Time>2026-05-01T08:03:57.423Z</Time><Position><LatitudeDegrees>60.0684</LatitudeDegrees><LongitudeDegrees>18.760138</LongitudeDegrees></Position><AltitudeMeters>5.389</AltitudeMeters><HeartRateBpm><Value>109</Value></HeartRateBpm></Trackpoint><Trackpoint><Time>2026-05-01T08:04:12.703Z</Time><Position><LatitudeDegrees>60.068394</LatitudeDegrees><LongitudeDegrees>18.760145</LongitudeDegrees></Position><AltitudeMeters>4.828</AltitudeMeters><HeartRateBpm><Value>100</Value></HeartRateBpm></Trackpoint><Trackpoint><Time>2026-05-01T08:04:13.703Z</Time><Position><LatitudeDegrees>60.068386</LatitudeDegrees><LongitudeDegrees>18.760155</LongitudeDegrees></Position><AltitudeMeters>4.764</AltitudeMeters><HeartRateBpm><Value>101</Value></HeartRateBpm></Trackpoint><Trackpoint><Time>2026-05-01T08:04:14.703Z</Time><Position><LatitudeDegrees>60.068375</LatitudeDegrees><LongitudeDegrees>18.760164</LongitudeDegrees></Position><AltitudeMeters>4.704</AltitudeMeters><HeartRateBpm><Value>101</Value></HeartRateBpm></Trackpoint><Trackpoint><Time>2026-05-01T08:04:15.706Z</Time><Position><LatitudeDegrees>60.06837</LatitudeDegrees><LongitudeDegrees>18.760176</LongitudeDegrees></Position><AltitudeMeters>4.586</AltitudeMeters><HeartRateBpm><Value>101</Value></HeartRateBpm></Trackpoint><Trackpoint><Time>2026-05-01T08:04:16.713Z</Time><Position><LatitudeDegrees>60.068363</LatitudeDegrees><LongitudeDegrees>18.76019</LongitudeDegrees></Position><AltitudeMeters>4.476</AltitudeMeters><HeartRateBpm><Value>101</Value></HeartRateBpm></Trackpoint><Trackpoint><Time>2026-05-01T08:04:17.722Z</Time><Position><LatitudeDegrees>60.068356</LatitudeDegrees><LongitudeDegrees>18.760202</LongitudeDegrees></Position><AltitudeMeters>4.388</AltitudeMeters><HeartRateBpm><Value>102</Value></HeartRateBpm></Trackpoint><Trackpoint><Time>2026-05-01T08:04:18.730Z</Time><Position><LatitudeDegrees>60.06835</LatitudeDegrees><LongitudeDegrees>18.760223</LongitudeDegrees></Position><AltitudeMeters>4.295</AltitudeMeters><HeartRateBpm><Value>102</Value></HeartRateBpm></Trackpoint><Trackpoint><Time>2026-05-01T08:04:19.738Z</Time><Position><LatitudeDegrees>60.06835</LatitudeDegrees><LongitudeDegrees>18.76024</LongitudeDegrees></Position><AltitudeMeters>4.201</AltitudeMeters><HeartRateBpm><Value>102</Value></HeartRateBpm></Trackpoint><Trackpoint><Time>2026-05-01T08:04:20.747Z</Time><Position><LatitudeDegrees>60.068348</LatitudeDegrees><LongitudeDegrees>18.760265</LongitudeDegrees></Position><AltitudeMeters>4.12</AltitudeMeters><HeartRateBpm><Value>102</Value></HeartRateBpm></Trackpoint><Trackpoint><Time>2026-05-01T08:04:21.756Z</Time><Position><LatitudeDegrees>60.068344</LatitudeDegrees><LongitudeDegrees>18.760288</LongitudeDegrees></Position><AltitudeMeters>4.0</AltitudeMeters><HeartRateBpm><Value>102</Value></HeartRateBpm></Trackpoint><Trackpoint><Time>2026-05-01T08:04:22.763Z</Time><Position><LatitudeDegrees>60.06834</LatitudeDegrees><LongitudeDegrees>18.760313</LongitudeDegrees></Position><AltitudeMeters>3.95</AltitudeMeters><HeartRateBpm><Value>103</Value></HeartRateBpm></Trackpoint><Trackpoint><Time>2026-05-01T08:04:23.771Z</Time><Position><LatitudeDegrees>60.06834</LatitudeDegrees><LongitudeDegrees>18.760338</LongitudeDegrees></Position><AltitudeMeters>3.898</AltitudeMeters><HeartRateBpm><Value>103</Value></HeartRateBpm></Trackpoint><Trackpoint><Time>2026-05-01T08:04:24.778Z</Time><Position><LatitudeDegrees>60.068336</LatitudeDegrees><LongitudeDegrees>18.760363</LongitudeDegrees></Position><AltitudeMeters>3.858</AltitudeMeters><HeartRateBpm><Value>103</Value></HeartRateBpm></Trackpoint><Trackpoint><Time>2026-05-01T08:04:25.788Z</Time><Position><LatitudeDegrees>60.068336</LatitudeDegrees><LongitudeDegrees>18.760386</LongitudeDegrees></Position><AltitudeMeters>3.836</AltitudeMeters><HeartRateBpm><Value>103</Value></HeartRateBpm></Trackpoint><Trackpoint><Time>2026-05-01T08:04:26.794Z</Time><Position><LatitudeDegrees>60.068333</LatitudeDegrees><LongitudeDegrees>18.76041</LongitudeDegrees></Position><AltitudeMeters>3.863</AltitudeMeters><HeartRateBpm><Value>103</Value></HeartRateBpm></Trackpoint><Trackpoint><Time>2026-05-01T08:04:27.802Z</Time><Position><LatitudeDegrees>60.06833</LatitudeDegrees><LongitudeDegrees>18.760431</LongitudeDegrees></Position><AltitudeMeters>3.796</AltitudeMeters><HeartRateBpm><Value>103</Value></HeartRateBpm></Trackpoint><Trackpoint><Time>2026-05-01T08:04:28.812Z</Time><Position><LatitudeDegrees>60.06833</LatitudeDegrees><LongitudeDegrees>18.760454</LongitudeDegrees></Position><AltitudeMeters>3.685</AltitudeMeters><HeartRateBpm><Value>103</Value></HeartRateBpm></Trackpoint><Trackpoint><Time>2026-05-01T08:04:29.819Z</Time><Position><LatitudeDegrees>60.06833</LatitudeDegrees><LongitudeDegrees>18.760475</LongitudeDegrees></Position><AltitudeMeters>3.625</AltitudeMeters><HeartRateBpm><Value>103</Value></HeartRateBpm></Trackpoint><Trackpoint><Time>2026-05-01T08:04:30.829Z</Time><Position><LatitudeDegrees>60.068325</LatitudeDegrees><LongitudeDegrees>18.760496</LongitudeDegrees></Position><AltitudeMeters>3.567</AltitudeMeters><HeartRateBpm><Value>103</Value></HeartRateBpm></Trackpoint><Trackpoint><Time>2026-05-01T08:04:31.837Z</Time><Position><LatitudeDegrees>60.068325</LatitudeDegrees><LongitudeDegrees>18.760515</LongitudeDegrees></Position><AltitudeMeters>3.587</AltitudeMeters><HeartRateBpm><Value>103</Value></HeartRateBpm></Trackpoint><Trackpoint><Time>2026-05-01T08:04:32.846Z</Time><Position><LatitudeDegrees>60.06832</LatitudeDegrees><LongitudeDegrees>18.760536</LongitudeDegrees></Position><AltitudeMeters>3.552</AltitudeMeters><HeartRateBpm><Value>103</Value></HeartRateBpm></Trackpoint><Trackpoint><Time>2026-05-01T08:04:33.856Z</Time><Position><LatitudeDegrees>60.068317</LatitudeDegrees><LongitudeDegrees>18.760553</LongitudeDegrees></Position><AltitudeMeters>3.56</AltitudeMeters><HeartRateBpm><Value>103</Value></HeartRateBpm></Trackpoint><Trackpoint><Time>2026-05-01T08:04:34.863Z</Time><Position><LatitudeDegrees>60.068317</LatitudeDegrees><LongitudeDegrees>18.760572</LongitudeDegrees></Position><AltitudeMeters>3.541</AltitudeMeters><HeartRateBpm><Value>103</Value></HeartRateBpm></Trackpoint><Trackpoint><Time>2026-05-01T08:04:35.871Z</Time><Position><LatitudeDegrees>60.068314</LatitudeDegrees><LongitudeDegrees>18.76058</LongitudeDegrees></Position><AltitudeMeters>3.48</AltitudeMeters><HeartRateBpm><Value>102</Value></HeartRateBpm></Trackpoint><Trackpoint><Time>2026-05-01T08:04:36.881Z</Time><Position><LatitudeDegrees>60.06831</LatitudeDegrees><LongitudeDegrees>18.76058</LongitudeDegrees></Position><AltitudeMeters>3.423</AltitudeMeters><HeartRateBpm><Value>102</Value></HeartRateBpm></Trackpoint><Trackpoint><Time>2026-05-01T08:04:37.890Z</Time><Position><LatitudeDegrees>60.068306</LatitudeDegrees><LongitudeDegrees>18.76057</LongitudeDegrees></Position><AltitudeMeters>3.387</AltitudeMeters><HeartRateBpm><Value>102</Value></HeartRateBpm></Trackpoint><Trackpoint><Time>2026-05-01T08:04:38.899Z</Time><Position><LatitudeDegrees>60.068302</LatitudeDegrees><LongitudeDegrees>18.760551</LongitudeDegrees></Position><AltitudeMeters>3.358</AltitudeMeters><HeartRateBpm><Value>101</Value></HeartRateBpm></Trackpoint><Trackpoint><Time>2026-05-01T08:04:39.907Z</Time><Position><LatitudeDegrees>60.068302</LatitudeDegrees><LongitudeDegrees>18.760523</LongitudeDegrees></Position><AltitudeMeters>3.434</AltitudeMeters><HeartRateBpm><Value>101</Value></HeartRateBpm></Trackpoint><Trackpoint><Time>2026-05-01T08:05:51.429Z</Time><Position><LatitudeDegrees>60.068302</LatitudeDegrees><LongitudeDegrees>18.760523</LongitudeDegrees></Position><AltitudeMeters>3.434</AltitudeMeters><HeartRateBpm><Value>92</Value></HeartRateBpm></Trackpoint><Trackpoint><Time>2026-05-01T08:05:52.428Z</Time><Position><LatitudeDegrees>60.0683</LatitudeDegrees><LongitudeDegrees>18.760466</LongitudeDegrees></Position><AltitudeMeters>3.044</AltitudeMeters><HeartRateBpm><Value>92</Value></HeartRateBpm></Trackpoint><Trackpoint><Time>2026-05-01T08:05:53.432Z</Time><Position><LatitudeDegrees>60.0683</LatitudeDegrees><LongitudeDegrees>18.760426</LongitudeDegrees></Position><AltitudeMeters>3.06</AltitudeMeters><HeartRateBpm><Value>92</Value></HeartRateBpm></Trackpoint><Trackpoint><Time>2026-05-01T08:05:54.433Z</Time><Position><LatitudeDegrees>60.068302</LatitudeDegrees><LongitudeDegrees>18.760378</LongitudeDegrees></Position><AltitudeMeters>3.196</AltitudeMeters><HeartRateBpm><Value>92</Value></HeartRateBpm></Trackpoint><Trackpoint><Time>2026-05-01T08:05:55.442Z</Time><Position><LatitudeDegrees>60.068306</LatitudeDegrees><LongitudeDegrees>18.76033</LongitudeDegrees></Position><AltitudeMeters>3.377</AltitudeMeters><HeartRateBpm><Value>92</Value></HeartRateBpm></Trackpoint><Trackpoint><Time>2026-05-01T08:05:56.450Z</Time><Position><LatitudeDegrees>60.068314</LatitudeDegrees><LongitudeDegrees>18.760284</LongitudeDegrees></Position><AltitudeMeters>3.499</AltitudeMeters><HeartRateBpm><Value>92</Value></HeartRateBpm></Trackpoint><Trackpoint><Time>2026-05-01T08:05:57.459Z</Time><Position><LatitudeDegrees>60.068317</LatitudeDegrees><LongitudeDegrees>18.760246</LongitudeDegrees></Position><AltitudeMeters>3.683</AltitudeMeters><HeartRateBpm><Value>93</Value></HeartRateBpm></Trackpoint><Trackpoint><Time>2026-05-01T08:05:58.468Z</Time><Position><LatitudeDegrees>60.068325</LatitudeDegrees><LongitudeDegrees>18.760218</LongitudeDegrees></Position><AltitudeMeters>3.95</AltitudeMeters><HeartRateBpm><Value>95</Value></HeartRateBpm></Trackpoint><Trackpoint><Time>2026-05-01T08:05:59.474Z</Time><Position><LatitudeDegrees>60.06833</LatitudeDegrees><LongitudeDegrees>18.760218</LongitudeDegrees></Position><AltitudeMeters>4.232</AltitudeMeters><HeartRateBpm><Value>97</Value></HeartRateBpm></Trackpoint><Trackpoint><Time>2026-05-01T08:06:00.475Z</Time><Position><LatitudeDegrees>60.068333</LatitudeDegrees><LongitudeDegrees>18.760218</LongitudeDegrees></Position><AltitudeMeters>4.537</AltitudeMeters><HeartRateBpm><Value>98</Value></HeartRateBpm></Trackpoint><Trackpoint><Time>2026-05-01T08:06:01.475Z</Time><Position><LatitudeDegrees>60.068336</LatitudeDegrees><LongitudeDegrees>18.760233</LongitudeDegrees></Position><AltitudeMeters>4.459</AltitudeMeters><HeartRateBpm><Value>100</Value></HeartRateBpm></Trackpoint><Trackpoint><Time>2026-05-01T08:06:02.476Z</Time><Position><LatitudeDegrees>60.068336</LatitudeDegrees><LongitudeDegrees>18.760263</LongitudeDegrees></Position><AltitudeMeters>4.423</AltitudeMeters><HeartRateBpm><Value>100</Value></HeartRateBpm></Trackpoint><Trackpoint><Time>2026-05-01T08:06:03.476Z</Time><Position><LatitudeDegrees>60.068336</LatitudeDegrees><LongitudeDegrees>18.760305</LongitudeDegrees></Position><AltitudeMeters>4.41</AltitudeMeters><HeartRateBpm><Value>100</Value></HeartRateBpm></Trackpoint><Trackpoint><Time>2026-05-01T08:06:04.476Z</Time><Position><LatitudeDegrees>60.068333</LatitudeDegrees><LongitudeDegrees>18.760351</LongitudeDegrees></Position><AltitudeMeters>4.356</AltitudeMeters><HeartRateBpm><Value>100</Value></HeartRateBpm></Trackpoint><Trackpoint><Time>2026-05-01T08:06:05.479Z</Time><Position><LatitudeDegrees>60.06833</LatitudeDegrees><LongitudeDegrees>18.760403</LongitudeDegrees></Position><AltitudeMeters>4.275</AltitudeMeters><HeartRateBpm><Value>100</Value></HeartRateBpm></Trackpoint><Trackpoint><Time>2026-05-01T08:06:06.488Z</Time><Position><LatitudeDegrees>60.068325</LatitudeDegrees><LongitudeDegrees>18.760454</LongitudeDegrees></Position><AltitudeMeters>4.163</AltitudeMeters><HeartRateBpm><Value>100</Value></HeartRateBpm></Trackpoint><Trackpoint><Time>2026-05-01T08:06:07.496Z</Time><Position><LatitudeDegrees>60.06832</LatitudeDegrees><LongitudeDegrees>18.760508</LongitudeDegrees></Position><AltitudeMeters>4.078</AltitudeMeters><HeartRateBpm><Value>100</Value></HeartRateBpm></Trackpoint><Trackpoint><Time>2026-05-01T08:06:08.504Z</Time><Position><LatitudeDegrees>60.068317</LatitudeDegrees><LongitudeDegrees>18.76056</LongitudeDegrees></Position><AltitudeMeters>3.95</AltitudeMeters><HeartRateBpm><Value>100</Value></HeartRateBpm></Trackpoint><Trackpoint><Time>2026-05-01T08:06:09.513Z</Time><Position><LatitudeDegrees>60.068314</LatitudeDegrees><LongitudeDegrees>18.760605</LongitudeDegrees></Position><AltitudeMeters>3.828</AltitudeMeters><HeartRateBpm><Value>100</Value></HeartRateBpm></Trackpoint><Trackpoint><Time>2026-05-01T08:06:10.523Z</Time><Position><LatitudeDegrees>60.06831</LatitudeDegrees><LongitudeDegrees>18.760647</LongitudeDegrees></Position><AltitudeMeters>3.753</AltitudeMeters><HeartRateBpm><Value>100</Value></HeartRateBpm></Trackpoint><Trackpoint><Time>2026-05-01T08:06:11.532Z</Time><Position><LatitudeDegrees>60.06831</LatitudeDegrees><LongitudeDegrees>18.760674</LongitudeDegrees></Position><AltitudeMeters>3.674</AltitudeMeters><HeartRateBpm><Value>100</Value></HeartRateBpm></Trackpoint><Trackpoint><Time>2026-05-01T08:06:12.541Z</Time><Position><LatitudeDegrees>60.068306</LatitudeDegrees><LongitudeDegrees>18.760695</LongitudeDegrees></Position><AltitudeMeters>3.63</AltitudeMeters><HeartRateBpm><Value>100</Value></HeartRateBpm></Trackpoint><Trackpoint><Time>2026-05-01T08:06:13.541Z</Time><Position><LatitudeDegrees>60.0683</LatitudeDegrees><LongitudeDegrees>18.760714</LongitudeDegrees></Position><AltitudeMeters>3.519</AltitudeMeters><HeartRateBpm><Value>101</Value></HeartRateBpm></Trackpoint><Trackpoint><Time>2026-05-01T08:06:14.541Z</Time><Position><LatitudeDegrees>60.06829</LatitudeDegrees><LongitudeDegrees>18.760738</LongitudeDegrees></Position><AltitudeMeters>3.461</AltitudeMeters><HeartRateBpm><Value>101</Value></HeartRateBpm></Trackpoint><Trackpoint><Time>2026-05-01T08:06:15.544Z</Time><Position><LatitudeDegrees>60.068275</LatitudeDegrees><LongitudeDegrees>18.760769</LongitudeDegrees></Position><AltitudeMeters>3.515</AltitudeMeters><HeartRateBpm><Value>102</Value></HeartRateBpm></Trackpoint><Trackpoint><Time>2026-05-01T08:06:16.553Z</Time><Position><LatitudeDegrees>60.06826</LatitudeDegrees><LongitudeDegrees>18.760803</LongitudeDegrees></Position><AltitudeMeters>3.487</AltitudeMeters><HeartRateBpm><Value>102</Value></HeartRateBpm></Trackpoint><Trackpoint><Time>2026-05-01T08:07:03.675Z</Time><Position><LatitudeDegrees>60.06824</LatitudeDegrees><LongitudeDegrees>18.760836</LongitudeDegrees></Position><AltitudeMeters>3.57</AltitudeMeters><HeartRateBpm><Value>98</Value></HeartRateBpm></Trackpoint><Trackpoint><Time>2026-05-01T08:07:04.678Z</Time><Position><LatitudeDegrees>60.068222</LatitudeDegrees><LongitudeDegrees>18.760874</LongitudeDegrees></Position><AltitudeMeters>3.697</AltitudeMeters><HeartRateBpm><Value>98</Value></HeartRateBpm></Trackpoint><Trackpoint><Time>2026-05-01T08:07:05.676Z</Time><Position><LatitudeDegrees>60.068203</LatitudeDegrees><LongitudeDegrees>18.76091</LongitudeDegrees></Position><AltitudeMeters>3.791</AltitudeMeters><HeartRateBpm><Value>97</Value></HeartRateBpm></Trackpoint><Trackpoint><Time>2026-05-01T08:07:06.676Z</Time><Position><LatitudeDegrees>60.068184</LatitudeDegrees><LongitudeDegrees>18.760939</LongitudeDegrees></Position><AltitudeMeters>3.725</AltitudeMeters><HeartRateBpm><Value>95</Value></HeartRateBpm></Trackpoint><Trackpoint><Time>2026-05-01T08:07:07.679Z</Time><Position><LatitudeDegrees>60.06817</LatitudeDegrees><LongitudeDegrees>18.76096</LongitudeDegrees></Position><AltitudeMeters>3.684</AltitudeMeters><HeartRateBpm><Value>94</Value></HeartRateBpm></Trackpoint><Trackpoint><Time>2026-05-01T08:07:08.678Z</Time><Position><LatitudeDegrees>60.068157</LatitudeDegrees><LongitudeDegrees>18.760975</LongitudeDegrees></Position><AltitudeMeters>3.734</AltitudeMeters><HeartRateBpm><Value>93</Value></HeartRateBpm></Trackpoint><Trackpoint><Time>2026-05-01T08:07:09.678Z</Time><Position><LatitudeDegrees>60.068146</LatitudeDegrees><LongitudeDegrees>18.760986</LongitudeDegrees></Position><AltitudeMeters>3.635</AltitudeMeters><HeartRateBpm><Value>92</Value></HeartRateBpm></Trackpoint><Trackpoint><Time>2026-05-01T08:07:10.680Z</Time><Position><LatitudeDegrees>60.068134</LatitudeDegrees><LongitudeDegrees>18.760998</LongitudeDegrees></Position><AltitudeMeters>3.463</AltitudeMeters><HeartRateBpm><Value>92</Value></HeartRateBpm></Trackpoint><Trackpoint><Time>2026-05-01T08:07:11.680Z</Time><Position><LatitudeDegrees>60.068123</LatitudeDegrees><LongitudeDegrees>18.761002</LongitudeDegrees></Position><AltitudeMeters>3.427</AltitudeMeters><HeartRateBpm><Value>92</Value></HeartRateBpm></Trackpoint><Trackpoint><Time>2026-05-01T08:07:12.680Z</Time><Position><LatitudeDegrees>60.06811</LatitudeDegrees><LongitudeDegrees>18.761007</LongitudeDegrees></Position><AltitudeMeters>3.487</AltitudeMeters><HeartRateBpm><Value>92</Value></HeartRateBpm></Trackpoint><Trackpoint><Time>2026-05-01T08:07:13.681Z</Time><Position><LatitudeDegrees>60.0681</LatitudeDegrees><LongitudeDegrees>18.76101</LongitudeDegrees></Position><AltitudeMeters>3.547</AltitudeMeters><HeartRateBpm><Value>92</Value></HeartRateBpm></Trackpoint><Trackpoint><Time>2026-05-01T08:07:14.685Z</Time><Position><LatitudeDegrees>60.068085</LatitudeDegrees><LongitudeDegrees>18.76101</LongitudeDegrees></Position><AltitudeMeters>3.457</AltitudeMeters><HeartRateBpm><Value>92</Value></HeartRateBpm></Trackpoint><Trackpoint><Time>2026-05-01T08:07:15.684Z</Time><Position><LatitudeDegrees>60.06807</LatitudeDegrees><LongitudeDegrees>18.761007</LongitudeDegrees></Position><AltitudeMeters>3.402</AltitudeMeters><HeartRateBpm><Value>92</Value></HeartRateBpm></Trackpoint><Trackpoint><Time>2026-05-01T08:07:16.685Z</Time><Position><LatitudeDegrees>60.06805</LatitudeDegrees><LongitudeDegrees>18.761005</LongitudeDegrees></Position><AltitudeMeters>3.266</AltitudeMeters><HeartRateBpm><Value>92</Value></HeartRateBpm></Trackpoint><Trackpoint><Time>2026-05-01T08:07:17.686Z</Time><Position><LatitudeDegrees>60.06803</LatitudeDegrees><LongitudeDegrees>18.761002</LongitudeDegrees></Position><AltitudeMeters>3.128</AltitudeMeters><HeartRateBpm><Value>93</Value></HeartRateBpm></Trackpoint><Trackpoint><Time>2026-05-01T08:07:18.689Z</Time><Position><LatitudeDegrees>60.068012</LatitudeDegrees><LongitudeDegrees>18.761</LongitudeDegrees></Position><AltitudeMeters>3.179</AltitudeMeters><HeartRateBpm><Value>93</Value></HeartRateBpm></Trackpoint><Trackpoint><Time>2026-05-01T08:07:19.693Z</Time><Position><LatitudeDegrees>60.067997</LatitudeDegrees><LongitudeDegrees>18.760996</LongitudeDegrees></Position><AltitudeMeters>3.273</AltitudeMeters><HeartRateBpm><Value>93</Value></HeartRateBpm></Trackpoint><Trackpoint><Time>2026-05-01T08:07:20.700Z</Time><Position><LatitudeDegrees>60.067978</LatitudeDegrees><LongitudeDegrees>18.760992</LongitudeDegrees></Position><AltitudeMeters>3.302</AltitudeMeters><HeartRateBpm><Value>93</Value></HeartRateBpm></Trackpoint><Trackpoint><Time>2026-05-01T08:07:21.710Z</Time><Position><LatitudeDegrees>60.06796</LatitudeDegrees><LongitudeDegrees>18.760988</LongitudeDegrees></Position><AltitudeMeters>3.374</AltitudeMeters><HeartRateBpm><Value>93</Value></HeartRateBpm></Trackpoint><Trackpoint><Time>2026-05-01T08:07:22.719Z</Time><Position><LatitudeDegrees>60.06794</LatitudeDegrees><LongitudeDegrees>18.760984</LongitudeDegrees></Position><AltitudeMeters>3.382</AltitudeMeters><HeartRateBpm><Value>93</Value></HeartRateBpm></Trackpoint><Trackpoint><Time>2026-05-01T08:07:23.728Z</Time><Position><LatitudeDegrees>60.067924</LatitudeDegrees><LongitudeDegrees>18.76098</LongitudeDegrees></Position><AltitudeMeters>3.379</AltitudeMeters><HeartRateBpm><Value>92</Value></HeartRateBpm></Trackpoint><Trackpoint><Time>2026-05-01T08:07:24.736Z</Time><Position><LatitudeDegrees>60.067905</LatitudeDegrees><LongitudeDegrees>18.760977</LongitudeDegrees></Position><AltitudeMeters>3.358</AltitudeMeters><HeartRateBpm><Value>92</Value></HeartRateBpm></Trackpoint><Trackpoint><Time>2026-05-01T08:07:25.745Z</Time><Position><LatitudeDegrees>60.067886</LatitudeDegrees><LongitudeDegrees>18.760973</LongitudeDegrees></Position><AltitudeMeters>3.261</AltitudeMeters><HeartRateBpm><Value>92</Value></HeartRateBpm></Trackpoint><Trackpoint><Time>2026-05-01T08:07:26.750Z</Time><Position><LatitudeDegrees>60.067867</LatitudeDegrees><LongitudeDegrees>18.760967</LongitudeDegrees></Position><AltitudeMeters>3.208</AltitudeMeters><HeartRateBpm><Value>92</Value></HeartRateBpm></Trackpoint><Trackpoint><Time>2026-05-01T08:07:27.759Z</Time><Position><LatitudeDegrees>60.06785</LatitudeDegrees><LongitudeDegrees>18.760962</LongitudeDegrees></Position><AltitudeMeters>3.179</AltitudeMeters><HeartRateBpm><Value>92</Value></HeartRateBpm></Trackpoint><Trackpoint><Time>2026-05-01T08:07:28.767Z</Time><Position><LatitudeDegrees>60.067825</LatitudeDegrees><LongitudeDegrees>18.760956</LongitudeDegrees></Position><AltitudeMeters>3.126</AltitudeMeters><HeartRateBpm><Value>92</Value></HeartRateBpm></Trackpoint><Trackpoint><Time>2026-05-01T08:07:29.776Z</Time><Position><LatitudeDegrees>60.067806</LatitudeDegrees><LongitudeDegrees>18.76095</LongitudeDegrees></Position><AltitudeMeters>3.133</AltitudeMeters><HeartRateBpm><Value>91</Value></HeartRateBpm></Trackpoint><Trackpoint><Time>2026-05-01T08:07:30.785Z</Time><Position><LatitudeDegrees>60.067787</LatitudeDegrees><LongitudeDegrees>18.760944</LongitudeDegrees></Position><AltitudeMeters>2.985</AltitudeMeters><HeartRateBpm><Value>91</Value></HeartRateBpm></Trackpoint><Trackpoint><Time>2026-05-01T08:07:31.794Z</Time><Position><LatitudeDegrees>60.067764</LatitudeDegrees><LongitudeDegrees>18.76094</LongitudeDegrees></Position><AltitudeMeters>2.896</AltitudeMeters><HeartRateBpm><Value>91</Value></HeartRateBpm></Trackpoint><Trackpoint><Time>2026-05-01T08:07:32.803Z</Time><Position><LatitudeDegrees>60.06774</LatitudeDegrees><LongitudeDegrees>18.760937</LongitudeDegrees></Position><AltitudeMeters>2.91</AltitudeMeters><HeartRateBpm><Value>91</Value></HeartRateBpm></Trackpoint><Trackpoint><Time>2026-05-01T08:07:33.812Z</Time><Position><LatitudeDegrees>60.067722</LatitudeDegrees><LongitudeDegrees>18.760931</LongitudeDegrees></Position><AltitudeMeters>3.041</AltitudeMeters><HeartRateBpm><Value>92</Value></HeartRateBpm></Trackpoint><Trackpoint><Time>2026-05-01T08:07:34.819Z</Time><Position><LatitudeDegrees>60.0677</LatitudeDegrees><LongitudeDegrees>18.760927</LongitudeDegrees></Position><AltitudeMeters>2.967</AltitudeMeters><HeartRateBpm><Value>94</Value></HeartRateBpm></Trackpoint><Trackpoint><Time>2026-05-01T08:07:35.829Z</Time><Position><LatitudeDegrees>60.06768</LatitudeDegrees><LongitudeDegrees>18.760923</LongitudeDegrees></Position><AltitudeMeters>2.8</AltitudeMeters><HeartRateBpm><Value>94</Value></HeartRateBpm></Trackpoint><Trackpoint><Time>2026-05-01T08:07:36.838Z</Time><Position><LatitudeDegrees>60.067657</LatitudeDegrees><LongitudeDegrees>18.760918</LongitudeDegrees></Position><AltitudeMeters>2.801</AltitudeMeters><HeartRateBpm><Value>95</Value></HeartRateBpm></Trackpoint><Trackpoint><Time>2026-05-01T08:07:37.846Z</Time><Position><LatitudeDegrees>60.067635</LatitudeDegrees><LongitudeDegrees>18.760914</LongitudeDegrees></Position><AltitudeMeters>2.814</AltitudeMeters><HeartRateBpm><Value>95</Value></HeartRateBpm></Trackpoint><Trackpoint><Time>2026-05-01T08:07:38.854Z</Time><Position><LatitudeDegrees>60.06761</LatitudeDegrees><LongitudeDegrees>18.76091</LongitudeDegrees></Position><AltitudeMeters>2.546</AltitudeMeters><HeartRateBpm><Value>95</Value></HeartRateBpm></Trackpoint><Trackpoint><Time>2026-05-01T08:07:39.862Z</Time><Position><LatitudeDegrees>60.06759</LatitudeDegrees><LongitudeDegrees>18.760904</LongitudeDegrees></Position><AltitudeMeters>2.41</AltitudeMeters><HeartRateBpm><Value>94</Value></HeartRateBpm></Trackpoint><Trackpoint><Time>2026-05-01T08:07:40.870Z</Time><Position><LatitudeDegrees>60.067566</LatitudeDegrees><LongitudeDegrees>18.7609</LongitudeDegrees></Position><AltitudeMeters>2.366</AltitudeMeters><HeartRateBpm><Value>93</Value></HeartRateBpm></Trackpoint><Trackpoint><Time>2026-05-01T08:07:41.880Z</Time><Position><LatitudeDegrees>60.067543</LatitudeDegrees><LongitudeDegrees>18.760897</LongitudeDegrees></Position><AltitudeMeters>2.238</AltitudeMeters><HeartRateBpm><Value>93</Value></HeartRateBpm></Trackpoint><Trackpoint><Time>2026-05-01T08:07:42.888Z</Time><Position><LatitudeDegrees>60.06752</LatitudeDegrees><LongitudeDegrees>18.76089</LongitudeDegrees></Position><AltitudeMeters>2.136</AltitudeMeters><HeartRateBpm><Value>93</Value></HeartRateBpm></Trackpoint><Trackpoint><Time>2026-05-01T08:07:43.891Z</Time><Position><LatitudeDegrees>60.067497</LatitudeDegrees><LongitudeDegrees>18.760885</LongitudeDegrees></Position><AltitudeMeters>1.883</AltitudeMeters><HeartRateBpm><Value>94</Value></HeartRateBpm></Trackpoint><Trackpoint><Time>2026-05-01T08:07:44.895Z</Time><Position><LatitudeDegrees>60.067474</LatitudeDegrees><LongitudeDegrees>18.760878</LongitudeDegrees></Position><AltitudeMeters>1.63</AltitudeMeters><HeartRateBpm><Value>94</Value></HeartRateBpm></Trackpoint><Trackpoint><Time>2026-05-01T08:07:45.898Z</Time><Position><LatitudeDegrees>60.06745</LatitudeDegrees><LongitudeDegrees>18.760872</LongitudeDegrees></Position><AltitudeMeters>1.534</AltitudeMeters><HeartRateBpm><Value>93</Value></HeartRateBpm></Trackpoint><Trackpoint><Time>2026-05-01T08:07:46.901Z</Time><Position><LatitudeDegrees>60.06743</LatitudeDegrees><LongitudeDegrees>18.760864</LongitudeDegrees></Position><AltitudeMeters>1.547</AltitudeMeters><HeartRateBpm><Value>93</Value></HeartRateBpm></Trackpoint><Trackpoint><Time>2026-05-01T08:07:47.910Z</Time><Position><LatitudeDegrees>60.067406</LatitudeDegrees><LongitudeDegrees>18.760859</LongitudeDegrees></Position><AltitudeMeters>1.511</AltitudeMeters><HeartRateBpm><Value>93</Value></HeartRateBpm></Trackpoint><Trackpoint><Time>2026-05-01T08:07:48.919Z</Time><Position><LatitudeDegrees>60.067383</LatitudeDegrees><LongitudeDegrees>18.76085</LongitudeDegrees></Position><AltitudeMeters>1.436</AltitudeMeters><HeartRateBpm><Value>94</Value></HeartRateBpm></Trackpoint><Trackpoint><Time>2026-05-01T08:07:49.926Z</Time><Position><LatitudeDegrees>60.06736</LatitudeDegrees><LongitudeDegrees>18.760841</LongitudeDegrees></Position><AltitudeMeters>1.357</AltitudeMeters><HeartRateBpm><Value>94</Value></HeartRateBpm></Trackpoint><Trackpoint><Time>2026-05-01T08:07:50.934Z</Time><Position><LatitudeDegrees>60.067337</LatitudeDegrees><LongitudeDegrees>18.760834</LongitudeDegrees></Position><AltitudeMeters>1.418</AltitudeMeters><HeartRateBpm><Value>94</Value></HeartRateBpm></Trackpoint><Trackpoint><Time>2026-05-01T08:07:51.943Z</Time><Position><LatitudeDegrees>60.067314</LatitudeDegrees><LongitudeDegrees>18.760826</LongitudeDegrees></Position><AltitudeMeters>1.424</AltitudeMeters><HeartRateBpm><Value>94</Value></HeartRateBpm></Trackpoint><Trackpoint><Time>2026-05-01T08:07:52.950Z</Time><Position><LatitudeDegrees>60.06729</LatitudeDegrees><LongitudeDegrees>18.760817</LongitudeDegrees></Position><AltitudeMeters>1.388</AltitudeMeters><HeartRateBpm><Value>93</Value></HeartRateBpm></Trackpoint><Trackpoint><Time>2026-05-01T08:07:53.959Z</Time><Position><LatitudeDegrees>60.067265</LatitudeDegrees><LongitudeDegrees>18.760807</LongitudeDegrees></Position><AltitudeMeters>1.402</AltitudeMeters><HeartRateBpm><Value>93</Value></HeartRateBpm></Trackpoint><Trackpoint><Time>2026-05-01T08:07:54.967Z</Time><Position><LatitudeDegrees>60.06724</LatitudeDegrees><LongitudeDegrees>18.760798</LongitudeDegrees></Position><AltitudeMeters>1.398</AltitudeMeters><HeartRateBpm><Value>93</Value></HeartRateBpm></Trackpoint><Trackpoint><Time>2026-05-01T08:07:55.977Z</Time><Position><LatitudeDegrees>60.06722</LatitudeDegrees><LongitudeDegrees>18.76079</LongitudeDegrees></Position><AltitudeMeters>1.439</AltitudeMeters><HeartRateBpm><Value>93</Value></HeartRateBpm></Trackpoint><Trackpoint><Time>2026-05-01T08:07:56.986Z</Time><Position><LatitudeDegrees>60.067192</LatitudeDegrees><LongitudeDegrees>18.760782</LongitudeDegrees></Position><AltitudeMeters>1.458</AltitudeMeters><HeartRateBpm><Value>93</Value></HeartRateBpm></Trackpoint><Trackpoint><Time>2026-05-01T08:07:57.995Z</Time><Position><LatitudeDegrees>60.06717</LatitudeDegrees><LongitudeDegrees>18.760773</LongitudeDegrees></Position><AltitudeMeters>1.459</AltitudeMeters><HeartRateBpm><Value>93</Value></HeartRateBpm></Trackpoint><Trackpoint><Time>2026-05-01T08:07:59.004Z</Time><Position><LatitudeDegrees>60.067142</LatitudeDegrees><LongitudeDegrees>18.760763</LongitudeDegrees></Position><AltitudeMeters>1.394</AltitudeMeters><HeartRateBpm><Value>93</Value></HeartRateBpm></Trackpoint><Trackpoint><Time>2026-05-01T08:08:00.011Z</Time><Position><LatitudeDegrees>60.06712</LatitudeDegrees><LongitudeDegrees>18.760757</LongitudeDegrees></Position><AltitudeMeters>1.282</AltitudeMeters><HeartRateBpm><Value>94</Value></HeartRateBpm></Trackpoint><Trackpoint><Time>2026-05-01T08:08:01.020Z</Time><Position><LatitudeDegrees>60.067093</LatitudeDegrees><LongitudeDegrees>18.760752</LongitudeDegrees></Position><AltitudeMeters>1.25</AltitudeMeters><HeartRateBpm><Value>94</Value></HeartRateBpm></Trackpoint><Trackpoint><Time>2026-05-01T08:08:02.028Z</Time><Position><LatitudeDegrees>60.06707</LatitudeDegrees><LongitudeDegrees>18.760744</LongitudeDegrees></Position><AltitudeMeters>1.371</AltitudeMeters><HeartRateBpm><Value>94</Value></HeartRateBpm></Trackpoint><Trackpoint><Time>2026-05-01T08:08:03.036Z</Time><Position><LatitudeDegrees>60.067043</LatitudeDegrees><LongitudeDegrees>18.76074</LongitudeDegrees></Position><AltitudeMeters>1.353</AltitudeMeters><HeartRateBpm><Value>94</Value></HeartRateBpm></Trackpoint><Trackpoint><Time>2026-05-01T08:08:04.045Z</Time><Position><LatitudeDegrees>60.067017</LatitudeDegrees><LongitudeDegrees>18.760735</LongitudeDegrees></Position><AltitudeMeters>1.376</AltitudeMeters><HeartRateBpm><Value>93</Value></HeartRateBpm></Trackpoint><Trackpoint><Time>2026-05-01T08:08:05.054Z</Time><Position><LatitudeDegrees>60.06699</LatitudeDegrees><LongitudeDegrees>18.76073</LongitudeDegrees></Position><AltitudeMeters>1.352</AltitudeMeters><HeartRateBpm><Value>93</Value></HeartRateBpm></Trackpoint><Trackpoint><Time>2026-05-01T08:08:06.064Z</Time><Position><LatitudeDegrees>60.066967</LatitudeDegrees><LongitudeDegrees>18.760727</LongitudeDegrees></Position><AltitudeMeters>1.36</AltitudeMeters><HeartRateBpm><Value>92</Value></HeartRateBpm></Trackpoint><Trackpoint><Time>2026-05-01T08:08:07.069Z</Time><Position><LatitudeDegrees>60.066944</LatitudeDegrees><LongitudeDegrees>18.760725</LongitudeDegrees></Position><AltitudeMeters>1.356</AltitudeMeters><HeartRateBpm><Value>92</Value></HeartRateBpm></Trackpoint><Trackpoint><Time>2026-05-01T08:08:08.079Z</Time><Position><LatitudeDegrees>60.06692</LatitudeDegrees><LongitudeDegrees>18.760721</LongitudeDegrees></Position><AltitudeMeters>1.371</AltitudeMeters><HeartRateBpm><Value>91</Value></HeartRateBpm></Trackpoint><Trackpoint><Time>2026-05-01T08:08:09.088Z</Time><Position><LatitudeDegrees>60.066895</LatitudeDegrees><LongitudeDegrees>18.760717</LongitudeDegrees></Position><AltitudeMeters>1.442</AltitudeMeters><HeartRateBpm><Value>91</Value></HeartRateBpm></Trackpoint><Trackpoint><Time>2026-05-01T08:08:10.097Z</Time><Position><LatitudeDegrees>60.06687</LatitudeDegrees><LongitudeDegrees>18.760714</LongitudeDegrees></Position><AltitudeMeters>1.512</AltitudeMeters><HeartRateBpm><Value>90</Value></HeartRateBpm></Trackpoint><Trackpoint><Time>2026-05-01T08:08:11.106Z</Time><Position><LatitudeDegrees>60.06685</LatitudeDegrees><LongitudeDegrees>18.760712</LongitudeDegrees></Position><AltitudeMeters>1.579</AltitudeMeters><HeartRateBpm><Value>89</Value></HeartRateBpm></Trackpoint><Trackpoint><Time>2026-05-01T08:08:12.115Z</Time><Position><LatitudeDegrees>60.066826</LatitudeDegrees><LongitudeDegrees>18.76071</LongitudeDegrees></Position><AltitudeMeters>1.635</AltitudeMeters><HeartRateBpm><Value>89</Value></HeartRateBpm></Trackpoint><Trackpoint><Time>2026-05-01T08:08:13.124Z</Time><Position><LatitudeDegrees>60.066807</LatitudeDegrees><LongitudeDegrees>18.760706</LongitudeDegrees></Position><AltitudeMeters>1.789</AltitudeMeters><HeartRateBpm><Value>89</Value></HeartRateBpm></Trackpoint><Trackpoint><Time>2026-05-01T08:08:14.130Z</Time><Position><LatitudeDegrees>60.066784</LatitudeDegrees><LongitudeDegrees>18.760702</LongitudeDegrees></Position><AltitudeMeters>1.919</AltitudeMeters><HeartRateBpm><Value>89</Value></HeartRateBpm></Trackpoint><Trackpoint><Time>2026-05-01T08:08:15.138Z</Time><Position><LatitudeDegrees>60.06676</LatitudeDegrees><LongitudeDegrees>18.7607</LongitudeDegrees></Position><AltitudeMeters>1.956</AltitudeMeters><HeartRateBpm><Value>90</Value></HeartRateBpm></Trackpoint><Trackpoint><Time>2026-05-01T08:08:16.148Z</Time><Position><LatitudeDegrees>60.066742</LatitudeDegrees><LongitudeDegrees>18.760695</LongitudeDegrees></Position><AltitudeMeters>2.06</AltitudeMeters><HeartRateBpm><Value>90</Value></HeartRateBpm></Trackpoint><Trackpoint><Time>2026-05-01T08:08:17.157Z</Time><Position><LatitudeDegrees>60.06672</LatitudeDegrees><LongitudeDegrees>18.760693</LongitudeDegrees></Position><AltitudeMeters>2.156</AltitudeMeters><HeartRateBpm><Value>91</Value></HeartRateBpm></Trackpoint><Trackpoint><Time>2026-05-01T08:08:18.166Z</Time><Position><LatitudeDegrees>60.0667</LatitudeDegrees><LongitudeDegrees>18.760687</LongitudeDegrees></Position><AltitudeMeters>2.146</AltitudeMeters><HeartRateBpm><Value>91</Value></HeartRateBpm></Trackpoint><Trackpoint><Time>2026-05-01T08:08:19.174Z</Time><Position><LatitudeDegrees>60.06668</LatitudeDegrees><LongitudeDegrees>18.760681</LongitudeDegrees></Position><AltitudeMeters>2.086</AltitudeMeters><HeartRateBpm><Value>91</Value></HeartRateBpm></Trackpoint><Trackpoint><Time>2026-05-01T08:08:20.182Z</Time><Position><LatitudeDegrees>60.066658</LatitudeDegrees><LongitudeDegrees>18.76068</LongitudeDegrees></Position><AltitudeMeters>1.997</AltitudeMeters><HeartRateBpm><Value>92</Value></HeartRateBpm></Trackpoint><Trackpoint><Time>2026-05-01T08:08:21.189Z</Time><Position><LatitudeDegrees>60.066643</LatitudeDegrees><LongitudeDegrees>18.760672</LongitudeDegrees></Position><AltitudeMeters>2.039</AltitudeMeters><HeartRateBpm><Value>92</Value></HeartRateBpm></Trackpoint><Trackpoint><Time>2026-05-01T08:08:22.196Z</Time><Position><LatitudeDegrees>60.066624</LatitudeDegrees><LongitudeDegrees>18.760668</LongitudeDegrees></Position><AltitudeMeters>2.05</AltitudeMeters><HeartRateBpm><Value>91</Value></HeartRateBpm></Trackpoint><Trackpoint><Time>2026-05-01T08:08:23.206Z</Time><Position><LatitudeDegrees>60.0666</LatitudeDegrees><LongitudeDegrees>18.760662</LongitudeDegrees></Position><AltitudeMeters>2.029</AltitudeMeters><HeartRateBpm><Value>91</Value></HeartRateBpm></Trackpoint><Trackpoint><Time>2026-05-01T08:08:24.215Z</Time><Position><LatitudeDegrees>60.066586</LatitudeDegrees><LongitudeDegrees>18.760656</LongitudeDegrees></Position><AltitudeMeters>2.023</AltitudeMeters><HeartRateBpm><Value>90</Value></HeartRateBpm></Trackpoint><Trackpoint><Time>2026-05-01T08:08:25.223Z</Time><Position><LatitudeDegrees>60.066566</LatitudeDegrees><LongitudeDegrees>18.76065</LongitudeDegrees></Position><AltitudeMeters>2.053</AltitudeMeters><HeartRateBpm><Value>90</Value></HeartRateBpm></Trackpoint><Trackpoint><Time>2026-05-01T08:08:26.229Z</Time><Position><LatitudeDegrees>60.066547</LatitudeDegrees><LongitudeDegrees>18.760645</LongitudeDegrees></Position><AltitudeMeters>2.138</AltitudeMeters><HeartRateBpm><Value>90</Value></HeartRateBpm></Trackpoint><Trackpoint><Time>2026-05-01T08:08:27.238Z</Time><Position><LatitudeDegrees>60.06653</LatitudeDegrees><LongitudeDegrees>18.760637</LongitudeDegrees></Position><AltitudeMeters>2.132</AltitudeMeters><HeartRateBpm><Value>91</Value></HeartRateBpm></Trackpoint><Trackpoint><Time>2026-05-01T08:08:28.247Z</Time><Position><LatitudeDegrees>60.066513</LatitudeDegrees><LongitudeDegrees>18.760632</LongitudeDegrees></Position><AltitudeMeters>2.072</AltitudeMeters><HeartRateBpm><Value>93</Value></HeartRateBpm></Trackpoint><Trackpoint><Time>2026-05-01T08:08:29.255Z</Time><Position><LatitudeDegrees>60.066498</LatitudeDegrees><LongitudeDegrees>18.760628</LongitudeDegrees></Position><AltitudeMeters>2.074</AltitudeMeters><HeartRateBpm><Value>93</Value></HeartRateBpm></Trackpoint><Trackpoint><Time>2026-05-01T08:08:30.262Z</Time><Position><LatitudeDegrees>60.06648</LatitudeDegrees><LongitudeDegrees>18.760622</LongitudeDegrees></Position><AltitudeMeters>2.125</AltitudeMeters><HeartRateBpm><Value>93</Value></HeartRateBpm></Trackpoint><Trackpoint><Time>2026-05-01T08:08:31.270Z</Time><Position><LatitudeDegrees>60.066463</LatitudeDegrees><LongitudeDegrees>18.760618</LongitudeDegrees></Position><AltitudeMeters>2.261</AltitudeMeters><HeartRateBpm><Value>94</Value></HeartRateBpm></Trackpoint><Trackpoint><Time>2026-05-01T08:08:32.275Z</Time><Position><LatitudeDegrees>60.06645</LatitudeDegrees><LongitudeDegrees>18.760612</LongitudeDegrees></Position><AltitudeMeters>2.307</AltitudeMeters><HeartRateBpm><Value>94</Value></HeartRateBpm></Trackpoint><Trackpoint><Time>2026-05-01T08:08:33.275Z</Time><Position><LatitudeDegrees>60.066433</LatitudeDegrees><LongitudeDegrees>18.760607</LongitudeDegrees></Position><AltitudeMeters>2.356</AltitudeMeters><HeartRateBpm><Value>94</Value></HeartRateBpm></Trackpoint><Trackpoint><Time>2026-05-01T08:08:34.276Z</Time><Position><LatitudeDegrees>60.066414</LatitudeDegrees><LongitudeDegrees>18.7606</LongitudeDegrees></Position><AltitudeMeters>2.421</AltitudeMeters><HeartRateBpm><Value>94</Value></HeartRateBpm></Trackpoint><Trackpoint><Time>2026-05-01T08:08:43.661Z</Time><Position><LatitudeDegrees>60.0664</LatitudeDegrees><LongitudeDegrees>18.760593</LongitudeDegrees></Position><AltitudeMeters>3.155</AltitudeMeters><HeartRateBpm><Value>101</Value></HeartRateBpm></Trackpoint><Trackpoint><Time>2026-05-01T08:08:44.661Z</Time><Position><LatitudeDegrees>60.066383</LatitudeDegrees><LongitudeDegrees>18.760588</LongitudeDegrees></Position><AltitudeMeters>3.275</AltitudeMeters><HeartRateBpm><Value>101</Value></HeartRateBpm></Trackpoint><Trackpoint><Time>2026-05-01T08:08:45.662Z</Time><Position><LatitudeDegrees>60.066364</LatitudeDegrees><LongitudeDegrees>18.760586</LongitudeDegrees></Position><AltitudeMeters>3.323</AltitudeMeters><HeartRateBpm><Value>101</Value></HeartRateBpm></Trackpoint><Trackpoint><Time>2026-05-01T08:08:46.661Z</Time><Position><LatitudeDegrees>60.06635</LatitudeDegrees><LongitudeDegrees>18.760582</LongitudeDegrees></Position><AltitudeMeters>3.418</AltitudeMeters><HeartRateBpm><Value>101</Value></HeartRateBpm></Trackpoint><Trackpoint><Time>2026-05-01T08:08:47.663Z</Time><Position><LatitudeDegrees>60.066338</LatitudeDegrees><LongitudeDegrees>18.760578</LongitudeDegrees></Position><AltitudeMeters>3.516</AltitudeMeters><HeartRateBpm><Value>101</Value></HeartRateBpm></Trackpoint><Trackpoint><Time>2026-05-01T08:08:48.661Z</Time><Position><LatitudeDegrees>60.066322</LatitudeDegrees><LongitudeDegrees>18.760576</LongitudeDegrees></Position><AltitudeMeters>3.656</AltitudeMeters><HeartRateBpm><Value>100</Value></HeartRateBpm></Trackpoint><Trackpoint><Time>2026-05-01T08:08:49.661Z</Time><Position><LatitudeDegrees>60.066307</LatitudeDegrees><LongitudeDegrees>18.760572</LongitudeDegrees></Position><AltitudeMeters>3.726</AltitudeMeters><HeartRateBpm><Value>100</Value></HeartRateBpm></Trackpoint><Trackpoint><Time>2026-05-01T08:08:50.666Z</Time><Position><LatitudeDegrees>60.06629</LatitudeDegrees><LongitudeDegrees>18.76057</LongitudeDegrees></Position><AltitudeMeters>3.768</AltitudeMeters><HeartRateBpm><Value>99</Value></HeartRateBpm></Trackpoint><Trackpoint><Time>2026-05-01T08:08:51.675Z</Time><Position><LatitudeDegrees>60.066277</LatitudeDegrees><LongitudeDegrees>18.760565</LongitudeDegrees></Position><AltitudeMeters>3.891</AltitudeMeters><HeartRateBpm><Value>99</Value></HeartRateBpm></Trackpoint><Trackpoint><Time>2026-05-01T08:08:52.683Z</Time><Position><LatitudeDegrees>60.066265</LatitudeDegrees><LongitudeDegrees>18.760563</LongitudeDegrees></Position><AltitudeMeters>4.154</AltitudeMeters><HeartRateBpm><Value>99</Value></HeartRateBpm></Trackpoint><Trackpoint><Time>2026-05-01T08:08:53.691Z</Time><Position><LatitudeDegrees>60.06625</LatitudeDegrees><LongitudeDegrees>18.760557</LongitudeDegrees></Position><AltitudeMeters>4.298</AltitudeMeters><HeartRateBpm><Value>99</Value></HeartRateBpm></Trackpoint><Trackpoint><Time>2026-05-01T08:08:54.699Z</Time><Position><LatitudeDegrees>60.066235</LatitudeDegrees><LongitudeDegrees>18.760551</LongitudeDegrees></Position><AltitudeMeters>4.286</AltitudeMeters><HeartRateBpm><Value>98</Value></HeartRateBpm></Trackpoint><Trackpoint><Time>2026-05-01T08:08:55.707Z</Time><Position><LatitudeDegrees>60.066216</LatitudeDegrees><LongitudeDegrees>18.760544</LongitudeDegrees></Position><AltitudeMeters>4.33</AltitudeMeters><HeartRateBpm><Value>98</Value></HeartRateBpm></Trackpoint><Trackpoint><Time>2026-05-01T08:08:56.716Z</Time><Position><LatitudeDegrees>60.0662</LatitudeDegrees><LongitudeDegrees>18.760538</LongitudeDegrees></Position><AltitudeMeters>4.346</AltitudeMeters><HeartRateBpm><Value>98</Value></HeartRateBpm></Trackpoint><Trackpoint><Time>2026-05-01T08:08:57.725Z</Time><Position><LatitudeDegrees>60.06618</LatitudeDegrees><LongitudeDegrees>18.76053</LongitudeDegrees></Position><AltitudeMeters>4.417</AltitudeMeters><HeartRateBpm><Value>98</Value></HeartRateBpm></Trackpoint><Trackpoint><Time>2026-05-01T08:08:58.733Z</Time><Position><LatitudeDegrees>60.066162</LatitudeDegrees><LongitudeDegrees>18.76052</LongitudeDegrees></Position><AltitudeMeters>4.396</AltitudeMeters><HeartRateBpm><Value>98</Value></HeartRateBpm></Trackpoint><Trackpoint><Time>2026-05-01T08:11:38.444Z</Time><Position><LatitudeDegrees>60.066147</LatitudeDegrees><LongitudeDegrees>18.760515</LongitudeDegrees></Position><AltitudeMeters>4.497</AltitudeMeters><HeartRateBpm><Value>100</Value></HeartRateBpm></Trackpoint><Trackpoint><Time>2026-05-01T08:11:39.444Z</Time><Position><LatitudeDegrees>60.066128</LatitudeDegrees><LongitudeDegrees>18.760508</LongitudeDegrees></Position><AltitudeMeters>4.578</AltitudeMeters><HeartRateBpm><Value>100</Value></HeartRateBpm></Trackpoint><Trackpoint><Time>2026-05-01T08:11:40.445Z</Time><Position><LatitudeDegrees>60.06611</LatitudeDegrees><LongitudeDegrees>18.7605</LongitudeDegrees></Position><AltitudeMeters>4.579</AltitudeMeters><HeartRateBpm><Value>101</Value></HeartRateBpm></Trackpoint><Trackpoint><Time>2026-05-01T08:11:41.449Z</Time><Position><LatitudeDegrees>60.06609</LatitudeDegrees><LongitudeDegrees>18.76049</LongitudeDegrees></Position><AltitudeMeters>4.625</AltitudeMeters><HeartRateBpm><Value>101</Value></HeartRateBpm></Trackpoint><Trackpoint><Time>2026-05-01T08:11:42.458Z</Time><Position><LatitudeDegrees>60.06607</LatitudeDegrees><LongitudeDegrees>18.760483</LongitudeDegrees></Position><AltitudeMeters>4.657</AltitudeMeters><HeartRateBpm><Value>101</Value></HeartRateBpm></Trackpoint><Trackpoint><Time>2026-05-01T08:11:43.467Z</Time><Position><LatitudeDegrees>60.06605</LatitudeDegrees><LongitudeDegrees>18.760473</LongitudeDegrees></Position><AltitudeMeters>4.675</AltitudeMeters><HeartRateBpm><Value>101</Value></HeartRateBpm></Trackpoint><Trackpoint><Time>2026-05-01T08:11:44.476Z</Time><Position><LatitudeDegrees>60.066032</LatitudeDegrees><LongitudeDegrees>18.760464</LongitudeDegrees></Position><AltitudeMeters>4.688</AltitudeMeters><HeartRateBpm><Value>100</Value></HeartRateBpm></Trackpoint><Trackpoint><Time>2026-05-01T08:11:45.482Z</Time><Position><LatitudeDegrees>60.066017</LatitudeDegrees><LongitudeDegrees>18.760454</LongitudeDegrees></Position><AltitudeMeters>4.728</AltitudeMeters><HeartRateBpm><Value>99</Value></HeartRateBpm></Trackpoint><Trackpoint><Time>2026-05-01T08:11:46.492Z</Time><Position><LatitudeDegrees>60.065998</LatitudeDegrees><LongitudeDegrees>18.760445</LongitudeDegrees></Position><AltitudeMeters>4.782</AltitudeMeters><HeartRateBpm><Value>99</Value></HeartRateBpm></Trackpoint><Trackpoint><Time>2026-05-01T08:11:47.500Z</Time><Position><LatitudeDegrees>60.065983</LatitudeDegrees><LongitudeDegrees>18.760435</LongitudeDegrees></Position><AltitudeMeters>4.864</AltitudeMeters><HeartRateBpm><Value>98</Value></HeartRateBpm></Trackpoint><Trackpoint><Time>2026-05-01T08:11:48.509Z</Time><Position><LatitudeDegrees>60.065968</LatitudeDegrees><LongitudeDegrees>18.760424</LongitudeDegrees></Position><AltitudeMeters>4.96</AltitudeMeters><HeartRateBpm><Value>97</Value></HeartRateBpm></Trackpoint><Trackpoint><Time>2026-05-01T08:11:49.518Z</Time><Position><LatitudeDegrees>60.065952</LatitudeDegrees><LongitudeDegrees>18.760412</LongitudeDegrees></Position><AltitudeMeters>5.036</AltitudeMeters><HeartRateBpm><Value>97</Value></HeartRateBpm></Trackpoint><Trackpoint><Time>2026-05-01T08:11:50.526Z</Time><Position><LatitudeDegrees>60.06594</LatitudeDegrees><LongitudeDegrees>18.760403</LongitudeDegrees></Position><AltitudeMeters>4.958</AltitudeMeters><HeartRateBpm><Value>96</Value></HeartRateBpm></Trackpoint><Trackpoint><Time>2026-05-01T08:11:51.534Z</Time><Position><LatitudeDegrees>60.06593</LatitudeDegrees><LongitudeDegrees>18.76039</LongitudeDegrees></Position><AltitudeMeters>4.939</AltitudeMeters><HeartRateBpm><Value>95</Value></HeartRateBpm></Trackpoint><Trackpoint><Time>2026-05-01T08:11:52.540Z</Time><Position><LatitudeDegrees>60.065918</LatitudeDegrees><LongitudeDegrees>18.760378</LongitudeDegrees></Position><AltitudeMeters>4.942</AltitudeMeters><HeartRateBpm><Value>95</Value></HeartRateBpm></Trackpoint><Trackpoint><Time>2026-05-01T08:11:53.550Z</Time><Position><LatitudeDegrees>60.065903</LatitudeDegrees><LongitudeDegrees>18.760366</LongitudeDegrees></Position><AltitudeMeters>4.919</AltitudeMeters><HeartRateBpm><Value>95</Value></HeartRateBpm></Trackpoint><Trackpoint><Time>2026-05-01T08:11:54.558Z</Time><Position><LatitudeDegrees>60.06589</LatitudeDegrees><LongitudeDegrees>18.760357</LongitudeDegrees></Position><AltitudeMeters>4.905</AltitudeMeters><HeartRateBpm><Value>95</Value></HeartRateBpm></Trackpoint><Trackpoint><Time>2026-05-01T08:11:55.565Z</Time><Position><LatitudeDegrees>60.065876</LatitudeDegrees><LongitudeDegrees>18.760345</LongitudeDegrees></Position><AltitudeMeters>5.0</AltitudeMeters><HeartRateBpm><Value>94</Value></HeartRateBpm></Trackpoint><Trackpoint><Time>2026-05-01T08:11:56.572Z</Time><Position><LatitudeDegrees>60.06586</LatitudeDegrees><LongitudeDegrees>18.760336</LongitudeDegrees></Position><AltitudeMeters>5.015</AltitudeMeters><HeartRateBpm><Value>95</Value></HeartRateBpm></Trackpoint><Trackpoint><Time>2026-05-01T08:11:57.582Z</Time><Position><LatitudeDegrees>60.06585</LatitudeDegrees><LongitudeDegrees>18.760324</LongitudeDegrees></Position><AltitudeMeters>4.921</AltitudeMeters><HeartRateBpm><Value>96</Value></HeartRateBpm></Trackpoint><Trackpoint><Time>2026-05-01T08:11:58.591Z</Time><Position><LatitudeDegrees>60.065838</LatitudeDegrees><LongitudeDegrees>18.760313</LongitudeDegrees></Position><AltitudeMeters>4.954</AltitudeMeters><HeartRateBpm><Value>96</Value></HeartRateBpm></Trackpoint><Trackpoint><Time>2026-05-01T08:11:59.599Z</Time><Position><LatitudeDegrees>60.065826</LatitudeDegrees><LongitudeDegrees>18.760302</LongitudeDegrees></Position><AltitudeMeters>5.052</AltitudeMeters><HeartRateBpm><Value>97</Value></HeartRateBpm></Trackpoint><Trackpoint><Time>2026-05-01T08:12:00.607Z</Time><Position><LatitudeDegrees>60.06581</LatitudeDegrees><LongitudeDegrees>18.760292</LongitudeDegrees></Position><AltitudeMeters>5.056</AltitudeMeters><HeartRateBpm><Value>97</Value></HeartRateBpm></Trackpoint><Trackpoint><Time>2026-05-01T08:12:01.616Z</Time><Position><LatitudeDegrees>60.0658</LatitudeDegrees><LongitudeDegrees>18.760283</LongitudeDegrees></Position><AltitudeMeters>5.01</AltitudeMeters><HeartRateBpm><Value>96</Value></HeartRateBpm></Trackpoint><Trackpoint><Time>2026-05-01T08:12:02.624Z</Time><Position><LatitudeDegrees>60.065784</LatitudeDegrees><LongitudeDegrees>18.760273</LongitudeDegrees></Position><AltitudeMeters>4.997</AltitudeMeters><HeartRateBpm><Value>96</Value></HeartRateBpm></Trackpoint><Trackpoint><Time>2026-05-01T08:12:03.633Z</Time><Position><LatitudeDegrees>60.065765</LatitudeDegrees><LongitudeDegrees>18.760263</LongitudeDegrees></Position><AltitudeMeters>5.009</AltitudeMeters><HeartRateBpm><Value>96</Value></HeartRateBpm></Trackpoint><Trackpoint><Time>2026-05-01T08:12:04.641Z</Time><Position><LatitudeDegrees>60.06575</LatitudeDegrees><LongitudeDegrees>18.760254</LongitudeDegrees></Position><AltitudeMeters>4.996</AltitudeMeters><HeartRateBpm><Value>96</Value></HeartRateBpm></Trackpoint><Trackpoint><Time>2026-05-01T08:12:05.650Z</Time><Position><LatitudeDegrees>60.06573</LatitudeDegrees><LongitudeDegrees>18.760244</LongitudeDegrees></Position><AltitudeMeters>4.966</AltitudeMeters><HeartRateBpm><Value>96</Value></HeartRateBpm></Trackpoint><Trackpoint><Time>2026-05-01T08:12:06.659Z</Time><Position><LatitudeDegrees>60.065712</LatitudeDegrees><LongitudeDegrees>18.760235</LongitudeDegrees></Position><AltitudeMeters>5.03</AltitudeMeters><HeartRateBpm><Value>95</Value></HeartRateBpm></Trackpoint><Trackpoint><Time>2026-05-01T08:12:07.667Z</Time><Position><LatitudeDegrees>60.065693</LatitudeDegrees><LongitudeDegrees>18.760225</LongitudeDegrees></Position><AltitudeMeters>5.05</AltitudeMeters><HeartRateBpm><Value>95</Value></HeartRateBpm></Trackpoint><Trackpoint><Time>2026-05-01T08:12:08.674Z</Time><Position><LatitudeDegrees>60.065674</LatitudeDegrees><LongitudeDegrees>18.760214</LongitudeDegrees></Position><AltitudeMeters>5.062</AltitudeMeters><HeartRateBpm><Value>95</Value></HeartRateBpm></Trackpoint><Trackpoint><Time>2026-05-01T08:12:09.681Z</Time><Position><LatitudeDegrees>60.065655</LatitudeDegrees><LongitudeDegrees>18.760202</LongitudeDegrees></Position><AltitudeMeters>5.048</AltitudeMeters><HeartRateBpm><Value>96</Value></HeartRateBpm></Trackpoint><Trackpoint><Time>2026-05-01T08:12:10.690Z</Time><Position><LatitudeDegrees>60.065636</LatitudeDegrees><LongitudeDegrees>18.760191</LongitudeDegrees></Position><AltitudeMeters>5.02</AltitudeMeters><HeartRateBpm><Value>96</Value></HeartRateBpm></Trackpoint><Trackpoint><Time>2026-05-01T08:12:11.700Z</Time><Position><LatitudeDegrees>60.065617</LatitudeDegrees><LongitudeDegrees>18.76018</LongitudeDegrees></Position><AltitudeMeters>5.014</AltitudeMeters><HeartRateBpm><Value>96</Value></HeartRateBpm></Trackpoint><Trackpoint><Time>2026-05-01T08:12:12.709Z</Time><Position><LatitudeDegrees>60.065598</LatitudeDegrees><LongitudeDegrees>18.760168</LongitudeDegrees></Position><AltitudeMeters>4.997</AltitudeMeters><HeartRateBpm><Value>96</Value></HeartRateBpm></Trackpoint><Trackpoint><Time>2026-05-01T08:12:13.719Z</Time><Position><LatitudeDegrees>60.06558</LatitudeDegrees><LongitudeDegrees>18.760155</LongitudeDegrees></Position><AltitudeMeters>4.968</AltitudeMeters><HeartRateBpm><Value>96</Value></HeartRateBpm></Trackpoint><Trackpoint><Time>2026-05-01T08:12:14.727Z</Time><Position><LatitudeDegrees>60.065563</LatitudeDegrees><LongitudeDegrees>18.760143</LongitudeDegrees></Position><AltitudeMeters>4.894</AltitudeMeters><HeartRateBpm><Value>97</Value></HeartRateBpm></Trackpoint><Trackpoint><Time>2026-05-01T08:12:15.734Z</Time><Position><LatitudeDegrees>60.065544</LatitudeDegrees><LongitudeDegrees>18.76013</LongitudeDegrees></Position><AltitudeMeters>4.99</AltitudeMeters><HeartRateBpm><Value>97</Value></HeartRateBpm></Trackpoint><Trackpoint><Time>2026-05-01T08:12:16.743Z</Time><Position><LatitudeDegrees>60.06553</LatitudeDegrees><LongitudeDegrees>18.760118</LongitudeDegrees></Position><AltitudeMeters>5.039</AltitudeMeters><HeartRateBpm><Value>96</Value></HeartRateBpm></Trackpoint><Trackpoint><Time>2026-05-01T08:12:17.751Z</Time><Position><LatitudeDegrees>60.065514</LatitudeDegrees><LongitudeDegrees>18.760107</LongitudeDegrees></Position><AltitudeMeters>5.033</AltitudeMeters><HeartRateBpm><Value>96</Value></HeartRateBpm></Trackpoint><Trackpoint><Time>2026-05-01T08:12:18.760Z</Time><Position><LatitudeDegrees>60.0655</LatitudeDegrees><LongitudeDegrees>18.760094</LongitudeDegrees></Position><AltitudeMeters>5.031</AltitudeMeters><HeartRateBpm><Value>96</Value></HeartRateBpm></Trackpoint><Trackpoint><Time>2026-05-01T08:12:19.769Z</Time><Position><LatitudeDegrees>60.065483</LatitudeDegrees><LongitudeDegrees>18.76008</LongitudeDegrees></Position><AltitudeMeters>5.019</AltitudeMeters><HeartRateBpm><Value>96</Value></HeartRateBpm></Trackpoint><Trackpoint><Time>2026-05-01T08:12:20.778Z</Time><Position><LatitudeDegrees>60.065468</LatitudeDegrees><LongitudeDegrees>18.760067</LongitudeDegrees></Position><AltitudeMeters>5.032</AltitudeMeters><HeartRateBpm><Value>96</Value></HeartRateBpm></Trackpoint><Trackpoint><Time>2026-05-01T08:12:21.783Z</Time><Position><LatitudeDegrees>60.065453</LatitudeDegrees><LongitudeDegrees>18.760054</LongitudeDegrees></Position><AltitudeMeters>5.075</AltitudeMeters><HeartRateBpm><Value>96</Value></HeartRateBpm></Trackpoint><Trackpoint><Time>2026-05-01T08:12:22.792Z</Time><Position><LatitudeDegrees>60.065437</LatitudeDegrees><LongitudeDegrees>18.760036</LongitudeDegrees></Position><AltitudeMeters>5.121</AltitudeMeters><HeartRateBpm><Value>95</Value></HeartRateBpm></Trackpoint><Trackpoint><Time>2026-05-01T08:12:23.801Z</Time><Position><LatitudeDegrees>60.065422</LatitudeDegrees><LongitudeDegrees>18.760017</LongitudeDegrees></Position><AltitudeMeters>5.12</AltitudeMeters><HeartRateBpm><Value>95</Value></HeartRateBpm></Trackpoint><Trackpoint><Time>2026-05-01T08:12:24.810Z</Time><Position><LatitudeDegrees>60.065403</LatitudeDegrees><LongitudeDegrees>18.759996</LongitudeDegrees></Position><AltitudeMeters>5.162</AltitudeMeters><HeartRateBpm><Value>94</Value></HeartRateBpm></Trackpoint><Trackpoint><Time>2026-05-01T08:12:25.818Z</Time><Position><LatitudeDegrees>60.065388</LatitudeDegrees><LongitudeDegrees>18.759975</LongitudeDegrees></Position><AltitudeMeters>5.087</AltitudeMeters><HeartRateBpm><Value>94</Value></HeartRateBpm></Trackpoint><Trackpoint><Time>2026-05-01T08:12:26.827Z</Time><Position><LatitudeDegrees>60.06537</LatitudeDegrees><LongitudeDegrees>18.75995</LongitudeDegrees></Position><AltitudeMeters>5.115</AltitudeMeters><HeartRateBpm><Value>94</Value></HeartRateBpm></Trackpoint><Trackpoint><Time>2026-05-01T08:12:27.834Z</Time><Position><LatitudeDegrees>60.06535</LatitudeDegrees><LongitudeDegrees>18.759932</LongitudeDegrees></Position><AltitudeMeters>5.14</AltitudeMeters><HeartRateBpm><Value>94</Value></HeartRateBpm></Trackpoint><Trackpoint><Time>2026-05-01T08:12:28.841Z</Time><Position><LatitudeDegrees>60.065334</LatitudeDegrees><LongitudeDegrees>18.759912</LongitudeDegrees></Position><AltitudeMeters>5.064</AltitudeMeters><HeartRateBpm><Value>94</Value></HeartRateBpm></Trackpoint><Trackpoint><Time>2026-05-01T08:12:29.850Z</Time><Position><LatitudeDegrees>60.06532</LatitudeDegrees><LongitudeDegrees>18.759893</LongitudeDegrees></Position><AltitudeMeters>4.99</AltitudeMeters><HeartRateBpm><Value>95</Value></HeartRateBpm></Trackpoint><Trackpoint><Time>2026-05-01T08:12:30.858Z</Time><Position><LatitudeDegrees>60.065304</LatitudeDegrees><LongitudeDegrees>18.759872</LongitudeDegrees></Position><AltitudeMeters>4.811</AltitudeMeters><HeartRateBpm><Value>97</Value></HeartRateBpm></Trackpoint><Trackpoint><Time>2026-05-01T08:12:31.868Z</Time><Position><LatitudeDegrees>60.065285</LatitudeDegrees><LongitudeDegrees>18.75985</LongitudeDegrees></Position><AltitudeMeters>4.722</AltitudeMeters><HeartRateBpm><Value>97</Value></HeartRateBpm></Trackpoint><Trackpoint><Time>2026-05-01T08:12:32.877Z</Time><Position><LatitudeDegrees>60.065266</LatitudeDegrees><LongitudeDegrees>18.759829</LongitudeDegrees></Position><AltitudeMeters>4.717</AltitudeMeters><HeartRateBpm><Value>97</Value></HeartRateBpm></Trackpoint><Trackpoint><Time>2026-05-01T08:12:33.886Z</Time><Position><LatitudeDegrees>60.065247</LatitudeDegrees><LongitudeDegrees>18.759806</LongitudeDegrees></Position><AltitudeMeters>4.869</AltitudeMeters><HeartRateBpm><Value>96</Value></HeartRateBpm></Trackpoint><Trackpoint><Time>2026-05-01T08:12:34.893Z</Time><Position><LatitudeDegrees>60.065228</LatitudeDegrees><LongitudeDegrees>18.759785</LongitudeDegrees></Position><AltitudeMeters>5.008</AltitudeMeters><HeartRateBpm><Value>96</Value></HeartRateBpm></Trackpoint><Trackpoint><Time>2026-05-01T08:12:35.902Z</Time><Position><LatitudeDegrees>60.06521</LatitudeDegrees><LongitudeDegrees>18.759762</LongitudeDegrees></Position><AltitudeMeters>5.114</AltitudeMeters><HeartRateBpm><Value>95</Value></HeartRateBpm></Trackpoint><Trackpoint><Time>2026-05-01T08:12:36.910Z</Time><Position><LatitudeDegrees>60.06519</LatitudeDegrees><LongitudeDegrees>18.75974</LongitudeDegrees></Position><AltitudeMeters>5.16</AltitudeMeters><HeartRateBpm><Value>94</Value></HeartRateBpm></Trackpoint><Trackpoint><Time>2026-05-01T08:12:37.918Z</Time><Position><LatitudeDegrees>60.06517</LatitudeDegrees><LongitudeDegrees>18.75972</LongitudeDegrees></Position><AltitudeMeters>5.255</AltitudeMeters><HeartRateBpm><Value>94</Value></HeartRateBpm></Trackpoint><Trackpoint><Time>2026-05-01T08:12:38.927Z</Time><Position><LatitudeDegrees>60.06515</LatitudeDegrees><LongitudeDegrees>18.759699</LongitudeDegrees></Position><AltitudeMeters>5.296</AltitudeMeters><HeartRateBpm><Value>94</Value></HeartRateBpm></Trackpoint><Trackpoint><Time>2026-05-01T08:12:39.934Z</Time><Position><LatitudeDegrees>60.065136</LatitudeDegrees><LongitudeDegrees>18.759678</LongitudeDegrees></Position><AltitudeMeters>5.341</AltitudeMeters><HeartRateBpm><Value>94</Value></HeartRateBpm></Trackpoint><Trackpoint><Time>2026-05-01T08:12:40.943Z</Time><Position><LatitudeDegrees>60.065125</LatitudeDegrees><LongitudeDegrees>18.759659</LongitudeDegrees></Position><AltitudeMeters>5.4</AltitudeMeters><HeartRateBpm><Value>94</Value></HeartRateBpm></Trackpoint><Trackpoint><Time>2026-05-01T08:12:41.951Z</Time><Position><LatitudeDegrees>60.06511</LatitudeDegrees><LongitudeDegrees>18.759642</LongitudeDegrees></Position><AltitudeMeters>5.518</AltitudeMeters><HeartRateBpm><Value>93</Value></HeartRateBpm></Trackpoint><Trackpoint><Time>2026-05-01T08:12:42.960Z</Time><Position><LatitudeDegrees>60.065098</LatitudeDegrees><LongitudeDegrees>18.759623</LongitudeDegrees></Position><AltitudeMeters>5.637</AltitudeMeters><HeartRateBpm><Value>94</Value></HeartRateBpm></Trackpoint><Trackpoint><Time>2026-05-01T08:12:43.969Z</Time><Position><LatitudeDegrees>60.065086</LatitudeDegrees><LongitudeDegrees>18.759607</LongitudeDegrees></Position><AltitudeMeters>5.732</AltitudeMeters><HeartRateBpm><Value>95</Value></HeartRateBpm></Trackpoint><Trackpoint><Time>2026-05-01T08:12:44.971Z</Time><Position><LatitudeDegrees>60.065075</LatitudeDegrees><LongitudeDegrees>18.759592</LongitudeDegrees></Position><AltitudeMeters>5.783</AltitudeMeters><HeartRateBpm><Value>95</Value></HeartRateBpm></Trackpoint><Trackpoint><Time>2026-05-01T08:12:45.976Z</Time><Position><LatitudeDegrees>60.065063</LatitudeDegrees><LongitudeDegrees>18.759577</LongitudeDegrees></Position><AltitudeMeters>5.829</AltitudeMeters><HeartRateBpm><Value>94</Value></HeartRateBpm></Trackpoint><Trackpoint><Time>2026-05-01T08:12:46.979Z</Time><Position><LatitudeDegrees>60.065056</LatitudeDegrees><LongitudeDegrees>18.759562</LongitudeDegrees></Position><AltitudeMeters>5.878</AltitudeMeters><HeartRateBpm><Value>93</Value></HeartRateBpm></Trackpoint><Trackpoint><Time>2026-05-01T08:12:47.982Z</Time><Position><LatitudeDegrees>60.065044</LatitudeDegrees><LongitudeDegrees>18.759546</LongitudeDegrees></Position><AltitudeMeters>6.005</AltitudeMeters><HeartRateBpm><Value>92</Value></HeartRateBpm></Trackpoint><Trackpoint><Time>2026-05-01T08:12:48.990Z</Time><Position><LatitudeDegrees>60.065033</LatitudeDegrees><LongitudeDegrees>18.759531</LongitudeDegrees></Position><AltitudeMeters>6.082</AltitudeMeters><HeartRateBpm><Value>93</Value></HeartRateBpm></Trackpoint><Trackpoint><Time>2026-05-01T08:12:49.998Z</Time><Position><LatitudeDegrees>60.065025</LatitudeDegrees><LongitudeDegrees>18.759516</LongitudeDegrees></Position><AltitudeMeters>6.129</AltitudeMeters><HeartRateBpm><Value>93</Value></HeartRateBpm></Trackpoint><Trackpoint><Time>2026-05-01T08:12:51.007Z</Time><Position><LatitudeDegrees>60.065014</LatitudeDegrees><LongitudeDegrees>18.7595</LongitudeDegrees></Position><AltitudeMeters>6.227</AltitudeMeters><HeartRateBpm><Value>93</Value></HeartRateBpm></Trackpoint><Trackpoint><Time>2026-05-01T08:12:52.014Z</Time><Position><LatitudeDegrees>60.065002</LatitudeDegrees><LongitudeDegrees>18.759485</LongitudeDegrees></Position><AltitudeMeters>6.352</AltitudeMeters><HeartRateBpm><Value>93</Value></HeartRateBpm></Trackpoint><Trackpoint><Time>2026-05-01T08:12:53.023Z</Time><Position><LatitudeDegrees>60.064995</LatitudeDegrees><LongitudeDegrees>18.75947</LongitudeDegrees></Position><AltitudeMeters>6.391</AltitudeMeters><HeartRateBpm><Value>93</Value></HeartRateBpm></Trackpoint><Trackpoint><Time>2026-05-01T08:12:54.032Z</Time><Position><LatitudeDegrees>60.064983</LatitudeDegrees><LongitudeDegrees>18.759453</LongitudeDegrees></Position><AltitudeMeters>6.485</AltitudeMeters><HeartRateBpm><Value>93</Value></HeartRateBpm></Trackpoint><Trackpoint><Time>2026-05-01T08:12:55.041Z</Time><Position><LatitudeDegrees>60.064972</LatitudeDegrees><LongitudeDegrees>18.759434</LongitudeDegrees></Position><AltitudeMeters>6.563</AltitudeMeters><HeartRateBpm><Value>93</Value></HeartRateBpm></Trackpoint><Trackpoint><Time>2026-05-01T08:12:56.049Z</Time><Position><LatitudeDegrees>60.06496</LatitudeDegrees><LongitudeDegrees>18.759413</LongitudeDegrees></Position><AltitudeMeters>6.588</AltitudeMeters><HeartRateBpm><Value>93</Value></HeartRateBpm></Trackpoint><Trackpoint><Time>2026-05-01T08:12:57.057Z</Time><Position><LatitudeDegrees>60.06495</LatitudeDegrees><LongitudeDegrees>18.759394</LongitudeDegrees></Position><AltitudeMeters>6.56</AltitudeMeters><HeartRateBpm><Value>94</Value></HeartRateBpm></Trackpoint><Trackpoint><Time>2026-05-01T08:12:58.064Z</Time><Position><LatitudeDegrees>60.064934</LatitudeDegrees><LongitudeDegrees>18.759373</LongitudeDegrees></Position><AltitudeMeters>6.609</AltitudeMeters><HeartRateBpm><Value>95</Value></HeartRateBpm></Trackpoint><Trackpoint><Time>2026-05-01T08:12:59.073Z</Time><Position><LatitudeDegrees>60.064922</LatitudeDegrees><LongitudeDegrees>18.759356</LongitudeDegrees></Position><AltitudeMeters>6.694</AltitudeMeters><HeartRateBpm><Value>96</Value></HeartRateBpm></Trackpoint><Trackpoint><Time>2026-05-01T08:13:00.082Z</Time><Position><LatitudeDegrees>60.064907</LatitudeDegrees><LongitudeDegrees>18.759336</LongitudeDegrees></Position><AltitudeMeters>6.724</AltitudeMeters><HeartRateBpm><Value>96</Value></HeartRateBpm></Trackpoint><Trackpoint><Time>2026-05-01T08:13:01.089Z</Time><Position><LatitudeDegrees>60.064896</LatitudeDegrees><LongitudeDegrees>18.759317</LongitudeDegrees></Position><AltitudeMeters>6.765</AltitudeMeters><HeartRateBpm><Value>96</Value></HeartRateBpm></Trackpoint><Trackpoint><Time>2026-05-01T08:13:02.097Z</Time><Position><LatitudeDegrees>60.064884</LatitudeDegrees><LongitudeDegrees>18.7593</LongitudeDegrees></Position><AltitudeMeters>6.77</AltitudeMeters><HeartRateBpm><Value>96</Value></HeartRateBpm></Trackpoint><Trackpoint><Time>2026-05-01T08:13:03.106Z</Time><Position><LatitudeDegrees>60.06487</LatitudeDegrees><LongitudeDegrees>18.759281</LongitudeDegrees></Position><AltitudeMeters>6.83</AltitudeMeters><HeartRateBpm><Value>96</Value></HeartRateBpm></Trackpoint><Trackpoint><Time>2026-05-01T08:13:04.113Z</Time><Position><LatitudeDegrees>60.064857</LatitudeDegrees><LongitudeDegrees>18.759262</LongitudeDegrees></Position><AltitudeMeters>6.895</AltitudeMeters><HeartRateBpm><Value>96</Value></HeartRateBpm></Trackpoint><Trackpoint><Time>2026-05-01T08:13:05.122Z</Time><Position><LatitudeDegrees>60.064842</LatitudeDegrees><LongitudeDegrees>18.759241</LongitudeDegrees></Position><AltitudeMeters>6.943</AltitudeMeters><HeartRateBpm><Value>96</Value></HeartRateBpm></Trackpoint><Trackpoint><Time>2026-05-01T08:13:06.131Z</Time><Position><LatitudeDegrees>60.06483</LatitudeDegrees><LongitudeDegrees>18.759222</LongitudeDegrees></Position><AltitudeMeters>7.074</AltitudeMeters><HeartRateBpm><Value>96</Value></HeartRateBpm></Trackpoint><Trackpoint><Time>2026-05-01T08:13:07.140Z</Time><Position><LatitudeDegrees>60.064816</LatitudeDegrees><LongitudeDegrees>18.759203</LongitudeDegrees></Position><AltitudeMeters>7.099</AltitudeMeters><HeartRateBpm><Value>96</Value></HeartRateBpm></Trackpoint><Trackpoint><Time>2026-05-01T08:13:08.149Z</Time><Position><LatitudeDegrees>60.0648</LatitudeDegrees><LongitudeDegrees>18.759184</LongitudeDegrees></Position><AltitudeMeters>7.216</AltitudeMeters><HeartRateBpm><Value>97</Value></HeartRateBpm></Trackpoint><Trackpoint><Time>2026-05-01T08:13:09.157Z</Time><Position><LatitudeDegrees>60.064785</LatitudeDegrees><LongitudeDegrees>18.759165</LongitudeDegrees></Position><AltitudeMeters>7.274</AltitudeMeters><HeartRateBpm><Value>97</Value></HeartRateBpm></Trackpoint><Trackpoint><Time>2026-05-01T08:13:10.165Z</Time><Position><LatitudeDegrees>60.064774</LatitudeDegrees><LongitudeDegrees>18.759148</LongitudeDegrees></Position><AltitudeMeters>7.296</AltitudeMeters><HeartRateBpm><Value>97</Value></HeartRateBpm></Trackpoint><Trackpoint><Time>2026-05-01T08:13:11.175Z</Time><Position><LatitudeDegrees>60.06476</LatitudeDegrees><LongitudeDegrees>18.759129</LongitudeDegrees></Position><AltitudeMeters>7.429</AltitudeMeters><HeartRateBpm><Value>97</Value></HeartRateBpm></Trackpoint><Trackpoint><Time>2026-05-01T08:13:12.178Z</Time><Position><LatitudeDegrees>60.064743</LatitudeDegrees><LongitudeDegrees>18.75911</LongitudeDegrees></Position><AltitudeMeters>7.527</AltitudeMeters><HeartRateBpm><Value>98</Value></HeartRateBpm></Trackpoint><Trackpoint><Time>2026-05-01T08:13:13.187Z</Time><Position><LatitudeDegrees>60.064728</LatitudeDegrees><LongitudeDegrees>18.759087</LongitudeDegrees></Position><AltitudeMeters>7.567</AltitudeMeters><HeartRateBpm><Value>98</Value></HeartRateBpm></Trackpoint><Trackpoint><Time>2026-05-01T08:13:14.194Z</Time><Position><LatitudeDegrees>60.064713</LatitudeDegrees><LongitudeDegrees>18.759066</LongitudeDegrees></Position><AltitudeMeters>7.55</AltitudeMeters><HeartRateBpm><Value>98</Value></HeartRateBpm></Trackpoint><Trackpoint><Time>2026-05-01T08:13:15.203Z</Time><Position><LatitudeDegrees>60.0647</LatitudeDegrees><LongitudeDegrees>18.759045</LongitudeDegrees></Position><AltitudeMeters>7.605</AltitudeMeters><HeartRateBpm><Value>98</Value></HeartRateBpm></Trackpoint><Trackpoint><Time>2026-05-01T08:13:16.211Z</Time><Position><LatitudeDegrees>60.064686</LatitudeDegrees><LongitudeDegrees>18.759022</LongitudeDegrees></Position><AltitudeMeters>7.721</AltitudeMeters><HeartRateBpm><Value>99</Value></HeartRateBpm></Trackpoint><Trackpoint><Time>2026-05-01T08:13:17.220Z</Time><Position><LatitudeDegrees>60.06467</LatitudeDegrees><LongitudeDegrees>18.759</LongitudeDegrees></Position><AltitudeMeters>7.806</AltitudeMeters><HeartRateBpm><Value>100</Value></HeartRateBpm></Trackpoint><Trackpoint><Time>2026-05-01T08:13:18.230Z</Time><Position><LatitudeDegrees>60.06466</LatitudeDegrees><LongitudeDegrees>18.758976</LongitudeDegrees></Position><AltitudeMeters>7.743</AltitudeMeters><HeartRateBpm><Value>101</Value></HeartRateBpm></Trackpoint><Trackpoint><Time>2026-05-01T08:13:19.238Z</Time><Position><LatitudeDegrees>60.064648</LatitudeDegrees><LongitudeDegrees>18.758955</LongitudeDegrees></Position><AltitudeMeters>7.79</AltitudeMeters><HeartRateBpm><Value>102</Value></HeartRateBpm></Trackpoint><Trackpoint><Time>2026-05-01T08:13:20.248Z</Time><Position><LatitudeDegrees>60.064632</LatitudeDegrees><LongitudeDegrees>18.75893</LongitudeDegrees></Position><AltitudeMeters>7.926</AltitudeMeters><HeartRateBpm><Value>102</Value></HeartRateBpm></Trackpoint><Trackpoint><Time>2026-05-01T08:13:21.258Z</Time><Position><LatitudeDegrees>60.06462</LatitudeDegrees><LongitudeDegrees>18.758905</LongitudeDegrees></Position><AltitudeMeters>8.004</AltitudeMeters><HeartRateBpm><Value>101</Value></HeartRateBpm></Trackpoint><Trackpoint><Time>2026-05-01T08:13:22.268Z</Time><Position><LatitudeDegrees>60.06461</LatitudeDegrees><LongitudeDegrees>18.758877</LongitudeDegrees></Position><AltitudeMeters>8.101</AltitudeMeters><HeartRateBpm><Value>101</Value></HeartRateBpm></Trackpoint><Trackpoint><Time>2026-05-01T08:13:23.274Z</Time><Position><LatitudeDegrees>60.064598</LatitudeDegrees><LongitudeDegrees>18.758848</LongitudeDegrees></Position><AltitudeMeters>8.126</AltitudeMeters><HeartRateBpm><Value>102</Value></HeartRateBpm></Trackpoint><Trackpoint><Time>2026-05-01T08:13:24.283Z</Time><Position><LatitudeDegrees>60.06459</LatitudeDegrees><LongitudeDegrees>18.75882</LongitudeDegrees></Position><AltitudeMeters>8.196</AltitudeMeters><HeartRateBpm><Value>103</Value></HeartRateBpm></Trackpoint><Trackpoint><Time>2026-05-01T08:13:25.292Z</Time><Position><LatitudeDegrees>60.06458</LatitudeDegrees><LongitudeDegrees>18.75879</LongitudeDegrees></Position><AltitudeMeters>8.311</AltitudeMeters><HeartRateBpm><Value>104</Value></HeartRateBpm></Trackpoint><Trackpoint><Time>2026-05-01T08:13:26.300Z</Time><Position><LatitudeDegrees>60.06457</LatitudeDegrees><LongitudeDegrees>18.75876</LongitudeDegrees></Position><AltitudeMeters>8.343</AltitudeMeters><HeartRateBpm><Value>105</Value></HeartRateBpm></Trackpoint><Trackpoint><Time>2026-05-01T08:13:27.309Z</Time><Position><LatitudeDegrees>60.06456</LatitudeDegrees><LongitudeDegrees>18.75873</LongitudeDegrees></Position><AltitudeMeters>8.371</AltitudeMeters><HeartRateBpm><Value>106</Value></HeartRateBpm></Trackpoint><Trackpoint><Time>2026-05-01T08:13:28.318Z</Time><Position><LatitudeDegrees>60.064552</LatitudeDegrees><LongitudeDegrees>18.758698</LongitudeDegrees></Position><AltitudeMeters>8.41</AltitudeMeters><HeartRateBpm><Value>107</Value></HeartRateBpm></Trackpoint><Trackpoint><Time>2026-05-01T08:13:29.325Z</Time><Position><LatitudeDegrees>60.06455</LatitudeDegrees><LongitudeDegrees>18.75867</LongitudeDegrees></Position><AltitudeMeters>8.439</AltitudeMeters><HeartRateBpm><Value>107</Value></HeartRateBpm></Trackpoint><Trackpoint><Time>2026-05-01T08:13:30.333Z</Time><Position><LatitudeDegrees>60.06454</LatitudeDegrees><LongitudeDegrees>18.758644</LongitudeDegrees></Position><AltitudeMeters>8.43</AltitudeMeters><HeartRateBpm><Value>107</Value></HeartRateBpm></Trackpoint><Trackpoint><Time>2026-05-01T08:13:31.340Z</Time><Position><LatitudeDegrees>60.064537</LatitudeDegrees><LongitudeDegrees>18.758621</LongitudeDegrees></Position><AltitudeMeters>8.443</AltitudeMeters><HeartRateBpm><Value>108</Value></HeartRateBpm></Trackpoint><Trackpoint><Time>2026-05-01T08:13:32.349Z</Time><Position><LatitudeDegrees>60.064533</LatitudeDegrees><LongitudeDegrees>18.7586</LongitudeDegrees></Position><AltitudeMeters>8.504</AltitudeMeters><HeartRateBpm><Value>107</Value></HeartRateBpm></Trackpoint><Trackpoint><Time>2026-05-01T08:13:33.358Z</Time><Position><LatitudeDegrees>60.06453</LatitudeDegrees><LongitudeDegrees>18.758577</LongitudeDegrees></Position><AltitudeMeters>8.518</AltitudeMeters><HeartRateBpm><Value>107</Value></HeartRateBpm></Trackpoint><Trackpoint><Time>2026-05-01T08:13:34.366Z</Time><Position><LatitudeDegrees>60.064526</LatitudeDegrees><LongitudeDegrees>18.758556</LongitudeDegrees></Position><AltitudeMeters>8.539</AltitudeMeters><HeartRateBpm><Value>106</Value></HeartRateBpm></Trackpoint><Trackpoint><Time>2026-05-01T08:13:35.373Z</Time><Position><LatitudeDegrees>60.064518</LatitudeDegrees><LongitudeDegrees>18.758535</LongitudeDegrees></Position><AltitudeMeters>8.532</AltitudeMeters><HeartRateBpm><Value>106</Value></HeartRateBpm></Trackpoint><Trackpoint><Time>2026-05-01T08:13:36.382Z</Time><Position><LatitudeDegrees>60.064514</LatitudeDegrees><LongitudeDegrees>18.75851</LongitudeDegrees></Position><AltitudeMeters>8.605</AltitudeMeters><HeartRateBpm><Value>106</Value></HeartRateBpm></Trackpoint><Trackpoint><Time>2026-05-01T08:13:37.391Z</Time><Position><LatitudeDegrees>60.064507</LatitudeDegrees><LongitudeDegrees>18.758482</LongitudeDegrees></Position><AltitudeMeters>8.644</AltitudeMeters><HeartRateBpm><Value>105</Value></HeartRateBpm></Trackpoint><Trackpoint><Time>2026-05-01T08:13:38.399Z</Time><Position><LatitudeDegrees>60.064503</LatitudeDegrees><LongitudeDegrees>18.758446</LongitudeDegrees></Position><AltitudeMeters>8.66</AltitudeMeters><HeartRateBpm><Value>105</Value></HeartRateBpm></Trackpoint><Trackpoint><Time>2026-05-01T08:13:39.408Z</Time><Position><LatitudeDegrees>60.064495</LatitudeDegrees><LongitudeDegrees>18.758404</LongitudeDegrees></Position><AltitudeMeters>8.694</AltitudeMeters><HeartRateBpm><Value>106</Value></HeartRateBpm></Trackpoint><Trackpoint><Time>2026-05-01T08:13:40.418Z</Time><Position><LatitudeDegrees>60.064487</LatitudeDegrees><LongitudeDegrees>18.75835</LongitudeDegrees></Position><AltitudeMeters>8.776</AltitudeMeters><HeartRateBpm><Value>107</Value></HeartRateBpm></Trackpoint><Trackpoint><Time>2026-05-01T08:15:03.519Z</Time><Position><LatitudeDegrees>60.064487</LatitudeDegrees><LongitudeDegrees>18.75835</LongitudeDegrees></Position><AltitudeMeters>8.776</AltitudeMeters><HeartRateBpm><Value>91</Value></HeartRateBpm></Trackpoint><Trackpoint><Time>2026-05-01T08:15:04.520Z</Time><Position><LatitudeDegrees>60.06447</LatitudeDegrees><LongitudeDegrees>18.758251</LongitudeDegrees></Position><AltitudeMeters>8.908</AltitudeMeters><HeartRateBpm><Value>91</Value></HeartRateBpm></Trackpoint><Trackpoint><Time>2026-05-01T08:15:05.520Z</Time><Position><LatitudeDegrees>60.06446</LatitudeDegrees><LongitudeDegrees>18.758202</LongitudeDegrees></Position><AltitudeMeters>8.87</AltitudeMeters><HeartRateBpm><Value>92</Value></HeartRateBpm></Trackpoint><Trackpoint><Time>2026-05-01T08:15:06.523Z</Time><Position><LatitudeDegrees>60.064453</LatitudeDegrees><LongitudeDegrees>18.758152</LongitudeDegrees></Position><AltitudeMeters>8.746</AltitudeMeters><HeartRateBpm><Value>93</Value></HeartRateBpm></Trackpoint><Trackpoint><Time>2026-05-01T08:15:07.520Z</Time><Position><LatitudeDegrees>60.064445</LatitudeDegrees><LongitudeDegrees>18.758102</LongitudeDegrees></Position><AltitudeMeters>8.756</AltitudeMeters><HeartRateBpm><Value>94</Value></HeartRateBpm></Trackpoint><Trackpoint><Time>2026-05-01T08:15:08.522Z</Time><Position><LatitudeDegrees>60.064438</LatitudeDegrees><LongitudeDegrees>18.758053</LongitudeDegrees></Position><AltitudeMeters>8.739</AltitudeMeters><HeartRateBpm><Value>95</Value></HeartRateBpm></Trackpoint><Trackpoint><Time>2026-05-01T08:15:09.521Z</Time><Position><LatitudeDegrees>60.06443</LatitudeDegrees><LongitudeDegrees>18.758003</LongitudeDegrees></Position><AltitudeMeters>8.756</AltitudeMeters><HeartRateBpm><Value>97</Value></HeartRateBpm></Trackpoint><Trackpoint><Time>2026-05-01T08:15:10.522Z</Time><Position><LatitudeDegrees>60.064423</LatitudeDegrees><LongitudeDegrees>18.757956</LongitudeDegrees></Position><AltitudeMeters>8.704</AltitudeMeters><HeartRateBpm><Value>98</Value></HeartRateBpm></Trackpoint><Trackpoint><Time>2026-05-01T08:15:11.522Z</Time><Position><LatitudeDegrees>60.064415</LatitudeDegrees><LongitudeDegrees>18.757912</LongitudeDegrees></Position><AltitudeMeters>8.716</AltitudeMeters><HeartRateBpm><Value>99</Value></HeartRateBpm></Trackpoint><Trackpoint><Time>2026-05-01T08:15:12.522Z</Time><Position><LatitudeDegrees>60.064407</LatitudeDegrees><LongitudeDegrees>18.757872</LongitudeDegrees></Position><AltitudeMeters>8.753</AltitudeMeters><HeartRateBpm><Value>98</Value></HeartRateBpm></Trackpoint><Trackpoint><Time>2026-05-01T08:15:13.523Z</Time><Position><LatitudeDegrees>60.064396</LatitudeDegrees><LongitudeDegrees>18.757835</LongitudeDegrees></Position><AltitudeMeters>8.761</AltitudeMeters><HeartRateBpm><Value>96</Value></HeartRateBpm></Trackpoint><Trackpoint><Time>2026-05-01T08:15:14.523Z</Time><Position><LatitudeDegrees>60.06439</LatitudeDegrees><LongitudeDegrees>18.757803</LongitudeDegrees></Position><AltitudeMeters>8.827</AltitudeMeters><HeartRateBpm><Value>95</Value></HeartRateBpm></Trackpoint><Trackpoint><Time>2026-05-01T08:15:15.523Z</Time><Position><LatitudeDegrees>60.06438</LatitudeDegrees><LongitudeDegrees>18.75777</LongitudeDegrees></Position><AltitudeMeters>8.842</AltitudeMeters><HeartRateBpm><Value>93</Value></HeartRateBpm></Trackpoint><Trackpoint><Time>2026-05-01T08:15:16.523Z</Time><Position><LatitudeDegrees>60.064373</LatitudeDegrees><LongitudeDegrees>18.757738</LongitudeDegrees></Position><AltitudeMeters>8.822</AltitudeMeters><HeartRateBpm><Value>92</Value></HeartRateBpm></Trackpoint><Trackpoint><Time>2026-05-01T08:15:17.526Z</Time><Position><LatitudeDegrees>60.06437</LatitudeDegrees><LongitudeDegrees>18.757708</LongitudeDegrees></Position><AltitudeMeters>8.918</AltitudeMeters><HeartRateBpm><Value>92</Value></HeartRateBpm></Trackpoint><Trackpoint><Time>2026-05-01T08:15:18.524Z</Time><Position><LatitudeDegrees>60.06436</LatitudeDegrees><LongitudeDegrees>18.757677</LongitudeDegrees></Position><AltitudeMeters>9.017</AltitudeMeters><HeartRateBpm><Value>91</Value></HeartRateBpm></Trackpoint><Trackpoint><Time>2026-05-01T08:15:19.531Z</Time><Position><LatitudeDegrees>60.064358</LatitudeDegrees><LongitudeDegrees>18.757648</LongitudeDegrees></Position><AltitudeMeters>9.031</AltitudeMeters><HeartRateBpm><Value>91</Value></HeartRateBpm></Trackpoint><Trackpoint><Time>2026-05-01T08:15:20.533Z</Time><Position><LatitudeDegrees>60.064354</LatitudeDegrees><LongitudeDegrees>18.75762</LongitudeDegrees></Position><AltitudeMeters>8.962</AltitudeMeters><HeartRateBpm><Value>91</Value></HeartRateBpm></Trackpoint><Trackpoint><Time>2026-05-01T08:15:21.534Z</Time><Position><LatitudeDegrees>60.064346</LatitudeDegrees><LongitudeDegrees>18.757587</LongitudeDegrees></Position><AltitudeMeters>8.872</AltitudeMeters><HeartRateBpm><Value>91</Value></HeartRateBpm></Trackpoint><Trackpoint><Time>2026-05-01T08:15:22.535Z</Time><Position><LatitudeDegrees>60.06434</LatitudeDegrees><LongitudeDegrees>18.757555</LongitudeDegrees></Position><AltitudeMeters>8.832</AltitudeMeters><HeartRateBpm><Value>91</Value></HeartRateBpm></Trackpoint><Trackpoint><Time>2026-05-01T08:15:23.544Z</Time><Position><LatitudeDegrees>60.064335</LatitudeDegrees><LongitudeDegrees>18.757524</LongitudeDegrees></Position><AltitudeMeters>8.922</AltitudeMeters><HeartRateBpm><Value>91</Value></HeartRateBpm></Trackpoint><Trackpoint><Time>2026-05-01T08:15:24.553Z</Time><Position><LatitudeDegrees>60.064327</LatitudeDegrees><LongitudeDegrees>18.757494</LongitudeDegrees></Position><AltitudeMeters>8.974</AltitudeMeters><HeartRateBpm><Value>91</Value></HeartRateBpm></Trackpoint><Trackpoint><Time>2026-05-01T08:15:25.563Z</Time><Position><LatitudeDegrees>60.064323</LatitudeDegrees><LongitudeDegrees>18.757463</LongitudeDegrees></Position><AltitudeMeters>9.041</AltitudeMeters><HeartRateBpm><Value>92</Value></HeartRateBpm></Trackpoint><Trackpoint><Time>2026-05-01T08:15:26.572Z</Time><Position><LatitudeDegrees>60.064316</LatitudeDegrees><LongitudeDegrees>18.757435</LongitudeDegrees></Position><AltitudeMeters>9.122</AltitudeMeters><HeartRateBpm><Value>92</Value></HeartRateBpm></Trackpoint><Trackpoint><Time>2026-05-01T08:15:27.581Z</Time><Position><LatitudeDegrees>60.064312</LatitudeDegrees><LongitudeDegrees>18.757406</LongitudeDegrees></Position><AltitudeMeters>9.119</AltitudeMeters><HeartRateBpm><Value>92</Value></HeartRateBpm></Trackpoint><Trackpoint><Time>2026-05-01T08:15:28.589Z</Time><Position><LatitudeDegrees>60.06431</LatitudeDegrees><LongitudeDegrees>18.757378</LongitudeDegrees></Position><AltitudeMeters>9.008</AltitudeMeters><HeartRateBpm><Value>92</Value></HeartRateBpm></Trackpoint><Trackpoint><Time>2026-05-01T08:15:29.600Z</Time><Position><LatitudeDegrees>60.064304</LatitudeDegrees><LongitudeDegrees>18.757349</LongitudeDegrees></Position><AltitudeMeters>8.883</AltitudeMeters><HeartRateBpm><Value>93</Value></HeartRateBpm></Trackpoint><Trackpoint><Time>2026-05-01T08:15:30.608Z</Time><Position><LatitudeDegrees>60.0643</LatitudeDegrees><LongitudeDegrees>18.757322</LongitudeDegrees></Position><AltitudeMeters>8.853</AltitudeMeters><HeartRateBpm><Value>93</Value></HeartRateBpm></Trackpoint><Trackpoint><Time>2026-05-01T08:15:31.616Z</Time><Position><LatitudeDegrees>60.064297</LatitudeDegrees><LongitudeDegrees>18.757294</LongitudeDegrees></Position><AltitudeMeters>8.86</AltitudeMeters><HeartRateBpm><Value>93</Value></HeartRateBpm></Trackpoint><Trackpoint><Time>2026-05-01T08:15:32.626Z</Time><Position><LatitudeDegrees>60.064293</LatitudeDegrees><LongitudeDegrees>18.757261</LongitudeDegrees></Position><AltitudeMeters>8.867</AltitudeMeters><HeartRateBpm><Value>93</Value></HeartRateBpm></Trackpoint><Trackpoint><Time>2026-05-01T08:15:33.635Z</Time><Position><LatitudeDegrees>60.06429</LatitudeDegrees><LongitudeDegrees>18.75723</LongitudeDegrees></Position><AltitudeMeters>8.941</AltitudeMeters><HeartRateBpm><Value>93</Value></HeartRateBpm></Trackpoint><Trackpoint><Time>2026-05-01T08:15:34.643Z</Time><Position><LatitudeDegrees>60.064285</LatitudeDegrees><LongitudeDegrees>18.757196</LongitudeDegrees></Position><AltitudeMeters>9.09</AltitudeMeters><HeartRateBpm><Value>94</Value></HeartRateBpm></Trackpoint><Trackpoint><Time>2026-05-01T08:15:35.650Z</Time><Position><LatitudeDegrees>60.06428</LatitudeDegrees><LongitudeDegrees>18.757164</LongitudeDegrees></Position><AltitudeMeters>9.161</AltitudeMeters><HeartRateBpm><Value>94</Value></HeartRateBpm></Trackpoint><Trackpoint><Time>2026-05-01T08:15:36.659Z</Time><Position><LatitudeDegrees>60.064278</LatitudeDegrees><LongitudeDegrees>18.75713</LongitudeDegrees></Position><AltitudeMeters>9.145</AltitudeMeters><HeartRateBpm><Value>94</Value></HeartRateBpm></Trackpoint><Trackpoint><Time>2026-05-01T08:15:37.668Z</Time><Position><LatitudeDegrees>60.06427</LatitudeDegrees><LongitudeDegrees>18.757095</LongitudeDegrees></Position><AltitudeMeters>9.136</AltitudeMeters><HeartRateBpm><Value>94</Value></HeartRateBpm></Trackpoint><Trackpoint><Time>2026-05-01T08:15:38.676Z</Time><Position><LatitudeDegrees>60.064266</LatitudeDegrees><LongitudeDegrees>18.75706</LongitudeDegrees></Position><AltitudeMeters>9.133</AltitudeMeters><HeartRateBpm><Value>93</Value></HeartRateBpm></Trackpoint><Trackpoint><Time>2026-05-01T08:15:39.685Z</Time><Position><LatitudeDegrees>60.06426</LatitudeDegrees><LongitudeDegrees>18.757025</LongitudeDegrees></Position><AltitudeMeters>9.073</AltitudeMeters><HeartRateBpm><Value>93</Value></HeartRateBpm></Trackpoint><Trackpoint><Time>2026-05-01T08:15:40.694Z</Time><Position><LatitudeDegrees>60.06425</LatitudeDegrees><LongitudeDegrees>18.75699</LongitudeDegrees></Position><AltitudeMeters>9.039</AltitudeMeters><HeartRateBpm><Value>93</Value></HeartRateBpm></Trackpoint><Trackpoint><Time>2026-05-01T08:15:41.704Z</Time><Position><LatitudeDegrees>60.06424</LatitudeDegrees><LongitudeDegrees>18.756956</LongitudeDegrees></Position><AltitudeMeters>9.006</AltitudeMeters><HeartRateBpm><Value>92</Value></HeartRateBpm></Trackpoint><Trackpoint><Time>2026-05-01T08:15:42.714Z</Time><Position><LatitudeDegrees>60.06423</LatitudeDegrees><LongitudeDegrees>18.756924</LongitudeDegrees></Position><AltitudeMeters>9.051</AltitudeMeters><HeartRateBpm><Value>92</Value></HeartRateBpm></Trackpoint><Trackpoint><Time>2026-05-01T08:15:43.723Z</Time><Position><LatitudeDegrees>60.064224</LatitudeDegrees><LongitudeDegrees>18.756891</LongitudeDegrees></Position><AltitudeMeters>9.049</AltitudeMeters><HeartRateBpm><Value>92</Value></HeartRateBpm></Trackpoint><Trackpoint><Time>2026-05-01T08:15:44.730Z</Time><Position><LatitudeDegrees>60.064217</LatitudeDegrees><LongitudeDegrees>18.756863</LongitudeDegrees></Position><AltitudeMeters>9.112</AltitudeMeters><HeartRateBpm><Value>93</Value></HeartRateBpm></Trackpoint><Trackpoint><Time>2026-05-01T08:15:45.737Z</Time><Position><LatitudeDegrees>60.064213</LatitudeDegrees><LongitudeDegrees>18.756834</LongitudeDegrees></Position><AltitudeMeters>9.18</AltitudeMeters><HeartRateBpm><Value>93</Value></HeartRateBpm></Trackpoint><Trackpoint><Time>2026-05-01T08:15:46.746Z</Time><Position><LatitudeDegrees>60.064205</LatitudeDegrees><LongitudeDegrees>18.756805</LongitudeDegrees></Position><AltitudeMeters>9.322</AltitudeMeters><HeartRateBpm><Value>93</Value></HeartRateBpm></Trackpoint><Trackpoint><Time>2026-05-01T08:15:47.755Z</Time><Position><LatitudeDegrees>60.0642</LatitudeDegrees><LongitudeDegrees>18.756777</LongitudeDegrees></Position><AltitudeMeters>9.463</AltitudeMeters><HeartRateBpm><Value>94</Value></HeartRateBpm></Trackpoint><Trackpoint><Time>2026-05-01T08:15:48.764Z</Time><Position><LatitudeDegrees>60.064194</LatitudeDegrees><LongitudeDegrees>18.756746</LongitudeDegrees></Position><AltitudeMeters>9.588</AltitudeMeters><HeartRateBpm><Value>94</Value></HeartRateBpm></Trackpoint><Trackpoint><Time>2026-05-01T08:15:49.773Z</Time><Position><LatitudeDegrees>60.06419</LatitudeDegrees><LongitudeDegrees>18.756718</LongitudeDegrees></Position><AltitudeMeters>9.73</AltitudeMeters><HeartRateBpm><Value>94</Value></HeartRateBpm></Trackpoint><Trackpoint><Time>2026-05-01T08:15:50.783Z</Time><Position><LatitudeDegrees>60.064182</LatitudeDegrees><LongitudeDegrees>18.756687</LongitudeDegrees></Position><AltitudeMeters>9.831</AltitudeMeters><HeartRateBpm><Value>94</Value></HeartRateBpm></Trackpoint><Trackpoint><Time>2026-05-01T08:15:51.790Z</Time><Position><LatitudeDegrees>60.064175</LatitudeDegrees><LongitudeDegrees>18.756657</LongitudeDegrees></Position><AltitudeMeters>9.927</AltitudeMeters><HeartRateBpm><Value>94</Value></HeartRateBpm></Trackpoint><Trackpoint><Time>2026-05-01T08:15:52.799Z</Time><Position><LatitudeDegrees>60.064167</LatitudeDegrees><LongitudeDegrees>18.756626</LongitudeDegrees></Position><AltitudeMeters>9.969</AltitudeMeters><HeartRateBpm><Value>94</Value></HeartRateBpm></Trackpoint><Trackpoint><Time>2026-05-01T08:15:53.806Z</Time><Position><LatitudeDegrees>60.06416</LatitudeDegrees><LongitudeDegrees>18.756596</LongitudeDegrees></Position><AltitudeMeters>9.973</AltitudeMeters><HeartRateBpm><Value>95</Value></HeartRateBpm></Trackpoint><Trackpoint><Time>2026-05-01T08:15:54.809Z</Time><Position><LatitudeDegrees>60.064148</LatitudeDegrees><LongitudeDegrees>18.756565</LongitudeDegrees></Position><AltitudeMeters>10.009</AltitudeMeters><HeartRateBpm><Value>95</Value></HeartRateBpm></Trackpoint><Trackpoint><Time>2026-05-01T08:15:55.818Z</Time><Position><LatitudeDegrees>60.06414</LatitudeDegrees><LongitudeDegrees>18.756535</LongitudeDegrees></Position><AltitudeMeters>10.063</AltitudeMeters><HeartRateBpm><Value>95</Value></HeartRateBpm></Trackpoint><Trackpoint><Time>2026-05-01T08:15:56.827Z</Time><Position><LatitudeDegrees>60.064133</LatitudeDegrees><LongitudeDegrees>18.756506</LongitudeDegrees></Position><AltitudeMeters>10.088</AltitudeMeters><HeartRateBpm><Value>95</Value></HeartRateBpm></Trackpoint><Trackpoint><Time>2026-05-01T08:15:57.835Z</Time><Position><LatitudeDegrees>60.064125</LatitudeDegrees><LongitudeDegrees>18.756477</LongitudeDegrees></Position><AltitudeMeters>10.046</AltitudeMeters><HeartRateBpm><Value>96</Value></HeartRateBpm></Trackpoint><Trackpoint><Time>2026-05-01T08:15:58.844Z</Time><Position><LatitudeDegrees>60.064117</LatitudeDegrees><LongitudeDegrees>18.756449</LongitudeDegrees></Position><AltitudeMeters>9.977</AltitudeMeters><HeartRateBpm><Value>96</Value></HeartRateBpm></Trackpoint><Trackpoint><Time>2026-05-01T08:15:59.854Z</Time><Position><LatitudeDegrees>60.06411</LatitudeDegrees><LongitudeDegrees>18.756418</LongitudeDegrees></Position><AltitudeMeters>9.993</AltitudeMeters><HeartRateBpm><Value>97</Value></HeartRateBpm></Trackpoint><Trackpoint><Time>2026-05-01T08:16:00.863Z</Time><Position><LatitudeDegrees>60.064102</LatitudeDegrees><LongitudeDegrees>18.756388</LongitudeDegrees></Position><AltitudeMeters>10.05</AltitudeMeters><HeartRateBpm><Value>97</Value></HeartRateBpm></Trackpoint><Trackpoint><Time>2026-05-01T08:16:01.872Z</Time><Position><LatitudeDegrees>60.064095</LatitudeDegrees><LongitudeDegrees>18.75636</LongitudeDegrees></Position><AltitudeMeters>10.047</AltitudeMeters><HeartRateBpm><Value>98</Value></HeartRateBpm></Trackpoint><Trackpoint><Time>2026-05-01T08:16:02.880Z</Time><Position><LatitudeDegrees>60.064087</LatitudeDegrees><LongitudeDegrees>18.756329</LongitudeDegrees></Position><AltitudeMeters>10.014</AltitudeMeters><HeartRateBpm><Value>99</Value></HeartRateBpm></Trackpoint><Trackpoint><Time>2026-05-01T08:16:03.891Z</Time><Position><LatitudeDegrees>60.06408</LatitudeDegrees><LongitudeDegrees>18.7563</LongitudeDegrees></Position><AltitudeMeters>9.967</AltitudeMeters><HeartRateBpm><Value>99</Value></HeartRateBpm></Trackpoint><Trackpoint><Time>2026-05-01T08:16:04.897Z</Time><Position><LatitudeDegrees>60.064068</LatitudeDegrees><LongitudeDegrees>18.75627</LongitudeDegrees></Position><AltitudeMeters>9.942</AltitudeMeters><HeartRateBpm><Value>98</Value></HeartRateBpm></Trackpoint><Trackpoint><Time>2026-05-01T08:16:05.906Z</Time><Position><LatitudeDegrees>60.06406</LatitudeDegrees><LongitudeDegrees>18.756239</LongitudeDegrees></Position><AltitudeMeters>9.984</AltitudeMeters><HeartRateBpm><Value>98</Value></HeartRateBpm></Trackpoint><Trackpoint><Time>2026-05-01T08:16:06.915Z</Time><Position><LatitudeDegrees>60.064053</LatitudeDegrees><LongitudeDegrees>18.75621</LongitudeDegrees></Position><AltitudeMeters>9.95</AltitudeMeters><HeartRateBpm><Value>97</Value></HeartRateBpm></Trackpoint><Trackpoint><Time>2026-05-01T08:16:07.924Z</Time><Position><LatitudeDegrees>60.064045</LatitudeDegrees><LongitudeDegrees>18.75618</LongitudeDegrees></Position><AltitudeMeters>9.791</AltitudeMeters><HeartRateBpm><Value>97</Value></HeartRateBpm></Trackpoint><Trackpoint><Time>2026-05-01T08:16:08.933Z</Time><Position><LatitudeDegrees>60.06404</LatitudeDegrees><LongitudeDegrees>18.756151</LongitudeDegrees></Position><AltitudeMeters>9.78</AltitudeMeters><HeartRateBpm><Value>97</Value></HeartRateBpm></Trackpoint><Trackpoint><Time>2026-05-01T08:16:09.942Z</Time><Position><LatitudeDegrees>60.064034</LatitudeDegrees><LongitudeDegrees>18.75612</LongitudeDegrees></Position><AltitudeMeters>9.933</AltitudeMeters><HeartRateBpm><Value>97</Value></HeartRateBpm></Trackpoint><Trackpoint><Time>2026-05-01T08:16:10.948Z</Time><Position><LatitudeDegrees>60.064026</LatitudeDegrees><LongitudeDegrees>18.756092</LongitudeDegrees></Position><AltitudeMeters>10.046</AltitudeMeters><HeartRateBpm><Value>98</Value></HeartRateBpm></Trackpoint><Trackpoint><Time>2026-05-01T08:16:11.958Z</Time><Position><LatitudeDegrees>60.06402</LatitudeDegrees><LongitudeDegrees>18.756062</LongitudeDegrees></Position><AltitudeMeters>10.126</AltitudeMeters><HeartRateBpm><Value>99</Value></HeartRateBpm></Trackpoint><Trackpoint><Time>2026-05-01T08:16:12.967Z</Time><Position><LatitudeDegrees>60.06401</LatitudeDegrees><LongitudeDegrees>18.756033</LongitudeDegrees></Position><AltitudeMeters>10.167</AltitudeMeters><HeartRateBpm><Value>99</Value></HeartRateBpm></Trackpoint><Trackpoint><Time>2026-05-01T08:16:13.976Z</Time><Position><LatitudeDegrees>60.064003</LatitudeDegrees><LongitudeDegrees>18.756002</LongitudeDegrees></Position><AltitudeMeters>10.224</AltitudeMeters><HeartRateBpm><Value>99</Value></HeartRateBpm></Trackpoint><Trackpoint><Time>2026-05-01T08:16:14.984Z</Time><Position><LatitudeDegrees>60.063995</LatitudeDegrees><LongitudeDegrees>18.755974</LongitudeDegrees></Position><AltitudeMeters>10.287</AltitudeMeters><HeartRateBpm><Value>100</Value></HeartRateBpm></Trackpoint><Trackpoint><Time>2026-05-01T08:16:15.995Z</Time><Position><LatitudeDegrees>60.063988</LatitudeDegrees><LongitudeDegrees>18.755943</LongitudeDegrees></Position><AltitudeMeters>10.4</AltitudeMeters><HeartRateBpm><Value>100</Value></HeartRateBpm></Trackpoint><Trackpoint><Time>2026-05-01T08:16:17.003Z</Time><Position><LatitudeDegrees>60.063984</LatitudeDegrees><LongitudeDegrees>18.75591</LongitudeDegrees></Position><AltitudeMeters>10.544</AltitudeMeters><HeartRateBpm><Value>99</Value></HeartRateBpm></Trackpoint><Trackpoint><Time>2026-05-01T08:16:18.010Z</Time><Position><LatitudeDegrees>60.063976</LatitudeDegrees><LongitudeDegrees>18.755882</LongitudeDegrees></Position><AltitudeMeters>10.657</AltitudeMeters><HeartRateBpm><Value>99</Value></HeartRateBpm></Trackpoint><Trackpoint><Time>2026-05-01T08:16:19.019Z</Time><Position><LatitudeDegrees>60.063972</LatitudeDegrees><LongitudeDegrees>18.755852</LongitudeDegrees></Position><AltitudeMeters>10.812</AltitudeMeters><HeartRateBpm><Value>98</Value></HeartRateBpm></Trackpoint><Trackpoint><Time>2026-05-01T08:16:20.026Z</Time><Position><LatitudeDegrees>60.063965</LatitudeDegrees><LongitudeDegrees>18.755821</LongitudeDegrees></Position><AltitudeMeters>10.814</AltitudeMeters><HeartRateBpm><Value>98</Value></HeartRateBpm></Trackpoint><Trackpoint><Time>2026-05-01T08:16:21.035Z</Time><Position><LatitudeDegrees>60.06396</LatitudeDegrees><LongitudeDegrees>18.755793</LongitudeDegrees></Position><AltitudeMeters>10.765</AltitudeMeters><HeartRateBpm><Value>98</Value></HeartRateBpm></Trackpoint><Trackpoint><Time>2026-05-01T08:16:22.043Z</Time><Position><LatitudeDegrees>60.063953</LatitudeDegrees><LongitudeDegrees>18.755762</LongitudeDegrees></Position><AltitudeMeters>10.895</AltitudeMeters><HeartRateBpm><Value>99</Value></HeartRateBpm></Trackpoint><Trackpoint><Time>2026-05-01T08:16:23.053Z</Time><Position><LatitudeDegrees>60.06395</LatitudeDegrees><LongitudeDegrees>18.755732</LongitudeDegrees></Position><AltitudeMeters>10.994</AltitudeMeters><HeartRateBpm><Value>100</Value></HeartRateBpm></Trackpoint><Trackpoint><Time>2026-05-01T08:16:24.062Z</Time><Position><LatitudeDegrees>60.063946</LatitudeDegrees><LongitudeDegrees>18.755701</LongitudeDegrees></Position><AltitudeMeters>11.102</AltitudeMeters><HeartRateBpm><Value>100</Value></HeartRateBpm></Trackpoint><Trackpoint><Time>2026-05-01T08:16:25.070Z</Time><Position><LatitudeDegrees>60.063942</LatitudeDegrees><LongitudeDegrees>18.75567</LongitudeDegrees></Position><AltitudeMeters>11.215</AltitudeMeters><HeartRateBpm><Value>100</Value></HeartRateBpm></Trackpoint><Trackpoint><Time>2026-05-01T08:16:26.078Z</Time><Position><LatitudeDegrees>60.06394</LatitudeDegrees><LongitudeDegrees>18.75564</LongitudeDegrees></Position><AltitudeMeters>11.312</AltitudeMeters><HeartRateBpm><Value>101</Value></HeartRateBpm></Trackpoint><Trackpoint><Time>2026-05-01T08:16:27.088Z</Time><Position><LatitudeDegrees>60.06394</LatitudeDegrees><LongitudeDegrees>18.75561</LongitudeDegrees></Position><AltitudeMeters>11.474</AltitudeMeters><HeartRateBpm><Value>101</Value></HeartRateBpm></Trackpoint><Trackpoint><Time>2026-05-01T08:16:28.097Z</Time><Position><LatitudeDegrees>60.06394</LatitudeDegrees><LongitudeDegrees>18.75558</LongitudeDegrees></Position><AltitudeMeters>11.706</AltitudeMeters><HeartRateBpm><Value>100</Value></HeartRateBpm></Trackpoint><Trackpoint><Time>2026-05-01T08:16:29.106Z</Time><Position><LatitudeDegrees>60.06394</LatitudeDegrees><LongitudeDegrees>18.75555</LongitudeDegrees></Position><AltitudeMeters>11.766</AltitudeMeters><HeartRateBpm><Value>99</Value></HeartRateBpm></Trackpoint><Trackpoint><Time>2026-05-01T08:16:30.114Z</Time><Position><LatitudeDegrees>60.063934</LatitudeDegrees><LongitudeDegrees>18.755522</LongitudeDegrees></Position><AltitudeMeters>11.933</AltitudeMeters><HeartRateBpm><Value>99</Value></HeartRateBpm></Trackpoint><Trackpoint><Time>2026-05-01T08:16:31.123Z</Time><Position><LatitudeDegrees>60.06394</LatitudeDegrees><LongitudeDegrees>18.755493</LongitudeDegrees></Position><AltitudeMeters>12.084</AltitudeMeters><HeartRateBpm><Value>99</Value></HeartRateBpm></Trackpoint><Trackpoint><Time>2026-05-01T08:16:32.130Z</Time><Position><LatitudeDegrees>60.06394</LatitudeDegrees><LongitudeDegrees>18.755466</LongitudeDegrees></Position><AltitudeMeters>12.153</AltitudeMeters><HeartRateBpm><Value>100</Value></HeartRateBpm></Trackpoint><Trackpoint><Time>2026-05-01T08:16:33.139Z</Time><Position><LatitudeDegrees>60.06394</LatitudeDegrees><LongitudeDegrees>18.75544</LongitudeDegrees></Position><AltitudeMeters>12.108</AltitudeMeters><HeartRateBpm><Value>100</Value></HeartRateBpm></Trackpoint><Trackpoint><Time>2026-05-01T08:16:34.148Z</Time><Position><LatitudeDegrees>60.06394</LatitudeDegrees><LongitudeDegrees>18.755413</LongitudeDegrees></Position><AltitudeMeters>12.223</AltitudeMeters><HeartRateBpm><Value>100</Value></HeartRateBpm></Trackpoint><Trackpoint><Time>2026-05-01T08:16:35.157Z</Time><Position><LatitudeDegrees>60.06394</LatitudeDegrees><LongitudeDegrees>18.755386</LongitudeDegrees></Position><AltitudeMeters>12.42</AltitudeMeters><HeartRateBpm><Value>101</Value></HeartRateBpm></Trackpoint><Trackpoint><Time>2026-05-01T08:16:36.160Z</Time><Position><LatitudeDegrees>60.063934</LatitudeDegrees><LongitudeDegrees>18.75536</LongitudeDegrees></Position><AltitudeMeters>12.49</AltitudeMeters><HeartRateBpm><Value>101</Value></HeartRateBpm></Trackpoint><Trackpoint><Time>2026-05-01T08:16:37.160Z</Time><Position><LatitudeDegrees>60.063934</LatitudeDegrees><LongitudeDegrees>18.755333</LongitudeDegrees></Position><AltitudeMeters>12.576</AltitudeMeters><HeartRateBpm><Value>101</Value></HeartRateBpm></Trackpoint><Trackpoint><Time>2026-05-01T08:16:38.162Z</Time><Position><LatitudeDegrees>60.063934</LatitudeDegrees><LongitudeDegrees>18.755308</LongitudeDegrees></Position><AltitudeMeters>12.666</AltitudeMeters><HeartRateBpm><Value>101</Value></HeartRateBpm></Trackpoint><Trackpoint><Time>2026-05-01T08:16:39.169Z</Time><Position><LatitudeDegrees>60.06393</LatitudeDegrees><LongitudeDegrees>18.755281</LongitudeDegrees></Position><AltitudeMeters>12.783</AltitudeMeters><HeartRateBpm><Value>100</Value></HeartRateBpm></Trackpoint><Trackpoint><Time>2026-05-01T08:16:40.178Z</Time><Position><LatitudeDegrees>60.06393</LatitudeDegrees><LongitudeDegrees>18.755253</LongitudeDegrees></Position><AltitudeMeters>12.808</AltitudeMeters><HeartRateBpm><Value>100</Value></HeartRateBpm></Trackpoint><Trackpoint><Time>2026-05-01T08:16:41.186Z</Time><Position><LatitudeDegrees>60.063927</LatitudeDegrees><LongitudeDegrees>18.755224</LongitudeDegrees></Position><AltitudeMeters>12.84</AltitudeMeters><HeartRateBpm><Value>101</Value></HeartRateBpm></Trackpoint><Trackpoint><Time>2026-05-01T08:16:42.195Z</Time><Position><LatitudeDegrees>60.063927</LatitudeDegrees><LongitudeDegrees>18.755196</LongitudeDegrees></Position><AltitudeMeters>12.875</AltitudeMeters><HeartRateBpm><Value>102</Value></HeartRateBpm></Trackpoint><Trackpoint><Time>2026-05-01T08:16:43.205Z</Time><Position><LatitudeDegrees>60.063927</LatitudeDegrees><LongitudeDegrees>18.755167</LongitudeDegrees></Position><AltitudeMeters>12.946</AltitudeMeters><HeartRateBpm><Value>103</Value></HeartRateBpm></Trackpoint><Trackpoint><Time>2026-05-01T08:16:44.214Z</Time><Position><LatitudeDegrees>60.063927</LatitudeDegrees><LongitudeDegrees>18.755136</LongitudeDegrees></Position><AltitudeMeters>12.996</AltitudeMeters><HeartRateBpm><Value>103</Value></HeartRateBpm></Trackpoint><Trackpoint><Time>2026-05-01T08:16:45.223Z</Time><Position><LatitudeDegrees>60.063927</LatitudeDegrees><LongitudeDegrees>18.755108</LongitudeDegrees></Position><AltitudeMeters>13.055</AltitudeMeters><HeartRateBpm><Value>103</Value></HeartRateBpm></Trackpoint><Trackpoint><Time>2026-05-01T08:16:46.230Z</Time><Position><LatitudeDegrees>60.063927</LatitudeDegrees><LongitudeDegrees>18.75508</LongitudeDegrees></Position><AltitudeMeters>13.113</AltitudeMeters><HeartRateBpm><Value>103</Value></HeartRateBpm></Trackpoint><Trackpoint><Time>2026-05-01T08:16:47.239Z</Time><Position><LatitudeDegrees>60.063923</LatitudeDegrees><LongitudeDegrees>18.755053</LongitudeDegrees></Position><AltitudeMeters>13.178</AltitudeMeters><HeartRateBpm><Value>103</Value></HeartRateBpm></Trackpoint><Trackpoint><Time>2026-05-01T08:16:48.249Z</Time><Position><LatitudeDegrees>60.063923</LatitudeDegrees><LongitudeDegrees>18.755024</LongitudeDegrees></Position><AltitudeMeters>13.269</AltitudeMeters><HeartRateBpm><Value>103</Value></HeartRateBpm></Trackpoint><Trackpoint><Time>2026-05-01T08:16:49.258Z</Time><Position><LatitudeDegrees>60.063923</LatitudeDegrees><LongitudeDegrees>18.754997</LongitudeDegrees></Position><AltitudeMeters>13.295</AltitudeMeters><HeartRateBpm><Value>103</Value></HeartRateBpm></Trackpoint><Trackpoint><Time>2026-05-01T08:16:50.267Z</Time><Position><LatitudeDegrees>60.06392</LatitudeDegrees><LongitudeDegrees>18.754969</LongitudeDegrees></Position><AltitudeMeters>13.345</AltitudeMeters><HeartRateBpm><Value>103</Value></HeartRateBpm></Trackpoint><Trackpoint><Time>2026-05-01T08:16:51.275Z</Time><Position><LatitudeDegrees>60.06392</LatitudeDegrees><LongitudeDegrees>18.75494</LongitudeDegrees></Position><AltitudeMeters>13.403</AltitudeMeters><HeartRateBpm><Value>104</Value></HeartRateBpm></Trackpoint><Trackpoint><Time>2026-05-01T08:16:52.284Z</Time><Position><LatitudeDegrees>60.06392</LatitudeDegrees><LongitudeDegrees>18.754911</LongitudeDegrees></Position><AltitudeMeters>13.399</AltitudeMeters><HeartRateBpm><Value>106</Value></HeartRateBpm></Trackpoint><Trackpoint><Time>2026-05-01T08:16:53.293Z</Time><Position><LatitudeDegrees>60.063915</LatitudeDegrees><LongitudeDegrees>18.754885</LongitudeDegrees></Position><AltitudeMeters>13.407</AltitudeMeters><HeartRateBpm><Value>105</Value></HeartRateBpm></Trackpoint><Trackpoint><Time>2026-05-01T08:16:54.302Z</Time><Position><LatitudeDegrees>60.063915</LatitudeDegrees><LongitudeDegrees>18.754856</LongitudeDegrees></Position><AltitudeMeters>13.375</AltitudeMeters><HeartRateBpm><Value>105</Value></HeartRateBpm></Trackpoint><Trackpoint><Time>2026-05-01T08:16:55.310Z</Time><Position><LatitudeDegrees>60.063915</LatitudeDegrees><LongitudeDegrees>18.75483</LongitudeDegrees></Position><AltitudeMeters>13.346</AltitudeMeters><HeartRateBpm><Value>105</Value></HeartRateBpm></Trackpoint><Trackpoint><Time>2026-05-01T08:16:56.318Z</Time><Position><LatitudeDegrees>60.06391</LatitudeDegrees><LongitudeDegrees>18.7548</LongitudeDegrees></Position><AltitudeMeters>13.343</AltitudeMeters><HeartRateBpm><Value>104</Value></HeartRateBpm></Trackpoint><Trackpoint><Time>2026-05-01T08:16:57.326Z</Time><Position><LatitudeDegrees>60.06391</LatitudeDegrees><LongitudeDegrees>18.754774</LongitudeDegrees></Position><AltitudeMeters>13.348</AltitudeMeters><HeartRateBpm><Value>104</Value></HeartRateBpm></Trackpoint><Trackpoint><Time>2026-05-01T08:16:58.335Z</Time><Position><LatitudeDegrees>60.06391</LatitudeDegrees><LongitudeDegrees>18.754747</LongitudeDegrees></Position><AltitudeMeters>13.362</AltitudeMeters><HeartRateBpm><Value>104</Value></HeartRateBpm></Trackpoint><Trackpoint><Time>2026-05-01T08:16:59.345Z</Time><Position><LatitudeDegrees>60.06391</LatitudeDegrees><LongitudeDegrees>18.754723</LongitudeDegrees></Position><AltitudeMeters>13.292</AltitudeMeters><HeartRateBpm><Value>105</Value></HeartRateBpm></Trackpoint><Trackpoint><Time>2026-05-01T08:17:00.354Z</Time><Position><LatitudeDegrees>60.06391</LatitudeDegrees><LongitudeDegrees>18.754694</LongitudeDegrees></Position><AltitudeMeters>13.305</AltitudeMeters><HeartRateBpm><Value>105</Value></HeartRateBpm></Trackpoint><Trackpoint><Time>2026-05-01T08:17:01.362Z</Time><Position><LatitudeDegrees>60.063908</LatitudeDegrees><LongitudeDegrees>18.75467</LongitudeDegrees></Position><AltitudeMeters>13.337</AltitudeMeters><HeartRateBpm><Value>104</Value></HeartRateBpm></Trackpoint><Trackpoint><Time>2026-05-01T08:17:02.369Z</Time><Position><LatitudeDegrees>60.063908</LatitudeDegrees><LongitudeDegrees>18.754642</LongitudeDegrees></Position><AltitudeMeters>13.377</AltitudeMeters><HeartRateBpm><Value>103</Value></HeartRateBpm></Trackpoint><Trackpoint><Time>2026-05-01T08:17:03.378Z</Time><Position><LatitudeDegrees>60.063908</LatitudeDegrees><LongitudeDegrees>18.754616</LongitudeDegrees></Position><AltitudeMeters>13.395</AltitudeMeters><HeartRateBpm><Value>103</Value></HeartRateBpm></Trackpoint><Trackpoint><Time>2026-05-01T08:17:04.387Z</Time><Position><LatitudeDegrees>60.063908</LatitudeDegrees><LongitudeDegrees>18.754591</LongitudeDegrees></Position><AltitudeMeters>13.392</AltitudeMeters><HeartRateBpm><Value>102</Value></HeartRateBpm></Trackpoint><Trackpoint><Time>2026-05-01T08:17:05.396Z</Time><Position><LatitudeDegrees>60.063908</LatitudeDegrees><LongitudeDegrees>18.754566</LongitudeDegrees></Position><AltitudeMeters>13.373</AltitudeMeters><HeartRateBpm><Value>102</Value></HeartRateBpm></Trackpoint><Trackpoint><Time>2026-05-01T08:17:06.405Z</Time><Position><LatitudeDegrees>60.063904</LatitudeDegrees><LongitudeDegrees>18.75454</LongitudeDegrees></Position><AltitudeMeters>13.401</AltitudeMeters><HeartRateBpm><Value>102</Value></HeartRateBpm></Trackpoint><Trackpoint><Time>2026-05-01T08:17:07.415Z</Time><Position><LatitudeDegrees>60.063908</LatitudeDegrees><LongitudeDegrees>18.754517</LongitudeDegrees></Position><AltitudeMeters>13.408</AltitudeMeters><HeartRateBpm><Value>102</Value></HeartRateBpm></Trackpoint><Trackpoint><Time>2026-05-01T08:17:08.423Z</Time><Position><LatitudeDegrees>60.063908</LatitudeDegrees><LongitudeDegrees>18.754494</LongitudeDegrees></Position><AltitudeMeters>13.368</AltitudeMeters><HeartRateBpm><Value>102</Value></HeartRateBpm></Trackpoint><Trackpoint><Time>2026-05-01T08:17:09.433Z</Time><Position><LatitudeDegrees>60.063908</LatitudeDegrees><LongitudeDegrees>18.754469</LongitudeDegrees></Position><AltitudeMeters>13.378</AltitudeMeters><HeartRateBpm><Value>102</Value></HeartRateBpm></Trackpoint><Trackpoint><Time>2026-05-01T08:17:10.440Z</Time><Position><LatitudeDegrees>60.063908</LatitudeDegrees><LongitudeDegrees>18.754446</LongitudeDegrees></Position><AltitudeMeters>13.364</AltitudeMeters><HeartRateBpm><Value>101</Value></HeartRateBpm></Trackpoint><Trackpoint><Time>2026-05-01T08:17:11.448Z</Time><Position><LatitudeDegrees>60.063908</LatitudeDegrees><LongitudeDegrees>18.754421</LongitudeDegrees></Position><AltitudeMeters>13.316</AltitudeMeters><HeartRateBpm><Value>101</Value></HeartRateBpm></Trackpoint><Trackpoint><Time>2026-05-01T08:17:12.455Z</Time><Position><LatitudeDegrees>60.063908</LatitudeDegrees><LongitudeDegrees>18.754396</LongitudeDegrees></Position><AltitudeMeters>13.249</AltitudeMeters><HeartRateBpm><Value>101</Value></HeartRateBpm></Trackpoint><Trackpoint><Time>2026-05-01T08:17:13.463Z</Time><Position><LatitudeDegrees>60.063908</LatitudeDegrees><LongitudeDegrees>18.754372</LongitudeDegrees></Position><AltitudeMeters>13.227</AltitudeMeters><HeartRateBpm><Value>101</Value></HeartRateBpm></Trackpoint><Trackpoint><Time>2026-05-01T08:17:14.472Z</Time><Position><LatitudeDegrees>60.063908</LatitudeDegrees><LongitudeDegrees>18.754347</LongitudeDegrees></Position><AltitudeMeters>13.228</AltitudeMeters><HeartRateBpm><Value>100</Value></HeartRateBpm></Trackpoint><Trackpoint><Time>2026-05-01T08:17:15.481Z</Time><Position><LatitudeDegrees>60.063908</LatitudeDegrees><LongitudeDegrees>18.754322</LongitudeDegrees></Position><AltitudeMeters>13.16</AltitudeMeters><HeartRateBpm><Value>100</Value></HeartRateBpm></Trackpoint><Trackpoint><Time>2026-05-01T08:17:16.488Z</Time><Position><LatitudeDegrees>60.063908</LatitudeDegrees><LongitudeDegrees>18.754297</LongitudeDegrees></Position><AltitudeMeters>13.095</AltitudeMeters><HeartRateBpm><Value>100</Value></HeartRateBpm></Trackpoint><Trackpoint><Time>2026-05-01T08:17:17.497Z</Time><Position><LatitudeDegrees>60.063908</LatitudeDegrees><LongitudeDegrees>18.754272</LongitudeDegrees></Position><AltitudeMeters>13.09</AltitudeMeters><HeartRateBpm><Value>99</Value></HeartRateBpm></Trackpoint><Trackpoint><Time>2026-05-01T08:17:18.505Z</Time><Position><LatitudeDegrees>60.063908</LatitudeDegrees><LongitudeDegrees>18.754246</LongitudeDegrees></Position><AltitudeMeters>13.068</AltitudeMeters><HeartRateBpm><Value>98</Value></HeartRateBpm></Trackpoint><Trackpoint><Time>2026-05-01T08:17:19.510Z</Time><Position><LatitudeDegrees>60.063908</LatitudeDegrees><LongitudeDegrees>18.754221</LongitudeDegrees></Position><AltitudeMeters>13.053</AltitudeMeters><HeartRateBpm><Value>97</Value></HeartRateBpm></Trackpoint><Trackpoint><Time>2026-05-01T08:17:20.519Z</Time><Position><LatitudeDegrees>60.063908</LatitudeDegrees><LongitudeDegrees>18.754194</LongitudeDegrees></Position><AltitudeMeters>13.029</AltitudeMeters><HeartRateBpm><Value>97</Value></HeartRateBpm></Trackpoint><Trackpoint><Time>2026-05-01T08:17:21.528Z</Time><Position><LatitudeDegrees>60.063908</LatitudeDegrees><LongitudeDegrees>18.754166</LongitudeDegrees></Position><AltitudeMeters>12.994</AltitudeMeters><HeartRateBpm><Value>96</Value></HeartRateBpm></Trackpoint><Trackpoint><Time>2026-05-01T08:17:22.537Z</Time><Position><LatitudeDegrees>60.063908</LatitudeDegrees><LongitudeDegrees>18.75414</LongitudeDegrees></Position><AltitudeMeters>12.894</AltitudeMeters><HeartRateBpm><Value>96</Value></HeartRateBpm></Trackpoint><Trackpoint><Time>2026-05-01T08:17:23.545Z</Time><Position><LatitudeDegrees>60.063908</LatitudeDegrees><LongitudeDegrees>18.754116</LongitudeDegrees></Position><AltitudeMeters>12.828</AltitudeMeters><HeartRateBpm><Value>96</Value></HeartRateBpm></Trackpoint><Trackpoint><Time>2026-05-01T08:17:24.554Z</Time><Position><LatitudeDegrees>60.063908</LatitudeDegrees><LongitudeDegrees>18.754093</LongitudeDegrees></Position><AltitudeMeters>12.811</AltitudeMeters><HeartRateBpm><Value>96</Value></HeartRateBpm></Trackpoint><Trackpoint><Time>2026-05-01T08:17:25.563Z</Time><Position><LatitudeDegrees>60.063908</LatitudeDegrees><LongitudeDegrees>18.754068</LongitudeDegrees></Position><AltitudeMeters>12.72</AltitudeMeters><HeartRateBpm><Value>95</Value></HeartRateBpm></Trackpoint><Trackpoint><Time>2026-05-01T08:17:26.572Z</Time><Position><LatitudeDegrees>60.063908</LatitudeDegrees><LongitudeDegrees>18.754038</LongitudeDegrees></Position><AltitudeMeters>12.65</AltitudeMeters><HeartRateBpm><Value>94</Value></HeartRateBpm></Trackpoint><Trackpoint><Time>2026-05-01T08:17:27.577Z</Time><Position><LatitudeDegrees>60.063908</LatitudeDegrees><LongitudeDegrees>18.75401</LongitudeDegrees></Position><AltitudeMeters>12.575</AltitudeMeters><HeartRateBpm><Value>93</Value></HeartRateBpm></Trackpoint><Trackpoint><Time>2026-05-01T08:17:28.587Z</Time><Position><LatitudeDegrees>60.063908</LatitudeDegrees><LongitudeDegrees>18.753983</LongitudeDegrees></Position><AltitudeMeters>12.513</AltitudeMeters><HeartRateBpm><Value>94</Value></HeartRateBpm></Trackpoint><Trackpoint><Time>2026-05-01T08:17:29.596Z</Time><Position><LatitudeDegrees>60.063908</LatitudeDegrees><LongitudeDegrees>18.753954</LongitudeDegrees></Position><AltitudeMeters>12.421</AltitudeMeters><HeartRateBpm><Value>94</Value></HeartRateBpm></Trackpoint><Trackpoint><Time>2026-05-01T08:17:30.605Z</Time><Position><LatitudeDegrees>60.063908</LatitudeDegrees><LongitudeDegrees>18.753925</LongitudeDegrees></Position><AltitudeMeters>12.407</AltitudeMeters><HeartRateBpm><Value>94</Value></HeartRateBpm></Trackpoint><Trackpoint><Time>2026-05-01T08:17:31.614Z</Time><Position><LatitudeDegrees>60.063908</LatitudeDegrees><LongitudeDegrees>18.753893</LongitudeDegrees></Position><AltitudeMeters>12.276</AltitudeMeters><HeartRateBpm><Value>94</Value></HeartRateBpm></Trackpoint><Trackpoint><Time>2026-05-01T08:17:32.623Z</Time><Position><LatitudeDegrees>60.063908</LatitudeDegrees><LongitudeDegrees>18.753859</LongitudeDegrees></Position><AltitudeMeters>12.336</AltitudeMeters><HeartRateBpm><Value>94</Value></HeartRateBpm></Trackpoint><Trackpoint><Time>2026-05-01T08:17:33.630Z</Time><Position><LatitudeDegrees>60.063904</LatitudeDegrees><LongitudeDegrees>18.75383</LongitudeDegrees></Position><AltitudeMeters>12.264</AltitudeMeters><HeartRateBpm><Value>94</Value></HeartRateBpm></Trackpoint><Trackpoint><Time>2026-05-01T08:17:34.639Z</Time><Position><LatitudeDegrees>60.063904</LatitudeDegrees><LongitudeDegrees>18.7538</LongitudeDegrees></Position><AltitudeMeters>12.17</AltitudeMeters><HeartRateBpm><Value>95</Value></HeartRateBpm></Trackpoint><Trackpoint><Time>2026-05-01T08:17:35.649Z</Time><Position><LatitudeDegrees>60.063904</LatitudeDegrees><LongitudeDegrees>18.753767</LongitudeDegrees></Position><AltitudeMeters>12.122</AltitudeMeters><HeartRateBpm><Value>95</Value></HeartRateBpm></Trackpoint><Trackpoint><Time>2026-05-01T08:17:36.656Z</Time><Position><LatitudeDegrees>60.063904</LatitudeDegrees><LongitudeDegrees>18.753735</LongitudeDegrees></Position><AltitudeMeters>12.034</AltitudeMeters><HeartRateBpm><Value>96</Value></HeartRateBpm></Trackpoint><Trackpoint><Time>2026-05-01T08:17:37.666Z</Time><Position><LatitudeDegrees>60.063904</LatitudeDegrees><LongitudeDegrees>18.7537</LongitudeDegrees></Position><AltitudeMeters>12.034</AltitudeMeters><HeartRateBpm><Value>97</Value></HeartRateBpm></Trackpoint><Trackpoint><Time>2026-05-01T08:17:38.675Z</Time><Position><LatitudeDegrees>60.063904</LatitudeDegrees><LongitudeDegrees>18.753664</LongitudeDegrees></Position><AltitudeMeters>12.022</AltitudeMeters><HeartRateBpm><Value>98</Value></HeartRateBpm></Trackpoint><Trackpoint><Time>2026-05-01T08:17:39.685Z</Time><Position><LatitudeDegrees>60.0639</LatitudeDegrees><LongitudeDegrees>18.753632</LongitudeDegrees></Position><AltitudeMeters>11.959</AltitudeMeters><HeartRateBpm><Value>99</Value></HeartRateBpm></Trackpoint><Trackpoint><Time>2026-05-01T08:17:40.693Z</Time><Position><LatitudeDegrees>60.0639</LatitudeDegrees><LongitudeDegrees>18.753595</LongitudeDegrees></Position><AltitudeMeters>11.828</AltitudeMeters><HeartRateBpm><Value>99</Value></HeartRateBpm></Trackpoint><Trackpoint><Time>2026-05-01T08:17:41.703Z</Time><Position><LatitudeDegrees>60.0639</LatitudeDegrees><LongitudeDegrees>18.75356</LongitudeDegrees></Position><AltitudeMeters>11.741</AltitudeMeters><HeartRateBpm><Value>99</Value></HeartRateBpm></Trackpoint><Trackpoint><Time>2026-05-01T08:17:42.710Z</Time><Position><LatitudeDegrees>60.0639</LatitudeDegrees><LongitudeDegrees>18.753525</LongitudeDegrees></Position><AltitudeMeters>11.705</AltitudeMeters><HeartRateBpm><Value>98</Value></HeartRateBpm></Trackpoint><Trackpoint><Time>2026-05-01T08:17:43.719Z</Time><Position><LatitudeDegrees>60.0639</LatitudeDegrees><LongitudeDegrees>18.753489</LongitudeDegrees></Position><AltitudeMeters>11.735</AltitudeMeters><HeartRateBpm><Value>97</Value></HeartRateBpm></Trackpoint><Trackpoint><Time>2026-05-01T08:17:44.728Z</Time><Position><LatitudeDegrees>60.0639</LatitudeDegrees><LongitudeDegrees>18.753452</LongitudeDegrees></Position><AltitudeMeters>11.708</AltitudeMeters><HeartRateBpm><Value>96</Value></HeartRateBpm></Trackpoint><Trackpoint><Time>2026-05-01T08:17:45.733Z</Time><Position><LatitudeDegrees>60.0639</LatitudeDegrees><LongitudeDegrees>18.753416</LongitudeDegrees></Position><AltitudeMeters>11.702</AltitudeMeters><HeartRateBpm><Value>94</Value></HeartRateBpm></Trackpoint><Trackpoint><Time>2026-05-01T08:17:46.735Z</Time><Position><LatitudeDegrees>60.0639</LatitudeDegrees><LongitudeDegrees>18.753382</LongitudeDegrees></Position><AltitudeMeters>11.686</AltitudeMeters><HeartRateBpm><Value>92</Value></HeartRateBpm></Trackpoint><Trackpoint><Time>2026-05-01T08:17:47.738Z</Time><Position><LatitudeDegrees>60.0639</LatitudeDegrees><LongitudeDegrees>18.753345</LongitudeDegrees></Position><AltitudeMeters>11.703</AltitudeMeters><HeartRateBpm><Value>90</Value></HeartRateBpm></Trackpoint><Trackpoint><Time>2026-05-01T08:17:48.740Z</Time><Position><LatitudeDegrees>60.063904</LatitudeDegrees><LongitudeDegrees>18.75331</LongitudeDegrees></Position><AltitudeMeters>11.75</AltitudeMeters><HeartRateBpm><Value>89</Value></HeartRateBpm></Trackpoint><Trackpoint><Time>2026-05-01T08:17:49.749Z</Time><Position><LatitudeDegrees>60.063904</LatitudeDegrees><LongitudeDegrees>18.753273</LongitudeDegrees></Position><AltitudeMeters>11.708</AltitudeMeters><HeartRateBpm><Value>88</Value></HeartRateBpm></Trackpoint><Trackpoint><Time>2026-05-01T08:17:50.758Z</Time><Position><LatitudeDegrees>60.063904</LatitudeDegrees><LongitudeDegrees>18.753235</LongitudeDegrees></Position><AltitudeMeters>11.658</AltitudeMeters><HeartRateBpm><Value>87</Value></HeartRateBpm></Trackpoint><Trackpoint><Time>2026-05-01T08:17:51.766Z</Time><Position><LatitudeDegrees>60.063904</LatitudeDegrees><LongitudeDegrees>18.7532</LongitudeDegrees></Position><AltitudeMeters>11.583</AltitudeMeters><HeartRateBpm><Value>87</Value></HeartRateBpm></Trackpoint><Trackpoint><Time>2026-05-01T08:17:52.774Z</Time><Position><LatitudeDegrees>60.063904</LatitudeDegrees><LongitudeDegrees>18.753166</LongitudeDegrees></Position><AltitudeMeters>11.355</AltitudeMeters><HeartRateBpm><Value>86</Value></HeartRateBpm></Trackpoint><Trackpoint><Time>2026-05-01T08:17:53.784Z</Time><Position><LatitudeDegrees>60.063904</LatitudeDegrees><LongitudeDegrees>18.753136</LongitudeDegrees></Position><AltitudeMeters>11.235</AltitudeMeters><HeartRateBpm><Value>86</Value></HeartRateBpm></Trackpoint><Trackpoint><Time>2026-05-01T08:17:54.793Z</Time><Position><LatitudeDegrees>60.063904</LatitudeDegrees><LongitudeDegrees>18.7531</LongitudeDegrees></Position><AltitudeMeters>11.093</AltitudeMeters><HeartRateBpm><Value>85</Value></HeartRateBpm></Trackpoint><Trackpoint><Time>2026-05-01T08:17:55.799Z</Time><Position><LatitudeDegrees>60.063908</LatitudeDegrees><LongitudeDegrees>18.753065</LongitudeDegrees></Position><AltitudeMeters>10.99</AltitudeMeters><HeartRateBpm><Value>85</Value></HeartRateBpm></Trackpoint><Trackpoint><Time>2026-05-01T08:17:56.808Z</Time><Position><LatitudeDegrees>60.063908</LatitudeDegrees><LongitudeDegrees>18.753036</LongitudeDegrees></Position><AltitudeMeters>10.915</AltitudeMeters><HeartRateBpm><Value>84</Value></HeartRateBpm></Trackpoint><Trackpoint><Time>2026-05-01T08:17:57.816Z</Time><Position><LatitudeDegrees>60.063908</LatitudeDegrees><LongitudeDegrees>18.753004</LongitudeDegrees></Position><AltitudeMeters>10.813</AltitudeMeters><HeartRateBpm><Value>83</Value></HeartRateBpm></Trackpoint><Trackpoint><Time>2026-05-01T08:17:58.825Z</Time><Position><LatitudeDegrees>60.063908</LatitudeDegrees><LongitudeDegrees>18.752964</LongitudeDegrees></Position><AltitudeMeters>10.678</AltitudeMeters><HeartRateBpm><Value>83</Value></HeartRateBpm></Trackpoint><Trackpoint><Time>2026-05-01T08:17:59.835Z</Time><Position><LatitudeDegrees>60.063908</LatitudeDegrees><LongitudeDegrees>18.752932</LongitudeDegrees></Position><AltitudeMeters>10.588</AltitudeMeters><HeartRateBpm><Value>83</Value></HeartRateBpm></Trackpoint><Trackpoint><Time>2026-05-01T08:18:00.844Z</Time><Position><LatitudeDegrees>60.063908</LatitudeDegrees><LongitudeDegrees>18.752895</LongitudeDegrees></Position><AltitudeMeters>10.515</AltitudeMeters><HeartRateBpm><Value>84</Value></HeartRateBpm></Trackpoint><Trackpoint><Time>2026-05-01T08:18:01.853Z</Time><Position><LatitudeDegrees>60.06391</LatitudeDegrees><LongitudeDegrees>18.752869</LongitudeDegrees></Position><AltitudeMeters>10.365</AltitudeMeters><HeartRateBpm><Value>84</Value></HeartRateBpm></Trackpoint><Trackpoint><Time>2026-05-01T08:18:02.862Z</Time><Position><LatitudeDegrees>60.06391</LatitudeDegrees><LongitudeDegrees>18.752844</LongitudeDegrees></Position><AltitudeMeters>10.253</AltitudeMeters><HeartRateBpm><Value>84</Value></HeartRateBpm></Trackpoint><Trackpoint><Time>2026-05-01T08:18:03.870Z</Time><Position><LatitudeDegrees>60.06391</LatitudeDegrees><LongitudeDegrees>18.752821</LongitudeDegrees></Position><AltitudeMeters>10.268</AltitudeMeters><HeartRateBpm><Value>85</Value></HeartRateBpm></Trackpoint><Trackpoint><Time>2026-05-01T08:18:04.879Z</Time><Position><LatitudeDegrees>60.06391</LatitudeDegrees><LongitudeDegrees>18.7528</LongitudeDegrees></Position><AltitudeMeters>10.164</AltitudeMeters><HeartRateBpm><Value>85</Value></HeartRateBpm></Trackpoint><Trackpoint><Time>2026-05-01T08:18:05.887Z</Time><Position><LatitudeDegrees>60.063908</LatitudeDegrees><LongitudeDegrees>18.752779</LongitudeDegrees></Position><AltitudeMeters>10.141</AltitudeMeters><HeartRateBpm><Value>86</Value></HeartRateBpm></Trackpoint><Trackpoint><Time>2026-05-01T08:18:06.896Z</Time><Position><LatitudeDegrees>60.063908</LatitudeDegrees><LongitudeDegrees>18.75276</LongitudeDegrees></Position><AltitudeMeters>10.193</AltitudeMeters><HeartRateBpm><Value>86</Value></HeartRateBpm></Trackpoint><Trackpoint><Time>2026-05-01T08:18:07.905Z</Time><Position><LatitudeDegrees>60.063904</LatitudeDegrees><LongitudeDegrees>18.752743</LongitudeDegrees></Position><AltitudeMeters>10.237</AltitudeMeters><HeartRateBpm><Value>86</Value></HeartRateBpm></Trackpoint><Trackpoint><Time>2026-05-01T08:18:08.914Z</Time><Position><LatitudeDegrees>60.0639</LatitudeDegrees><LongitudeDegrees>18.75272</LongitudeDegrees></Position><AltitudeMeters>10.443</AltitudeMeters><HeartRateBpm><Value>86</Value></HeartRateBpm></Trackpoint><Trackpoint><Time>2026-05-01T08:18:09.924Z</Time><Position><LatitudeDegrees>60.063892</LatitudeDegrees><LongitudeDegrees>18.752695</LongitudeDegrees></Position><AltitudeMeters>10.598</AltitudeMeters><HeartRateBpm><Value>86</Value></HeartRateBpm></Trackpoint><Trackpoint><Time>2026-05-01T08:18:10.932Z</Time><Position><LatitudeDegrees>60.06388</LatitudeDegrees><LongitudeDegrees>18.752666</LongitudeDegrees></Position><AltitudeMeters>10.605</AltitudeMeters><HeartRateBpm><Value>87</Value></HeartRateBpm></Trackpoint><Trackpoint><Time>2026-05-01T08:18:11.939Z</Time><Position><LatitudeDegrees>60.06387</LatitudeDegrees><LongitudeDegrees>18.75264</LongitudeDegrees></Position><AltitudeMeters>10.588</AltitudeMeters><HeartRateBpm><Value>89</Value></HeartRateBpm></Trackpoint><Trackpoint><Time>2026-05-01T08:18:20.697Z</Time><Position><LatitudeDegrees>60.063854</LatitudeDegrees><LongitudeDegrees>18.752611</LongitudeDegrees></Position><AltitudeMeters>10.16</AltitudeMeters><HeartRateBpm><Value>96</Value></HeartRateBpm></Trackpoint><Trackpoint><Time>2026-05-01T08:18:21.699Z</Time><Position><LatitudeDegrees>60.063843</LatitudeDegrees><LongitudeDegrees>18.752583</LongitudeDegrees></Position><AltitudeMeters>10.251</AltitudeMeters><HeartRateBpm><Value>96</Value></HeartRateBpm></Trackpoint><Trackpoint><Time>2026-05-01T08:18:22.697Z</Time><Position><LatitudeDegrees>60.063824</LatitudeDegrees><LongitudeDegrees>18.752556</LongitudeDegrees></Position><AltitudeMeters>10.416</AltitudeMeters><HeartRateBpm><Value>95</Value></HeartRateBpm></Trackpoint><Trackpoint><Time>2026-05-01T08:18:23.698Z</Time><Position><LatitudeDegrees>60.063805</LatitudeDegrees><LongitudeDegrees>18.752531</LongitudeDegrees></Position><AltitudeMeters>10.518</AltitudeMeters><HeartRateBpm><Value>95</Value></HeartRateBpm></Trackpoint><Trackpoint><Time>2026-05-01T08:18:24.698Z</Time><Position><LatitudeDegrees>60.06379</LatitudeDegrees><LongitudeDegrees>18.752514</LongitudeDegrees></Position><AltitudeMeters>10.598</AltitudeMeters><HeartRateBpm><Value>94</Value></HeartRateBpm></Trackpoint><Trackpoint><Time>2026-05-01T08:18:25.701Z</Time><Position><LatitudeDegrees>60.06377</LatitudeDegrees><LongitudeDegrees>18.752508</LongitudeDegrees></Position><AltitudeMeters>10.664</AltitudeMeters><HeartRateBpm><Value>94</Value></HeartRateBpm></Trackpoint><Trackpoint><Time>2026-05-01T08:18:26.700Z</Time><Position><LatitudeDegrees>60.063755</LatitudeDegrees><LongitudeDegrees>18.752504</LongitudeDegrees></Position><AltitudeMeters>10.686</AltitudeMeters><HeartRateBpm><Value>93</Value></HeartRateBpm></Trackpoint><Trackpoint><Time>2026-05-01T08:18:27.702Z</Time><Position><LatitudeDegrees>60.06374</LatitudeDegrees><LongitudeDegrees>18.752504</LongitudeDegrees></Position><AltitudeMeters>10.698</AltitudeMeters><HeartRateBpm><Value>93</Value></HeartRateBpm></Trackpoint><Trackpoint><Time>2026-05-01T08:18:28.702Z</Time><Position><LatitudeDegrees>60.063725</LatitudeDegrees><LongitudeDegrees>18.752504</LongitudeDegrees></Position><AltitudeMeters>10.754</AltitudeMeters><HeartRateBpm><Value>93</Value></HeartRateBpm></Trackpoint><Trackpoint><Time>2026-05-01T08:18:29.704Z</Time><Position><LatitudeDegrees>60.06371</LatitudeDegrees><LongitudeDegrees>18.752504</LongitudeDegrees></Position><AltitudeMeters>10.805</AltitudeMeters><HeartRateBpm><Value>93</Value></HeartRateBpm></Trackpoint><Trackpoint><Time>2026-05-01T08:18:30.704Z</Time><Position><LatitudeDegrees>60.063698</LatitudeDegrees><LongitudeDegrees>18.752506</LongitudeDegrees></Position><AltitudeMeters>10.852</AltitudeMeters><HeartRateBpm><Value>93</Value></HeartRateBpm></Trackpoint><Trackpoint><Time>2026-05-01T08:18:31.705Z</Time><Position><LatitudeDegrees>60.063683</LatitudeDegrees><LongitudeDegrees>18.752506</LongitudeDegrees></Position><AltitudeMeters>10.847</AltitudeMeters><HeartRateBpm><Value>93</Value></HeartRateBpm></Trackpoint><Trackpoint><Time>2026-05-01T08:18:32.706Z</Time><Position><LatitudeDegrees>60.06367</LatitudeDegrees><LongitudeDegrees>18.752502</LongitudeDegrees></Position><AltitudeMeters>10.899</AltitudeMeters><HeartRateBpm><Value>93</Value></HeartRateBpm></Trackpoint><Trackpoint><Time>2026-05-01T08:18:33.707Z</Time><Position><LatitudeDegrees>60.063656</LatitudeDegrees><LongitudeDegrees>18.752497</LongitudeDegrees></Position><AltitudeMeters>11.024</AltitudeMeters><HeartRateBpm><Value>93</Value></HeartRateBpm></Trackpoint><Trackpoint><Time>2026-05-01T08:18:34.708Z</Time><Position><LatitudeDegrees>60.063644</LatitudeDegrees><LongitudeDegrees>18.752491</LongitudeDegrees></Position><AltitudeMeters>11.082</AltitudeMeters><HeartRateBpm><Value>94</Value></HeartRateBpm></Trackpoint><Trackpoint><Time>2026-05-01T08:18:35.709Z</Time><Position><LatitudeDegrees>60.06363</LatitudeDegrees><LongitudeDegrees>18.752483</LongitudeDegrees></Position><AltitudeMeters>11.075</AltitudeMeters><HeartRateBpm><Value>94</Value></HeartRateBpm></Trackpoint><Trackpoint><Time>2026-05-01T08:18:36.712Z</Time><Position><LatitudeDegrees>60.063618</LatitudeDegrees><LongitudeDegrees>18.752476</LongitudeDegrees></Position><AltitudeMeters>11.118</AltitudeMeters><HeartRateBpm><Value>94</Value></HeartRateBpm></Trackpoint><Trackpoint><Time>2026-05-01T08:18:37.721Z</Time><Position><LatitudeDegrees>60.063606</LatitudeDegrees><LongitudeDegrees>18.752466</LongitudeDegrees></Position><AltitudeMeters>11.187</AltitudeMeters><HeartRateBpm><Value>93</Value></HeartRateBpm></Trackpoint><Trackpoint><Time>2026-05-01T08:18:38.728Z</Time><Position><LatitudeDegrees>60.06359</LatitudeDegrees><LongitudeDegrees>18.752457</LongitudeDegrees></Position><AltitudeMeters>11.298</AltitudeMeters><HeartRateBpm><Value>93</Value></HeartRateBpm></Trackpoint><Trackpoint><Time>2026-05-01T08:18:39.737Z</Time><Position><LatitudeDegrees>60.06358</LatitudeDegrees><LongitudeDegrees>18.752447</LongitudeDegrees></Position><AltitudeMeters>11.447</AltitudeMeters><HeartRateBpm><Value>92</Value></HeartRateBpm></Trackpoint><Trackpoint><Time>2026-05-01T08:18:40.745Z</Time><Position><LatitudeDegrees>60.06357</LatitudeDegrees><LongitudeDegrees>18.752438</LongitudeDegrees></Position><AltitudeMeters>11.54</AltitudeMeters><HeartRateBpm><Value>92</Value></HeartRateBpm></Trackpoint><Trackpoint><Time>2026-05-01T08:18:41.753Z</Time><Position><LatitudeDegrees>60.063553</LatitudeDegrees><LongitudeDegrees>18.752428</LongitudeDegrees></Position><AltitudeMeters>11.597</AltitudeMeters><HeartRateBpm><Value>92</Value></HeartRateBpm></Trackpoint><Trackpoint><Time>2026-05-01T08:18:42.764Z</Time><Position><LatitudeDegrees>60.063538</LatitudeDegrees><LongitudeDegrees>18.752419</LongitudeDegrees></Position><AltitudeMeters>11.652</AltitudeMeters><HeartRateBpm><Value>92</Value></HeartRateBpm></Trackpoint><Trackpoint><Time>2026-05-01T08:18:43.771Z</Time><Position><LatitudeDegrees>60.063526</LatitudeDegrees><LongitudeDegrees>18.75241</LongitudeDegrees></Position><AltitudeMeters>11.763</AltitudeMeters><HeartRateBpm><Value>93</Value></HeartRateBpm></Trackpoint><Trackpoint><Time>2026-05-01T08:18:44.780Z</Time><Position><LatitudeDegrees>60.06351</LatitudeDegrees><LongitudeDegrees>18.752401</LongitudeDegrees></Position><AltitudeMeters>11.824</AltitudeMeters><HeartRateBpm><Value>93</Value></HeartRateBpm></Trackpoint><Trackpoint><Time>2026-05-01T08:18:45.788Z</Time><Position><LatitudeDegrees>60.0635</LatitudeDegrees><LongitudeDegrees>18.752396</LongitudeDegrees></Position><AltitudeMeters>11.759</AltitudeMeters><HeartRateBpm><Value>93</Value></HeartRateBpm></Trackpoint><Trackpoint><Time>2026-05-01T08:18:46.798Z</Time><Position><LatitudeDegrees>60.063484</LatitudeDegrees><LongitudeDegrees>18.75239</LongitudeDegrees></Position><AltitudeMeters>11.878</AltitudeMeters><HeartRateBpm><Value>93</Value></HeartRateBpm></Trackpoint><Trackpoint><Time>2026-05-01T08:18:47.806Z</Time><Position><LatitudeDegrees>60.063473</LatitudeDegrees><LongitudeDegrees>18.752388</LongitudeDegrees></Position><AltitudeMeters>11.968</AltitudeMeters><HeartRateBpm><Value>93</Value></HeartRateBpm></Trackpoint><Trackpoint><Time>2026-05-01T08:18:48.814Z</Time><Position><LatitudeDegrees>60.06346</LatitudeDegrees><LongitudeDegrees>18.752388</LongitudeDegrees></Position><AltitudeMeters>11.929</AltitudeMeters><HeartRateBpm><Value>93</Value></HeartRateBpm></Trackpoint><Trackpoint><Time>2026-05-01T08:18:49.822Z</Time><Position><LatitudeDegrees>60.06345</LatitudeDegrees><LongitudeDegrees>18.752388</LongitudeDegrees></Position><AltitudeMeters>11.863</AltitudeMeters><HeartRateBpm><Value>94</Value></HeartRateBpm></Trackpoint><Trackpoint><Time>2026-05-01T08:18:50.831Z</Time><Position><LatitudeDegrees>60.06344</LatitudeDegrees><LongitudeDegrees>18.75239</LongitudeDegrees></Position><AltitudeMeters>11.854</AltitudeMeters><HeartRateBpm><Value>94</Value></HeartRateBpm></Trackpoint><Trackpoint><Time>2026-05-01T08:18:51.840Z</Time><Position><LatitudeDegrees>60.063427</LatitudeDegrees><LongitudeDegrees>18.752396</LongitudeDegrees></Position><AltitudeMeters>11.925</AltitudeMeters><HeartRateBpm><Value>95</Value></HeartRateBpm></Trackpoint><Trackpoint><Time>2026-05-01T08:18:52.849Z</Time><Position><LatitudeDegrees>60.06341</LatitudeDegrees><LongitudeDegrees>18.7524</LongitudeDegrees></Position><AltitudeMeters>11.977</AltitudeMeters><HeartRateBpm><Value>96</Value></HeartRateBpm></Trackpoint><Trackpoint><Time>2026-05-01T08:18:53.858Z</Time><Position><LatitudeDegrees>60.0634</LatitudeDegrees><LongitudeDegrees>18.752403</LongitudeDegrees></Position><AltitudeMeters>12.132</AltitudeMeters><HeartRateBpm><Value>96</Value></HeartRateBpm></Trackpoint><Trackpoint><Time>2026-05-01T08:18:54.867Z</Time><Position><LatitudeDegrees>60.06339</LatitudeDegrees><LongitudeDegrees>18.752405</LongitudeDegrees></Position><AltitudeMeters>12.259</AltitudeMeters><HeartRateBpm><Value>96</Value></HeartRateBpm></Trackpoint><Trackpoint><Time>2026-05-01T08:18:55.876Z</Time><Position><LatitudeDegrees>60.063374</LatitudeDegrees><LongitudeDegrees>18.752405</LongitudeDegrees></Position><AltitudeMeters>12.324</AltitudeMeters><HeartRateBpm><Value>95</Value></HeartRateBpm></Trackpoint><Trackpoint><Time>2026-05-01T08:18:56.886Z</Time><Position><LatitudeDegrees>60.063362</LatitudeDegrees><LongitudeDegrees>18.752405</LongitudeDegrees></Position><AltitudeMeters>12.369</AltitudeMeters><HeartRateBpm><Value>95</Value></HeartRateBpm></Trackpoint><Trackpoint><Time>2026-05-01T08:18:57.893Z</Time><Position><LatitudeDegrees>60.06335</LatitudeDegrees><LongitudeDegrees>18.752405</LongitudeDegrees></Position><AltitudeMeters>12.409</AltitudeMeters><HeartRateBpm><Value>95</Value></HeartRateBpm></Trackpoint><Trackpoint><Time>2026-05-01T08:18:58.904Z</Time><Position><LatitudeDegrees>60.063335</LatitudeDegrees><LongitudeDegrees>18.752403</LongitudeDegrees></Position><AltitudeMeters>12.495</AltitudeMeters><HeartRateBpm><Value>95</Value></HeartRateBpm></Trackpoint><Trackpoint><Time>2026-05-01T08:18:59.911Z</Time><Position><LatitudeDegrees>60.063324</LatitudeDegrees><LongitudeDegrees>18.752403</LongitudeDegrees></Position><AltitudeMeters>12.538</AltitudeMeters><HeartRateBpm><Value>96</Value></HeartRateBpm></Trackpoint><Trackpoint><Time>2026-05-01T08:19:00.920Z</Time><Position><LatitudeDegrees>60.063313</LatitudeDegrees><LongitudeDegrees>18.752401</LongitudeDegrees></Position><AltitudeMeters>12.589</AltitudeMeters><HeartRateBpm><Value>96</Value></HeartRateBpm></Trackpoint><Trackpoint><Time>2026-05-01T08:19:01.929Z</Time><Position><LatitudeDegrees>60.0633</LatitudeDegrees><LongitudeDegrees>18.752398</LongitudeDegrees></Position><AltitudeMeters>12.664</AltitudeMeters><HeartRateBpm><Value>96</Value></HeartRateBpm></Trackpoint><Trackpoint><Time>2026-05-01T08:19:02.936Z</Time><Position><LatitudeDegrees>60.06329</LatitudeDegrees><LongitudeDegrees>18.752396</LongitudeDegrees></Position><AltitudeMeters>12.661</AltitudeMeters><HeartRateBpm><Value>97</Value></HeartRateBpm></Trackpoint><Trackpoint><Time>2026-05-01T08:19:03.946Z</Time><Position><LatitudeDegrees>60.06328</LatitudeDegrees><LongitudeDegrees>18.752392</LongitudeDegrees></Position><AltitudeMeters>12.658</AltitudeMeters><HeartRateBpm><Value>97</Value></HeartRateBpm></Trackpoint><Trackpoint><Time>2026-05-01T08:19:04.953Z</Time><Position><LatitudeDegrees>60.063267</LatitudeDegrees><LongitudeDegrees>18.752388</LongitudeDegrees></Position><AltitudeMeters>12.676</AltitudeMeters><HeartRateBpm><Value>97</Value></HeartRateBpm></Trackpoint><Trackpoint><Time>2026-05-01T08:19:05.965Z</Time><Position><LatitudeDegrees>60.063255</LatitudeDegrees><LongitudeDegrees>18.752384</LongitudeDegrees></Position><AltitudeMeters>12.761</AltitudeMeters><HeartRateBpm><Value>96</Value></HeartRateBpm></Trackpoint><Trackpoint><Time>2026-05-01T08:19:06.971Z</Time><Position><LatitudeDegrees>60.06324</LatitudeDegrees><LongitudeDegrees>18.752382</LongitudeDegrees></Position><AltitudeMeters>12.859</AltitudeMeters><HeartRateBpm><Value>96</Value></HeartRateBpm></Trackpoint><Trackpoint><Time>2026-05-01T08:19:07.983Z</Time><Position><LatitudeDegrees>60.06323</LatitudeDegrees><LongitudeDegrees>18.75238</LongitudeDegrees></Position><AltitudeMeters>12.953</AltitudeMeters><HeartRateBpm><Value>95</Value></HeartRateBpm></Trackpoint><Trackpoint><Time>2026-05-01T08:19:08.990Z</Time><Position><LatitudeDegrees>60.063217</LatitudeDegrees><LongitudeDegrees>18.752378</LongitudeDegrees></Position><AltitudeMeters>12.997</AltitudeMeters><HeartRateBpm><Value>95</Value></HeartRateBpm></Trackpoint><Trackpoint><Time>2026-05-01T08:19:10Z</Time><Position><LatitudeDegrees>60.063206</LatitudeDegrees><LongitudeDegrees>18.752378</LongitudeDegrees></Position><AltitudeMeters>13.119</AltitudeMeters><HeartRateBpm><Value>94</Value></HeartRateBpm></Trackpoint><Trackpoint><Time>2026-05-01T08:19:11.008Z</Time><Position><LatitudeDegrees>60.06319</LatitudeDegrees><LongitudeDegrees>18.752377</LongitudeDegrees></Position><AltitudeMeters>13.24</AltitudeMeters><HeartRateBpm><Value>94</Value></HeartRateBpm></Trackpoint><Trackpoint><Time>2026-05-01T08:19:12.017Z</Time><Position><LatitudeDegrees>60.06318</LatitudeDegrees><LongitudeDegrees>18.752375</LongitudeDegrees></Position><AltitudeMeters>13.295</AltitudeMeters><HeartRateBpm><Value>93</Value></HeartRateBpm></Trackpoint><Trackpoint><Time>2026-05-01T08:19:13.025Z</Time><Position><LatitudeDegrees>60.063168</LatitudeDegrees><LongitudeDegrees>18.752373</LongitudeDegrees></Position><AltitudeMeters>13.365</AltitudeMeters><HeartRateBpm><Value>93</Value></HeartRateBpm></Trackpoint><Trackpoint><Time>2026-05-01T08:19:14.034Z</Time><Position><LatitudeDegrees>60.063156</LatitudeDegrees><LongitudeDegrees>18.75237</LongitudeDegrees></Position><AltitudeMeters>13.381</AltitudeMeters><HeartRateBpm><Value>93</Value></HeartRateBpm></Trackpoint><Trackpoint><Time>2026-05-01T08:19:15.041Z</Time><Position><LatitudeDegrees>60.063145</LatitudeDegrees><LongitudeDegrees>18.752369</LongitudeDegrees></Position><AltitudeMeters>13.388</AltitudeMeters><HeartRateBpm><Value>93</Value></HeartRateBpm></Trackpoint><Trackpoint><Time>2026-05-01T08:19:16.050Z</Time><Position><LatitudeDegrees>60.063133</LatitudeDegrees><LongitudeDegrees>18.752369</LongitudeDegrees></Position><AltitudeMeters>13.398</AltitudeMeters><HeartRateBpm><Value>93</Value></HeartRateBpm></Trackpoint><Trackpoint><Time>2026-05-01T08:19:17.059Z</Time><Position><LatitudeDegrees>60.063126</LatitudeDegrees><LongitudeDegrees>18.752369</LongitudeDegrees></Position><AltitudeMeters>13.422</AltitudeMeters><HeartRateBpm><Value>92</Value></HeartRateBpm></Trackpoint><Trackpoint><Time>2026-05-01T08:19:18.068Z</Time><Position><LatitudeDegrees>60.063118</LatitudeDegrees><LongitudeDegrees>18.752369</LongitudeDegrees></Position><AltitudeMeters>13.419</AltitudeMeters><HeartRateBpm><Value>92</Value></HeartRateBpm></Trackpoint><Trackpoint><Time>2026-05-01T08:19:19.076Z</Time><Position><LatitudeDegrees>60.063107</LatitudeDegrees><LongitudeDegrees>18.752369</LongitudeDegrees></Position><AltitudeMeters>13.405</AltitudeMeters><HeartRateBpm><Value>91</Value></HeartRateBpm></Trackpoint><Trackpoint><Time>2026-05-01T08:19:20.085Z</Time><Position><LatitudeDegrees>60.0631</LatitudeDegrees><LongitudeDegrees>18.752369</LongitudeDegrees></Position><AltitudeMeters>13.336</AltitudeMeters><HeartRateBpm><Value>91</Value></HeartRateBpm></Trackpoint><Trackpoint><Time>2026-05-01T08:19:21.093Z</Time><Position><LatitudeDegrees>60.063087</LatitudeDegrees><LongitudeDegrees>18.752369</LongitudeDegrees></Position><AltitudeMeters>13.356</AltitudeMeters><HeartRateBpm><Value>91</Value></HeartRateBpm></Trackpoint><Trackpoint><Time>2026-05-01T08:19:22.104Z</Time><Position><LatitudeDegrees>60.06308</LatitudeDegrees><LongitudeDegrees>18.752369</LongitudeDegrees></Position><AltitudeMeters>13.37</AltitudeMeters><HeartRateBpm><Value>92</Value></HeartRateBpm></Trackpoint><Trackpoint><Time>2026-05-01T08:19:23.111Z</Time><Position><LatitudeDegrees>60.063072</LatitudeDegrees><LongitudeDegrees>18.752369</LongitudeDegrees></Position><AltitudeMeters>13.466</AltitudeMeters><HeartRateBpm><Value>92</Value></HeartRateBpm></Trackpoint><Trackpoint><Time>2026-05-01T08:19:24.120Z</Time><Position><LatitudeDegrees>60.06306</LatitudeDegrees><LongitudeDegrees>18.752367</LongitudeDegrees></Position><AltitudeMeters>13.64</AltitudeMeters><HeartRateBpm><Value>93</Value></HeartRateBpm></Trackpoint><Trackpoint><Time>2026-05-01T08:19:25.127Z</Time><Position><LatitudeDegrees>60.06305</LatitudeDegrees><LongitudeDegrees>18.752367</LongitudeDegrees></Position><AltitudeMeters>13.718</AltitudeMeters><HeartRateBpm><Value>93</Value></HeartRateBpm></Trackpoint><Trackpoint><Time>2026-05-01T08:19:26.136Z</Time><Position><LatitudeDegrees>60.06304</LatitudeDegrees><LongitudeDegrees>18.752363</LongitudeDegrees></Position><AltitudeMeters>13.773</AltitudeMeters><HeartRateBpm><Value>93</Value></HeartRateBpm></Trackpoint><Trackpoint><Time>2026-05-01T08:19:27.146Z</Time><Position><LatitudeDegrees>60.06303</LatitudeDegrees><LongitudeDegrees>18.75236</LongitudeDegrees></Position><AltitudeMeters>13.966</AltitudeMeters><HeartRateBpm><Value>93</Value></HeartRateBpm></Trackpoint><Trackpoint><Time>2026-05-01T08:19:28.153Z</Time><Position><LatitudeDegrees>60.06302</LatitudeDegrees><LongitudeDegrees>18.752356</LongitudeDegrees></Position><AltitudeMeters>14.033</AltitudeMeters><HeartRateBpm><Value>94</Value></HeartRateBpm></Trackpoint><Trackpoint><Time>2026-05-01T08:19:29.162Z</Time><Position><LatitudeDegrees>60.063007</LatitudeDegrees><LongitudeDegrees>18.75235</LongitudeDegrees></Position><AltitudeMeters>14.06</AltitudeMeters><HeartRateBpm><Value>95</Value></HeartRateBpm></Trackpoint><Trackpoint><Time>2026-05-01T08:19:30.172Z</Time><Position><LatitudeDegrees>60.062996</LatitudeDegrees><LongitudeDegrees>18.752344</LongitudeDegrees></Position><AltitudeMeters>14.098</AltitudeMeters><HeartRateBpm><Value>96</Value></HeartRateBpm></Trackpoint><Trackpoint><Time>2026-05-01T08:19:31.179Z</Time><Position><LatitudeDegrees>60.062984</LatitudeDegrees><LongitudeDegrees>18.752338</LongitudeDegrees></Position><AltitudeMeters>14.168</AltitudeMeters><HeartRateBpm><Value>97</Value></HeartRateBpm></Trackpoint><Trackpoint><Time>2026-05-01T08:19:32.188Z</Time><Position><LatitudeDegrees>60.06297</LatitudeDegrees><LongitudeDegrees>18.75233</LongitudeDegrees></Position><AltitudeMeters>14.26</AltitudeMeters><HeartRateBpm><Value>98</Value></HeartRateBpm></Trackpoint><Trackpoint><Time>2026-05-01T08:19:33.197Z</Time><Position><LatitudeDegrees>60.062958</LatitudeDegrees><LongitudeDegrees>18.752323</LongitudeDegrees></Position><AltitudeMeters>14.316</AltitudeMeters><HeartRateBpm><Value>100</Value></HeartRateBpm></Trackpoint><Trackpoint><Time>2026-05-01T08:19:34.205Z</Time><Position><LatitudeDegrees>60.062943</LatitudeDegrees><LongitudeDegrees>18.752316</LongitudeDegrees></Position><AltitudeMeters>14.297</AltitudeMeters><HeartRateBpm><Value>101</Value></HeartRateBpm></Trackpoint><Trackpoint><Time>2026-05-01T08:19:35.215Z</Time><Position><LatitudeDegrees>60.06293</LatitudeDegrees><LongitudeDegrees>18.752312</LongitudeDegrees></Position><AltitudeMeters>14.306</AltitudeMeters><HeartRateBpm><Value>101</Value></HeartRateBpm></Trackpoint><Trackpoint><Time>2026-05-01T08:19:36.222Z</Time><Position><LatitudeDegrees>60.06292</LatitudeDegrees><LongitudeDegrees>18.75231</LongitudeDegrees></Position><AltitudeMeters>14.349</AltitudeMeters><HeartRateBpm><Value>102</Value></HeartRateBpm></Trackpoint><Trackpoint><Time>2026-05-01T08:19:37.233Z</Time><Position><LatitudeDegrees>60.06291</LatitudeDegrees><LongitudeDegrees>18.75231</LongitudeDegrees></Position><AltitudeMeters>14.433</AltitudeMeters><HeartRateBpm><Value>102</Value></HeartRateBpm></Trackpoint><Trackpoint><Time>2026-05-01T08:19:38.241Z</Time><Position><LatitudeDegrees>60.0629</LatitudeDegrees><LongitudeDegrees>18.752312</LongitudeDegrees></Position><AltitudeMeters>14.423</AltitudeMeters><HeartRateBpm><Value>102</Value></HeartRateBpm></Trackpoint><Trackpoint><Time>2026-05-01T08:19:39.249Z</Time><Position><LatitudeDegrees>60.06289</LatitudeDegrees><LongitudeDegrees>18.752312</LongitudeDegrees></Position><AltitudeMeters>14.46</AltitudeMeters><HeartRateBpm><Value>101</Value></HeartRateBpm></Trackpoint><Trackpoint><Time>2026-05-01T08:19:40.258Z</Time><Position><LatitudeDegrees>60.06288</LatitudeDegrees><LongitudeDegrees>18.752314</LongitudeDegrees></Position><AltitudeMeters>14.481</AltitudeMeters><HeartRateBpm><Value>101</Value></HeartRateBpm></Trackpoint><Trackpoint><Time>2026-05-01T08:19:41.266Z</Time><Position><LatitudeDegrees>60.062874</LatitudeDegrees><LongitudeDegrees>18.752316</LongitudeDegrees></Position><AltitudeMeters>14.561</AltitudeMeters><HeartRateBpm><Value>101</Value></HeartRateBpm></Trackpoint><Trackpoint><Time>2026-05-01T08:19:42.275Z</Time><Position><LatitudeDegrees>60.062866</LatitudeDegrees><LongitudeDegrees>18.752317</LongitudeDegrees></Position><AltitudeMeters>14.733</AltitudeMeters><HeartRateBpm><Value>100</Value></HeartRateBpm></Trackpoint><Trackpoint><Time>2026-05-01T08:19:43.283Z</Time><Position><LatitudeDegrees>60.06286</LatitudeDegrees><LongitudeDegrees>18.752321</LongitudeDegrees></Position><AltitudeMeters>14.844</AltitudeMeters><HeartRateBpm><Value>100</Value></HeartRateBpm></Trackpoint><Trackpoint><Time>2026-05-01T08:19:44.291Z</Time><Position><LatitudeDegrees>60.062847</LatitudeDegrees><LongitudeDegrees>18.752323</LongitudeDegrees></Position><AltitudeMeters>14.91</AltitudeMeters><HeartRateBpm><Value>99</Value></HeartRateBpm></Trackpoint><Trackpoint><Time>2026-05-01T08:19:45.300Z</Time><Position><LatitudeDegrees>60.06284</LatitudeDegrees><LongitudeDegrees>18.752325</LongitudeDegrees></Position><AltitudeMeters>15.023</AltitudeMeters><HeartRateBpm><Value>99</Value></HeartRateBpm></Trackpoint><Trackpoint><Time>2026-05-01T08:19:46.310Z</Time><Position><LatitudeDegrees>60.062828</LatitudeDegrees><LongitudeDegrees>18.752329</LongitudeDegrees></Position><AltitudeMeters>15.106</AltitudeMeters><HeartRateBpm><Value>99</Value></HeartRateBpm></Trackpoint><Trackpoint><Time>2026-05-01T08:19:47.319Z</Time><Position><LatitudeDegrees>60.062817</LatitudeDegrees><LongitudeDegrees>18.75233</LongitudeDegrees></Position><AltitudeMeters>14.694</AltitudeMeters><HeartRateBpm><Value>98</Value></HeartRateBpm></Trackpoint><Trackpoint><Time>2026-05-01T08:19:48.328Z</Time><Position><LatitudeDegrees>60.062805</LatitudeDegrees><LongitudeDegrees>18.75233</LongitudeDegrees></Position><AltitudeMeters>14.497</AltitudeMeters><HeartRateBpm><Value>98</Value></HeartRateBpm></Trackpoint><Trackpoint><Time>2026-05-01T08:19:49.337Z</Time><Position><LatitudeDegrees>60.06279</LatitudeDegrees><LongitudeDegrees>18.75233</LongitudeDegrees></Position><AltitudeMeters>14.38</AltitudeMeters><HeartRateBpm><Value>98</Value></HeartRateBpm></Trackpoint><Trackpoint><Time>2026-05-01T08:19:50.347Z</Time><Position><LatitudeDegrees>60.062775</LatitudeDegrees><LongitudeDegrees>18.752329</LongitudeDegrees></Position><AltitudeMeters>14.359</AltitudeMeters><HeartRateBpm><Value>97</Value></HeartRateBpm></Trackpoint><Trackpoint><Time>2026-05-01T08:19:51.353Z</Time><Position><LatitudeDegrees>60.06276</LatitudeDegrees><LongitudeDegrees>18.752327</LongitudeDegrees></Position><AltitudeMeters>14.526</AltitudeMeters><HeartRateBpm><Value>97</Value></HeartRateBpm></Trackpoint><Trackpoint><Time>2026-05-01T08:19:52.361Z</Time><Position><LatitudeDegrees>60.062744</LatitudeDegrees><LongitudeDegrees>18.752323</LongitudeDegrees></Position><AltitudeMeters>14.638</AltitudeMeters><HeartRateBpm><Value>97</Value></HeartRateBpm></Trackpoint><Trackpoint><Time>2026-05-01T08:19:53.369Z</Time><Position><LatitudeDegrees>60.06273</LatitudeDegrees><LongitudeDegrees>18.75232</LongitudeDegrees></Position><AltitudeMeters>14.62</AltitudeMeters><HeartRateBpm><Value>98</Value></HeartRateBpm></Trackpoint><Trackpoint><Time>2026-05-01T08:19:54.378Z</Time><Position><LatitudeDegrees>60.062714</LatitudeDegrees><LongitudeDegrees>18.752316</LongitudeDegrees></Position><AltitudeMeters>14.581</AltitudeMeters><HeartRateBpm><Value>97</Value></HeartRateBpm></Trackpoint><Trackpoint><Time>2026-05-01T08:19:55.387Z</Time><Position><LatitudeDegrees>60.0627</LatitudeDegrees><LongitudeDegrees>18.75231</LongitudeDegrees></Position><AltitudeMeters>14.517</AltitudeMeters><HeartRateBpm><Value>98</Value></HeartRateBpm></Trackpoint><Trackpoint><Time>2026-05-01T08:19:56.396Z</Time><Position><LatitudeDegrees>60.062683</LatitudeDegrees><LongitudeDegrees>18.752306</LongitudeDegrees></Position><AltitudeMeters>14.416</AltitudeMeters><HeartRateBpm><Value>98</Value></HeartRateBpm></Trackpoint><Trackpoint><Time>2026-05-01T08:19:57.405Z</Time><Position><LatitudeDegrees>60.062668</LatitudeDegrees><LongitudeDegrees>18.7523</LongitudeDegrees></Position><AltitudeMeters>14.442</AltitudeMeters><HeartRateBpm><Value>98</Value></HeartRateBpm></Trackpoint><Trackpoint><Time>2026-05-01T08:19:58.411Z</Time><Position><LatitudeDegrees>60.062653</LatitudeDegrees><LongitudeDegrees>18.752295</LongitudeDegrees></Position><AltitudeMeters>14.398</AltitudeMeters><HeartRateBpm><Value>98</Value></HeartRateBpm></Trackpoint><Trackpoint><Time>2026-05-01T08:19:59.420Z</Time><Position><LatitudeDegrees>60.062637</LatitudeDegrees><LongitudeDegrees>18.752289</LongitudeDegrees></Position><AltitudeMeters>14.462</AltitudeMeters><HeartRateBpm><Value>98</Value></HeartRateBpm></Trackpoint><Trackpoint><Time>2026-05-01T08:20:00.429Z</Time><Position><LatitudeDegrees>60.062622</LatitudeDegrees><LongitudeDegrees>18.752283</LongitudeDegrees></Position><AltitudeMeters>14.474</AltitudeMeters><HeartRateBpm><Value>98</Value></HeartRateBpm></Trackpoint><Trackpoint><Time>2026-05-01T08:20:01.438Z</Time><Position><LatitudeDegrees>60.06261</LatitudeDegrees><LongitudeDegrees>18.752275</LongitudeDegrees></Position><AltitudeMeters>14.653</AltitudeMeters><HeartRateBpm><Value>98</Value></HeartRateBpm></Trackpoint><Trackpoint><Time>2026-05-01T08:20:02.447Z</Time><Position><LatitudeDegrees>60.0626</LatitudeDegrees><LongitudeDegrees>18.75227</LongitudeDegrees></Position><AltitudeMeters>14.896</AltitudeMeters><HeartRateBpm><Value>98</Value></HeartRateBpm></Trackpoint><Trackpoint><Time>2026-05-01T08:20:03.456Z</Time><Position><LatitudeDegrees>60.062588</LatitudeDegrees><LongitudeDegrees>18.752266</LongitudeDegrees></Position><AltitudeMeters>14.884</AltitudeMeters><HeartRateBpm><Value>98</Value></HeartRateBpm></Trackpoint><Trackpoint><Time>2026-05-01T08:20:04.463Z</Time><Position><LatitudeDegrees>60.062576</LatitudeDegrees><LongitudeDegrees>18.752262</LongitudeDegrees></Position><AltitudeMeters>14.857</AltitudeMeters><HeartRateBpm><Value>98</Value></HeartRateBpm></Trackpoint><Trackpoint><Time>2026-05-01T08:20:05.470Z</Time><Position><LatitudeDegrees>60.062565</LatitudeDegrees><LongitudeDegrees>18.75226</LongitudeDegrees></Position><AltitudeMeters>14.733</AltitudeMeters><HeartRateBpm><Value>98</Value></HeartRateBpm></Trackpoint><Trackpoint><Time>2026-05-01T08:20:06.478Z</Time><Position><LatitudeDegrees>60.062553</LatitudeDegrees><LongitudeDegrees>18.752256</LongitudeDegrees></Position><AltitudeMeters>14.653</AltitudeMeters><HeartRateBpm><Value>98</Value></HeartRateBpm></Trackpoint><Trackpoint><Time>2026-05-01T08:20:07.487Z</Time><Position><LatitudeDegrees>60.062542</LatitudeDegrees><LongitudeDegrees>18.752256</LongitudeDegrees></Position><AltitudeMeters>14.617</AltitudeMeters><HeartRateBpm><Value>98</Value></HeartRateBpm></Trackpoint><Trackpoint><Time>2026-05-01T08:20:08.496Z</Time><Position><LatitudeDegrees>60.062534</LatitudeDegrees><LongitudeDegrees>18.752256</LongitudeDegrees></Position><AltitudeMeters>14.623</AltitudeMeters><HeartRateBpm><Value>99</Value></HeartRateBpm></Trackpoint><Trackpoint><Time>2026-05-01T08:20:09.506Z</Time><Position><LatitudeDegrees>60.06252</LatitudeDegrees><LongitudeDegrees>18.752256</LongitudeDegrees></Position><AltitudeMeters>14.53</AltitudeMeters><HeartRateBpm><Value>99</Value></HeartRateBpm></Trackpoint><Trackpoint><Time>2026-05-01T08:20:10.513Z</Time><Position><LatitudeDegrees>60.062504</LatitudeDegrees><LongitudeDegrees>18.752254</LongitudeDegrees></Position><AltitudeMeters>14.595</AltitudeMeters><HeartRateBpm><Value>100</Value></HeartRateBpm></Trackpoint><Trackpoint><Time>2026-05-01T08:20:11.521Z</Time><Position><LatitudeDegrees>60.062485</LatitudeDegrees><LongitudeDegrees>18.75225</LongitudeDegrees></Position><AltitudeMeters>14.619</AltitudeMeters><HeartRateBpm><Value>99</Value></HeartRateBpm></Trackpoint><Trackpoint><Time>2026-05-01T08:20:12.530Z</Time><Position><LatitudeDegrees>60.06246</LatitudeDegrees><LongitudeDegrees>18.752247</LongitudeDegrees></Position><AltitudeMeters>14.616</AltitudeMeters><HeartRateBpm><Value>99</Value></HeartRateBpm></Trackpoint><Trackpoint><Time>2026-05-01T08:20:13.538Z</Time><Position><LatitudeDegrees>60.062435</LatitudeDegrees><LongitudeDegrees>18.75224</LongitudeDegrees></Position><AltitudeMeters>14.624</AltitudeMeters><HeartRateBpm><Value>98</Value></HeartRateBpm></Trackpoint><Trackpoint><Time>2026-05-01T08:20:59.705Z</Time><Position><LatitudeDegrees>60.062412</LatitudeDegrees><LongitudeDegrees>18.752234</LongitudeDegrees></Position><AltitudeMeters>14.654</AltitudeMeters><HeartRateBpm><Value>96</Value></HeartRateBpm></Trackpoint><Trackpoint><Time>2026-05-01T08:21:00.706Z</Time><Position><LatitudeDegrees>60.06239</LatitudeDegrees><LongitudeDegrees>18.752228</LongitudeDegrees></Position><AltitudeMeters>14.665</AltitudeMeters><HeartRateBpm><Value>96</Value></HeartRateBpm></Trackpoint><Trackpoint><Time>2026-05-01T08:21:01.705Z</Time><Position><LatitudeDegrees>60.062363</LatitudeDegrees><LongitudeDegrees>18.75222</LongitudeDegrees></Position><AltitudeMeters>14.695</AltitudeMeters><HeartRateBpm><Value>95</Value></HeartRateBpm></Trackpoint><Trackpoint><Time>2026-05-01T08:21:02.706Z</Time><Position><LatitudeDegrees>60.062344</LatitudeDegrees><LongitudeDegrees>18.752214</LongitudeDegrees></Position><AltitudeMeters>14.685</AltitudeMeters><HeartRateBpm><Value>94</Value></HeartRateBpm></Trackpoint><Trackpoint><Time>2026-05-01T08:21:03.705Z</Time><Position><LatitudeDegrees>60.062325</LatitudeDegrees><LongitudeDegrees>18.752209</LongitudeDegrees></Position><AltitudeMeters>14.682</AltitudeMeters><HeartRateBpm><Value>93</Value></HeartRateBpm></Trackpoint><Trackpoint><Time>2026-05-01T08:21:04.705Z</Time><Position><LatitudeDegrees>60.06231</LatitudeDegrees><LongitudeDegrees>18.752203</LongitudeDegrees></Position><AltitudeMeters>14.584</AltitudeMeters><HeartRateBpm><Value>92</Value></HeartRateBpm></Trackpoint><Trackpoint><Time>2026-05-01T08:21:05.705Z</Time><Position><LatitudeDegrees>60.062294</LatitudeDegrees><LongitudeDegrees>18.752197</LongitudeDegrees></Position><AltitudeMeters>14.505</AltitudeMeters><HeartRateBpm><Value>91</Value></HeartRateBpm></Trackpoint><Trackpoint><Time>2026-05-01T08:21:06.705Z</Time><Position><LatitudeDegrees>60.06228</LatitudeDegrees><LongitudeDegrees>18.752193</LongitudeDegrees></Position><AltitudeMeters>14.505</AltitudeMeters><HeartRateBpm><Value>90</Value></HeartRateBpm></Trackpoint><Trackpoint><Time>2026-05-01T08:21:07.705Z</Time><Position><LatitudeDegrees>60.062267</LatitudeDegrees><LongitudeDegrees>18.75219</LongitudeDegrees></Position><AltitudeMeters>14.533</AltitudeMeters><HeartRateBpm><Value>90</Value></HeartRateBpm></Trackpoint><Trackpoint><Time>2026-05-01T08:21:08.705Z</Time><Position><LatitudeDegrees>60.062256</LatitudeDegrees><LongitudeDegrees>18.752186</LongitudeDegrees></Position><AltitudeMeters>14.681</AltitudeMeters><HeartRateBpm><Value>89</Value></HeartRateBpm></Trackpoint><Trackpoint><Time>2026-05-01T08:21:09.706Z</Time><Position><LatitudeDegrees>60.06224</LatitudeDegrees><LongitudeDegrees>18.752188</LongitudeDegrees></Position><AltitudeMeters>14.67</AltitudeMeters><HeartRateBpm><Value>87</Value></HeartRateBpm></Trackpoint><Trackpoint><Time>2026-05-01T08:21:10.705Z</Time><Position><LatitudeDegrees>60.06223</LatitudeDegrees><LongitudeDegrees>18.75219</LongitudeDegrees></Position><AltitudeMeters>14.606</AltitudeMeters><HeartRateBpm><Value>87</Value></HeartRateBpm></Trackpoint><Trackpoint><Time>2026-05-01T08:21:11.708Z</Time><Position><LatitudeDegrees>60.062218</LatitudeDegrees><LongitudeDegrees>18.752195</LongitudeDegrees></Position><AltitudeMeters>14.635</AltitudeMeters><HeartRateBpm><Value>86</Value></HeartRateBpm></Trackpoint><Trackpoint><Time>2026-05-01T08:21:12.705Z</Time><Position><LatitudeDegrees>60.062206</LatitudeDegrees><LongitudeDegrees>18.752201</LongitudeDegrees></Position><AltitudeMeters>14.681</AltitudeMeters><HeartRateBpm><Value>86</Value></HeartRateBpm></Trackpoint><Trackpoint><Time>2026-05-01T08:21:13.708Z</Time><Position><LatitudeDegrees>60.062195</LatitudeDegrees><LongitudeDegrees>18.752207</LongitudeDegrees></Position><AltitudeMeters>14.624</AltitudeMeters><HeartRateBpm><Value>86</Value></HeartRateBpm></Trackpoint><Trackpoint><Time>2026-05-01T08:21:14.706Z</Time><Position><LatitudeDegrees>60.062187</LatitudeDegrees><LongitudeDegrees>18.752214</LongitudeDegrees></Position><AltitudeMeters>14.54</AltitudeMeters><HeartRateBpm><Value>86</Value></HeartRateBpm></Trackpoint><Trackpoint><Time>2026-05-01T08:21:15.711Z</Time><Position><LatitudeDegrees>60.062176</LatitudeDegrees><LongitudeDegrees>18.752218</LongitudeDegrees></Position><AltitudeMeters>14.578</AltitudeMeters><HeartRateBpm><Value>86</Value></HeartRateBpm></Trackpoint><Trackpoint><Time>2026-05-01T08:21:16.719Z</Time><Position><LatitudeDegrees>60.062164</LatitudeDegrees><LongitudeDegrees>18.752222</LongitudeDegrees></Position><AltitudeMeters>14.583</AltitudeMeters><HeartRateBpm><Value>85</Value></HeartRateBpm></Trackpoint><Trackpoint><Time>2026-05-01T08:21:17.726Z</Time><Position><LatitudeDegrees>60.062153</LatitudeDegrees><LongitudeDegrees>18.752224</LongitudeDegrees></Position><AltitudeMeters>14.501</AltitudeMeters><HeartRateBpm><Value>85</Value></HeartRateBpm></Trackpoint><Trackpoint><Time>2026-05-01T08:21:18.735Z</Time><Position><LatitudeDegrees>60.06214</LatitudeDegrees><LongitudeDegrees>18.752226</LongitudeDegrees></Position><AltitudeMeters>14.509</AltitudeMeters><HeartRateBpm><Value>85</Value></HeartRateBpm></Trackpoint><Trackpoint><Time>2026-05-01T08:21:19.743Z</Time><Position><LatitudeDegrees>60.06213</LatitudeDegrees><LongitudeDegrees>18.752226</LongitudeDegrees></Position><AltitudeMeters>14.584</AltitudeMeters><HeartRateBpm><Value>85</Value></HeartRateBpm></Trackpoint><Trackpoint><Time>2026-05-01T08:21:20.752Z</Time><Position><LatitudeDegrees>60.062115</LatitudeDegrees><LongitudeDegrees>18.752224</LongitudeDegrees></Position><AltitudeMeters>14.66</AltitudeMeters><HeartRateBpm><Value>84</Value></HeartRateBpm></Trackpoint><Trackpoint><Time>2026-05-01T08:21:21.761Z</Time><Position><LatitudeDegrees>60.062103</LatitudeDegrees><LongitudeDegrees>18.75222</LongitudeDegrees></Position><AltitudeMeters>14.698</AltitudeMeters><HeartRateBpm><Value>84</Value></HeartRateBpm></Trackpoint><Trackpoint><Time>2026-05-01T08:21:22.771Z</Time><Position><LatitudeDegrees>60.062088</LatitudeDegrees><LongitudeDegrees>18.752214</LongitudeDegrees></Position><AltitudeMeters>14.664</AltitudeMeters><HeartRateBpm><Value>84</Value></HeartRateBpm></Trackpoint><Trackpoint><Time>2026-05-01T08:21:23.777Z</Time><Position><LatitudeDegrees>60.062073</LatitudeDegrees><LongitudeDegrees>18.752207</LongitudeDegrees></Position><AltitudeMeters>14.638</AltitudeMeters><HeartRateBpm><Value>85</Value></HeartRateBpm></Trackpoint><Trackpoint><Time>2026-05-01T08:21:24.786Z</Time><Position><LatitudeDegrees>60.062057</LatitudeDegrees><LongitudeDegrees>18.7522</LongitudeDegrees></Position><AltitudeMeters>14.62</AltitudeMeters><HeartRateBpm><Value>86</Value></HeartRateBpm></Trackpoint><Trackpoint><Time>2026-05-01T08:21:25.795Z</Time><Position><LatitudeDegrees>60.062042</LatitudeDegrees><LongitudeDegrees>18.752192</LongitudeDegrees></Position><AltitudeMeters>14.619</AltitudeMeters><HeartRateBpm><Value>86</Value></HeartRateBpm></Trackpoint><Trackpoint><Time>2026-05-01T08:21:26.803Z</Time><Position><LatitudeDegrees>60.062023</LatitudeDegrees><LongitudeDegrees>18.752186</LongitudeDegrees></Position><AltitudeMeters>14.561</AltitudeMeters><HeartRateBpm><Value>86</Value></HeartRateBpm></Trackpoint><Trackpoint><Time>2026-05-01T08:21:27.812Z</Time><Position><LatitudeDegrees>60.062008</LatitudeDegrees><LongitudeDegrees>18.75218</LongitudeDegrees></Position><AltitudeMeters>14.542</AltitudeMeters><HeartRateBpm><Value>86</Value></HeartRateBpm></Trackpoint><Trackpoint><Time>2026-05-01T08:21:28.821Z</Time><Position><LatitudeDegrees>60.06199</LatitudeDegrees><LongitudeDegrees>18.752178</LongitudeDegrees></Position><AltitudeMeters>14.506</AltitudeMeters><HeartRateBpm><Value>85</Value></HeartRateBpm></Trackpoint><Trackpoint><Time>2026-05-01T08:21:29.827Z</Time><Position><LatitudeDegrees>60.06197</LatitudeDegrees><LongitudeDegrees>18.752176</LongitudeDegrees></Position><AltitudeMeters>14.504</AltitudeMeters><HeartRateBpm><Value>85</Value></HeartRateBpm></Trackpoint><Trackpoint><Time>2026-05-01T08:21:30.836Z</Time><Position><LatitudeDegrees>60.06195</LatitudeDegrees><LongitudeDegrees>18.75218</LongitudeDegrees></Position><AltitudeMeters>14.573</AltitudeMeters><HeartRateBpm><Value>84</Value></HeartRateBpm></Trackpoint><Trackpoint><Time>2026-05-01T08:21:31.844Z</Time><Position><LatitudeDegrees>60.06193</LatitudeDegrees><LongitudeDegrees>18.752184</LongitudeDegrees></Position><AltitudeMeters>14.637</AltitudeMeters><HeartRateBpm><Value>84</Value></HeartRateBpm></Trackpoint><Trackpoint><Time>2026-05-01T08:21:32.852Z</Time><Position><LatitudeDegrees>60.061913</LatitudeDegrees><LongitudeDegrees>18.752188</LongitudeDegrees></Position><AltitudeMeters>14.527</AltitudeMeters><HeartRateBpm><Value>84</Value></HeartRateBpm></Trackpoint><Trackpoint><Time>2026-05-01T08:21:33.861Z</Time><Position><LatitudeDegrees>60.061897</LatitudeDegrees><LongitudeDegrees>18.75219</LongitudeDegrees></Position><AltitudeMeters>14.544</AltitudeMeters><HeartRateBpm><Value>84</Value></HeartRateBpm></Trackpoint><Trackpoint><Time>2026-05-01T08:21:34.871Z</Time><Position><LatitudeDegrees>60.061882</LatitudeDegrees><LongitudeDegrees>18.752192</LongitudeDegrees></Position><AltitudeMeters>14.588</AltitudeMeters><HeartRateBpm><Value>85</Value></HeartRateBpm></Trackpoint><Trackpoint><Time>2026-05-01T08:21:35.878Z</Time><Position><LatitudeDegrees>60.061867</LatitudeDegrees><LongitudeDegrees>18.752192</LongitudeDegrees></Position><AltitudeMeters>14.594</AltitudeMeters><HeartRateBpm><Value>86</Value></HeartRateBpm></Trackpoint><Trackpoint><Time>2026-05-01T08:21:36.887Z</Time><Position><LatitudeDegrees>60.06185</LatitudeDegrees><LongitudeDegrees>18.752192</LongitudeDegrees></Position><AltitudeMeters>14.575</AltitudeMeters><HeartRateBpm><Value>86</Value></HeartRateBpm></Trackpoint><Trackpoint><Time>2026-05-01T08:21:37.896Z</Time><Position><LatitudeDegrees>60.061836</LatitudeDegrees><LongitudeDegrees>18.75219</LongitudeDegrees></Position><AltitudeMeters>14.587</AltitudeMeters><HeartRateBpm><Value>87</Value></HeartRateBpm></Trackpoint><Trackpoint><Time>2026-05-01T08:21:38.902Z</Time><Position><LatitudeDegrees>60.06182</LatitudeDegrees><LongitudeDegrees>18.752188</LongitudeDegrees></Position><AltitudeMeters>14.758</AltitudeMeters><HeartRateBpm><Value>86</Value></HeartRateBpm></Trackpoint><Trackpoint><Time>2026-05-01T08:21:39.909Z</Time><Position><LatitudeDegrees>60.061806</LatitudeDegrees><LongitudeDegrees>18.752188</LongitudeDegrees></Position><AltitudeMeters>14.953</AltitudeMeters><HeartRateBpm><Value>86</Value></HeartRateBpm></Trackpoint><Trackpoint><Time>2026-05-01T08:21:40.916Z</Time><Position><LatitudeDegrees>60.061794</LatitudeDegrees><LongitudeDegrees>18.752184</LongitudeDegrees></Position><AltitudeMeters>14.902</AltitudeMeters><HeartRateBpm><Value>86</Value></HeartRateBpm></Trackpoint><Trackpoint><Time>2026-05-01T08:21:41.925Z</Time><Position><LatitudeDegrees>60.06178</LatitudeDegrees><LongitudeDegrees>18.75218</LongitudeDegrees></Position><AltitudeMeters>14.769</AltitudeMeters><HeartRateBpm><Value>85</Value></HeartRateBpm></Trackpoint><Trackpoint><Time>2026-05-01T08:21:42.934Z</Time><Position><LatitudeDegrees>60.061764</LatitudeDegrees><LongitudeDegrees>18.752178</LongitudeDegrees></Position><AltitudeMeters>14.512</AltitudeMeters><HeartRateBpm><Value>85</Value></HeartRateBpm></Trackpoint><Trackpoint><Time>2026-05-01T08:21:43.944Z</Time><Position><LatitudeDegrees>60.06175</LatitudeDegrees><LongitudeDegrees>18.752176</LongitudeDegrees></Position><AltitudeMeters>14.379</AltitudeMeters><HeartRateBpm><Value>85</Value></HeartRateBpm></Trackpoint><Trackpoint><Time>2026-05-01T08:21:44.953Z</Time><Position><LatitudeDegrees>60.06173</LatitudeDegrees><LongitudeDegrees>18.752174</LongitudeDegrees></Position><AltitudeMeters>14.354</AltitudeMeters><HeartRateBpm><Value>86</Value></HeartRateBpm></Trackpoint><Trackpoint><Time>2026-05-01T08:21:45.962Z</Time><Position><LatitudeDegrees>60.061714</LatitudeDegrees><LongitudeDegrees>18.752172</LongitudeDegrees></Position><AltitudeMeters>14.304</AltitudeMeters><HeartRateBpm><Value>86</Value></HeartRateBpm></Trackpoint><Trackpoint><Time>2026-05-01T08:21:46.970Z</Time><Position><LatitudeDegrees>60.061695</LatitudeDegrees><LongitudeDegrees>18.752169</LongitudeDegrees></Position><AltitudeMeters>14.341</AltitudeMeters><HeartRateBpm><Value>86</Value></HeartRateBpm></Trackpoint><Trackpoint><Time>2026-05-01T08:21:47.979Z</Time><Position><LatitudeDegrees>60.06168</LatitudeDegrees><LongitudeDegrees>18.752167</LongitudeDegrees></Position><AltitudeMeters>14.347</AltitudeMeters><HeartRateBpm><Value>86</Value></HeartRateBpm></Trackpoint><Trackpoint><Time>2026-05-01T08:21:48.987Z</Time><Position><LatitudeDegrees>60.06166</LatitudeDegrees><LongitudeDegrees>18.752165</LongitudeDegrees></Position><AltitudeMeters>14.377</AltitudeMeters><HeartRateBpm><Value>85</Value></HeartRateBpm></Trackpoint><Trackpoint><Time>2026-05-01T08:21:49.995Z</Time><Position><LatitudeDegrees>60.061646</LatitudeDegrees><LongitudeDegrees>18.752161</LongitudeDegrees></Position><AltitudeMeters>14.293</AltitudeMeters><HeartRateBpm><Value>85</Value></HeartRateBpm></Trackpoint><Trackpoint><Time>2026-05-01T08:21:51.003Z</Time><Position><LatitudeDegrees>60.061626</LatitudeDegrees><LongitudeDegrees>18.75216</LongitudeDegrees></Position><AltitudeMeters>14.234</AltitudeMeters><HeartRateBpm><Value>84</Value></HeartRateBpm></Trackpoint><Trackpoint><Time>2026-05-01T08:21:52.012Z</Time><Position><LatitudeDegrees>60.06161</LatitudeDegrees><LongitudeDegrees>18.752157</LongitudeDegrees></Position><AltitudeMeters>14.278</AltitudeMeters><HeartRateBpm><Value>84</Value></HeartRateBpm></Trackpoint><Trackpoint><Time>2026-05-01T08:21:53.019Z</Time><Position><LatitudeDegrees>60.061592</LatitudeDegrees><LongitudeDegrees>18.752153</LongitudeDegrees></Position><AltitudeMeters>14.173</AltitudeMeters><HeartRateBpm><Value>83</Value></HeartRateBpm></Trackpoint><Trackpoint><Time>2026-05-01T08:21:54.030Z</Time><Position><LatitudeDegrees>60.061577</LatitudeDegrees><LongitudeDegrees>18.75215</LongitudeDegrees></Position><AltitudeMeters>14.13</AltitudeMeters><HeartRateBpm><Value>83</Value></HeartRateBpm></Trackpoint><Trackpoint><Time>2026-05-01T08:21:55.037Z</Time><Position><LatitudeDegrees>60.061558</LatitudeDegrees><LongitudeDegrees>18.752148</LongitudeDegrees></Position><AltitudeMeters>14.109</AltitudeMeters><HeartRateBpm><Value>83</Value></HeartRateBpm></Trackpoint><Trackpoint><Time>2026-05-01T08:21:56.046Z</Time><Position><LatitudeDegrees>60.061543</LatitudeDegrees><LongitudeDegrees>18.752146</LongitudeDegrees></Position><AltitudeMeters>14.15</AltitudeMeters><HeartRateBpm><Value>84</Value></HeartRateBpm></Trackpoint><Trackpoint><Time>2026-05-01T08:21:57.056Z</Time><Position><LatitudeDegrees>60.061523</LatitudeDegrees><LongitudeDegrees>18.752142</LongitudeDegrees></Position><AltitudeMeters>14.176</AltitudeMeters><HeartRateBpm><Value>84</Value></HeartRateBpm></Trackpoint><Trackpoint><Time>2026-05-01T08:21:58.066Z</Time><Position><LatitudeDegrees>60.061504</LatitudeDegrees><LongitudeDegrees>18.752138</LongitudeDegrees></Position><AltitudeMeters>14.207</AltitudeMeters><HeartRateBpm><Value>84</Value></HeartRateBpm></Trackpoint><Trackpoint><Time>2026-05-01T08:21:59.074Z</Time><Position><LatitudeDegrees>60.061485</LatitudeDegrees><LongitudeDegrees>18.752134</LongitudeDegrees></Position><AltitudeMeters>14.219</AltitudeMeters><HeartRateBpm><Value>84</Value></HeartRateBpm></Trackpoint><Trackpoint><Time>2026-05-01T08:22:00.082Z</Time><Position><LatitudeDegrees>60.061466</LatitudeDegrees><LongitudeDegrees>18.752132</LongitudeDegrees></Position><AltitudeMeters>14.193</AltitudeMeters><HeartRateBpm><Value>84</Value></HeartRateBpm></Trackpoint><Trackpoint><Time>2026-05-01T08:22:01.091Z</Time><Position><LatitudeDegrees>60.061447</LatitudeDegrees><LongitudeDegrees>18.75213</LongitudeDegrees></Position><AltitudeMeters>14.273</AltitudeMeters><HeartRateBpm><Value>84</Value></HeartRateBpm></Trackpoint><Trackpoint><Time>2026-05-01T08:22:02.100Z</Time><Position><LatitudeDegrees>60.06143</LatitudeDegrees><LongitudeDegrees>18.752129</LongitudeDegrees></Position><AltitudeMeters>14.172</AltitudeMeters><HeartRateBpm><Value>85</Value></HeartRateBpm></Trackpoint><Trackpoint><Time>2026-05-01T08:22:03.107Z</Time><Position><LatitudeDegrees>60.061413</LatitudeDegrees><LongitudeDegrees>18.752125</LongitudeDegrees></Position><AltitudeMeters>14.155</AltitudeMeters><HeartRateBpm><Value>85</Value></HeartRateBpm></Trackpoint><Trackpoint><Time>2026-05-01T08:22:04.116Z</Time><Position><LatitudeDegrees>60.061394</LatitudeDegrees><LongitudeDegrees>18.752121</LongitudeDegrees></Position><AltitudeMeters>14.092</AltitudeMeters><HeartRateBpm><Value>86</Value></HeartRateBpm></Trackpoint><Trackpoint><Time>2026-05-01T08:22:05.127Z</Time><Position><LatitudeDegrees>60.061375</LatitudeDegrees><LongitudeDegrees>18.752115</LongitudeDegrees></Position><AltitudeMeters>14.055</AltitudeMeters><HeartRateBpm><Value>86</Value></HeartRateBpm></Trackpoint><Trackpoint><Time>2026-05-01T08:22:06.135Z</Time><Position><LatitudeDegrees>60.06135</LatitudeDegrees><LongitudeDegrees>18.75211</LongitudeDegrees></Position><AltitudeMeters>13.825</AltitudeMeters><HeartRateBpm><Value>86</Value></HeartRateBpm></Trackpoint><Trackpoint><Time>2026-05-01T08:22:07.145Z</Time><Position><LatitudeDegrees>60.061325</LatitudeDegrees><LongitudeDegrees>18.752104</LongitudeDegrees></Position><AltitudeMeters>13.732</AltitudeMeters><HeartRateBpm><Value>85</Value></HeartRateBpm></Trackpoint><Trackpoint><Time>2026-05-01T08:22:08.153Z</Time><Position><LatitudeDegrees>60.061295</LatitudeDegrees><LongitudeDegrees>18.752096</LongitudeDegrees></Position><AltitudeMeters>13.698</AltitudeMeters><HeartRateBpm><Value>85</Value></HeartRateBpm></Trackpoint><Trackpoint><Time>2026-05-01T08:22:09.162Z</Time><Position><LatitudeDegrees>60.061268</LatitudeDegrees><LongitudeDegrees>18.75209</LongitudeDegrees></Position><AltitudeMeters>13.782</AltitudeMeters><HeartRateBpm><Value>84</Value></HeartRateBpm></Trackpoint><Trackpoint><Time>2026-05-01T08:22:10.171Z</Time><Position><LatitudeDegrees>60.06124</LatitudeDegrees><LongitudeDegrees>18.752083</LongitudeDegrees></Position><AltitudeMeters>13.824</AltitudeMeters><HeartRateBpm><Value>84</Value></HeartRateBpm></Trackpoint><Trackpoint><Time>2026-05-01T08:23:08.687Z</Time><Position><LatitudeDegrees>60.06121</LatitudeDegrees><LongitudeDegrees>18.752077</LongitudeDegrees></Position><AltitudeMeters>13.609</AltitudeMeters><HeartRateBpm><Value>88</Value></HeartRateBpm></Trackpoint><Trackpoint><Time>2026-05-01T08:23:09.686Z</Time><Position><LatitudeDegrees>60.061184</LatitudeDegrees><LongitudeDegrees>18.75207</LongitudeDegrees></Position><AltitudeMeters>13.737</AltitudeMeters><HeartRateBpm><Value>87</Value></HeartRateBpm></Trackpoint><Trackpoint><Time>2026-05-01T08:23:10.686Z</Time><Position><LatitudeDegrees>60.061153</LatitudeDegrees><LongitudeDegrees>18.752064</LongitudeDegrees></Position><AltitudeMeters>13.759</AltitudeMeters><HeartRateBpm><Value>87</Value></HeartRateBpm></Trackpoint><Trackpoint><Time>2026-05-01T08:23:11.687Z</Time><Position><LatitudeDegrees>60.06113</LatitudeDegrees><LongitudeDegrees>18.752058</LongitudeDegrees></Position><AltitudeMeters>13.828</AltitudeMeters><HeartRateBpm><Value>87</Value></HeartRateBpm></Trackpoint><Trackpoint><Time>2026-05-01T08:23:12.686Z</Time><Position><LatitudeDegrees>60.061104</LatitudeDegrees><LongitudeDegrees>18.752052</LongitudeDegrees></Position><AltitudeMeters>14.193</AltitudeMeters><HeartRateBpm><Value>88</Value></HeartRateBpm></Trackpoint><Trackpoint><Time>2026-05-01T08:23:13.688Z</Time><Position><LatitudeDegrees>60.061077</LatitudeDegrees><LongitudeDegrees>18.752047</LongitudeDegrees></Position><AltitudeMeters>14.143</AltitudeMeters><HeartRateBpm><Value>88</Value></HeartRateBpm></Trackpoint><Trackpoint><Time>2026-05-01T08:23:14.688Z</Time><Position><LatitudeDegrees>60.061054</LatitudeDegrees><LongitudeDegrees>18.752043</LongitudeDegrees></Position><AltitudeMeters>14.169</AltitudeMeters><HeartRateBpm><Value>88</Value></HeartRateBpm></Trackpoint><Trackpoint><Time>2026-05-01T08:23:15.688Z</Time><Position><LatitudeDegrees>60.06104</LatitudeDegrees><LongitudeDegrees>18.752039</LongitudeDegrees></Position><AltitudeMeters>14.181</AltitudeMeters><HeartRateBpm><Value>88</Value></HeartRateBpm></Trackpoint><Trackpoint><Time>2026-05-01T08:23:16.691Z</Time><Position><LatitudeDegrees>60.061028</LatitudeDegrees><LongitudeDegrees>18.752037</LongitudeDegrees></Position><AltitudeMeters>14.267</AltitudeMeters><HeartRateBpm><Value>88</Value></HeartRateBpm></Trackpoint><Trackpoint><Time>2026-05-01T08:23:17.689Z</Time><Position><LatitudeDegrees>60.061012</LatitudeDegrees><LongitudeDegrees>18.752033</LongitudeDegrees></Position><AltitudeMeters>14.094</AltitudeMeters><HeartRateBpm><Value>88</Value></HeartRateBpm></Trackpoint><Trackpoint><Time>2026-05-01T08:23:18.690Z</Time><Position><LatitudeDegrees>60.061</LatitudeDegrees><LongitudeDegrees>18.752031</LongitudeDegrees></Position><AltitudeMeters>14.018</AltitudeMeters><HeartRateBpm><Value>88</Value></HeartRateBpm></Trackpoint><Trackpoint><Time>2026-05-01T08:23:19.690Z</Time><Position><LatitudeDegrees>60.06099</LatitudeDegrees><LongitudeDegrees>18.752031</LongitudeDegrees></Position><AltitudeMeters>14.084</AltitudeMeters><HeartRateBpm><Value>88</Value></HeartRateBpm></Trackpoint><Trackpoint><Time>2026-05-01T08:23:20.690Z</Time><Position><LatitudeDegrees>60.060978</LatitudeDegrees><LongitudeDegrees>18.75203</LongitudeDegrees></Position><AltitudeMeters>14.207</AltitudeMeters><HeartRateBpm><Value>89</Value></HeartRateBpm></Trackpoint><Trackpoint><Time>2026-05-01T08:23:21.692Z</Time><Position><LatitudeDegrees>60.060963</LatitudeDegrees><LongitudeDegrees>18.752028</LongitudeDegrees></Position><AltitudeMeters>14.349</AltitudeMeters><HeartRateBpm><Value>89</Value></HeartRateBpm></Trackpoint><Trackpoint><Time>2026-05-01T08:23:22.692Z</Time><Position><LatitudeDegrees>60.06095</LatitudeDegrees><LongitudeDegrees>18.752028</LongitudeDegrees></Position><AltitudeMeters>14.381</AltitudeMeters><HeartRateBpm><Value>89</Value></HeartRateBpm></Trackpoint><Trackpoint><Time>2026-05-01T08:23:23.691Z</Time><Position><LatitudeDegrees>60.060936</LatitudeDegrees><LongitudeDegrees>18.752026</LongitudeDegrees></Position><AltitudeMeters>14.338</AltitudeMeters><HeartRateBpm><Value>89</Value></HeartRateBpm></Trackpoint><Trackpoint><Time>2026-05-01T08:23:24.696Z</Time><Position><LatitudeDegrees>60.060917</LatitudeDegrees><LongitudeDegrees>18.752024</LongitudeDegrees></Position><AltitudeMeters>14.316</AltitudeMeters><HeartRateBpm><Value>89</Value></HeartRateBpm></Trackpoint><Trackpoint><Time>2026-05-01T08:23:25.704Z</Time><Position><LatitudeDegrees>60.0609</LatitudeDegrees><LongitudeDegrees>18.752022</LongitudeDegrees></Position><AltitudeMeters>14.373</AltitudeMeters><HeartRateBpm><Value>89</Value></HeartRateBpm></Trackpoint><Trackpoint><Time>2026-05-01T08:23:26.714Z</Time><Position><LatitudeDegrees>60.060886</LatitudeDegrees><LongitudeDegrees>18.752018</LongitudeDegrees></Position><AltitudeMeters>14.363</AltitudeMeters><HeartRateBpm><Value>89</Value></HeartRateBpm></Trackpoint><Trackpoint><Time>2026-05-01T08:23:27.723Z</Time><Position><LatitudeDegrees>60.060867</LatitudeDegrees><LongitudeDegrees>18.752014</LongitudeDegrees></Position><AltitudeMeters>14.387</AltitudeMeters><HeartRateBpm><Value>89</Value></HeartRateBpm></Trackpoint><Trackpoint><Time>2026-05-01T08:23:28.730Z</Time><Position><LatitudeDegrees>60.060852</LatitudeDegrees><LongitudeDegrees>18.752008</LongitudeDegrees></Position><AltitudeMeters>14.368</AltitudeMeters><HeartRateBpm><Value>89</Value></HeartRateBpm></Trackpoint><Trackpoint><Time>2026-05-01T08:23:29.738Z</Time><Position><LatitudeDegrees>60.060837</LatitudeDegrees><LongitudeDegrees>18.752003</LongitudeDegrees></Position><AltitudeMeters>14.349</AltitudeMeters><HeartRateBpm><Value>89</Value></HeartRateBpm></Trackpoint><Trackpoint><Time>2026-05-01T08:23:30.747Z</Time><Position><LatitudeDegrees>60.06082</LatitudeDegrees><LongitudeDegrees>18.751999</LongitudeDegrees></Position><AltitudeMeters>14.222</AltitudeMeters><HeartRateBpm><Value>89</Value></HeartRateBpm></Trackpoint><Trackpoint><Time>2026-05-01T08:23:31.757Z</Time><Position><LatitudeDegrees>60.06081</LatitudeDegrees><LongitudeDegrees>18.751997</LongitudeDegrees></Position><AltitudeMeters>14.114</AltitudeMeters><HeartRateBpm><Value>89</Value></HeartRateBpm></Trackpoint><Trackpoint><Time>2026-05-01T08:23:32.766Z</Time><Position><LatitudeDegrees>60.06079</LatitudeDegrees><LongitudeDegrees>18.751995</LongitudeDegrees></Position><AltitudeMeters>14.074</AltitudeMeters><HeartRateBpm><Value>88</Value></HeartRateBpm></Trackpoint><Trackpoint><Time>2026-05-01T08:23:33.775Z</Time><Position><LatitudeDegrees>60.060776</LatitudeDegrees><LongitudeDegrees>18.751993</LongitudeDegrees></Position><AltitudeMeters>13.942</AltitudeMeters><HeartRateBpm><Value>89</Value></HeartRateBpm></Trackpoint><Trackpoint><Time>2026-05-01T08:23:34.784Z</Time><Position><LatitudeDegrees>60.06076</LatitudeDegrees><LongitudeDegrees>18.751993</LongitudeDegrees></Position><AltitudeMeters>13.976</AltitudeMeters><HeartRateBpm><Value>89</Value></HeartRateBpm></Trackpoint><Trackpoint><Time>2026-05-01T08:23:35.793Z</Time><Position><LatitudeDegrees>60.060745</LatitudeDegrees><LongitudeDegrees>18.751995</LongitudeDegrees></Position><AltitudeMeters>14.022</AltitudeMeters><HeartRateBpm><Value>89</Value></HeartRateBpm></Trackpoint><Trackpoint><Time>2026-05-01T08:23:36.800Z</Time><Position><LatitudeDegrees>60.06073</LatitudeDegrees><LongitudeDegrees>18.751993</LongitudeDegrees></Position><AltitudeMeters>13.846</AltitudeMeters><HeartRateBpm><Value>89</Value></HeartRateBpm></Trackpoint><Trackpoint><Time>2026-05-01T08:23:37.808Z</Time><Position><LatitudeDegrees>60.06071</LatitudeDegrees><LongitudeDegrees>18.751991</LongitudeDegrees></Position><AltitudeMeters>13.795</AltitudeMeters><HeartRateBpm><Value>90</Value></HeartRateBpm></Trackpoint><Trackpoint><Time>2026-05-01T08:23:38.816Z</Time><Position><LatitudeDegrees>60.060696</LatitudeDegrees><LongitudeDegrees>18.75199</LongitudeDegrees></Position><AltitudeMeters>13.83</AltitudeMeters><HeartRateBpm><Value>90</Value></HeartRateBpm></Trackpoint><Trackpoint><Time>2026-05-01T08:23:39.825Z</Time><Position><LatitudeDegrees>60.060677</LatitudeDegrees><LongitudeDegrees>18.751984</LongitudeDegrees></Position><AltitudeMeters>13.833</AltitudeMeters><HeartRateBpm><Value>89</Value></HeartRateBpm></Trackpoint><Trackpoint><Time>2026-05-01T08:23:40.833Z</Time><Position><LatitudeDegrees>60.060658</LatitudeDegrees><LongitudeDegrees>18.751976</LongitudeDegrees></Position><AltitudeMeters>14.052</AltitudeMeters><HeartRateBpm><Value>89</Value></HeartRateBpm></Trackpoint><Trackpoint><Time>2026-05-01T08:23:41.843Z</Time><Position><LatitudeDegrees>60.060642</LatitudeDegrees><LongitudeDegrees>18.751966</LongitudeDegrees></Position><AltitudeMeters>14.296</AltitudeMeters><HeartRateBpm><Value>89</Value></HeartRateBpm></Trackpoint><Trackpoint><Time>2026-05-01T08:23:42.853Z</Time><Position><LatitudeDegrees>60.060623</LatitudeDegrees><LongitudeDegrees>18.751959</LongitudeDegrees></Position><AltitudeMeters>14.261</AltitudeMeters><HeartRateBpm><Value>90</Value></HeartRateBpm></Trackpoint><Trackpoint><Time>2026-05-01T08:23:43.863Z</Time><Position><LatitudeDegrees>60.060608</LatitudeDegrees><LongitudeDegrees>18.751951</LongitudeDegrees></Position><AltitudeMeters>14.259</AltitudeMeters><HeartRateBpm><Value>90</Value></HeartRateBpm></Trackpoint><Trackpoint><Time>2026-05-01T08:23:44.866Z</Time><Position><LatitudeDegrees>60.060596</LatitudeDegrees><LongitudeDegrees>18.751944</LongitudeDegrees></Position><AltitudeMeters>14.429</AltitudeMeters><HeartRateBpm><Value>91</Value></HeartRateBpm></Trackpoint><Trackpoint><Time>2026-05-01T08:23:45.867Z</Time><Position><LatitudeDegrees>60.06058</LatitudeDegrees><LongitudeDegrees>18.751938</LongitudeDegrees></Position><AltitudeMeters>14.305</AltitudeMeters><HeartRateBpm><Value>91</Value></HeartRateBpm></Trackpoint><Trackpoint><Time>2026-05-01T08:23:46.872Z</Time><Position><LatitudeDegrees>60.060566</LatitudeDegrees><LongitudeDegrees>18.751934</LongitudeDegrees></Position><AltitudeMeters>14.245</AltitudeMeters><HeartRateBpm><Value>92</Value></HeartRateBpm></Trackpoint><Trackpoint><Time>2026-05-01T08:23:47.883Z</Time><Position><LatitudeDegrees>60.060555</LatitudeDegrees><LongitudeDegrees>18.75193</LongitudeDegrees></Position><AltitudeMeters>14.224</AltitudeMeters><HeartRateBpm><Value>93</Value></HeartRateBpm></Trackpoint><Trackpoint><Time>2026-05-01T08:23:48.892Z</Time><Position><LatitudeDegrees>60.06054</LatitudeDegrees><LongitudeDegrees>18.751925</LongitudeDegrees></Position><AltitudeMeters>14.429</AltitudeMeters><HeartRateBpm><Value>94</Value></HeartRateBpm></Trackpoint><Trackpoint><Time>2026-05-01T08:23:49.899Z</Time><Position><LatitudeDegrees>60.060528</LatitudeDegrees><LongitudeDegrees>18.75192</LongitudeDegrees></Position><AltitudeMeters>14.474</AltitudeMeters><HeartRateBpm><Value>95</Value></HeartRateBpm></Trackpoint><Trackpoint><Time>2026-05-01T08:23:50.909Z</Time><Position><LatitudeDegrees>60.060516</LatitudeDegrees><LongitudeDegrees>18.751917</LongitudeDegrees></Position><AltitudeMeters>14.531</AltitudeMeters><HeartRateBpm><Value>95</Value></HeartRateBpm></Trackpoint><Trackpoint><Time>2026-05-01T08:23:51.917Z</Time><Position><LatitudeDegrees>60.060505</LatitudeDegrees><LongitudeDegrees>18.751913</LongitudeDegrees></Position><AltitudeMeters>14.755</AltitudeMeters><HeartRateBpm><Value>94</Value></HeartRateBpm></Trackpoint><Trackpoint><Time>2026-05-01T08:23:52.926Z</Time><Position><LatitudeDegrees>60.060497</LatitudeDegrees><LongitudeDegrees>18.75191</LongitudeDegrees></Position><AltitudeMeters>14.867</AltitudeMeters><HeartRateBpm><Value>93</Value></HeartRateBpm></Trackpoint><Trackpoint><Time>2026-05-01T08:23:53.935Z</Time><Position><LatitudeDegrees>60.06049</LatitudeDegrees><LongitudeDegrees>18.751907</LongitudeDegrees></Position><AltitudeMeters>14.602</AltitudeMeters><HeartRateBpm><Value>92</Value></HeartRateBpm></Trackpoint><Trackpoint><Time>2026-05-01T08:23:54.943Z</Time><Position><LatitudeDegrees>60.060482</LatitudeDegrees><LongitudeDegrees>18.751904</LongitudeDegrees></Position><AltitudeMeters>14.458</AltitudeMeters><HeartRateBpm><Value>91</Value></HeartRateBpm></Trackpoint><Trackpoint><Time>2026-05-01T08:23:55.951Z</Time><Position><LatitudeDegrees>60.060474</LatitudeDegrees><LongitudeDegrees>18.7519</LongitudeDegrees></Position><AltitudeMeters>14.538</AltitudeMeters><HeartRateBpm><Value>91</Value></HeartRateBpm></Trackpoint><Trackpoint><Time>2026-05-01T08:23:56.957Z</Time><Position><LatitudeDegrees>60.060467</LatitudeDegrees><LongitudeDegrees>18.751898</LongitudeDegrees></Position><AltitudeMeters>14.633</AltitudeMeters><HeartRateBpm><Value>90</Value></HeartRateBpm></Trackpoint><Trackpoint><Time>2026-05-01T08:23:57.966Z</Time><Position><LatitudeDegrees>60.060455</LatitudeDegrees><LongitudeDegrees>18.751894</LongitudeDegrees></Position><AltitudeMeters>14.424</AltitudeMeters><HeartRateBpm><Value>90</Value></HeartRateBpm></Trackpoint><Trackpoint><Time>2026-05-01T08:23:58.975Z</Time><Position><LatitudeDegrees>60.060448</LatitudeDegrees><LongitudeDegrees>18.75189</LongitudeDegrees></Position><AltitudeMeters>14.238</AltitudeMeters><HeartRateBpm><Value>90</Value></HeartRateBpm></Trackpoint><Trackpoint><Time>2026-05-01T08:23:59.985Z</Time><Position><LatitudeDegrees>60.060436</LatitudeDegrees><LongitudeDegrees>18.751888</LongitudeDegrees></Position><AltitudeMeters>14.062</AltitudeMeters><HeartRateBpm><Value>90</Value></HeartRateBpm></Trackpoint><Trackpoint><Time>2026-05-01T08:24:00.995Z</Time><Position><LatitudeDegrees>60.06042</LatitudeDegrees><LongitudeDegrees>18.751884</LongitudeDegrees></Position><AltitudeMeters>13.83</AltitudeMeters><HeartRateBpm><Value>91</Value></HeartRateBpm></Trackpoint><Trackpoint><Time>2026-05-01T08:24:02.003Z</Time><Position><LatitudeDegrees>60.06041</LatitudeDegrees><LongitudeDegrees>18.751879</LongitudeDegrees></Position><AltitudeMeters>13.85</AltitudeMeters><HeartRateBpm><Value>90</Value></HeartRateBpm></Trackpoint><Trackpoint><Time>2026-05-01T08:24:03.012Z</Time><Position><LatitudeDegrees>60.060394</LatitudeDegrees><LongitudeDegrees>18.751873</LongitudeDegrees></Position><AltitudeMeters>13.851</AltitudeMeters><HeartRateBpm><Value>89</Value></HeartRateBpm></Trackpoint><Trackpoint><Time>2026-05-01T08:24:04.020Z</Time><Position><LatitudeDegrees>60.060383</LatitudeDegrees><LongitudeDegrees>18.751865</LongitudeDegrees></Position><AltitudeMeters>13.8</AltitudeMeters><HeartRateBpm><Value>88</Value></HeartRateBpm></Trackpoint><Trackpoint><Time>2026-05-01T08:24:05.028Z</Time><Position><LatitudeDegrees>60.060368</LatitudeDegrees><LongitudeDegrees>18.751858</LongitudeDegrees></Position><AltitudeMeters>13.761</AltitudeMeters><HeartRateBpm><Value>88</Value></HeartRateBpm></Trackpoint><Trackpoint><Time>2026-05-01T08:24:06.037Z</Time><Position><LatitudeDegrees>60.060356</LatitudeDegrees><LongitudeDegrees>18.75185</LongitudeDegrees></Position><AltitudeMeters>13.689</AltitudeMeters><HeartRateBpm><Value>88</Value></HeartRateBpm></Trackpoint><Trackpoint><Time>2026-05-01T08:24:07.045Z</Time><Position><LatitudeDegrees>60.060345</LatitudeDegrees><LongitudeDegrees>18.751839</LongitudeDegrees></Position><AltitudeMeters>13.687</AltitudeMeters><HeartRateBpm><Value>89</Value></HeartRateBpm></Trackpoint><Trackpoint><Time>2026-05-01T08:24:08.052Z</Time><Position><LatitudeDegrees>60.060333</LatitudeDegrees><LongitudeDegrees>18.751822</LongitudeDegrees></Position><AltitudeMeters>13.802</AltitudeMeters><HeartRateBpm><Value>89</Value></HeartRateBpm></Trackpoint><Trackpoint><Time>2026-05-01T08:24:09.060Z</Time><Position><LatitudeDegrees>60.060314</LatitudeDegrees><LongitudeDegrees>18.751799</LongitudeDegrees></Position><AltitudeMeters>13.933</AltitudeMeters><HeartRateBpm><Value>89</Value></HeartRateBpm></Trackpoint><Trackpoint><Time>2026-05-01T08:24:10.070Z</Time><Position><LatitudeDegrees>60.06029</LatitudeDegrees><LongitudeDegrees>18.751768</LongitudeDegrees></Position><AltitudeMeters>14.088</AltitudeMeters><HeartRateBpm><Value>89</Value></HeartRateBpm></Trackpoint><Trackpoint><Time>2026-05-01T08:24:11.078Z</Time><Position><LatitudeDegrees>60.06027</LatitudeDegrees><LongitudeDegrees>18.751734</LongitudeDegrees></Position><AltitudeMeters>14.118</AltitudeMeters><HeartRateBpm><Value>89</Value></HeartRateBpm></Trackpoint><Trackpoint><Time>2026-05-01T08:24:12.087Z</Time><Position><LatitudeDegrees>60.06024</LatitudeDegrees><LongitudeDegrees>18.751696</LongitudeDegrees></Position><AltitudeMeters>14.14</AltitudeMeters><HeartRateBpm><Value>89</Value></HeartRateBpm></Trackpoint><Trackpoint><Time>2026-05-01T08:24:56.871Z</Time><Position><LatitudeDegrees>60.060215</LatitudeDegrees><LongitudeDegrees>18.751657</LongitudeDegrees></Position><AltitudeMeters>14.788</AltitudeMeters><HeartRateBpm><Value>94</Value></HeartRateBpm></Trackpoint><Trackpoint><Time>2026-05-01T08:24:57.871Z</Time><Position><LatitudeDegrees>60.06019</LatitudeDegrees><LongitudeDegrees>18.751616</LongitudeDegrees></Position><AltitudeMeters>14.751</AltitudeMeters><HeartRateBpm><Value>93</Value></HeartRateBpm></Trackpoint><Trackpoint><Time>2026-05-01T08:24:58.871Z</Time><Position><LatitudeDegrees>60.060165</LatitudeDegrees><LongitudeDegrees>18.751572</LongitudeDegrees></Position><AltitudeMeters>14.494</AltitudeMeters><HeartRateBpm><Value>93</Value></HeartRateBpm></Trackpoint><Trackpoint><Time>2026-05-01T08:24:59.872Z</Time><Position><LatitudeDegrees>60.06014</LatitudeDegrees><LongitudeDegrees>18.751528</LongitudeDegrees></Position><AltitudeMeters>14.478</AltitudeMeters><HeartRateBpm><Value>92</Value></HeartRateBpm></Trackpoint><Trackpoint><Time>2026-05-01T08:25:00.872Z</Time><Position><LatitudeDegrees>60.06012</LatitudeDegrees><LongitudeDegrees>18.75149</LongitudeDegrees></Position><AltitudeMeters>14.698</AltitudeMeters><HeartRateBpm><Value>91</Value></HeartRateBpm></Trackpoint><Trackpoint><Time>2026-05-01T08:25:01.874Z</Time><Position><LatitudeDegrees>60.06011</LatitudeDegrees><LongitudeDegrees>18.751455</LongitudeDegrees></Position><AltitudeMeters>14.67</AltitudeMeters><HeartRateBpm><Value>91</Value></HeartRateBpm></Trackpoint><Trackpoint><Time>2026-05-01T08:25:02.875Z</Time><Position><LatitudeDegrees>60.060093</LatitudeDegrees><LongitudeDegrees>18.751425</LongitudeDegrees></Position><AltitudeMeters>14.651</AltitudeMeters><HeartRateBpm><Value>91</Value></HeartRateBpm></Trackpoint><Trackpoint><Time>2026-05-01T08:25:03.875Z</Time><Position><LatitudeDegrees>60.06008</LatitudeDegrees><LongitudeDegrees>18.751398</LongitudeDegrees></Position><AltitudeMeters>14.79</AltitudeMeters><HeartRateBpm><Value>92</Value></HeartRateBpm></Trackpoint><Trackpoint><Time>2026-05-01T08:25:04.878Z</Time><Position><LatitudeDegrees>60.060066</LatitudeDegrees><LongitudeDegrees>18.751375</LongitudeDegrees></Position><AltitudeMeters>14.979</AltitudeMeters><HeartRateBpm><Value>91</Value></HeartRateBpm></Trackpoint><Trackpoint><Time>2026-05-01T08:25:05.875Z</Time><Position><LatitudeDegrees>60.06005</LatitudeDegrees><LongitudeDegrees>18.751352</LongitudeDegrees></Position><AltitudeMeters>14.997</AltitudeMeters><HeartRateBpm><Value>91</Value></HeartRateBpm></Trackpoint><Trackpoint><Time>2026-05-01T08:25:06.877Z</Time><Position><LatitudeDegrees>60.060036</LatitudeDegrees><LongitudeDegrees>18.75133</LongitudeDegrees></Position><AltitudeMeters>14.923</AltitudeMeters><HeartRateBpm><Value>91</Value></HeartRateBpm></Trackpoint><Trackpoint><Time>2026-05-01T08:25:07.876Z</Time><Position><LatitudeDegrees>60.060024</LatitudeDegrees><LongitudeDegrees>18.751307</LongitudeDegrees></Position><AltitudeMeters>14.943</AltitudeMeters><HeartRateBpm><Value>91</Value></HeartRateBpm></Trackpoint><Trackpoint><Time>2026-05-01T08:25:08.876Z</Time><Position><LatitudeDegrees>60.060013</LatitudeDegrees><LongitudeDegrees>18.751286</LongitudeDegrees></Position><AltitudeMeters>15.007</AltitudeMeters><HeartRateBpm><Value>91</Value></HeartRateBpm></Trackpoint><Trackpoint><Time>2026-05-01T08:25:09.876Z</Time><Position><LatitudeDegrees>60.060005</LatitudeDegrees><LongitudeDegrees>18.751263</LongitudeDegrees></Position><AltitudeMeters>15.048</AltitudeMeters><HeartRateBpm><Value>91</Value></HeartRateBpm></Trackpoint><Trackpoint><Time>2026-05-01T08:25:10.876Z</Time><Position><LatitudeDegrees>60.059998</LatitudeDegrees><LongitudeDegrees>18.751242</LongitudeDegrees></Position><AltitudeMeters>15.174</AltitudeMeters><HeartRateBpm><Value>91</Value></HeartRateBpm></Trackpoint><Trackpoint><Time>2026-05-01T08:25:11.879Z</Time><Position><LatitudeDegrees>60.05999</LatitudeDegrees><LongitudeDegrees>18.751219</LongitudeDegrees></Position><AltitudeMeters>15.306</AltitudeMeters><HeartRateBpm><Value>91</Value></HeartRateBpm></Trackpoint><Trackpoint><Time>2026-05-01T08:25:12.882Z</Time><Position><LatitudeDegrees>60.059982</LatitudeDegrees><LongitudeDegrees>18.751196</LongitudeDegrees></Position><AltitudeMeters>15.409</AltitudeMeters><HeartRateBpm><Value>91</Value></HeartRateBpm></Trackpoint><Trackpoint><Time>2026-05-01T08:25:13.890Z</Time><Position><LatitudeDegrees>60.059975</LatitudeDegrees><LongitudeDegrees>18.751173</LongitudeDegrees></Position><AltitudeMeters>15.446</AltitudeMeters><HeartRateBpm><Value>90</Value></HeartRateBpm></Trackpoint><Trackpoint><Time>2026-05-01T08:25:14.897Z</Time><Position><LatitudeDegrees>60.059967</LatitudeDegrees><LongitudeDegrees>18.751148</LongitudeDegrees></Position><AltitudeMeters>15.516</AltitudeMeters><HeartRateBpm><Value>90</Value></HeartRateBpm></Trackpoint><Trackpoint><Time>2026-05-01T08:25:15.905Z</Time><Position><LatitudeDegrees>60.05996</LatitudeDegrees><LongitudeDegrees>18.751123</LongitudeDegrees></Position><AltitudeMeters>15.563</AltitudeMeters><HeartRateBpm><Value>90</Value></HeartRateBpm></Trackpoint><Trackpoint><Time>2026-05-01T08:25:16.915Z</Time><Position><LatitudeDegrees>60.05995</LatitudeDegrees><LongitudeDegrees>18.751097</LongitudeDegrees></Position><AltitudeMeters>15.557</AltitudeMeters><HeartRateBpm><Value>90</Value></HeartRateBpm></Trackpoint><Trackpoint><Time>2026-05-01T08:25:17.922Z</Time><Position><LatitudeDegrees>60.059944</LatitudeDegrees><LongitudeDegrees>18.751068</LongitudeDegrees></Position><AltitudeMeters>15.56</AltitudeMeters><HeartRateBpm><Value>91</Value></HeartRateBpm></Trackpoint><Trackpoint><Time>2026-05-01T08:25:18.930Z</Time><Position><LatitudeDegrees>60.059933</LatitudeDegrees><LongitudeDegrees>18.75104</LongitudeDegrees></Position><AltitudeMeters>15.603</AltitudeMeters><HeartRateBpm><Value>92</Value></HeartRateBpm></Trackpoint><Trackpoint><Time>2026-05-01T08:25:19.937Z</Time><Position><LatitudeDegrees>60.059925</LatitudeDegrees><LongitudeDegrees>18.751009</LongitudeDegrees></Position><AltitudeMeters>15.644</AltitudeMeters><HeartRateBpm><Value>93</Value></HeartRateBpm></Trackpoint><Trackpoint><Time>2026-05-01T08:25:20.946Z</Time><Position><LatitudeDegrees>60.059917</LatitudeDegrees><LongitudeDegrees>18.750978</LongitudeDegrees></Position><AltitudeMeters>15.649</AltitudeMeters><HeartRateBpm><Value>93</Value></HeartRateBpm></Trackpoint><Trackpoint><Time>2026-05-01T08:25:21.955Z</Time><Position><LatitudeDegrees>60.05991</LatitudeDegrees><LongitudeDegrees>18.750946</LongitudeDegrees></Position><AltitudeMeters>15.651</AltitudeMeters><HeartRateBpm><Value>93</Value></HeartRateBpm></Trackpoint><Trackpoint><Time>2026-05-01T08:25:22.964Z</Time><Position><LatitudeDegrees>60.059902</LatitudeDegrees><LongitudeDegrees>18.750916</LongitudeDegrees></Position><AltitudeMeters>15.703</AltitudeMeters><HeartRateBpm><Value>92</Value></HeartRateBpm></Trackpoint><Trackpoint><Time>2026-05-01T08:25:23.972Z</Time><Position><LatitudeDegrees>60.059895</LatitudeDegrees><LongitudeDegrees>18.750885</LongitudeDegrees></Position><AltitudeMeters>15.789</AltitudeMeters><HeartRateBpm><Value>92</Value></HeartRateBpm></Trackpoint><Trackpoint><Time>2026-05-01T08:25:24.981Z</Time><Position><LatitudeDegrees>60.059887</LatitudeDegrees><LongitudeDegrees>18.750856</LongitudeDegrees></Position><AltitudeMeters>15.887</AltitudeMeters><HeartRateBpm><Value>91</Value></HeartRateBpm></Trackpoint><Trackpoint><Time>2026-05-01T08:25:25.987Z</Time><Position><LatitudeDegrees>60.05988</LatitudeDegrees><LongitudeDegrees>18.750828</LongitudeDegrees></Position><AltitudeMeters>15.955</AltitudeMeters><HeartRateBpm><Value>91</Value></HeartRateBpm></Trackpoint><Trackpoint><Time>2026-05-01T08:25:26.996Z</Time><Position><LatitudeDegrees>60.05987</LatitudeDegrees><LongitudeDegrees>18.750803</LongitudeDegrees></Position><AltitudeMeters>15.957</AltitudeMeters><HeartRateBpm><Value>92</Value></HeartRateBpm></Trackpoint><Trackpoint><Time>2026-05-01T08:25:28.003Z</Time><Position><LatitudeDegrees>60.059864</LatitudeDegrees><LongitudeDegrees>18.750778</LongitudeDegrees></Position><AltitudeMeters>16.026</AltitudeMeters><HeartRateBpm><Value>92</Value></HeartRateBpm></Trackpoint><Trackpoint><Time>2026-05-01T08:25:29.012Z</Time><Position><LatitudeDegrees>60.059853</LatitudeDegrees><LongitudeDegrees>18.75075</LongitudeDegrees></Position><AltitudeMeters>16.103</AltitudeMeters><HeartRateBpm><Value>93</Value></HeartRateBpm></Trackpoint><Trackpoint><Time>2026-05-01T08:25:30.021Z</Time><Position><LatitudeDegrees>60.059845</LatitudeDegrees><LongitudeDegrees>18.750723</LongitudeDegrees></Position><AltitudeMeters>16.1</AltitudeMeters><HeartRateBpm><Value>94</Value></HeartRateBpm></Trackpoint><Trackpoint><Time>2026-05-01T08:25:31.027Z</Time><Position><LatitudeDegrees>60.059837</LatitudeDegrees><LongitudeDegrees>18.750694</LongitudeDegrees></Position><AltitudeMeters>16.131</AltitudeMeters><HeartRateBpm><Value>95</Value></HeartRateBpm></Trackpoint><Trackpoint><Time>2026-05-01T08:25:32.036Z</Time><Position><LatitudeDegrees>60.05983</LatitudeDegrees><LongitudeDegrees>18.750668</LongitudeDegrees></Position><AltitudeMeters>16.221</AltitudeMeters><HeartRateBpm><Value>96</Value></HeartRateBpm></Trackpoint><Trackpoint><Time>2026-05-01T08:25:33.045Z</Time><Position><LatitudeDegrees>60.059822</LatitudeDegrees><LongitudeDegrees>18.750639</LongitudeDegrees></Position><AltitudeMeters>16.22</AltitudeMeters><HeartRateBpm><Value>96</Value></HeartRateBpm></Trackpoint><Trackpoint><Time>2026-05-01T08:25:34.054Z</Time><Position><LatitudeDegrees>60.059814</LatitudeDegrees><LongitudeDegrees>18.750612</LongitudeDegrees></Position><AltitudeMeters>16.247</AltitudeMeters><HeartRateBpm><Value>96</Value></HeartRateBpm></Trackpoint><Trackpoint><Time>2026-05-01T08:25:35.063Z</Time><Position><LatitudeDegrees>60.059803</LatitudeDegrees><LongitudeDegrees>18.750586</LongitudeDegrees></Position><AltitudeMeters>16.291</AltitudeMeters><HeartRateBpm><Value>96</Value></HeartRateBpm></Trackpoint><Trackpoint><Time>2026-05-01T08:25:36.072Z</Time><Position><LatitudeDegrees>60.059795</LatitudeDegrees><LongitudeDegrees>18.750559</LongitudeDegrees></Position><AltitudeMeters>16.389</AltitudeMeters><HeartRateBpm><Value>96</Value></HeartRateBpm></Trackpoint><Trackpoint><Time>2026-05-01T08:25:37.081Z</Time><Position><LatitudeDegrees>60.059788</LatitudeDegrees><LongitudeDegrees>18.750532</LongitudeDegrees></Position><AltitudeMeters>16.499</AltitudeMeters><HeartRateBpm><Value>96</Value></HeartRateBpm></Trackpoint><Trackpoint><Time>2026-05-01T08:25:38.089Z</Time><Position><LatitudeDegrees>60.05978</LatitudeDegrees><LongitudeDegrees>18.750505</LongitudeDegrees></Position><AltitudeMeters>16.511</AltitudeMeters><HeartRateBpm><Value>95</Value></HeartRateBpm></Trackpoint><Trackpoint><Time>2026-05-01T08:25:39.097Z</Time><Position><LatitudeDegrees>60.059772</LatitudeDegrees><LongitudeDegrees>18.75048</LongitudeDegrees></Position><AltitudeMeters>16.487</AltitudeMeters><HeartRateBpm><Value>96</Value></HeartRateBpm></Trackpoint><Trackpoint><Time>2026-05-01T08:25:40.106Z</Time><Position><LatitudeDegrees>60.059765</LatitudeDegrees><LongitudeDegrees>18.750454</LongitudeDegrees></Position><AltitudeMeters>16.395</AltitudeMeters><HeartRateBpm><Value>96</Value></HeartRateBpm></Trackpoint><Trackpoint><Time>2026-05-01T08:25:41.114Z</Time><Position><LatitudeDegrees>60.059753</LatitudeDegrees><LongitudeDegrees>18.75043</LongitudeDegrees></Position><AltitudeMeters>16.384</AltitudeMeters><HeartRateBpm><Value>95</Value></HeartRateBpm></Trackpoint><Trackpoint><Time>2026-05-01T08:25:42.121Z</Time><Position><LatitudeDegrees>60.059746</LatitudeDegrees><LongitudeDegrees>18.750402</LongitudeDegrees></Position><AltitudeMeters>16.478</AltitudeMeters><HeartRateBpm><Value>95</Value></HeartRateBpm></Trackpoint><Trackpoint><Time>2026-05-01T08:25:43.129Z</Time><Position><LatitudeDegrees>60.05974</LatitudeDegrees><LongitudeDegrees>18.750376</LongitudeDegrees></Position><AltitudeMeters>16.478</AltitudeMeters><HeartRateBpm><Value>95</Value></HeartRateBpm></Trackpoint><Trackpoint><Time>2026-05-01T08:25:44.137Z</Time><Position><LatitudeDegrees>60.05973</LatitudeDegrees><LongitudeDegrees>18.750349</LongitudeDegrees></Position><AltitudeMeters>16.438</AltitudeMeters><HeartRateBpm><Value>95</Value></HeartRateBpm></Trackpoint><Trackpoint><Time>2026-05-01T08:25:45.145Z</Time><Position><LatitudeDegrees>60.05972</LatitudeDegrees><LongitudeDegrees>18.750324</LongitudeDegrees></Position><AltitudeMeters>16.487</AltitudeMeters><HeartRateBpm><Value>95</Value></HeartRateBpm></Trackpoint><Trackpoint><Time>2026-05-01T08:25:46.153Z</Time><Position><LatitudeDegrees>60.05971</LatitudeDegrees><LongitudeDegrees>18.750296</LongitudeDegrees></Position><AltitudeMeters>16.553</AltitudeMeters><HeartRateBpm><Value>95</Value></HeartRateBpm></Trackpoint><Trackpoint><Time>2026-05-01T08:25:47.163Z</Time><Position><LatitudeDegrees>60.059704</LatitudeDegrees><LongitudeDegrees>18.750269</LongitudeDegrees></Position><AltitudeMeters>16.512</AltitudeMeters><HeartRateBpm><Value>94</Value></HeartRateBpm></Trackpoint><Trackpoint><Time>2026-05-01T08:25:48.172Z</Time><Position><LatitudeDegrees>60.059692</LatitudeDegrees><LongitudeDegrees>18.75024</LongitudeDegrees></Position><AltitudeMeters>16.595</AltitudeMeters><HeartRateBpm><Value>94</Value></HeartRateBpm></Trackpoint><Trackpoint><Time>2026-05-01T08:25:49.174Z</Time><Position><LatitudeDegrees>60.059685</LatitudeDegrees><LongitudeDegrees>18.750212</LongitudeDegrees></Position><AltitudeMeters>16.608</AltitudeMeters><HeartRateBpm><Value>94</Value></HeartRateBpm></Trackpoint><Trackpoint><Time>2026-05-01T08:25:50.182Z</Time><Position><LatitudeDegrees>60.059677</LatitudeDegrees><LongitudeDegrees>18.750181</LongitudeDegrees></Position><AltitudeMeters>16.555</AltitudeMeters><HeartRateBpm><Value>94</Value></HeartRateBpm></Trackpoint><Trackpoint><Time>2026-05-01T08:25:51.191Z</Time><Position><LatitudeDegrees>60.059666</LatitudeDegrees><LongitudeDegrees>18.75015</LongitudeDegrees></Position><AltitudeMeters>16.654</AltitudeMeters><HeartRateBpm><Value>94</Value></HeartRateBpm></Trackpoint><Trackpoint><Time>2026-05-01T08:25:52.200Z</Time><Position><LatitudeDegrees>60.059658</LatitudeDegrees><LongitudeDegrees>18.750124</LongitudeDegrees></Position><AltitudeMeters>16.728</AltitudeMeters><HeartRateBpm><Value>93</Value></HeartRateBpm></Trackpoint><Trackpoint><Time>2026-05-01T08:25:53.209Z</Time><Position><LatitudeDegrees>60.05965</LatitudeDegrees><LongitudeDegrees>18.750095</LongitudeDegrees></Position><AltitudeMeters>16.804</AltitudeMeters><HeartRateBpm><Value>94</Value></HeartRateBpm></Trackpoint><Trackpoint><Time>2026-05-01T08:25:54.217Z</Time><Position><LatitudeDegrees>60.05964</LatitudeDegrees><LongitudeDegrees>18.750067</LongitudeDegrees></Position><AltitudeMeters>16.829</AltitudeMeters><HeartRateBpm><Value>94</Value></HeartRateBpm></Trackpoint><Trackpoint><Time>2026-05-01T08:25:55.227Z</Time><Position><LatitudeDegrees>60.05963</LatitudeDegrees><LongitudeDegrees>18.750034</LongitudeDegrees></Position><AltitudeMeters>16.873</AltitudeMeters><HeartRateBpm><Value>93</Value></HeartRateBpm></Trackpoint><Trackpoint><Time>2026-05-01T08:25:56.236Z</Time><Position><LatitudeDegrees>60.059624</LatitudeDegrees><LongitudeDegrees>18.750004</LongitudeDegrees></Position><AltitudeMeters>16.93</AltitudeMeters><HeartRateBpm><Value>93</Value></HeartRateBpm></Trackpoint><Trackpoint><Time>2026-05-01T08:25:57.245Z</Time><Position><LatitudeDegrees>60.059616</LatitudeDegrees><LongitudeDegrees>18.749973</LongitudeDegrees></Position><AltitudeMeters>16.944</AltitudeMeters><HeartRateBpm><Value>93</Value></HeartRateBpm></Trackpoint><Trackpoint><Time>2026-05-01T08:25:58.253Z</Time><Position><LatitudeDegrees>60.059605</LatitudeDegrees><LongitudeDegrees>18.749943</LongitudeDegrees></Position><AltitudeMeters>16.946</AltitudeMeters><HeartRateBpm><Value>93</Value></HeartRateBpm></Trackpoint><Trackpoint><Time>2026-05-01T08:25:59.262Z</Time><Position><LatitudeDegrees>60.059597</LatitudeDegrees><LongitudeDegrees>18.749914</LongitudeDegrees></Position><AltitudeMeters>16.902</AltitudeMeters><HeartRateBpm><Value>92</Value></HeartRateBpm></Trackpoint><Trackpoint><Time>2026-05-01T08:26:00.270Z</Time><Position><LatitudeDegrees>60.05959</LatitudeDegrees><LongitudeDegrees>18.749884</LongitudeDegrees></Position><AltitudeMeters>16.888</AltitudeMeters><HeartRateBpm><Value>92</Value></HeartRateBpm></Trackpoint><Trackpoint><Time>2026-05-01T08:26:01.279Z</Time><Position><LatitudeDegrees>60.05958</LatitudeDegrees><LongitudeDegrees>18.749853</LongitudeDegrees></Position><AltitudeMeters>16.958</AltitudeMeters><HeartRateBpm><Value>92</Value></HeartRateBpm></Trackpoint><Trackpoint><Time>2026-05-01T08:26:02.290Z</Time><Position><LatitudeDegrees>60.05957</LatitudeDegrees><LongitudeDegrees>18.74982</LongitudeDegrees></Position><AltitudeMeters>16.943</AltitudeMeters><HeartRateBpm><Value>91</Value></HeartRateBpm></Trackpoint><Trackpoint><Time>2026-05-01T08:26:03.300Z</Time><Position><LatitudeDegrees>60.059563</LatitudeDegrees><LongitudeDegrees>18.749788</LongitudeDegrees></Position><AltitudeMeters>16.929</AltitudeMeters><HeartRateBpm><Value>91</Value></HeartRateBpm></Trackpoint><Trackpoint><Time>2026-05-01T08:26:04.307Z</Time><Position><LatitudeDegrees>60.059555</LatitudeDegrees><LongitudeDegrees>18.749754</LongitudeDegrees></Position><AltitudeMeters>16.899</AltitudeMeters><HeartRateBpm><Value>90</Value></HeartRateBpm></Trackpoint><Trackpoint><Time>2026-05-01T08:26:05.316Z</Time><Position><LatitudeDegrees>60.059547</LatitudeDegrees><LongitudeDegrees>18.749722</LongitudeDegrees></Position><AltitudeMeters>16.921</AltitudeMeters><HeartRateBpm><Value>90</Value></HeartRateBpm></Trackpoint><Trackpoint><Time>2026-05-01T08:26:06.325Z</Time><Position><LatitudeDegrees>60.05954</LatitudeDegrees><LongitudeDegrees>18.74969</LongitudeDegrees></Position><AltitudeMeters>16.897</AltitudeMeters><HeartRateBpm><Value>90</Value></HeartRateBpm></Trackpoint><Trackpoint><Time>2026-05-01T08:26:07.332Z</Time><Position><LatitudeDegrees>60.059532</LatitudeDegrees><LongitudeDegrees>18.749662</LongitudeDegrees></Position><AltitudeMeters>16.93</AltitudeMeters><HeartRateBpm><Value>89</Value></HeartRateBpm></Trackpoint><Trackpoint><Time>2026-05-01T08:26:08.341Z</Time><Position><LatitudeDegrees>60.059525</LatitudeDegrees><LongitudeDegrees>18.749636</LongitudeDegrees></Position><AltitudeMeters>16.877</AltitudeMeters><HeartRateBpm><Value>89</Value></HeartRateBpm></Trackpoint><Trackpoint><Time>2026-05-01T08:26:09.349Z</Time><Position><LatitudeDegrees>60.05952</LatitudeDegrees><LongitudeDegrees>18.749609</LongitudeDegrees></Position><AltitudeMeters>16.888</AltitudeMeters><HeartRateBpm><Value>89</Value></HeartRateBpm></Trackpoint><Trackpoint><Time>2026-05-01T08:26:10.356Z</Time><Position><LatitudeDegrees>60.059513</LatitudeDegrees><LongitudeDegrees>18.749584</LongitudeDegrees></Position><AltitudeMeters>16.868</AltitudeMeters><HeartRateBpm><Value>88</Value></HeartRateBpm></Trackpoint><Trackpoint><Time>2026-05-01T08:26:11.365Z</Time><Position><LatitudeDegrees>60.059505</LatitudeDegrees><LongitudeDegrees>18.749561</LongitudeDegrees></Position><AltitudeMeters>16.891</AltitudeMeters><HeartRateBpm><Value>88</Value></HeartRateBpm></Trackpoint><Trackpoint><Time>2026-05-01T08:26:12.375Z</Time><Position><LatitudeDegrees>60.059498</LatitudeDegrees><LongitudeDegrees>18.749537</LongitudeDegrees></Position><AltitudeMeters>16.902</AltitudeMeters><HeartRateBpm><Value>88</Value></HeartRateBpm></Trackpoint><Trackpoint><Time>2026-05-01T08:26:13.384Z</Time><Position><LatitudeDegrees>60.05949</LatitudeDegrees><LongitudeDegrees>18.749516</LongitudeDegrees></Position><AltitudeMeters>16.885</AltitudeMeters><HeartRateBpm><Value>89</Value></HeartRateBpm></Trackpoint><Trackpoint><Time>2026-05-01T08:26:14.393Z</Time><Position><LatitudeDegrees>60.059483</LatitudeDegrees><LongitudeDegrees>18.749493</LongitudeDegrees></Position><AltitudeMeters>16.915</AltitudeMeters><HeartRateBpm><Value>89</Value></HeartRateBpm></Trackpoint><Trackpoint><Time>2026-05-01T08:26:15.402Z</Time><Position><LatitudeDegrees>60.059475</LatitudeDegrees><LongitudeDegrees>18.749466</LongitudeDegrees></Position><AltitudeMeters>16.916</AltitudeMeters><HeartRateBpm><Value>89</Value></HeartRateBpm></Trackpoint><Trackpoint><Time>2026-05-01T08:26:16.411Z</Time><Position><LatitudeDegrees>60.059467</LatitudeDegrees><LongitudeDegrees>18.749437</LongitudeDegrees></Position><AltitudeMeters>16.922</AltitudeMeters><HeartRateBpm><Value>90</Value></HeartRateBpm></Trackpoint><Trackpoint><Time>2026-05-01T08:26:17.419Z</Time><Position><LatitudeDegrees>60.05946</LatitudeDegrees><LongitudeDegrees>18.749409</LongitudeDegrees></Position><AltitudeMeters>16.917</AltitudeMeters><HeartRateBpm><Value>90</Value></HeartRateBpm></Trackpoint><Trackpoint><Time>2026-05-01T08:26:33.645Z</Time><Position><LatitudeDegrees>60.059452</LatitudeDegrees><LongitudeDegrees>18.749382</LongitudeDegrees></Position><AltitudeMeters>16.281</AltitudeMeters><HeartRateBpm><Value>89</Value></HeartRateBpm></Trackpoint><Trackpoint><Time>2026-05-01T08:26:34.645Z</Time><Position><LatitudeDegrees>60.059444</LatitudeDegrees><LongitudeDegrees>18.749352</LongitudeDegrees></Position><AltitudeMeters>16.27</AltitudeMeters><HeartRateBpm><Value>89</Value></HeartRateBpm></Trackpoint><Trackpoint><Time>2026-05-01T08:26:35.645Z</Time><Position><LatitudeDegrees>60.059437</LatitudeDegrees><LongitudeDegrees>18.749323</LongitudeDegrees></Position><AltitudeMeters>16.2</AltitudeMeters><HeartRateBpm><Value>89</Value></HeartRateBpm></Trackpoint><Trackpoint><Time>2026-05-01T08:26:36.651Z</Time><Position><LatitudeDegrees>60.05943</LatitudeDegrees><LongitudeDegrees>18.749294</LongitudeDegrees></Position><AltitudeMeters>16.127</AltitudeMeters><HeartRateBpm><Value>88</Value></HeartRateBpm></Trackpoint><Trackpoint><Time>2026-05-01T08:26:37.659Z</Time><Position><LatitudeDegrees>60.05942</LatitudeDegrees><LongitudeDegrees>18.749266</LongitudeDegrees></Position><AltitudeMeters>16.107</AltitudeMeters><HeartRateBpm><Value>88</Value></HeartRateBpm></Trackpoint><Trackpoint><Time>2026-05-01T08:26:38.670Z</Time><Position><LatitudeDegrees>60.059414</LatitudeDegrees><LongitudeDegrees>18.749237</LongitudeDegrees></Position><AltitudeMeters>16.085</AltitudeMeters><HeartRateBpm><Value>87</Value></HeartRateBpm></Trackpoint><Trackpoint><Time>2026-05-01T08:26:39.678Z</Time><Position><LatitudeDegrees>60.059406</LatitudeDegrees><LongitudeDegrees>18.749208</LongitudeDegrees></Position><AltitudeMeters>16.066</AltitudeMeters><HeartRateBpm><Value>87</Value></HeartRateBpm></Trackpoint><Trackpoint><Time>2026-05-01T08:26:40.686Z</Time><Position><LatitudeDegrees>60.0594</LatitudeDegrees><LongitudeDegrees>18.749182</LongitudeDegrees></Position><AltitudeMeters>16.14</AltitudeMeters><HeartRateBpm><Value>86</Value></HeartRateBpm></Trackpoint><Trackpoint><Time>2026-05-01T08:26:41.695Z</Time><Position><LatitudeDegrees>60.05939</LatitudeDegrees><LongitudeDegrees>18.749155</LongitudeDegrees></Position><AltitudeMeters>16.181</AltitudeMeters><HeartRateBpm><Value>85</Value></HeartRateBpm></Trackpoint><Trackpoint><Time>2026-05-01T08:26:42.704Z</Time><Position><LatitudeDegrees>60.059383</LatitudeDegrees><LongitudeDegrees>18.749128</LongitudeDegrees></Position><AltitudeMeters>16.19</AltitudeMeters><HeartRateBpm><Value>84</Value></HeartRateBpm></Trackpoint><Trackpoint><Time>2026-05-01T08:26:43.711Z</Time><Position><LatitudeDegrees>60.059376</LatitudeDegrees><LongitudeDegrees>18.749102</LongitudeDegrees></Position><AltitudeMeters>16.155</AltitudeMeters><HeartRateBpm><Value>83</Value></HeartRateBpm></Trackpoint><Trackpoint><Time>2026-05-01T08:26:44.719Z</Time><Position><LatitudeDegrees>60.05937</LatitudeDegrees><LongitudeDegrees>18.749075</LongitudeDegrees></Position><AltitudeMeters>16.211</AltitudeMeters><HeartRateBpm><Value>83</Value></HeartRateBpm></Trackpoint><Trackpoint><Time>2026-05-01T08:26:45.728Z</Time><Position><LatitudeDegrees>60.05936</LatitudeDegrees><LongitudeDegrees>18.749046</LongitudeDegrees></Position><AltitudeMeters>16.268</AltitudeMeters><HeartRateBpm><Value>83</Value></HeartRateBpm></Trackpoint><Trackpoint><Time>2026-05-01T08:26:46.737Z</Time><Position><LatitudeDegrees>60.059353</LatitudeDegrees><LongitudeDegrees>18.749018</LongitudeDegrees></Position><AltitudeMeters>16.307</AltitudeMeters><HeartRateBpm><Value>84</Value></HeartRateBpm></Trackpoint><Trackpoint><Time>2026-05-01T08:26:47.745Z</Time><Position><LatitudeDegrees>60.059345</LatitudeDegrees><LongitudeDegrees>18.748987</LongitudeDegrees></Position><AltitudeMeters>16.349</AltitudeMeters><HeartRateBpm><Value>85</Value></HeartRateBpm></Trackpoint><Trackpoint><Time>2026-05-01T08:26:48.754Z</Time><Position><LatitudeDegrees>60.059338</LatitudeDegrees><LongitudeDegrees>18.748957</LongitudeDegrees></Position><AltitudeMeters>16.348</AltitudeMeters><HeartRateBpm><Value>85</Value></HeartRateBpm></Trackpoint><Trackpoint><Time>2026-05-01T08:26:49.762Z</Time><Position><LatitudeDegrees>60.05933</LatitudeDegrees><LongitudeDegrees>18.748926</LongitudeDegrees></Position><AltitudeMeters>16.367</AltitudeMeters><HeartRateBpm><Value>86</Value></HeartRateBpm></Trackpoint><Trackpoint><Time>2026-05-01T08:26:50.769Z</Time><Position><LatitudeDegrees>60.059322</LatitudeDegrees><LongitudeDegrees>18.748898</LongitudeDegrees></Position><AltitudeMeters>16.396</AltitudeMeters><HeartRateBpm><Value>85</Value></HeartRateBpm></Trackpoint><Trackpoint><Time>2026-05-01T08:26:51.778Z</Time><Position><LatitudeDegrees>60.059315</LatitudeDegrees><LongitudeDegrees>18.748869</LongitudeDegrees></Position><AltitudeMeters>16.299</AltitudeMeters><HeartRateBpm><Value>85</Value></HeartRateBpm></Trackpoint><Trackpoint><Time>2026-05-01T08:26:52.785Z</Time><Position><LatitudeDegrees>60.059303</LatitudeDegrees><LongitudeDegrees>18.74884</LongitudeDegrees></Position><AltitudeMeters>16.254</AltitudeMeters><HeartRateBpm><Value>84</Value></HeartRateBpm></Trackpoint><Trackpoint><Time>2026-05-01T08:26:53.795Z</Time><Position><LatitudeDegrees>60.0593</LatitudeDegrees><LongitudeDegrees>18.748812</LongitudeDegrees></Position><AltitudeMeters>16.243</AltitudeMeters><HeartRateBpm><Value>83</Value></HeartRateBpm></Trackpoint><Trackpoint><Time>2026-05-01T08:26:54.805Z</Time><Position><LatitudeDegrees>60.05929</LatitudeDegrees><LongitudeDegrees>18.748783</LongitudeDegrees></Position><AltitudeMeters>16.357</AltitudeMeters><HeartRateBpm><Value>83</Value></HeartRateBpm></Trackpoint><Trackpoint><Time>2026-05-01T08:26:55.815Z</Time><Position><LatitudeDegrees>60.059284</LatitudeDegrees><LongitudeDegrees>18.748753</LongitudeDegrees></Position><AltitudeMeters>16.321</AltitudeMeters><HeartRateBpm><Value>82</Value></HeartRateBpm></Trackpoint><Trackpoint><Time>2026-05-01T08:26:56.824Z</Time><Position><LatitudeDegrees>60.059277</LatitudeDegrees><LongitudeDegrees>18.748724</LongitudeDegrees></Position><AltitudeMeters>16.3</AltitudeMeters><HeartRateBpm><Value>82</Value></HeartRateBpm></Trackpoint><Trackpoint><Time>2026-05-01T08:26:57.832Z</Time><Position><LatitudeDegrees>60.05927</LatitudeDegrees><LongitudeDegrees>18.748693</LongitudeDegrees></Position><AltitudeMeters>16.271</AltitudeMeters><HeartRateBpm><Value>82</Value></HeartRateBpm></Trackpoint><Trackpoint><Time>2026-05-01T08:26:58.842Z</Time><Position><LatitudeDegrees>60.059258</LatitudeDegrees><LongitudeDegrees>18.748665</LongitudeDegrees></Position><AltitudeMeters>16.261</AltitudeMeters><HeartRateBpm><Value>82</Value></HeartRateBpm></Trackpoint><Trackpoint><Time>2026-05-01T08:26:59.849Z</Time><Position><LatitudeDegrees>60.05925</LatitudeDegrees><LongitudeDegrees>18.748636</LongitudeDegrees></Position><AltitudeMeters>16.261</AltitudeMeters><HeartRateBpm><Value>83</Value></HeartRateBpm></Trackpoint><Trackpoint><Time>2026-05-01T08:27:00.858Z</Time><Position><LatitudeDegrees>60.059242</LatitudeDegrees><LongitudeDegrees>18.748608</LongitudeDegrees></Position><AltitudeMeters>16.289</AltitudeMeters><HeartRateBpm><Value>83</Value></HeartRateBpm></Trackpoint><Trackpoint><Time>2026-05-01T08:27:01.867Z</Time><Position><LatitudeDegrees>60.059235</LatitudeDegrees><LongitudeDegrees>18.74858</LongitudeDegrees></Position><AltitudeMeters>16.313</AltitudeMeters><HeartRateBpm><Value>83</Value></HeartRateBpm></Trackpoint><Trackpoint><Time>2026-05-01T08:27:02.876Z</Time><Position><LatitudeDegrees>60.059227</LatitudeDegrees><LongitudeDegrees>18.748552</LongitudeDegrees></Position><AltitudeMeters>16.339</AltitudeMeters><HeartRateBpm><Value>83</Value></HeartRateBpm></Trackpoint><Trackpoint><Time>2026-05-01T08:27:03.885Z</Time><Position><LatitudeDegrees>60.05922</LatitudeDegrees><LongitudeDegrees>18.748526</LongitudeDegrees></Position><AltitudeMeters>16.401</AltitudeMeters><HeartRateBpm><Value>82</Value></HeartRateBpm></Trackpoint><Trackpoint><Time>2026-05-01T08:27:04.895Z</Time><Position><LatitudeDegrees>60.05921</LatitudeDegrees><LongitudeDegrees>18.748497</LongitudeDegrees></Position><AltitudeMeters>16.397</AltitudeMeters><HeartRateBpm><Value>82</Value></HeartRateBpm></Trackpoint><Trackpoint><Time>2026-05-01T08:27:05.905Z</Time><Position><LatitudeDegrees>60.059204</LatitudeDegrees><LongitudeDegrees>18.748472</LongitudeDegrees></Position><AltitudeMeters>16.402</AltitudeMeters><HeartRateBpm><Value>83</Value></HeartRateBpm></Trackpoint><Trackpoint><Time>2026-05-01T08:27:06.914Z</Time><Position><LatitudeDegrees>60.059193</LatitudeDegrees><LongitudeDegrees>18.748446</LongitudeDegrees></Position><AltitudeMeters>16.482</AltitudeMeters><HeartRateBpm><Value>83</Value></HeartRateBpm></Trackpoint><Trackpoint><Time>2026-05-01T08:27:07.923Z</Time><Position><LatitudeDegrees>60.059185</LatitudeDegrees><LongitudeDegrees>18.748419</LongitudeDegrees></Position><AltitudeMeters>16.494</AltitudeMeters><HeartRateBpm><Value>83</Value></HeartRateBpm></Trackpoint><Trackpoint><Time>2026-05-01T08:27:08.931Z</Time><Position><LatitudeDegrees>60.059177</LatitudeDegrees><LongitudeDegrees>18.748392</LongitudeDegrees></Position><AltitudeMeters>16.441</AltitudeMeters><HeartRateBpm><Value>83</Value></HeartRateBpm></Trackpoint><Trackpoint><Time>2026-05-01T08:27:09.942Z</Time><Position><LatitudeDegrees>60.05917</LatitudeDegrees><LongitudeDegrees>18.74837</LongitudeDegrees></Position><AltitudeMeters>16.472</AltitudeMeters><HeartRateBpm><Value>83</Value></HeartRateBpm></Trackpoint><Trackpoint><Time>2026-05-01T08:27:10.948Z</Time><Position><LatitudeDegrees>60.059162</LatitudeDegrees><LongitudeDegrees>18.748344</LongitudeDegrees></Position><AltitudeMeters>16.542</AltitudeMeters><HeartRateBpm><Value>82</Value></HeartRateBpm></Trackpoint><Trackpoint><Time>2026-05-01T08:27:11.958Z</Time><Position><LatitudeDegrees>60.059155</LatitudeDegrees><LongitudeDegrees>18.748322</LongitudeDegrees></Position><AltitudeMeters>16.603</AltitudeMeters><HeartRateBpm><Value>82</Value></HeartRateBpm></Trackpoint><Trackpoint><Time>2026-05-01T08:27:12.966Z</Time><Position><LatitudeDegrees>60.059147</LatitudeDegrees><LongitudeDegrees>18.748299</LongitudeDegrees></Position><AltitudeMeters>16.594</AltitudeMeters><HeartRateBpm><Value>81</Value></HeartRateBpm></Trackpoint><Trackpoint><Time>2026-05-01T08:27:13.975Z</Time><Position><LatitudeDegrees>60.059135</LatitudeDegrees><LongitudeDegrees>18.748278</LongitudeDegrees></Position><AltitudeMeters>16.616</AltitudeMeters><HeartRateBpm><Value>81</Value></HeartRateBpm></Trackpoint><Trackpoint><Time>2026-05-01T08:27:14.985Z</Time><Position><LatitudeDegrees>60.059124</LatitudeDegrees><LongitudeDegrees>18.748257</LongitudeDegrees></Position><AltitudeMeters>16.635</AltitudeMeters><HeartRateBpm><Value>81</Value></HeartRateBpm></Trackpoint><Trackpoint><Time>2026-05-01T08:27:15.993Z</Time><Position><LatitudeDegrees>60.059113</LatitudeDegrees><LongitudeDegrees>18.748236</LongitudeDegrees></Position><AltitudeMeters>16.634</AltitudeMeters><HeartRateBpm><Value>80</Value></HeartRateBpm></Trackpoint><Trackpoint><Time>2026-05-01T08:27:17.002Z</Time><Position><LatitudeDegrees>60.0591</LatitudeDegrees><LongitudeDegrees>18.748213</LongitudeDegrees></Position><AltitudeMeters>16.646</AltitudeMeters><HeartRateBpm><Value>80</Value></HeartRateBpm></Trackpoint><Trackpoint><Time>2026-05-01T08:27:18.009Z</Time><Position><LatitudeDegrees>60.05909</LatitudeDegrees><LongitudeDegrees>18.748188</LongitudeDegrees></Position><AltitudeMeters>16.643</AltitudeMeters><HeartRateBpm><Value>80</Value></HeartRateBpm></Trackpoint><Trackpoint><Time>2026-05-01T08:27:19.018Z</Time><Position><LatitudeDegrees>60.05908</LatitudeDegrees><LongitudeDegrees>18.748163</LongitudeDegrees></Position><AltitudeMeters>16.607</AltitudeMeters><HeartRateBpm><Value>80</Value></HeartRateBpm></Trackpoint><Trackpoint><Time>2026-05-01T08:27:20.027Z</Time><Position><LatitudeDegrees>60.059067</LatitudeDegrees><LongitudeDegrees>18.748142</LongitudeDegrees></Position><AltitudeMeters>16.607</AltitudeMeters><HeartRateBpm><Value>79</Value></HeartRateBpm></Trackpoint><Trackpoint><Time>2026-05-01T08:27:21.036Z</Time><Position><LatitudeDegrees>60.05906</LatitudeDegrees><LongitudeDegrees>18.748123</LongitudeDegrees></Position><AltitudeMeters>16.529</AltitudeMeters><HeartRateBpm><Value>80</Value></HeartRateBpm></Trackpoint><Trackpoint><Time>2026-05-01T08:27:22.044Z</Time><Position><LatitudeDegrees>60.05905</LatitudeDegrees><LongitudeDegrees>18.748112</LongitudeDegrees></Position><AltitudeMeters>16.453</AltitudeMeters><HeartRateBpm><Value>81</Value></HeartRateBpm></Trackpoint><Trackpoint><Time>2026-05-01T08:27:23.054Z</Time><Position><LatitudeDegrees>60.059048</LatitudeDegrees><LongitudeDegrees>18.748104</LongitudeDegrees></Position><AltitudeMeters>16.41</AltitudeMeters><HeartRateBpm><Value>81</Value></HeartRateBpm></Trackpoint><Trackpoint><Time>2026-05-01T08:27:24.062Z</Time><Position><LatitudeDegrees>60.059044</LatitudeDegrees><LongitudeDegrees>18.748098</LongitudeDegrees></Position><AltitudeMeters>16.376</AltitudeMeters><HeartRateBpm><Value>82</Value></HeartRateBpm></Trackpoint><Trackpoint><Time>2026-05-01T08:27:25.069Z</Time><Position><LatitudeDegrees>60.059044</LatitudeDegrees><LongitudeDegrees>18.748106</LongitudeDegrees></Position><AltitudeMeters>16.448</AltitudeMeters><HeartRateBpm><Value>82</Value></HeartRateBpm></Trackpoint><Trackpoint><Time>2026-05-01T08:27:26.077Z</Time><Position><LatitudeDegrees>60.059048</LatitudeDegrees><LongitudeDegrees>18.748123</LongitudeDegrees></Position><AltitudeMeters>16.469</AltitudeMeters><HeartRateBpm><Value>82</Value></HeartRateBpm></Trackpoint><Trackpoint><Time>2026-05-01T08:27:27.087Z</Time><Position><LatitudeDegrees>60.05906</LatitudeDegrees><LongitudeDegrees>18.748146</LongitudeDegrees></Position><AltitudeMeters>16.459</AltitudeMeters><HeartRateBpm><Value>82</Value></HeartRateBpm></Trackpoint><Trackpoint><Time>2026-05-01T08:27:28.094Z</Time><Position><LatitudeDegrees>60.05907</LatitudeDegrees><LongitudeDegrees>18.748177</LongitudeDegrees></Position><AltitudeMeters>16.464</AltitudeMeters><HeartRateBpm><Value>82</Value></HeartRateBpm></Trackpoint><Trackpoint><Time>2026-05-01T08:27:29.103Z</Time><Position><LatitudeDegrees>60.059086</LatitudeDegrees><LongitudeDegrees>18.74821</LongitudeDegrees></Position><AltitudeMeters>16.443</AltitudeMeters><HeartRateBpm><Value>81</Value></HeartRateBpm></Trackpoint><Trackpoint><Time>2026-05-01T08:27:57.664Z</Time><Position><LatitudeDegrees>60.059097</LatitudeDegrees><LongitudeDegrees>18.748247</LongitudeDegrees></Position><AltitudeMeters>16.856</AltitudeMeters><HeartRateBpm><Value>91</Value></HeartRateBpm></Trackpoint><Trackpoint><Time>2026-05-01T08:27:58.665Z</Time><Position><LatitudeDegrees>60.059113</LatitudeDegrees><LongitudeDegrees>18.748285</LongitudeDegrees></Position><AltitudeMeters>16.797</AltitudeMeters><HeartRateBpm><Value>91</Value></HeartRateBpm></Trackpoint><Trackpoint><Time>2026-05-01T08:27:59.665Z</Time><Position><LatitudeDegrees>60.059128</LatitudeDegrees><LongitudeDegrees>18.748323</LongitudeDegrees></Position><AltitudeMeters>16.769</AltitudeMeters><HeartRateBpm><Value>92</Value></HeartRateBpm></Trackpoint><Trackpoint><Time>2026-05-01T08:28:00.666Z</Time><Position><LatitudeDegrees>60.059143</LatitudeDegrees><LongitudeDegrees>18.74836</LongitudeDegrees></Position><AltitudeMeters>16.785</AltitudeMeters><HeartRateBpm><Value>93</Value></HeartRateBpm></Trackpoint><Trackpoint><Time>2026-05-01T08:28:01.666Z</Time><Position><LatitudeDegrees>60.059155</LatitudeDegrees><LongitudeDegrees>18.748396</LongitudeDegrees></Position><AltitudeMeters>16.719</AltitudeMeters><HeartRateBpm><Value>94</Value></HeartRateBpm></Trackpoint><Trackpoint><Time>2026-05-01T08:28:02.667Z</Time><Position><LatitudeDegrees>60.05917</LatitudeDegrees><LongitudeDegrees>18.748432</LongitudeDegrees></Position><AltitudeMeters>16.732</AltitudeMeters><HeartRateBpm><Value>94</Value></HeartRateBpm></Trackpoint><Trackpoint><Time>2026-05-01T08:28:03.667Z</Time><Position><LatitudeDegrees>60.059185</LatitudeDegrees><LongitudeDegrees>18.748468</LongitudeDegrees></Position><AltitudeMeters>16.768</AltitudeMeters><HeartRateBpm><Value>94</Value></HeartRateBpm></Trackpoint><Trackpoint><Time>2026-05-01T08:28:04.668Z</Time><Position><LatitudeDegrees>60.059196</LatitudeDegrees><LongitudeDegrees>18.748505</LongitudeDegrees></Position><AltitudeMeters>16.62</AltitudeMeters><HeartRateBpm><Value>94</Value></HeartRateBpm></Trackpoint><Trackpoint><Time>2026-05-01T08:28:05.669Z</Time><Position><LatitudeDegrees>60.059204</LatitudeDegrees><LongitudeDegrees>18.748537</LongitudeDegrees></Position><AltitudeMeters>16.586</AltitudeMeters><HeartRateBpm><Value>94</Value></HeartRateBpm></Trackpoint><Trackpoint><Time>2026-05-01T08:28:06.669Z</Time><Position><LatitudeDegrees>60.059216</LatitudeDegrees><LongitudeDegrees>18.748568</LongitudeDegrees></Position><AltitudeMeters>16.614</AltitudeMeters><HeartRateBpm><Value>93</Value></HeartRateBpm></Trackpoint><Trackpoint><Time>2026-05-01T08:28:07.671Z</Time><Position><LatitudeDegrees>60.059223</LatitudeDegrees><LongitudeDegrees>18.748596</LongitudeDegrees></Position><AltitudeMeters>16.632</AltitudeMeters><HeartRateBpm><Value>93</Value></HeartRateBpm></Trackpoint><Trackpoint><Time>2026-05-01T08:28:08.678Z</Time><Position><LatitudeDegrees>60.05923</LatitudeDegrees><LongitudeDegrees>18.748625</LongitudeDegrees></Position><AltitudeMeters>16.683</AltitudeMeters><HeartRateBpm><Value>92</Value></HeartRateBpm></Trackpoint><Trackpoint><Time>2026-05-01T08:28:09.687Z</Time><Position><LatitudeDegrees>60.05924</LatitudeDegrees><LongitudeDegrees>18.748655</LongitudeDegrees></Position><AltitudeMeters>16.666</AltitudeMeters><HeartRateBpm><Value>91</Value></HeartRateBpm></Trackpoint><Trackpoint><Time>2026-05-01T08:28:10.696Z</Time><Position><LatitudeDegrees>60.05925</LatitudeDegrees><LongitudeDegrees>18.748686</LongitudeDegrees></Position><AltitudeMeters>16.703</AltitudeMeters><HeartRateBpm><Value>90</Value></HeartRateBpm></Trackpoint><Trackpoint><Time>2026-05-01T08:28:11.705Z</Time><Position><LatitudeDegrees>60.059258</LatitudeDegrees><LongitudeDegrees>18.748714</LongitudeDegrees></Position><AltitudeMeters>16.755</AltitudeMeters><HeartRateBpm><Value>89</Value></HeartRateBpm></Trackpoint><Trackpoint><Time>2026-05-01T08:28:12.714Z</Time><Position><LatitudeDegrees>60.059265</LatitudeDegrees><LongitudeDegrees>18.748743</LongitudeDegrees></Position><AltitudeMeters>16.773</AltitudeMeters><HeartRateBpm><Value>89</Value></HeartRateBpm></Trackpoint><Trackpoint><Time>2026-05-01T08:28:13.720Z</Time><Position><LatitudeDegrees>60.059273</LatitudeDegrees><LongitudeDegrees>18.748774</LongitudeDegrees></Position><AltitudeMeters>16.772</AltitudeMeters><HeartRateBpm><Value>89</Value></HeartRateBpm></Trackpoint><Trackpoint><Time>2026-05-01T08:28:14.730Z</Time><Position><LatitudeDegrees>60.059284</LatitudeDegrees><LongitudeDegrees>18.748804</LongitudeDegrees></Position><AltitudeMeters>16.684</AltitudeMeters><HeartRateBpm><Value>89</Value></HeartRateBpm></Trackpoint><Trackpoint><Time>2026-05-01T08:28:15.738Z</Time><Position><LatitudeDegrees>60.05929</LatitudeDegrees><LongitudeDegrees>18.748835</LongitudeDegrees></Position><AltitudeMeters>16.661</AltitudeMeters><HeartRateBpm><Value>89</Value></HeartRateBpm></Trackpoint><Trackpoint><Time>2026-05-01T08:28:16.747Z</Time><Position><LatitudeDegrees>60.0593</LatitudeDegrees><LongitudeDegrees>18.748863</LongitudeDegrees></Position><AltitudeMeters>16.635</AltitudeMeters><HeartRateBpm><Value>89</Value></HeartRateBpm></Trackpoint><Trackpoint><Time>2026-05-01T08:28:17.755Z</Time><Position><LatitudeDegrees>60.05931</LatitudeDegrees><LongitudeDegrees>18.748894</LongitudeDegrees></Position><AltitudeMeters>16.617</AltitudeMeters><HeartRateBpm><Value>90</Value></HeartRateBpm></Trackpoint><Trackpoint><Time>2026-05-01T08:28:18.764Z</Time><Position><LatitudeDegrees>60.05932</LatitudeDegrees><LongitudeDegrees>18.748919</LongitudeDegrees></Position><AltitudeMeters>16.633</AltitudeMeters><HeartRateBpm><Value>91</Value></HeartRateBpm></Trackpoint><Trackpoint><Time>2026-05-01T08:28:19.774Z</Time><Position><LatitudeDegrees>60.059322</LatitudeDegrees><LongitudeDegrees>18.748947</LongitudeDegrees></Position><AltitudeMeters>16.679</AltitudeMeters><HeartRateBpm><Value>91</Value></HeartRateBpm></Trackpoint><Trackpoint><Time>2026-05-01T08:28:20.783Z</Time><Position><LatitudeDegrees>60.05933</LatitudeDegrees><LongitudeDegrees>18.748974</LongitudeDegrees></Position><AltitudeMeters>16.687</AltitudeMeters><HeartRateBpm><Value>93</Value></HeartRateBpm></Trackpoint><Trackpoint><Time>2026-05-01T08:28:21.790Z</Time><Position><LatitudeDegrees>60.059338</LatitudeDegrees><LongitudeDegrees>18.749002</LongitudeDegrees></Position><AltitudeMeters>16.649</AltitudeMeters><HeartRateBpm><Value>94</Value></HeartRateBpm></Trackpoint><Trackpoint><Time>2026-05-01T08:28:22.799Z</Time><Position><LatitudeDegrees>60.059345</LatitudeDegrees><LongitudeDegrees>18.749031</LongitudeDegrees></Position><AltitudeMeters>16.647</AltitudeMeters><HeartRateBpm><Value>96</Value></HeartRateBpm></Trackpoint><Trackpoint><Time>2026-05-01T08:28:23.808Z</Time><Position><LatitudeDegrees>60.05935</LatitudeDegrees><LongitudeDegrees>18.749063</LongitudeDegrees></Position><AltitudeMeters>16.736</AltitudeMeters><HeartRateBpm><Value>97</Value></HeartRateBpm></Trackpoint><Trackpoint><Time>2026-05-01T08:28:24.816Z</Time><Position><LatitudeDegrees>60.059357</LatitudeDegrees><LongitudeDegrees>18.749098</LongitudeDegrees></Position><AltitudeMeters>16.762</AltitudeMeters><HeartRateBpm><Value>97</Value></HeartRateBpm></Trackpoint><Trackpoint><Time>2026-05-01T08:28:25.825Z</Time><Position><LatitudeDegrees>60.05937</LatitudeDegrees><LongitudeDegrees>18.74914</LongitudeDegrees></Position><AltitudeMeters>16.808</AltitudeMeters><HeartRateBpm><Value>97</Value></HeartRateBpm></Trackpoint><Trackpoint><Time>2026-05-01T08:28:44.734Z</Time><Position><LatitudeDegrees>60.059376</LatitudeDegrees><LongitudeDegrees>18.74918</LongitudeDegrees></Position><AltitudeMeters>17.141</AltitudeMeters><HeartRateBpm><Value>98</Value></HeartRateBpm></Trackpoint><Trackpoint><Time>2026-05-01T08:28:45.735Z</Time><Position><LatitudeDegrees>60.059383</LatitudeDegrees><LongitudeDegrees>18.749224</LongitudeDegrees></Position><AltitudeMeters>17.205</AltitudeMeters><HeartRateBpm><Value>97</Value></HeartRateBpm></Trackpoint><Trackpoint><Time>2026-05-01T08:28:46.735Z</Time><Position><LatitudeDegrees>60.059395</LatitudeDegrees><LongitudeDegrees>18.74927</LongitudeDegrees></Position><AltitudeMeters>17.266</AltitudeMeters><HeartRateBpm><Value>96</Value></HeartRateBpm></Trackpoint><Trackpoint><Time>2026-05-01T08:28:47.737Z</Time><Position><LatitudeDegrees>60.059406</LatitudeDegrees><LongitudeDegrees>18.749317</LongitudeDegrees></Position><AltitudeMeters>17.288</AltitudeMeters><HeartRateBpm><Value>95</Value></HeartRateBpm></Trackpoint><Trackpoint><Time>2026-05-01T08:28:48.736Z</Time><Position><LatitudeDegrees>60.059418</LatitudeDegrees><LongitudeDegrees>18.74936</LongitudeDegrees></Position><AltitudeMeters>17.332</AltitudeMeters><HeartRateBpm><Value>94</Value></HeartRateBpm></Trackpoint><Trackpoint><Time>2026-05-01T08:28:49.736Z</Time><Position><LatitudeDegrees>60.05943</LatitudeDegrees><LongitudeDegrees>18.749397</LongitudeDegrees></Position><AltitudeMeters>17.363</AltitudeMeters><HeartRateBpm><Value>93</Value></HeartRateBpm></Trackpoint><Trackpoint><Time>2026-05-01T08:28:50.736Z</Time><Position><LatitudeDegrees>60.05944</LatitudeDegrees><LongitudeDegrees>18.749428</LongitudeDegrees></Position><AltitudeMeters>17.398</AltitudeMeters><HeartRateBpm><Value>92</Value></HeartRateBpm></Trackpoint><Trackpoint><Time>2026-05-01T08:28:51.735Z</Time><Position><LatitudeDegrees>60.05945</LatitudeDegrees><LongitudeDegrees>18.74945</LongitudeDegrees></Position><AltitudeMeters>17.454</AltitudeMeters><HeartRateBpm><Value>92</Value></HeartRateBpm></Trackpoint><Trackpoint><Time>2026-05-01T08:28:52.736Z</Time><Position><LatitudeDegrees>60.059456</LatitudeDegrees><LongitudeDegrees>18.749474</LongitudeDegrees></Position><AltitudeMeters>17.477</AltitudeMeters><HeartRateBpm><Value>91</Value></HeartRateBpm></Trackpoint><Trackpoint><Time>2026-05-01T08:28:53.736Z</Time><Position><LatitudeDegrees>60.059464</LatitudeDegrees><LongitudeDegrees>18.749498</LongitudeDegrees></Position><AltitudeMeters>17.534</AltitudeMeters><HeartRateBpm><Value>90</Value></HeartRateBpm></Trackpoint><Trackpoint><Time>2026-05-01T08:28:54.736Z</Time><Position><LatitudeDegrees>60.059467</LatitudeDegrees><LongitudeDegrees>18.749521</LongitudeDegrees></Position><AltitudeMeters>17.562</AltitudeMeters><HeartRateBpm><Value>89</Value></HeartRateBpm></Trackpoint><Trackpoint><Time>2026-05-01T08:28:55.735Z</Time><Position><LatitudeDegrees>60.05948</LatitudeDegrees><LongitudeDegrees>18.749546</LongitudeDegrees></Position><AltitudeMeters>17.62</AltitudeMeters><HeartRateBpm><Value>88</Value></HeartRateBpm></Trackpoint><Trackpoint><Time>2026-05-01T08:28:56.738Z</Time><Position><LatitudeDegrees>60.059486</LatitudeDegrees><LongitudeDegrees>18.749575</LongitudeDegrees></Position><AltitudeMeters>17.568</AltitudeMeters><HeartRateBpm><Value>87</Value></HeartRateBpm></Trackpoint><Trackpoint><Time>2026-05-01T08:28:57.736Z</Time><Position><LatitudeDegrees>60.059498</LatitudeDegrees><LongitudeDegrees>18.749603</LongitudeDegrees></Position><AltitudeMeters>17.537</AltitudeMeters><HeartRateBpm><Value>86</Value></HeartRateBpm></Trackpoint><Trackpoint><Time>2026-05-01T08:28:58.737Z</Time><Position><LatitudeDegrees>60.05951</LatitudeDegrees><LongitudeDegrees>18.749634</LongitudeDegrees></Position><AltitudeMeters>17.587</AltitudeMeters><HeartRateBpm><Value>86</Value></HeartRateBpm></Trackpoint><Trackpoint><Time>2026-05-01T08:31:42.494Z</Time><Position><LatitudeDegrees>60.05952</LatitudeDegrees><LongitudeDegrees>18.749664</LongitudeDegrees></Position><AltitudeMeters>17.822</AltitudeMeters><HeartRateBpm><Value>88</Value></HeartRateBpm></Trackpoint><Trackpoint><Time>2026-05-01T08:31:43.493Z</Time><Position><LatitudeDegrees>60.059536</LatitudeDegrees><LongitudeDegrees>18.749695</LongitudeDegrees></Position><AltitudeMeters>17.826</AltitudeMeters><HeartRateBpm><Value>88</Value></HeartRateBpm></Trackpoint><Trackpoint><Time>2026-05-01T08:31:44.494Z</Time><Position><LatitudeDegrees>60.059547</LatitudeDegrees><LongitudeDegrees>18.749727</LongitudeDegrees></Position><AltitudeMeters>17.828</AltitudeMeters><HeartRateBpm><Value>89</Value></HeartRateBpm></Trackpoint><Trackpoint><Time>2026-05-01T08:31:45.495Z</Time><Position><LatitudeDegrees>60.05956</LatitudeDegrees><LongitudeDegrees>18.749758</LongitudeDegrees></Position><AltitudeMeters>17.777</AltitudeMeters><HeartRateBpm><Value>91</Value></HeartRateBpm></Trackpoint><Trackpoint><Time>2026-05-01T08:31:46.496Z</Time><Position><LatitudeDegrees>60.059566</LatitudeDegrees><LongitudeDegrees>18.749788</LongitudeDegrees></Position><AltitudeMeters>17.867</AltitudeMeters><HeartRateBpm><Value>92</Value></HeartRateBpm></Trackpoint><Trackpoint><Time>2026-05-01T08:31:47.501Z</Time><Position><LatitudeDegrees>60.059574</LatitudeDegrees><LongitudeDegrees>18.749817</LongitudeDegrees></Position><AltitudeMeters>17.835</AltitudeMeters><HeartRateBpm><Value>92</Value></HeartRateBpm></Trackpoint><Trackpoint><Time>2026-05-01T08:31:48.508Z</Time><Position><LatitudeDegrees>60.05958</LatitudeDegrees><LongitudeDegrees>18.749844</LongitudeDegrees></Position><AltitudeMeters>17.85</AltitudeMeters><HeartRateBpm><Value>91</Value></HeartRateBpm></Trackpoint><Trackpoint><Time>2026-05-01T08:31:49.516Z</Time><Position><LatitudeDegrees>60.05959</LatitudeDegrees><LongitudeDegrees>18.74987</LongitudeDegrees></Position><AltitudeMeters>17.849</AltitudeMeters><HeartRateBpm><Value>91</Value></HeartRateBpm></Trackpoint><Trackpoint><Time>2026-05-01T08:31:50.524Z</Time><Position><LatitudeDegrees>60.059597</LatitudeDegrees><LongitudeDegrees>18.749897</LongitudeDegrees></Position><AltitudeMeters>17.868</AltitudeMeters><HeartRateBpm><Value>90</Value></HeartRateBpm></Trackpoint><Trackpoint><Time>2026-05-01T08:31:51.534Z</Time><Position><LatitudeDegrees>60.059605</LatitudeDegrees><LongitudeDegrees>18.749922</LongitudeDegrees></Position><AltitudeMeters>17.896</AltitudeMeters><HeartRateBpm><Value>88</Value></HeartRateBpm></Trackpoint><Trackpoint><Time>2026-05-01T08:31:52.543Z</Time><Position><LatitudeDegrees>60.059612</LatitudeDegrees><LongitudeDegrees>18.749945</LongitudeDegrees></Position><AltitudeMeters>17.894</AltitudeMeters><HeartRateBpm><Value>87</Value></HeartRateBpm></Trackpoint><Trackpoint><Time>2026-05-01T08:31:53.552Z</Time><Position><LatitudeDegrees>60.05962</LatitudeDegrees><LongitudeDegrees>18.749968</LongitudeDegrees></Position><AltitudeMeters>17.864</AltitudeMeters><HeartRateBpm><Value>86</Value></HeartRateBpm></Trackpoint><Trackpoint><Time>2026-05-01T08:31:54.559Z</Time><Position><LatitudeDegrees>60.05963</LatitudeDegrees><LongitudeDegrees>18.74999</LongitudeDegrees></Position><AltitudeMeters>17.797</AltitudeMeters><HeartRateBpm><Value>87</Value></HeartRateBpm></Trackpoint><Trackpoint><Time>2026-05-01T08:31:55.567Z</Time><Position><LatitudeDegrees>60.05964</LatitudeDegrees><LongitudeDegrees>18.750015</LongitudeDegrees></Position><AltitudeMeters>17.768</AltitudeMeters><HeartRateBpm><Value>87</Value></HeartRateBpm></Trackpoint><Trackpoint><Time>2026-05-01T08:31:56.576Z</Time><Position><LatitudeDegrees>60.059647</LatitudeDegrees><LongitudeDegrees>18.750042</LongitudeDegrees></Position><AltitudeMeters>17.777</AltitudeMeters><HeartRateBpm><Value>87</Value></HeartRateBpm></Trackpoint><Trackpoint><Time>2026-05-01T08:31:57.586Z</Time><Position><LatitudeDegrees>60.059654</LatitudeDegrees><LongitudeDegrees>18.750072</LongitudeDegrees></Position><AltitudeMeters>17.747</AltitudeMeters><HeartRateBpm><Value>87</Value></HeartRateBpm></Trackpoint><Trackpoint><Time>2026-05-01T08:31:58.594Z</Time><Position><LatitudeDegrees>60.059658</LatitudeDegrees><LongitudeDegrees>18.750103</LongitudeDegrees></Position><AltitudeMeters>17.749</AltitudeMeters><HeartRateBpm><Value>87</Value></HeartRateBpm></Trackpoint><Trackpoint><Time>2026-05-01T08:31:59.600Z</Time><Position><LatitudeDegrees>60.059666</LatitudeDegrees><LongitudeDegrees>18.750135</LongitudeDegrees></Position><AltitudeMeters>17.784</AltitudeMeters><HeartRateBpm><Value>86</Value></HeartRateBpm></Trackpoint><Trackpoint><Time>2026-05-01T08:32:05.632Z</Time><Position><LatitudeDegrees>60.059673</LatitudeDegrees><LongitudeDegrees>18.750168</LongitudeDegrees></Position><AltitudeMeters>17.762</AltitudeMeters><HeartRateBpm><Value>90</Value></HeartRateBpm></Trackpoint><Trackpoint><Time>2026-05-01T08:32:06.630Z</Time><Position><LatitudeDegrees>60.05968</LatitudeDegrees><LongitudeDegrees>18.7502</LongitudeDegrees></Position><AltitudeMeters>17.729</AltitudeMeters><HeartRateBpm><Value>92</Value></HeartRateBpm></Trackpoint><Trackpoint><Time>2026-05-01T08:32:07.633Z</Time><Position><LatitudeDegrees>60.059685</LatitudeDegrees><LongitudeDegrees>18.750233</LongitudeDegrees></Position><AltitudeMeters>17.62</AltitudeMeters><HeartRateBpm><Value>93</Value></HeartRateBpm></Trackpoint><Trackpoint><Time>2026-05-01T08:32:08.632Z</Time><Position><LatitudeDegrees>60.059692</LatitudeDegrees><LongitudeDegrees>18.750261</LongitudeDegrees></Position><AltitudeMeters>17.605</AltitudeMeters><HeartRateBpm><Value>94</Value></HeartRateBpm></Trackpoint><Trackpoint><Time>2026-05-01T08:32:09.633Z</Time><Position><LatitudeDegrees>60.0597</LatitudeDegrees><LongitudeDegrees>18.750286</LongitudeDegrees></Position><AltitudeMeters>17.599</AltitudeMeters><HeartRateBpm><Value>94</Value></HeartRateBpm></Trackpoint><Trackpoint><Time>2026-05-01T08:32:10.633Z</Time><Position><LatitudeDegrees>60.059708</LatitudeDegrees><LongitudeDegrees>18.750307</LongitudeDegrees></Position><AltitudeMeters>17.618</AltitudeMeters><HeartRateBpm><Value>93</Value></HeartRateBpm></Trackpoint><Trackpoint><Time>2026-05-01T08:32:11.634Z</Time><Position><LatitudeDegrees>60.059715</LatitudeDegrees><LongitudeDegrees>18.750324</LongitudeDegrees></Position><AltitudeMeters>17.518</AltitudeMeters><HeartRateBpm><Value>93</Value></HeartRateBpm></Trackpoint><Trackpoint><Time>2026-05-01T08:32:12.635Z</Time><Position><LatitudeDegrees>60.059723</LatitudeDegrees><LongitudeDegrees>18.75034</LongitudeDegrees></Position><AltitudeMeters>17.467</AltitudeMeters><HeartRateBpm><Value>94</Value></HeartRateBpm></Trackpoint><Trackpoint><Time>2026-05-01T08:32:13.635Z</Time><Position><LatitudeDegrees>60.059734</LatitudeDegrees><LongitudeDegrees>18.750359</LongitudeDegrees></Position><AltitudeMeters>17.441</AltitudeMeters><HeartRateBpm><Value>95</Value></HeartRateBpm></Trackpoint><Trackpoint><Time>2026-05-01T08:32:14.636Z</Time><Position><LatitudeDegrees>60.059742</LatitudeDegrees><LongitudeDegrees>18.750378</LongitudeDegrees></Position><AltitudeMeters>17.415</AltitudeMeters><HeartRateBpm><Value>95</Value></HeartRateBpm></Trackpoint><Trackpoint><Time>2026-05-01T08:32:15.636Z</Time><Position><LatitudeDegrees>60.059753</LatitudeDegrees><LongitudeDegrees>18.750402</LongitudeDegrees></Position><AltitudeMeters>17.385</AltitudeMeters><HeartRateBpm><Value>94</Value></HeartRateBpm></Trackpoint><Trackpoint><Time>2026-05-01T08:32:16.642Z</Time><Position><LatitudeDegrees>60.05976</LatitudeDegrees><LongitudeDegrees>18.750425</LongitudeDegrees></Position><AltitudeMeters>17.332</AltitudeMeters><HeartRateBpm><Value>94</Value></HeartRateBpm></Trackpoint><Trackpoint><Time>2026-05-01T08:32:17.651Z</Time><Position><LatitudeDegrees>60.059772</LatitudeDegrees><LongitudeDegrees>18.750454</LongitudeDegrees></Position><AltitudeMeters>17.356</AltitudeMeters><HeartRateBpm><Value>92</Value></HeartRateBpm></Trackpoint><Trackpoint><Time>2026-05-01T08:32:18.660Z</Time><Position><LatitudeDegrees>60.05978</LatitudeDegrees><LongitudeDegrees>18.750484</LongitudeDegrees></Position><AltitudeMeters>17.385</AltitudeMeters><HeartRateBpm><Value>92</Value></HeartRateBpm></Trackpoint><Trackpoint><Time>2026-05-01T08:32:19.668Z</Time><Position><LatitudeDegrees>60.059788</LatitudeDegrees><LongitudeDegrees>18.750517</LongitudeDegrees></Position><AltitudeMeters>17.428</AltitudeMeters><HeartRateBpm><Value>92</Value></HeartRateBpm></Trackpoint><Trackpoint><Time>2026-05-01T08:32:20.676Z</Time><Position><LatitudeDegrees>60.059795</LatitudeDegrees><LongitudeDegrees>18.750551</LongitudeDegrees></Position><AltitudeMeters>17.483</AltitudeMeters><HeartRateBpm><Value>92</Value></HeartRateBpm></Trackpoint><Trackpoint><Time>2026-05-01T08:32:21.684Z</Time><Position><LatitudeDegrees>60.059803</LatitudeDegrees><LongitudeDegrees>18.750584</LongitudeDegrees></Position><AltitudeMeters>17.541</AltitudeMeters><HeartRateBpm><Value>92</Value></HeartRateBpm></Trackpoint><Trackpoint><Time>2026-05-01T08:32:22.693Z</Time><Position><LatitudeDegrees>60.05981</LatitudeDegrees><LongitudeDegrees>18.750618</LongitudeDegrees></Position><AltitudeMeters>17.694</AltitudeMeters><HeartRateBpm><Value>91</Value></HeartRateBpm></Trackpoint><Trackpoint><Time>2026-05-01T08:32:23.701Z</Time><Position><LatitudeDegrees>60.05982</LatitudeDegrees><LongitudeDegrees>18.750652</LongitudeDegrees></Position><AltitudeMeters>17.753</AltitudeMeters><HeartRateBpm><Value>90</Value></HeartRateBpm></Trackpoint><Trackpoint><Time>2026-05-01T08:32:24.710Z</Time><Position><LatitudeDegrees>60.059826</LatitudeDegrees><LongitudeDegrees>18.750683</LongitudeDegrees></Position><AltitudeMeters>17.699</AltitudeMeters><HeartRateBpm><Value>90</Value></HeartRateBpm></Trackpoint><Trackpoint><Time>2026-05-01T08:32:25.719Z</Time><Position><LatitudeDegrees>60.05983</LatitudeDegrees><LongitudeDegrees>18.750713</LongitudeDegrees></Position><AltitudeMeters>17.662</AltitudeMeters><HeartRateBpm><Value>91</Value></HeartRateBpm></Trackpoint><Trackpoint><Time>2026-05-01T08:32:26.726Z</Time><Position><LatitudeDegrees>60.059837</LatitudeDegrees><LongitudeDegrees>18.750742</LongitudeDegrees></Position><AltitudeMeters>17.728</AltitudeMeters><HeartRateBpm><Value>91</Value></HeartRateBpm></Trackpoint><Trackpoint><Time>2026-05-01T08:32:27.734Z</Time><Position><LatitudeDegrees>60.05984</LatitudeDegrees><LongitudeDegrees>18.750772</LongitudeDegrees></Position><AltitudeMeters>17.745</AltitudeMeters><HeartRateBpm><Value>91</Value></HeartRateBpm></Trackpoint><Trackpoint><Time>2026-05-01T08:32:28.742Z</Time><Position><LatitudeDegrees>60.05985</LatitudeDegrees><LongitudeDegrees>18.750801</LongitudeDegrees></Position><AltitudeMeters>17.635</AltitudeMeters><HeartRateBpm><Value>92</Value></HeartRateBpm></Trackpoint><Trackpoint><Time>2026-05-01T08:32:29.750Z</Time><Position><LatitudeDegrees>60.059853</LatitudeDegrees><LongitudeDegrees>18.75083</LongitudeDegrees></Position><AltitudeMeters>17.649</AltitudeMeters><HeartRateBpm><Value>92</Value></HeartRateBpm></Trackpoint><Trackpoint><Time>2026-05-01T08:32:30.760Z</Time><Position><LatitudeDegrees>60.05986</LatitudeDegrees><LongitudeDegrees>18.750858</LongitudeDegrees></Position><AltitudeMeters>17.727</AltitudeMeters><HeartRateBpm><Value>92</Value></HeartRateBpm></Trackpoint><Trackpoint><Time>2026-05-01T08:32:31.769Z</Time><Position><LatitudeDegrees>60.059864</LatitudeDegrees><LongitudeDegrees>18.750885</LongitudeDegrees></Position><AltitudeMeters>17.724</AltitudeMeters><HeartRateBpm><Value>90</Value></HeartRateBpm></Trackpoint><Trackpoint><Time>2026-05-01T08:32:32.776Z</Time><Position><LatitudeDegrees>60.059868</LatitudeDegrees><LongitudeDegrees>18.75091</LongitudeDegrees></Position><AltitudeMeters>17.687</AltitudeMeters><HeartRateBpm><Value>89</Value></HeartRateBpm></Trackpoint><Trackpoint><Time>2026-05-01T08:32:33.783Z</Time><Position><LatitudeDegrees>60.05987</LatitudeDegrees><LongitudeDegrees>18.750935</LongitudeDegrees></Position><AltitudeMeters>17.762</AltitudeMeters><HeartRateBpm><Value>88</Value></HeartRateBpm></Trackpoint><Trackpoint><Time>2026-05-01T08:32:34.791Z</Time><Position><LatitudeDegrees>60.05988</LatitudeDegrees><LongitudeDegrees>18.75096</LongitudeDegrees></Position><AltitudeMeters>17.832</AltitudeMeters><HeartRateBpm><Value>86</Value></HeartRateBpm></Trackpoint><Trackpoint><Time>2026-05-01T08:32:35.799Z</Time><Position><LatitudeDegrees>60.059883</LatitudeDegrees><LongitudeDegrees>18.750982</LongitudeDegrees></Position><AltitudeMeters>17.674</AltitudeMeters><HeartRateBpm><Value>85</Value></HeartRateBpm></Trackpoint><Trackpoint><Time>2026-05-01T08:32:36.806Z</Time><Position><LatitudeDegrees>60.05989</LatitudeDegrees><LongitudeDegrees>18.751007</LongitudeDegrees></Position><AltitudeMeters>17.492</AltitudeMeters><HeartRateBpm><Value>84</Value></HeartRateBpm></Trackpoint><Trackpoint><Time>2026-05-01T08:32:37.816Z</Time><Position><LatitudeDegrees>60.0599</LatitudeDegrees><LongitudeDegrees>18.751032</LongitudeDegrees></Position><AltitudeMeters>17.354</AltitudeMeters><HeartRateBpm><Value>83</Value></HeartRateBpm></Trackpoint><Trackpoint><Time>2026-05-01T08:32:38.825Z</Time><Position><LatitudeDegrees>60.059906</LatitudeDegrees><LongitudeDegrees>18.751055</LongitudeDegrees></Position><AltitudeMeters>17.212</AltitudeMeters><HeartRateBpm><Value>84</Value></HeartRateBpm></Trackpoint><Trackpoint><Time>2026-05-01T08:32:39.833Z</Time><Position><LatitudeDegrees>60.059914</LatitudeDegrees><LongitudeDegrees>18.751078</LongitudeDegrees></Position><AltitudeMeters>17.099</AltitudeMeters><HeartRateBpm><Value>85</Value></HeartRateBpm></Trackpoint><Trackpoint><Time>2026-05-01T08:32:40.842Z</Time><Position><LatitudeDegrees>60.059925</LatitudeDegrees><LongitudeDegrees>18.7511</LongitudeDegrees></Position><AltitudeMeters>17.028</AltitudeMeters><HeartRateBpm><Value>86</Value></HeartRateBpm></Trackpoint><Trackpoint><Time>2026-05-01T08:32:41.851Z</Time><Position><LatitudeDegrees>60.059933</LatitudeDegrees><LongitudeDegrees>18.751123</LongitudeDegrees></Position><AltitudeMeters>17.057</AltitudeMeters><HeartRateBpm><Value>87</Value></HeartRateBpm></Trackpoint><Trackpoint><Time>2026-05-01T08:32:42.860Z</Time><Position><LatitudeDegrees>60.059944</LatitudeDegrees><LongitudeDegrees>18.751144</LongitudeDegrees></Position><AltitudeMeters>17.139</AltitudeMeters><HeartRateBpm><Value>88</Value></HeartRateBpm></Trackpoint><Trackpoint><Time>2026-05-01T08:32:43.869Z</Time><Position><LatitudeDegrees>60.05995</LatitudeDegrees><LongitudeDegrees>18.751167</LongitudeDegrees></Position><AltitudeMeters>17.059</AltitudeMeters><HeartRateBpm><Value>88</Value></HeartRateBpm></Trackpoint><Trackpoint><Time>2026-05-01T08:32:44.876Z</Time><Position><LatitudeDegrees>60.059963</LatitudeDegrees><LongitudeDegrees>18.75119</LongitudeDegrees></Position><AltitudeMeters>17.04</AltitudeMeters><HeartRateBpm><Value>88</Value></HeartRateBpm></Trackpoint><Trackpoint><Time>2026-05-01T08:32:45.884Z</Time><Position><LatitudeDegrees>60.059975</LatitudeDegrees><LongitudeDegrees>18.751213</LongitudeDegrees></Position><AltitudeMeters>17.016</AltitudeMeters><HeartRateBpm><Value>87</Value></HeartRateBpm></Trackpoint><Trackpoint><Time>2026-05-01T08:32:46.892Z</Time><Position><LatitudeDegrees>60.059986</LatitudeDegrees><LongitudeDegrees>18.751236</LongitudeDegrees></Position><AltitudeMeters>16.965</AltitudeMeters><HeartRateBpm><Value>87</Value></HeartRateBpm></Trackpoint><Trackpoint><Time>2026-05-01T08:32:47.895Z</Time><Position><LatitudeDegrees>60.059998</LatitudeDegrees><LongitudeDegrees>18.751259</LongitudeDegrees></Position><AltitudeMeters>16.992</AltitudeMeters><HeartRateBpm><Value>87</Value></HeartRateBpm></Trackpoint><Trackpoint><Time>2026-05-01T08:32:48.900Z</Time><Position><LatitudeDegrees>60.06001</LatitudeDegrees><LongitudeDegrees>18.751284</LongitudeDegrees></Position><AltitudeMeters>17.045</AltitudeMeters><HeartRateBpm><Value>87</Value></HeartRateBpm></Trackpoint><Trackpoint><Time>2026-05-01T08:32:49.902Z</Time><Position><LatitudeDegrees>60.06002</LatitudeDegrees><LongitudeDegrees>18.751308</LongitudeDegrees></Position><AltitudeMeters>17.01</AltitudeMeters><HeartRateBpm><Value>86</Value></HeartRateBpm></Trackpoint><Trackpoint><Time>2026-05-01T08:32:50.905Z</Time><Position><LatitudeDegrees>60.06003</LatitudeDegrees><LongitudeDegrees>18.751333</LongitudeDegrees></Position><AltitudeMeters>16.875</AltitudeMeters><HeartRateBpm><Value>85</Value></HeartRateBpm></Trackpoint><Trackpoint><Time>2026-05-01T08:32:51.914Z</Time><Position><LatitudeDegrees>60.060043</LatitudeDegrees><LongitudeDegrees>18.75136</LongitudeDegrees></Position><AltitudeMeters>16.854</AltitudeMeters><HeartRateBpm><Value>85</Value></HeartRateBpm></Trackpoint><Trackpoint><Time>2026-05-01T08:32:52.922Z</Time><Position><LatitudeDegrees>60.060055</LatitudeDegrees><LongitudeDegrees>18.751385</LongitudeDegrees></Position><AltitudeMeters>16.83</AltitudeMeters><HeartRateBpm><Value>84</Value></HeartRateBpm></Trackpoint><Trackpoint><Time>2026-05-01T08:32:53.932Z</Time><Position><LatitudeDegrees>60.060066</LatitudeDegrees><LongitudeDegrees>18.75141</LongitudeDegrees></Position><AltitudeMeters>16.79</AltitudeMeters><HeartRateBpm><Value>83</Value></HeartRateBpm></Trackpoint><Trackpoint><Time>2026-05-01T08:32:54.940Z</Time><Position><LatitudeDegrees>60.060078</LatitudeDegrees><LongitudeDegrees>18.751434</LongitudeDegrees></Position><AltitudeMeters>16.69</AltitudeMeters><HeartRateBpm><Value>82</Value></HeartRateBpm></Trackpoint><Trackpoint><Time>2026-05-01T08:32:55.949Z</Time><Position><LatitudeDegrees>60.06009</LatitudeDegrees><LongitudeDegrees>18.75146</LongitudeDegrees></Position><AltitudeMeters>16.748</AltitudeMeters><HeartRateBpm><Value>82</Value></HeartRateBpm></Trackpoint><Trackpoint><Time>2026-05-01T08:32:56.955Z</Time><Position><LatitudeDegrees>60.0601</LatitudeDegrees><LongitudeDegrees>18.751484</LongitudeDegrees></Position><AltitudeMeters>16.783</AltitudeMeters><HeartRateBpm><Value>82</Value></HeartRateBpm></Trackpoint><Trackpoint><Time>2026-05-01T08:32:57.964Z</Time><Position><LatitudeDegrees>60.060112</LatitudeDegrees><LongitudeDegrees>18.751509</LongitudeDegrees></Position><AltitudeMeters>16.815</AltitudeMeters><HeartRateBpm><Value>82</Value></HeartRateBpm></Trackpoint><Trackpoint><Time>2026-05-01T08:32:58.973Z</Time><Position><LatitudeDegrees>60.060123</LatitudeDegrees><LongitudeDegrees>18.751535</LongitudeDegrees></Position><AltitudeMeters>16.77</AltitudeMeters><HeartRateBpm><Value>82</Value></HeartRateBpm></Trackpoint><Trackpoint><Time>2026-05-01T08:32:59.982Z</Time><Position><LatitudeDegrees>60.060135</LatitudeDegrees><LongitudeDegrees>18.751558</LongitudeDegrees></Position><AltitudeMeters>16.845</AltitudeMeters><HeartRateBpm><Value>82</Value></HeartRateBpm></Trackpoint><Trackpoint><Time>2026-05-01T08:33:00.992Z</Time><Position><LatitudeDegrees>60.060146</LatitudeDegrees><LongitudeDegrees>18.751581</LongitudeDegrees></Position><AltitudeMeters>16.797</AltitudeMeters><HeartRateBpm><Value>82</Value></HeartRateBpm></Trackpoint><Trackpoint><Time>2026-05-01T08:33:02Z</Time><Position><LatitudeDegrees>60.060158</LatitudeDegrees><LongitudeDegrees>18.751604</LongitudeDegrees></Position><AltitudeMeters>16.658</AltitudeMeters><HeartRateBpm><Value>82</Value></HeartRateBpm></Trackpoint><Trackpoint><Time>2026-05-01T08:33:03.009Z</Time><Position><LatitudeDegrees>60.06017</LatitudeDegrees><LongitudeDegrees>18.751627</LongitudeDegrees></Position><AltitudeMeters>16.552</AltitudeMeters><HeartRateBpm><Value>83</Value></HeartRateBpm></Trackpoint><Trackpoint><Time>2026-05-01T08:33:04.016Z</Time><Position><LatitudeDegrees>60.060184</LatitudeDegrees><LongitudeDegrees>18.751652</LongitudeDegrees></Position><AltitudeMeters>16.557</AltitudeMeters><HeartRateBpm><Value>84</Value></HeartRateBpm></Trackpoint><Trackpoint><Time>2026-05-01T08:33:05.025Z</Time><Position><LatitudeDegrees>60.060196</LatitudeDegrees><LongitudeDegrees>18.751675</LongitudeDegrees></Position><AltitudeMeters>16.498</AltitudeMeters><HeartRateBpm><Value>85</Value></HeartRateBpm></Trackpoint><Trackpoint><Time>2026-05-01T08:33:06.034Z</Time><Position><LatitudeDegrees>60.060207</LatitudeDegrees><LongitudeDegrees>18.7517</LongitudeDegrees></Position><AltitudeMeters>16.525</AltitudeMeters><HeartRateBpm><Value>85</Value></HeartRateBpm></Trackpoint><Trackpoint><Time>2026-05-01T08:33:07.042Z</Time><Position><LatitudeDegrees>60.060223</LatitudeDegrees><LongitudeDegrees>18.751726</LongitudeDegrees></Position><AltitudeMeters>16.497</AltitudeMeters><HeartRateBpm><Value>85</Value></HeartRateBpm></Trackpoint><Trackpoint><Time>2026-05-01T08:33:08.049Z</Time><Position><LatitudeDegrees>60.060234</LatitudeDegrees><LongitudeDegrees>18.751749</LongitudeDegrees></Position><AltitudeMeters>16.515</AltitudeMeters><HeartRateBpm><Value>85</Value></HeartRateBpm></Trackpoint><Trackpoint><Time>2026-05-01T08:33:09.050Z</Time><Position><LatitudeDegrees>60.06025</LatitudeDegrees><LongitudeDegrees>18.751776</LongitudeDegrees></Position><AltitudeMeters>16.624</AltitudeMeters><HeartRateBpm><Value>85</Value></HeartRateBpm></Trackpoint><Trackpoint><Time>2026-05-01T08:33:10.049Z</Time><Position><LatitudeDegrees>60.06026</LatitudeDegrees><LongitudeDegrees>18.7518</LongitudeDegrees></Position><AltitudeMeters>16.567</AltitudeMeters><HeartRateBpm><Value>86</Value></HeartRateBpm></Trackpoint><Trackpoint><Time>2026-05-01T08:33:11.050Z</Time><Position><LatitudeDegrees>60.060272</LatitudeDegrees><LongitudeDegrees>18.75183</LongitudeDegrees></Position><AltitudeMeters>16.651</AltitudeMeters><HeartRateBpm><Value>86</Value></HeartRateBpm></Trackpoint><Trackpoint><Time>2026-05-01T08:33:12.049Z</Time><Position><LatitudeDegrees>60.060284</LatitudeDegrees><LongitudeDegrees>18.751858</LongitudeDegrees></Position><AltitudeMeters>16.671</AltitudeMeters><HeartRateBpm><Value>87</Value></HeartRateBpm></Trackpoint><Trackpoint><Time>2026-05-01T08:33:13.050Z</Time><Position><LatitudeDegrees>60.060295</LatitudeDegrees><LongitudeDegrees>18.751888</LongitudeDegrees></Position><AltitudeMeters>16.715</AltitudeMeters><HeartRateBpm><Value>88</Value></HeartRateBpm></Trackpoint><Trackpoint><Time>2026-05-01T08:33:14.049Z</Time><Position><LatitudeDegrees>60.060303</LatitudeDegrees><LongitudeDegrees>18.75192</LongitudeDegrees></Position><AltitudeMeters>16.652</AltitudeMeters><HeartRateBpm><Value>88</Value></HeartRateBpm></Trackpoint><Trackpoint><Time>2026-05-01T08:33:15.050Z</Time><Position><LatitudeDegrees>60.060307</LatitudeDegrees><LongitudeDegrees>18.751955</LongitudeDegrees></Position><AltitudeMeters>16.549</AltitudeMeters><HeartRateBpm><Value>88</Value></HeartRateBpm></Trackpoint><Trackpoint><Time>2026-05-01T08:33:16.054Z</Time><Position><LatitudeDegrees>60.06031</LatitudeDegrees><LongitudeDegrees>18.751987</LongitudeDegrees></Position><AltitudeMeters>16.54</AltitudeMeters><HeartRateBpm><Value>88</Value></HeartRateBpm></Trackpoint><Trackpoint><Time>2026-05-01T08:33:17.063Z</Time><Position><LatitudeDegrees>60.06031</LatitudeDegrees><LongitudeDegrees>18.75202</LongitudeDegrees></Position><AltitudeMeters>16.529</AltitudeMeters><HeartRateBpm><Value>87</Value></HeartRateBpm></Trackpoint><Trackpoint><Time>2026-05-01T08:33:18.071Z</Time><Position><LatitudeDegrees>60.060314</LatitudeDegrees><LongitudeDegrees>18.752052</LongitudeDegrees></Position><AltitudeMeters>16.518</AltitudeMeters><HeartRateBpm><Value>86</Value></HeartRateBpm></Trackpoint><Trackpoint><Time>2026-05-01T08:33:19.076Z</Time><Position><LatitudeDegrees>60.060318</LatitudeDegrees><LongitudeDegrees>18.752085</LongitudeDegrees></Position><AltitudeMeters>16.499</AltitudeMeters><HeartRateBpm><Value>86</Value></HeartRateBpm></Trackpoint><Trackpoint><Time>2026-05-01T08:33:20.085Z</Time><Position><LatitudeDegrees>60.06032</LatitudeDegrees><LongitudeDegrees>18.752117</LongitudeDegrees></Position><AltitudeMeters>16.505</AltitudeMeters><HeartRateBpm><Value>86</Value></HeartRateBpm></Trackpoint><Trackpoint><Time>2026-05-01T08:33:21.095Z</Time><Position><LatitudeDegrees>60.060326</LatitudeDegrees><LongitudeDegrees>18.75215</LongitudeDegrees></Position><AltitudeMeters>16.496</AltitudeMeters><HeartRateBpm><Value>85</Value></HeartRateBpm></Trackpoint><Trackpoint><Time>2026-05-01T08:33:22.103Z</Time><Position><LatitudeDegrees>60.06033</LatitudeDegrees><LongitudeDegrees>18.752182</LongitudeDegrees></Position><AltitudeMeters>16.424</AltitudeMeters><HeartRateBpm><Value>85</Value></HeartRateBpm></Trackpoint><Trackpoint><Time>2026-05-01T08:33:23.112Z</Time><Position><LatitudeDegrees>60.060333</LatitudeDegrees><LongitudeDegrees>18.752213</LongitudeDegrees></Position><AltitudeMeters>16.387</AltitudeMeters><HeartRateBpm><Value>85</Value></HeartRateBpm></Trackpoint><Trackpoint><Time>2026-05-01T08:33:24.121Z</Time><Position><LatitudeDegrees>60.060337</LatitudeDegrees><LongitudeDegrees>18.752245</LongitudeDegrees></Position><AltitudeMeters>16.351</AltitudeMeters><HeartRateBpm><Value>85</Value></HeartRateBpm></Trackpoint><Trackpoint><Time>2026-05-01T08:33:25.130Z</Time><Position><LatitudeDegrees>60.060337</LatitudeDegrees><LongitudeDegrees>18.752277</LongitudeDegrees></Position><AltitudeMeters>16.339</AltitudeMeters><HeartRateBpm><Value>85</Value></HeartRateBpm></Trackpoint><Trackpoint><Time>2026-05-01T08:33:26.139Z</Time><Position><LatitudeDegrees>60.06034</LatitudeDegrees><LongitudeDegrees>18.752308</LongitudeDegrees></Position><AltitudeMeters>16.339</AltitudeMeters><HeartRateBpm><Value>85</Value></HeartRateBpm></Trackpoint><Trackpoint><Time>2026-05-01T08:33:27.146Z</Time><Position><LatitudeDegrees>60.060345</LatitudeDegrees><LongitudeDegrees>18.752338</LongitudeDegrees></Position><AltitudeMeters>16.259</AltitudeMeters><HeartRateBpm><Value>84</Value></HeartRateBpm></Trackpoint><Trackpoint><Time>2026-05-01T08:33:28.155Z</Time><Position><LatitudeDegrees>60.060345</LatitudeDegrees><LongitudeDegrees>18.752369</LongitudeDegrees></Position><AltitudeMeters>16.277</AltitudeMeters><HeartRateBpm><Value>83</Value></HeartRateBpm></Trackpoint><Trackpoint><Time>2026-05-01T08:33:29.163Z</Time><Position><LatitudeDegrees>60.06035</LatitudeDegrees><LongitudeDegrees>18.7524</LongitudeDegrees></Position><AltitudeMeters>16.277</AltitudeMeters><HeartRateBpm><Value>83</Value></HeartRateBpm></Trackpoint><Trackpoint><Time>2026-05-01T08:33:30.171Z</Time><Position><LatitudeDegrees>60.06035</LatitudeDegrees><LongitudeDegrees>18.752432</LongitudeDegrees></Position><AltitudeMeters>16.321</AltitudeMeters><HeartRateBpm><Value>83</Value></HeartRateBpm></Trackpoint><Trackpoint><Time>2026-05-01T08:33:31.180Z</Time><Position><LatitudeDegrees>60.060352</LatitudeDegrees><LongitudeDegrees>18.752462</LongitudeDegrees></Position><AltitudeMeters>16.335</AltitudeMeters><HeartRateBpm><Value>83</Value></HeartRateBpm></Trackpoint><Trackpoint><Time>2026-05-01T08:33:32.189Z</Time><Position><LatitudeDegrees>60.060356</LatitudeDegrees><LongitudeDegrees>18.752493</LongitudeDegrees></Position><AltitudeMeters>16.298</AltitudeMeters><HeartRateBpm><Value>84</Value></HeartRateBpm></Trackpoint><Trackpoint><Time>2026-05-01T08:33:33.199Z</Time><Position><LatitudeDegrees>60.06036</LatitudeDegrees><LongitudeDegrees>18.752523</LongitudeDegrees></Position><AltitudeMeters>16.371</AltitudeMeters><HeartRateBpm><Value>84</Value></HeartRateBpm></Trackpoint><Trackpoint><Time>2026-05-01T08:33:34.204Z</Time><Position><LatitudeDegrees>60.060364</LatitudeDegrees><LongitudeDegrees>18.752556</LongitudeDegrees></Position><AltitudeMeters>16.369</AltitudeMeters><HeartRateBpm><Value>84</Value></HeartRateBpm></Trackpoint><Trackpoint><Time>2026-05-01T08:33:35.214Z</Time><Position><LatitudeDegrees>60.060368</LatitudeDegrees><LongitudeDegrees>18.752584</LongitudeDegrees></Position><AltitudeMeters>16.282</AltitudeMeters><HeartRateBpm><Value>85</Value></HeartRateBpm></Trackpoint><Trackpoint><Time>2026-05-01T08:33:36.223Z</Time><Position><LatitudeDegrees>60.060375</LatitudeDegrees><LongitudeDegrees>18.752613</LongitudeDegrees></Position><AltitudeMeters>16.278</AltitudeMeters><HeartRateBpm><Value>86</Value></HeartRateBpm></Trackpoint><Trackpoint><Time>2026-05-01T08:33:37.232Z</Time><Position><LatitudeDegrees>60.06038</LatitudeDegrees><LongitudeDegrees>18.752644</LongitudeDegrees></Position><AltitudeMeters>16.487</AltitudeMeters><HeartRateBpm><Value>88</Value></HeartRateBpm></Trackpoint><Trackpoint><Time>2026-05-01T08:33:38.241Z</Time><Position><LatitudeDegrees>60.060387</LatitudeDegrees><LongitudeDegrees>18.752674</LongitudeDegrees></Position><AltitudeMeters>16.446</AltitudeMeters><HeartRateBpm><Value>88</Value></HeartRateBpm></Trackpoint><Trackpoint><Time>2026-05-01T08:33:39.249Z</Time><Position><LatitudeDegrees>60.06039</LatitudeDegrees><LongitudeDegrees>18.752703</LongitudeDegrees></Position><AltitudeMeters>16.35</AltitudeMeters><HeartRateBpm><Value>89</Value></HeartRateBpm></Trackpoint><Trackpoint><Time>2026-05-01T08:33:40.258Z</Time><Position><LatitudeDegrees>60.0604</LatitudeDegrees><LongitudeDegrees>18.752733</LongitudeDegrees></Position><AltitudeMeters>16.393</AltitudeMeters><HeartRateBpm><Value>90</Value></HeartRateBpm></Trackpoint><Trackpoint><Time>2026-05-01T08:33:41.264Z</Time><Position><LatitudeDegrees>60.060406</LatitudeDegrees><LongitudeDegrees>18.752764</LongitudeDegrees></Position><AltitudeMeters>16.287</AltitudeMeters><HeartRateBpm><Value>91</Value></HeartRateBpm></Trackpoint><Trackpoint><Time>2026-05-01T08:33:42.273Z</Time><Position><LatitudeDegrees>60.060413</LatitudeDegrees><LongitudeDegrees>18.752794</LongitudeDegrees></Position><AltitudeMeters>16.303</AltitudeMeters><HeartRateBpm><Value>92</Value></HeartRateBpm></Trackpoint><Trackpoint><Time>2026-05-01T08:33:43.281Z</Time><Position><LatitudeDegrees>60.06042</LatitudeDegrees><LongitudeDegrees>18.752827</LongitudeDegrees></Position><AltitudeMeters>16.243</AltitudeMeters><HeartRateBpm><Value>93</Value></HeartRateBpm></Trackpoint><Trackpoint><Time>2026-05-01T08:33:44.289Z</Time><Position><LatitudeDegrees>60.060432</LatitudeDegrees><LongitudeDegrees>18.752861</LongitudeDegrees></Position><AltitudeMeters>16.204</AltitudeMeters><HeartRateBpm><Value>95</Value></HeartRateBpm></Trackpoint><Trackpoint><Time>2026-05-01T08:33:45.295Z</Time><Position><LatitudeDegrees>60.06044</LatitudeDegrees><LongitudeDegrees>18.752893</LongitudeDegrees></Position><AltitudeMeters>16.122</AltitudeMeters><HeartRateBpm><Value>95</Value></HeartRateBpm></Trackpoint><Trackpoint><Time>2026-05-01T08:33:46.304Z</Time><Position><LatitudeDegrees>60.06045</LatitudeDegrees><LongitudeDegrees>18.752926</LongitudeDegrees></Position><AltitudeMeters>16.066</AltitudeMeters><HeartRateBpm><Value>96</Value></HeartRateBpm></Trackpoint><Trackpoint><Time>2026-05-01T08:33:47.313Z</Time><Position><LatitudeDegrees>60.060463</LatitudeDegrees><LongitudeDegrees>18.752958</LongitudeDegrees></Position><AltitudeMeters>16.021</AltitudeMeters><HeartRateBpm><Value>97</Value></HeartRateBpm></Trackpoint><Trackpoint><Time>2026-05-01T08:33:48.321Z</Time><Position><LatitudeDegrees>60.06047</LatitudeDegrees><LongitudeDegrees>18.752985</LongitudeDegrees></Position><AltitudeMeters>16.012</AltitudeMeters><HeartRateBpm><Value>98</Value></HeartRateBpm></Trackpoint><Trackpoint><Time>2026-05-01T08:33:49.330Z</Time><Position><LatitudeDegrees>60.060482</LatitudeDegrees><LongitudeDegrees>18.753012</LongitudeDegrees></Position><AltitudeMeters>15.96</AltitudeMeters><HeartRateBpm><Value>98</Value></HeartRateBpm></Trackpoint><Trackpoint><Time>2026-05-01T08:33:50.335Z</Time><Position><LatitudeDegrees>60.06049</LatitudeDegrees><LongitudeDegrees>18.75304</LongitudeDegrees></Position><AltitudeMeters>15.964</AltitudeMeters><HeartRateBpm><Value>99</Value></HeartRateBpm></Trackpoint><Trackpoint><Time>2026-05-01T08:33:51.343Z</Time><Position><LatitudeDegrees>60.0605</LatitudeDegrees><LongitudeDegrees>18.753065</LongitudeDegrees></Position><AltitudeMeters>15.933</AltitudeMeters><HeartRateBpm><Value>99</Value></HeartRateBpm></Trackpoint><Trackpoint><Time>2026-05-01T08:33:52.352Z</Time><Position><LatitudeDegrees>60.06051</LatitudeDegrees><LongitudeDegrees>18.75309</LongitudeDegrees></Position><AltitudeMeters>15.957</AltitudeMeters><HeartRateBpm><Value>100</Value></HeartRateBpm></Trackpoint><Trackpoint><Time>2026-05-01T08:33:53.361Z</Time><Position><LatitudeDegrees>60.06052</LatitudeDegrees><LongitudeDegrees>18.753115</LongitudeDegrees></Position><AltitudeMeters>16.001</AltitudeMeters><HeartRateBpm><Value>100</Value></HeartRateBpm></Trackpoint><Trackpoint><Time>2026-05-01T08:33:54.369Z</Time><Position><LatitudeDegrees>60.06053</LatitudeDegrees><LongitudeDegrees>18.753138</LongitudeDegrees></Position><AltitudeMeters>16.055</AltitudeMeters><HeartRateBpm><Value>101</Value></HeartRateBpm></Trackpoint><Trackpoint><Time>2026-05-01T08:33:55.376Z</Time><Position><LatitudeDegrees>60.060543</LatitudeDegrees><LongitudeDegrees>18.753162</LongitudeDegrees></Position><AltitudeMeters>16.037</AltitudeMeters><HeartRateBpm><Value>101</Value></HeartRateBpm></Trackpoint><Trackpoint><Time>2026-05-01T08:33:56.387Z</Time><Position><LatitudeDegrees>60.060555</LatitudeDegrees><LongitudeDegrees>18.753187</LongitudeDegrees></Position><AltitudeMeters>16.027</AltitudeMeters><HeartRateBpm><Value>102</Value></HeartRateBpm></Trackpoint><Trackpoint><Time>2026-05-01T08:33:57.394Z</Time><Position><LatitudeDegrees>60.06057</LatitudeDegrees><LongitudeDegrees>18.753208</LongitudeDegrees></Position><AltitudeMeters>16.078</AltitudeMeters><HeartRateBpm><Value>103</Value></HeartRateBpm></Trackpoint><Trackpoint><Time>2026-05-01T08:33:58.403Z</Time><Position><LatitudeDegrees>60.06058</LatitudeDegrees><LongitudeDegrees>18.753233</LongitudeDegrees></Position><AltitudeMeters>16.149</AltitudeMeters><HeartRateBpm><Value>103</Value></HeartRateBpm></Trackpoint><Trackpoint><Time>2026-05-01T08:33:59.412Z</Time><Position><LatitudeDegrees>60.06059</LatitudeDegrees><LongitudeDegrees>18.753256</LongitudeDegrees></Position><AltitudeMeters>16.189</AltitudeMeters><HeartRateBpm><Value>104</Value></HeartRateBpm></Trackpoint><Trackpoint><Time>2026-05-01T08:34:00.420Z</Time><Position><LatitudeDegrees>60.0606</LatitudeDegrees><LongitudeDegrees>18.75328</LongitudeDegrees></Position><AltitudeMeters>16.211</AltitudeMeters><HeartRateBpm><Value>104</Value></HeartRateBpm></Trackpoint><Trackpoint><Time>2026-05-01T08:34:01.430Z</Time><Position><LatitudeDegrees>60.060616</LatitudeDegrees><LongitudeDegrees>18.753305</LongitudeDegrees></Position><AltitudeMeters>16.19</AltitudeMeters><HeartRateBpm><Value>104</Value></HeartRateBpm></Trackpoint><Trackpoint><Time>2026-05-01T08:34:02.436Z</Time><Position><LatitudeDegrees>60.060627</LatitudeDegrees><LongitudeDegrees>18.75333</LongitudeDegrees></Position><AltitudeMeters>16.195</AltitudeMeters><HeartRateBpm><Value>103</Value></HeartRateBpm></Trackpoint><Trackpoint><Time>2026-05-01T08:34:03.445Z</Time><Position><LatitudeDegrees>60.06064</LatitudeDegrees><LongitudeDegrees>18.753353</LongitudeDegrees></Position><AltitudeMeters>16.206</AltitudeMeters><HeartRateBpm><Value>102</Value></HeartRateBpm></Trackpoint><Trackpoint><Time>2026-05-01T08:34:04.454Z</Time><Position><LatitudeDegrees>60.060654</LatitudeDegrees><LongitudeDegrees>18.753374</LongitudeDegrees></Position><AltitudeMeters>16.371</AltitudeMeters><HeartRateBpm><Value>102</Value></HeartRateBpm></Trackpoint><Trackpoint><Time>2026-05-01T08:34:05.463Z</Time><Position><LatitudeDegrees>60.060665</LatitudeDegrees><LongitudeDegrees>18.753395</LongitudeDegrees></Position><AltitudeMeters>16.425</AltitudeMeters><HeartRateBpm><Value>101</Value></HeartRateBpm></Trackpoint><Trackpoint><Time>2026-05-01T08:34:06.471Z</Time><Position><LatitudeDegrees>60.060677</LatitudeDegrees><LongitudeDegrees>18.753418</LongitudeDegrees></Position><AltitudeMeters>16.442</AltitudeMeters><HeartRateBpm><Value>101</Value></HeartRateBpm></Trackpoint><Trackpoint><Time>2026-05-01T08:34:07.480Z</Time><Position><LatitudeDegrees>60.06069</LatitudeDegrees><LongitudeDegrees>18.753439</LongitudeDegrees></Position><AltitudeMeters>16.456</AltitudeMeters><HeartRateBpm><Value>102</Value></HeartRateBpm></Trackpoint><Trackpoint><Time>2026-05-01T08:34:08.490Z</Time><Position><LatitudeDegrees>60.060707</LatitudeDegrees><LongitudeDegrees>18.753466</LongitudeDegrees></Position><AltitudeMeters>16.587</AltitudeMeters><HeartRateBpm><Value>102</Value></HeartRateBpm></Trackpoint><Trackpoint><Time>2026-05-01T08:34:09.498Z</Time><Position><LatitudeDegrees>60.060722</LatitudeDegrees><LongitudeDegrees>18.753492</LongitudeDegrees></Position><AltitudeMeters>16.616</AltitudeMeters><HeartRateBpm><Value>102</Value></HeartRateBpm></Trackpoint><Trackpoint><Time>2026-05-01T08:34:10.505Z</Time><Position><LatitudeDegrees>60.06074</LatitudeDegrees><LongitudeDegrees>18.753521</LongitudeDegrees></Position><AltitudeMeters>16.587</AltitudeMeters><HeartRateBpm><Value>103</Value></HeartRateBpm></Trackpoint><Trackpoint><Time>2026-05-01T08:34:11.513Z</Time><Position><LatitudeDegrees>60.060764</LatitudeDegrees><LongitudeDegrees>18.753553</LongitudeDegrees></Position><AltitudeMeters>16.653</AltitudeMeters><HeartRateBpm><Value>104</Value></HeartRateBpm></Trackpoint><Trackpoint><Time>2026-05-01T08:34:12.522Z</Time><Position><LatitudeDegrees>60.060795</LatitudeDegrees><LongitudeDegrees>18.753593</LongitudeDegrees></Position><AltitudeMeters>16.678</AltitudeMeters><HeartRateBpm><Value>106</Value></HeartRateBpm></Trackpoint><Trackpoint><Time>2026-05-01T08:34:13.531Z</Time><Position><LatitudeDegrees>60.060833</LatitudeDegrees><LongitudeDegrees>18.75364</LongitudeDegrees></Position><AltitudeMeters>16.714</AltitudeMeters><HeartRateBpm><Value>106</Value></HeartRateBpm></Trackpoint><Trackpoint><Time>2026-05-01T08:34:14.540Z</Time><Position><LatitudeDegrees>60.060883</LatitudeDegrees><LongitudeDegrees>18.753696</LongitudeDegrees></Position><AltitudeMeters>16.701</AltitudeMeters><HeartRateBpm><Value>106</Value></HeartRateBpm></Trackpoint><Trackpoint><Time>2026-05-01T08:34:15.547Z</Time><Position><LatitudeDegrees>60.060932</LatitudeDegrees><LongitudeDegrees>18.753756</LongitudeDegrees></Position><AltitudeMeters>16.82</AltitudeMeters><HeartRateBpm><Value>105</Value></HeartRateBpm></Trackpoint><Trackpoint><Time>2026-05-01T08:35:32.736Z</Time><Position><LatitudeDegrees>60.060986</LatitudeDegrees><LongitudeDegrees>18.753813</LongitudeDegrees></Position><AltitudeMeters>19.344</AltitudeMeters><HeartRateBpm><Value>112</Value></HeartRateBpm></Trackpoint><Trackpoint><Time>2026-05-01T08:35:33.738Z</Time><Position><LatitudeDegrees>60.06104</LatitudeDegrees><LongitudeDegrees>18.753872</LongitudeDegrees></Position><AltitudeMeters>19.358</AltitudeMeters><HeartRateBpm><Value>111</Value></HeartRateBpm></Trackpoint><Trackpoint><Time>2026-05-01T08:35:34.737Z</Time><Position><LatitudeDegrees>60.061092</LatitudeDegrees><LongitudeDegrees>18.75393</LongitudeDegrees></Position><AltitudeMeters>19.405</AltitudeMeters><HeartRateBpm><Value>110</Value></HeartRateBpm></Trackpoint><Trackpoint><Time>2026-05-01T08:35:35.739Z</Time><Position><LatitudeDegrees>60.06114</LatitudeDegrees><LongitudeDegrees>18.753979</LongitudeDegrees></Position><AltitudeMeters>19.235</AltitudeMeters><HeartRateBpm><Value>111</Value></HeartRateBpm></Trackpoint><Trackpoint><Time>2026-05-01T08:35:36.745Z</Time><Position><LatitudeDegrees>60.061176</LatitudeDegrees><LongitudeDegrees>18.754017</LongitudeDegrees></Position><AltitudeMeters>19.142</AltitudeMeters><HeartRateBpm><Value>111</Value></HeartRateBpm></Trackpoint><Trackpoint><Time>2026-05-01T08:35:37.753Z</Time><Position><LatitudeDegrees>60.0612</LatitudeDegrees><LongitudeDegrees>18.754042</LongitudeDegrees></Position><AltitudeMeters>19.058</AltitudeMeters><HeartRateBpm><Value>111</Value></HeartRateBpm></Trackpoint><Trackpoint><Time>2026-05-01T08:35:38.762Z</Time><Position><LatitudeDegrees>60.06122</LatitudeDegrees><LongitudeDegrees>18.754059</LongitudeDegrees></Position><AltitudeMeters>19.032</AltitudeMeters><HeartRateBpm><Value>111</Value></HeartRateBpm></Trackpoint><Trackpoint><Time>2026-05-01T08:35:39.768Z</Time><Position><LatitudeDegrees>60.061234</LatitudeDegrees><LongitudeDegrees>18.754072</LongitudeDegrees></Position><AltitudeMeters>18.963</AltitudeMeters><HeartRateBpm><Value>110</Value></HeartRateBpm></Trackpoint><Trackpoint><Time>2026-05-01T08:35:40.777Z</Time><Position><LatitudeDegrees>60.061245</LatitudeDegrees><LongitudeDegrees>18.754082</LongitudeDegrees></Position><AltitudeMeters>18.858</AltitudeMeters><HeartRateBpm><Value>110</Value></HeartRateBpm></Trackpoint><Trackpoint><Time>2026-05-01T08:35:41.785Z</Time><Position><LatitudeDegrees>60.061256</LatitudeDegrees><LongitudeDegrees>18.754093</LongitudeDegrees></Position><AltitudeMeters>18.787</AltitudeMeters><HeartRateBpm><Value>110</Value></HeartRateBpm></Trackpoint><Trackpoint><Time>2026-05-01T08:35:42.787Z</Time><Position><LatitudeDegrees>60.061268</LatitudeDegrees><LongitudeDegrees>18.754103</LongitudeDegrees></Position><AltitudeMeters>18.756</AltitudeMeters><HeartRateBpm><Value>109</Value></HeartRateBpm></Trackpoint><Trackpoint><Time>2026-05-01T08:35:43.785Z</Time><Position><LatitudeDegrees>60.061283</LatitudeDegrees><LongitudeDegrees>18.75411</LongitudeDegrees></Position><AltitudeMeters>18.722</AltitudeMeters><HeartRateBpm><Value>108</Value></HeartRateBpm></Trackpoint><Trackpoint><Time>2026-05-01T08:35:44.784Z</Time><Position><LatitudeDegrees>60.061295</LatitudeDegrees><LongitudeDegrees>18.754118</LongitudeDegrees></Position><AltitudeMeters>18.714</AltitudeMeters><HeartRateBpm><Value>108</Value></HeartRateBpm></Trackpoint><Trackpoint><Time>2026-05-01T08:35:45.784Z</Time><Position><LatitudeDegrees>60.061306</LatitudeDegrees><LongitudeDegrees>18.754126</LongitudeDegrees></Position><AltitudeMeters>18.695</AltitudeMeters><HeartRateBpm><Value>107</Value></HeartRateBpm></Trackpoint><Trackpoint><Time>2026-05-01T08:35:46.784Z</Time><Position><LatitudeDegrees>60.06132</LatitudeDegrees><LongitudeDegrees>18.754131</LongitudeDegrees></Position><AltitudeMeters>18.607</AltitudeMeters><HeartRateBpm><Value>105</Value></HeartRateBpm></Trackpoint><Trackpoint><Time>2026-05-01T08:35:47.785Z</Time><Position><LatitudeDegrees>60.061333</LatitudeDegrees><LongitudeDegrees>18.754137</LongitudeDegrees></Position><AltitudeMeters>18.542</AltitudeMeters><HeartRateBpm><Value>104</Value></HeartRateBpm></Trackpoint><Trackpoint><Time>2026-05-01T08:35:48.791Z</Time><Position><LatitudeDegrees>60.061344</LatitudeDegrees><LongitudeDegrees>18.75414</LongitudeDegrees></Position><AltitudeMeters>18.502</AltitudeMeters><HeartRateBpm><Value>104</Value></HeartRateBpm></Trackpoint><Trackpoint><Time>2026-05-01T08:35:49.800Z</Time><Position><LatitudeDegrees>60.061356</LatitudeDegrees><LongitudeDegrees>18.754145</LongitudeDegrees></Position><AltitudeMeters>18.437</AltitudeMeters><HeartRateBpm><Value>104</Value></HeartRateBpm></Trackpoint><Trackpoint><Time>2026-05-01T08:35:50.807Z</Time><Position><LatitudeDegrees>60.061363</LatitudeDegrees><LongitudeDegrees>18.754148</LongitudeDegrees></Position><AltitudeMeters>18.353</AltitudeMeters><HeartRateBpm><Value>103</Value></HeartRateBpm></Trackpoint><Trackpoint><Time>2026-05-01T08:35:51.815Z</Time><Position><LatitudeDegrees>60.061375</LatitudeDegrees><LongitudeDegrees>18.754154</LongitudeDegrees></Position><AltitudeMeters>18.29</AltitudeMeters><HeartRateBpm><Value>103</Value></HeartRateBpm></Trackpoint><Trackpoint><Time>2026-05-01T08:35:52.823Z</Time><Position><LatitudeDegrees>60.061382</LatitudeDegrees><LongitudeDegrees>18.754158</LongitudeDegrees></Position><AltitudeMeters>18.256</AltitudeMeters><HeartRateBpm><Value>102</Value></HeartRateBpm></Trackpoint><Trackpoint><Time>2026-05-01T08:35:53.832Z</Time><Position><LatitudeDegrees>60.061394</LatitudeDegrees><LongitudeDegrees>18.754164</LongitudeDegrees></Position><AltitudeMeters>18.125</AltitudeMeters><HeartRateBpm><Value>102</Value></HeartRateBpm></Trackpoint><Trackpoint><Time>2026-05-01T08:35:54.841Z</Time><Position><LatitudeDegrees>60.061405</LatitudeDegrees><LongitudeDegrees>18.754168</LongitudeDegrees></Position><AltitudeMeters>18.088</AltitudeMeters><HeartRateBpm><Value>102</Value></HeartRateBpm></Trackpoint><Trackpoint><Time>2026-05-01T08:35:55.851Z</Time><Position><LatitudeDegrees>60.061417</LatitudeDegrees><LongitudeDegrees>18.754173</LongitudeDegrees></Position><AltitudeMeters>18.049</AltitudeMeters><HeartRateBpm><Value>102</Value></HeartRateBpm></Trackpoint><Trackpoint><Time>2026-05-01T08:35:56.858Z</Time><Position><LatitudeDegrees>60.061428</LatitudeDegrees><LongitudeDegrees>18.754177</LongitudeDegrees></Position><AltitudeMeters>17.976</AltitudeMeters><HeartRateBpm><Value>102</Value></HeartRateBpm></Trackpoint><Trackpoint><Time>2026-05-01T08:35:57.867Z</Time><Position><LatitudeDegrees>60.06144</LatitudeDegrees><LongitudeDegrees>18.754183</LongitudeDegrees></Position><AltitudeMeters>17.898</AltitudeMeters><HeartRateBpm><Value>102</Value></HeartRateBpm></Trackpoint><Trackpoint><Time>2026-05-01T08:35:58.874Z</Time><Position><LatitudeDegrees>60.06145</LatitudeDegrees><LongitudeDegrees>18.754187</LongitudeDegrees></Position><AltitudeMeters>17.85</AltitudeMeters><HeartRateBpm><Value>102</Value></HeartRateBpm></Trackpoint><Trackpoint><Time>2026-05-01T08:35:59.883Z</Time><Position><LatitudeDegrees>60.061462</LatitudeDegrees><LongitudeDegrees>18.75419</LongitudeDegrees></Position><AltitudeMeters>17.815</AltitudeMeters><HeartRateBpm><Value>102</Value></HeartRateBpm></Trackpoint><Trackpoint><Time>2026-05-01T08:36:00.891Z</Time><Position><LatitudeDegrees>60.061478</LatitudeDegrees><LongitudeDegrees>18.754192</LongitudeDegrees></Position><AltitudeMeters>17.777</AltitudeMeters><HeartRateBpm><Value>101</Value></HeartRateBpm></Trackpoint><Trackpoint><Time>2026-05-01T08:36:01.900Z</Time><Position><LatitudeDegrees>60.06149</LatitudeDegrees><LongitudeDegrees>18.754192</LongitudeDegrees></Position><AltitudeMeters>17.747</AltitudeMeters><HeartRateBpm><Value>102</Value></HeartRateBpm></Trackpoint><Trackpoint><Time>2026-05-01T08:36:02.906Z</Time><Position><LatitudeDegrees>60.0615</LatitudeDegrees><LongitudeDegrees>18.754192</LongitudeDegrees></Position><AltitudeMeters>17.698</AltitudeMeters><HeartRateBpm><Value>102</Value></HeartRateBpm></Trackpoint><Trackpoint><Time>2026-05-01T08:36:03.915Z</Time><Position><LatitudeDegrees>60.061512</LatitudeDegrees><LongitudeDegrees>18.754194</LongitudeDegrees></Position><AltitudeMeters>17.612</AltitudeMeters><HeartRateBpm><Value>103</Value></HeartRateBpm></Trackpoint><Trackpoint><Time>2026-05-01T08:36:04.923Z</Time><Position><LatitudeDegrees>60.061523</LatitudeDegrees><LongitudeDegrees>18.754194</LongitudeDegrees></Position><AltitudeMeters>17.614</AltitudeMeters><HeartRateBpm><Value>103</Value></HeartRateBpm></Trackpoint><Trackpoint><Time>2026-05-01T08:36:05.932Z</Time><Position><LatitudeDegrees>60.061535</LatitudeDegrees><LongitudeDegrees>18.754196</LongitudeDegrees></Position><AltitudeMeters>17.562</AltitudeMeters><HeartRateBpm><Value>103</Value></HeartRateBpm></Trackpoint><Trackpoint><Time>2026-05-01T08:36:06.941Z</Time><Position><LatitudeDegrees>60.061543</LatitudeDegrees><LongitudeDegrees>18.754198</LongitudeDegrees></Position><AltitudeMeters>17.608</AltitudeMeters><HeartRateBpm><Value>102</Value></HeartRateBpm></Trackpoint><Trackpoint><Time>2026-05-01T08:36:07.951Z</Time><Position><LatitudeDegrees>60.06155</LatitudeDegrees><LongitudeDegrees>18.7542</LongitudeDegrees></Position><AltitudeMeters>17.608</AltitudeMeters><HeartRateBpm><Value>101</Value></HeartRateBpm></Trackpoint><Trackpoint><Time>2026-05-01T08:36:08.960Z</Time><Position><LatitudeDegrees>60.06156</LatitudeDegrees><LongitudeDegrees>18.754202</LongitudeDegrees></Position><AltitudeMeters>17.662</AltitudeMeters><HeartRateBpm><Value>101</Value></HeartRateBpm></Trackpoint><Trackpoint><Time>2026-05-01T08:36:09.967Z</Time><Position><LatitudeDegrees>60.06157</LatitudeDegrees><LongitudeDegrees>18.754204</LongitudeDegrees></Position><AltitudeMeters>17.638</AltitudeMeters><HeartRateBpm><Value>101</Value></HeartRateBpm></Trackpoint><Trackpoint><Time>2026-05-01T08:36:10.976Z</Time><Position><LatitudeDegrees>60.061577</LatitudeDegrees><LongitudeDegrees>18.754206</LongitudeDegrees></Position><AltitudeMeters>17.659</AltitudeMeters><HeartRateBpm><Value>101</Value></HeartRateBpm></Trackpoint><Trackpoint><Time>2026-05-01T08:36:11.985Z</Time><Position><LatitudeDegrees>60.061584</LatitudeDegrees><LongitudeDegrees>18.754208</LongitudeDegrees></Position><AltitudeMeters>17.656</AltitudeMeters><HeartRateBpm><Value>101</Value></HeartRateBpm></Trackpoint><Trackpoint><Time>2026-05-01T08:36:12.995Z</Time><Position><LatitudeDegrees>60.061592</LatitudeDegrees><LongitudeDegrees>18.75421</LongitudeDegrees></Position><AltitudeMeters>17.624</AltitudeMeters><HeartRateBpm><Value>101</Value></HeartRateBpm></Trackpoint><Trackpoint><Time>2026-05-01T08:36:14.003Z</Time><Position><LatitudeDegrees>60.0616</LatitudeDegrees><LongitudeDegrees>18.75421</LongitudeDegrees></Position><AltitudeMeters>17.652</AltitudeMeters><HeartRateBpm><Value>100</Value></HeartRateBpm></Trackpoint><Trackpoint><Time>2026-05-01T08:36:15.012Z</Time><Position><LatitudeDegrees>60.061607</LatitudeDegrees><LongitudeDegrees>18.754208</LongitudeDegrees></Position><AltitudeMeters>17.609</AltitudeMeters><HeartRateBpm><Value>100</Value></HeartRateBpm></Trackpoint><Trackpoint><Time>2026-05-01T08:36:16.021Z</Time><Position><LatitudeDegrees>60.06162</LatitudeDegrees><LongitudeDegrees>18.754208</LongitudeDegrees></Position><AltitudeMeters>17.604</AltitudeMeters><HeartRateBpm><Value>100</Value></HeartRateBpm></Trackpoint><Trackpoint><Time>2026-05-01T08:36:17.029Z</Time><Position><LatitudeDegrees>60.061626</LatitudeDegrees><LongitudeDegrees>18.754206</LongitudeDegrees></Position><AltitudeMeters>17.56</AltitudeMeters><HeartRateBpm><Value>99</Value></HeartRateBpm></Trackpoint><Trackpoint><Time>2026-05-01T08:36:18.036Z</Time><Position><LatitudeDegrees>60.061638</LatitudeDegrees><LongitudeDegrees>18.754204</LongitudeDegrees></Position><AltitudeMeters>17.541</AltitudeMeters><HeartRateBpm><Value>99</Value></HeartRateBpm></Trackpoint><Trackpoint><Time>2026-05-01T08:36:19.046Z</Time><Position><LatitudeDegrees>60.061646</LatitudeDegrees><LongitudeDegrees>18.754202</LongitudeDegrees></Position><AltitudeMeters>17.509</AltitudeMeters><HeartRateBpm><Value>98</Value></HeartRateBpm></Trackpoint><Trackpoint><Time>2026-05-01T08:36:20.055Z</Time><Position><LatitudeDegrees>60.061653</LatitudeDegrees><LongitudeDegrees>18.754202</LongitudeDegrees></Position><AltitudeMeters>17.512</AltitudeMeters><HeartRateBpm><Value>97</Value></HeartRateBpm></Trackpoint><Trackpoint><Time>2026-05-01T08:36:21.064Z</Time><Position><LatitudeDegrees>60.061665</LatitudeDegrees><LongitudeDegrees>18.754202</LongitudeDegrees></Position><AltitudeMeters>17.536</AltitudeMeters><HeartRateBpm><Value>97</Value></HeartRateBpm></Trackpoint><Trackpoint><Time>2026-05-01T08:36:22.073Z</Time><Position><LatitudeDegrees>60.061672</LatitudeDegrees><LongitudeDegrees>18.754202</LongitudeDegrees></Position><AltitudeMeters>17.563</AltitudeMeters><HeartRateBpm><Value>97</Value></HeartRateBpm></Trackpoint><Trackpoint><Time>2026-05-01T08:36:23.083Z</Time><Position><LatitudeDegrees>60.06168</LatitudeDegrees><LongitudeDegrees>18.754202</LongitudeDegrees></Position><AltitudeMeters>17.576</AltitudeMeters><HeartRateBpm><Value>97</Value></HeartRateBpm></Trackpoint><Trackpoint><Time>2026-05-01T08:36:24.090Z</Time><Position><LatitudeDegrees>60.061687</LatitudeDegrees><LongitudeDegrees>18.754202</LongitudeDegrees></Position><AltitudeMeters>17.612</AltitudeMeters><HeartRateBpm><Value>97</Value></HeartRateBpm></Trackpoint><Trackpoint><Time>2026-05-01T08:36:25.097Z</Time><Position><LatitudeDegrees>60.061695</LatitudeDegrees><LongitudeDegrees>18.754204</LongitudeDegrees></Position><AltitudeMeters>17.574</AltitudeMeters><HeartRateBpm><Value>97</Value></HeartRateBpm></Trackpoint><Trackpoint><Time>2026-05-01T08:36:26.106Z</Time><Position><LatitudeDegrees>60.061703</LatitudeDegrees><LongitudeDegrees>18.754204</LongitudeDegrees></Position><AltitudeMeters>17.564</AltitudeMeters><HeartRateBpm><Value>96</Value></HeartRateBpm></Trackpoint><Trackpoint><Time>2026-05-01T08:36:27.114Z</Time><Position><LatitudeDegrees>60.061714</LatitudeDegrees><LongitudeDegrees>18.754202</LongitudeDegrees></Position><AltitudeMeters>17.601</AltitudeMeters><HeartRateBpm><Value>96</Value></HeartRateBpm></Trackpoint><Trackpoint><Time>2026-05-01T08:36:28.123Z</Time><Position><LatitudeDegrees>60.061726</LatitudeDegrees><LongitudeDegrees>18.7542</LongitudeDegrees></Position><AltitudeMeters>17.613</AltitudeMeters><HeartRateBpm><Value>95</Value></HeartRateBpm></Trackpoint><Trackpoint><Time>2026-05-01T08:36:29.130Z</Time><Position><LatitudeDegrees>60.061737</LatitudeDegrees><LongitudeDegrees>18.754196</LongitudeDegrees></Position><AltitudeMeters>17.594</AltitudeMeters><HeartRateBpm><Value>95</Value></HeartRateBpm></Trackpoint><Trackpoint><Time>2026-05-01T08:36:30.137Z</Time><Position><LatitudeDegrees>60.06175</LatitudeDegrees><LongitudeDegrees>18.754192</LongitudeDegrees></Position><AltitudeMeters>17.594</AltitudeMeters><HeartRateBpm><Value>94</Value></HeartRateBpm></Trackpoint><Trackpoint><Time>2026-05-01T08:36:31.146Z</Time><Position><LatitudeDegrees>60.06176</LatitudeDegrees><LongitudeDegrees>18.754189</LongitudeDegrees></Position><AltitudeMeters>17.627</AltitudeMeters><HeartRateBpm><Value>93</Value></HeartRateBpm></Trackpoint><Trackpoint><Time>2026-05-01T08:36:32.154Z</Time><Position><LatitudeDegrees>60.06177</LatitudeDegrees><LongitudeDegrees>18.754185</LongitudeDegrees></Position><AltitudeMeters>17.621</AltitudeMeters><HeartRateBpm><Value>94</Value></HeartRateBpm></Trackpoint><Trackpoint><Time>2026-05-01T08:36:33.163Z</Time><Position><LatitudeDegrees>60.061783</LatitudeDegrees><LongitudeDegrees>18.75418</LongitudeDegrees></Position><AltitudeMeters>17.605</AltitudeMeters><HeartRateBpm><Value>96</Value></HeartRateBpm></Trackpoint><Trackpoint><Time>2026-05-01T08:36:34.172Z</Time><Position><LatitudeDegrees>60.061794</LatitudeDegrees><LongitudeDegrees>18.754175</LongitudeDegrees></Position><AltitudeMeters>17.576</AltitudeMeters><HeartRateBpm><Value>96</Value></HeartRateBpm></Trackpoint><Trackpoint><Time>2026-05-01T08:36:35.179Z</Time><Position><LatitudeDegrees>60.061806</LatitudeDegrees><LongitudeDegrees>18.754171</LongitudeDegrees></Position><AltitudeMeters>17.532</AltitudeMeters><HeartRateBpm><Value>95</Value></HeartRateBpm></Trackpoint><Trackpoint><Time>2026-05-01T08:36:36.186Z</Time><Position><LatitudeDegrees>60.061817</LatitudeDegrees><LongitudeDegrees>18.754166</LongitudeDegrees></Position><AltitudeMeters>17.496</AltitudeMeters><HeartRateBpm><Value>95</Value></HeartRateBpm></Trackpoint><Trackpoint><Time>2026-05-01T08:36:37.193Z</Time><Position><LatitudeDegrees>60.06183</LatitudeDegrees><LongitudeDegrees>18.754162</LongitudeDegrees></Position><AltitudeMeters>17.504</AltitudeMeters><HeartRateBpm><Value>94</Value></HeartRateBpm></Trackpoint><Trackpoint><Time>2026-05-01T08:36:38.202Z</Time><Position><LatitudeDegrees>60.061844</LatitudeDegrees><LongitudeDegrees>18.754156</LongitudeDegrees></Position><AltitudeMeters>17.439</AltitudeMeters><HeartRateBpm><Value>94</Value></HeartRateBpm></Trackpoint><Trackpoint><Time>2026-05-01T08:36:39.211Z</Time><Position><LatitudeDegrees>60.061855</LatitudeDegrees><LongitudeDegrees>18.75415</LongitudeDegrees></Position><AltitudeMeters>17.447</AltitudeMeters><HeartRateBpm><Value>94</Value></HeartRateBpm></Trackpoint><Trackpoint><Time>2026-05-01T08:36:40.221Z</Time><Position><LatitudeDegrees>60.061867</LatitudeDegrees><LongitudeDegrees>18.754145</LongitudeDegrees></Position><AltitudeMeters>17.495</AltitudeMeters><HeartRateBpm><Value>94</Value></HeartRateBpm></Trackpoint><Trackpoint><Time>2026-05-01T08:36:41.228Z</Time><Position><LatitudeDegrees>60.061882</LatitudeDegrees><LongitudeDegrees>18.75414</LongitudeDegrees></Position><AltitudeMeters>17.437</AltitudeMeters><HeartRateBpm><Value>93</Value></HeartRateBpm></Trackpoint><Trackpoint><Time>2026-05-01T08:36:42.237Z</Time><Position><LatitudeDegrees>60.061893</LatitudeDegrees><LongitudeDegrees>18.754137</LongitudeDegrees></Position><AltitudeMeters>17.367</AltitudeMeters><HeartRateBpm><Value>92</Value></HeartRateBpm></Trackpoint><Trackpoint><Time>2026-05-01T08:36:43.246Z</Time><Position><LatitudeDegrees>60.06191</LatitudeDegrees><LongitudeDegrees>18.754133</LongitudeDegrees></Position><AltitudeMeters>17.352</AltitudeMeters><HeartRateBpm><Value>92</Value></HeartRateBpm></Trackpoint><Trackpoint><Time>2026-05-01T08:36:44.254Z</Time><Position><LatitudeDegrees>60.06192</LatitudeDegrees><LongitudeDegrees>18.75413</LongitudeDegrees></Position><AltitudeMeters>17.383</AltitudeMeters><HeartRateBpm><Value>92</Value></HeartRateBpm></Trackpoint><Trackpoint><Time>2026-05-01T08:36:45.264Z</Time><Position><LatitudeDegrees>60.061935</LatitudeDegrees><LongitudeDegrees>18.754124</LongitudeDegrees></Position><AltitudeMeters>17.388</AltitudeMeters><HeartRateBpm><Value>91</Value></HeartRateBpm></Trackpoint><Trackpoint><Time>2026-05-01T08:36:46.273Z</Time><Position><LatitudeDegrees>60.061947</LatitudeDegrees><LongitudeDegrees>18.75412</LongitudeDegrees></Position><AltitudeMeters>17.348</AltitudeMeters><HeartRateBpm><Value>91</Value></HeartRateBpm></Trackpoint><Trackpoint><Time>2026-05-01T08:36:47.282Z</Time><Position><LatitudeDegrees>60.061962</LatitudeDegrees><LongitudeDegrees>18.754116</LongitudeDegrees></Position><AltitudeMeters>17.351</AltitudeMeters><HeartRateBpm><Value>91</Value></HeartRateBpm></Trackpoint><Trackpoint><Time>2026-05-01T08:36:48.289Z</Time><Position><LatitudeDegrees>60.061974</LatitudeDegrees><LongitudeDegrees>18.754112</LongitudeDegrees></Position><AltitudeMeters>17.331</AltitudeMeters><HeartRateBpm><Value>91</Value></HeartRateBpm></Trackpoint><Trackpoint><Time>2026-05-01T08:36:49.295Z</Time><Position><LatitudeDegrees>60.061985</LatitudeDegrees><LongitudeDegrees>18.754107</LongitudeDegrees></Position><AltitudeMeters>17.283</AltitudeMeters><HeartRateBpm><Value>90</Value></HeartRateBpm></Trackpoint><Trackpoint><Time>2026-05-01T08:36:50.303Z</Time><Position><LatitudeDegrees>60.061996</LatitudeDegrees><LongitudeDegrees>18.754105</LongitudeDegrees></Position><AltitudeMeters>17.22</AltitudeMeters><HeartRateBpm><Value>90</Value></HeartRateBpm></Trackpoint><Trackpoint><Time>2026-05-01T08:36:51.313Z</Time><Position><LatitudeDegrees>60.062008</LatitudeDegrees><LongitudeDegrees>18.7541</LongitudeDegrees></Position><AltitudeMeters>17.286</AltitudeMeters><HeartRateBpm><Value>90</Value></HeartRateBpm></Trackpoint><Trackpoint><Time>2026-05-01T08:36:52.323Z</Time><Position><LatitudeDegrees>60.06202</LatitudeDegrees><LongitudeDegrees>18.754097</LongitudeDegrees></Position><AltitudeMeters>17.284</AltitudeMeters><HeartRateBpm><Value>91</Value></HeartRateBpm></Trackpoint><Trackpoint><Time>2026-05-01T08:36:53.332Z</Time><Position><LatitudeDegrees>60.062027</LatitudeDegrees><LongitudeDegrees>18.754093</LongitudeDegrees></Position><AltitudeMeters>17.297</AltitudeMeters><HeartRateBpm><Value>91</Value></HeartRateBpm></Trackpoint><Trackpoint><Time>2026-05-01T08:36:54.341Z</Time><Position><LatitudeDegrees>60.062035</LatitudeDegrees><LongitudeDegrees>18.75409</LongitudeDegrees></Position><AltitudeMeters>17.24</AltitudeMeters><HeartRateBpm><Value>91</Value></HeartRateBpm></Trackpoint><Trackpoint><Time>2026-05-01T08:36:55.347Z</Time><Position><LatitudeDegrees>60.062042</LatitudeDegrees><LongitudeDegrees>18.754084</LongitudeDegrees></Position><AltitudeMeters>17.261</AltitudeMeters><HeartRateBpm><Value>91</Value></HeartRateBpm></Trackpoint><Trackpoint><Time>2026-05-01T08:36:56.356Z</Time><Position><LatitudeDegrees>60.06205</LatitudeDegrees><LongitudeDegrees>18.754078</LongitudeDegrees></Position><AltitudeMeters>17.253</AltitudeMeters><HeartRateBpm><Value>91</Value></HeartRateBpm></Trackpoint><Trackpoint><Time>2026-05-01T08:36:57.366Z</Time><Position><LatitudeDegrees>60.06206</LatitudeDegrees><LongitudeDegrees>18.75407</LongitudeDegrees></Position><AltitudeMeters>17.215</AltitudeMeters><HeartRateBpm><Value>92</Value></HeartRateBpm></Trackpoint><Trackpoint><Time>2026-05-01T08:36:58.374Z</Time><Position><LatitudeDegrees>60.06207</LatitudeDegrees><LongitudeDegrees>18.754065</LongitudeDegrees></Position><AltitudeMeters>17.197</AltitudeMeters><HeartRateBpm><Value>92</Value></HeartRateBpm></Trackpoint><Trackpoint><Time>2026-05-01T08:36:59.382Z</Time><Position><LatitudeDegrees>60.062077</LatitudeDegrees><LongitudeDegrees>18.754057</LongitudeDegrees></Position><AltitudeMeters>17.197</AltitudeMeters><HeartRateBpm><Value>92</Value></HeartRateBpm></Trackpoint><Trackpoint><Time>2026-05-01T08:37:00.391Z</Time><Position><LatitudeDegrees>60.062084</LatitudeDegrees><LongitudeDegrees>18.75405</LongitudeDegrees></Position><AltitudeMeters>17.288</AltitudeMeters><HeartRateBpm><Value>92</Value></HeartRateBpm></Trackpoint><Trackpoint><Time>2026-05-01T08:37:01.400Z</Time><Position><LatitudeDegrees>60.062096</LatitudeDegrees><LongitudeDegrees>18.754044</LongitudeDegrees></Position><AltitudeMeters>17.276</AltitudeMeters><HeartRateBpm><Value>93</Value></HeartRateBpm></Trackpoint><Trackpoint><Time>2026-05-01T08:37:02.407Z</Time><Position><LatitudeDegrees>60.062107</LatitudeDegrees><LongitudeDegrees>18.754036</LongitudeDegrees></Position><AltitudeMeters>17.297</AltitudeMeters><HeartRateBpm><Value>94</Value></HeartRateBpm></Trackpoint><Trackpoint><Time>2026-05-01T08:37:03.416Z</Time><Position><LatitudeDegrees>60.062115</LatitudeDegrees><LongitudeDegrees>18.754032</LongitudeDegrees></Position><AltitudeMeters>17.382</AltitudeMeters><HeartRateBpm><Value>95</Value></HeartRateBpm></Trackpoint><Trackpoint><Time>2026-05-01T08:37:04.425Z</Time><Position><LatitudeDegrees>60.062126</LatitudeDegrees><LongitudeDegrees>18.754026</LongitudeDegrees></Position><AltitudeMeters>17.383</AltitudeMeters><HeartRateBpm><Value>95</Value></HeartRateBpm></Trackpoint><Trackpoint><Time>2026-05-01T08:37:05.434Z</Time><Position><LatitudeDegrees>60.062138</LatitudeDegrees><LongitudeDegrees>18.754025</LongitudeDegrees></Position><AltitudeMeters>17.284</AltitudeMeters><HeartRateBpm><Value>95</Value></HeartRateBpm></Trackpoint><Trackpoint><Time>2026-05-01T08:37:06.443Z</Time><Position><LatitudeDegrees>60.062145</LatitudeDegrees><LongitudeDegrees>18.754023</LongitudeDegrees></Position><AltitudeMeters>17.229</AltitudeMeters><HeartRateBpm><Value>95</Value></HeartRateBpm></Trackpoint><Trackpoint><Time>2026-05-01T08:37:07.453Z</Time><Position><LatitudeDegrees>60.062157</LatitudeDegrees><LongitudeDegrees>18.75402</LongitudeDegrees></Position><AltitudeMeters>17.236</AltitudeMeters><HeartRateBpm><Value>95</Value></HeartRateBpm></Trackpoint><Trackpoint><Time>2026-05-01T08:37:08.461Z</Time><Position><LatitudeDegrees>60.062164</LatitudeDegrees><LongitudeDegrees>18.754017</LongitudeDegrees></Position><AltitudeMeters>17.269</AltitudeMeters><HeartRateBpm><Value>94</Value></HeartRateBpm></Trackpoint><Trackpoint><Time>2026-05-01T08:37:09.468Z</Time><Position><LatitudeDegrees>60.062172</LatitudeDegrees><LongitudeDegrees>18.754015</LongitudeDegrees></Position><AltitudeMeters>17.203</AltitudeMeters><HeartRateBpm><Value>94</Value></HeartRateBpm></Trackpoint><Trackpoint><Time>2026-05-01T08:37:10.477Z</Time><Position><LatitudeDegrees>60.062183</LatitudeDegrees><LongitudeDegrees>18.754013</LongitudeDegrees></Position><AltitudeMeters>17.193</AltitudeMeters><HeartRateBpm><Value>95</Value></HeartRateBpm></Trackpoint><Trackpoint><Time>2026-05-01T08:37:11.486Z</Time><Position><LatitudeDegrees>60.06219</LatitudeDegrees><LongitudeDegrees>18.75401</LongitudeDegrees></Position><AltitudeMeters>17.192</AltitudeMeters><HeartRateBpm><Value>95</Value></HeartRateBpm></Trackpoint><Trackpoint><Time>2026-05-01T08:37:12.495Z</Time><Position><LatitudeDegrees>60.0622</LatitudeDegrees><LongitudeDegrees>18.754007</LongitudeDegrees></Position><AltitudeMeters>17.207</AltitudeMeters><HeartRateBpm><Value>94</Value></HeartRateBpm></Trackpoint><Trackpoint><Time>2026-05-01T08:37:13.505Z</Time><Position><LatitudeDegrees>60.062206</LatitudeDegrees><LongitudeDegrees>18.754005</LongitudeDegrees></Position><AltitudeMeters>17.181</AltitudeMeters><HeartRateBpm><Value>94</Value></HeartRateBpm></Trackpoint><Trackpoint><Time>2026-05-01T08:37:14.513Z</Time><Position><LatitudeDegrees>60.062218</LatitudeDegrees><LongitudeDegrees>18.754004</LongitudeDegrees></Position><AltitudeMeters>17.22</AltitudeMeters><HeartRateBpm><Value>94</Value></HeartRateBpm></Trackpoint><Trackpoint><Time>2026-05-01T08:37:15.522Z</Time><Position><LatitudeDegrees>60.062225</LatitudeDegrees><LongitudeDegrees>18.754002</LongitudeDegrees></Position><AltitudeMeters>17.189</AltitudeMeters><HeartRateBpm><Value>95</Value></HeartRateBpm></Trackpoint><Trackpoint><Time>2026-05-01T08:37:16.531Z</Time><Position><LatitudeDegrees>60.062237</LatitudeDegrees><LongitudeDegrees>18.754</LongitudeDegrees></Position><AltitudeMeters>17.215</AltitudeMeters><HeartRateBpm><Value>96</Value></HeartRateBpm></Trackpoint><Trackpoint><Time>2026-05-01T08:37:17.537Z</Time><Position><LatitudeDegrees>60.062244</LatitudeDegrees><LongitudeDegrees>18.753998</LongitudeDegrees></Position><AltitudeMeters>17.228</AltitudeMeters><HeartRateBpm><Value>96</Value></HeartRateBpm></Trackpoint><Trackpoint><Time>2026-05-01T08:37:18.546Z</Time><Position><LatitudeDegrees>60.062256</LatitudeDegrees><LongitudeDegrees>18.753996</LongitudeDegrees></Position><AltitudeMeters>17.253</AltitudeMeters><HeartRateBpm><Value>95</Value></HeartRateBpm></Trackpoint><Trackpoint><Time>2026-05-01T08:37:19.556Z</Time><Position><LatitudeDegrees>60.062267</LatitudeDegrees><LongitudeDegrees>18.753992</LongitudeDegrees></Position><AltitudeMeters>17.178</AltitudeMeters><HeartRateBpm><Value>95</Value></HeartRateBpm></Trackpoint><Trackpoint><Time>2026-05-01T08:37:20.565Z</Time><Position><LatitudeDegrees>60.06228</LatitudeDegrees><LongitudeDegrees>18.753988</LongitudeDegrees></Position><AltitudeMeters>17.174</AltitudeMeters><HeartRateBpm><Value>96</Value></HeartRateBpm></Trackpoint><Trackpoint><Time>2026-05-01T08:37:21.573Z</Time><Position><LatitudeDegrees>60.06229</LatitudeDegrees><LongitudeDegrees>18.753984</LongitudeDegrees></Position><AltitudeMeters>17.221</AltitudeMeters><HeartRateBpm><Value>95</Value></HeartRateBpm></Trackpoint><Trackpoint><Time>2026-05-01T08:37:22.582Z</Time><Position><LatitudeDegrees>60.0623</LatitudeDegrees><LongitudeDegrees>18.75398</LongitudeDegrees></Position><AltitudeMeters>17.215</AltitudeMeters><HeartRateBpm><Value>95</Value></HeartRateBpm></Trackpoint><Trackpoint><Time>2026-05-01T08:37:23.592Z</Time><Position><LatitudeDegrees>60.062313</LatitudeDegrees><LongitudeDegrees>18.753977</LongitudeDegrees></Position><AltitudeMeters>17.229</AltitudeMeters><HeartRateBpm><Value>94</Value></HeartRateBpm></Trackpoint><Trackpoint><Time>2026-05-01T08:37:24.601Z</Time><Position><LatitudeDegrees>60.06232</LatitudeDegrees><LongitudeDegrees>18.753979</LongitudeDegrees></Position><AltitudeMeters>17.18</AltitudeMeters><HeartRateBpm><Value>94</Value></HeartRateBpm></Trackpoint><Trackpoint><Time>2026-05-01T08:37:25.608Z</Time><Position><LatitudeDegrees>60.062332</LatitudeDegrees><LongitudeDegrees>18.753979</LongitudeDegrees></Position><AltitudeMeters>17.141</AltitudeMeters><HeartRateBpm><Value>94</Value></HeartRateBpm></Trackpoint><Trackpoint><Time>2026-05-01T08:37:26.617Z</Time><Position><LatitudeDegrees>60.06234</LatitudeDegrees><LongitudeDegrees>18.75398</LongitudeDegrees></Position><AltitudeMeters>17.13</AltitudeMeters><HeartRateBpm><Value>94</Value></HeartRateBpm></Trackpoint><Trackpoint><Time>2026-05-01T08:37:27.625Z</Time><Position><LatitudeDegrees>60.06235</LatitudeDegrees><LongitudeDegrees>18.75398</LongitudeDegrees></Position><AltitudeMeters>17.162</AltitudeMeters><HeartRateBpm><Value>94</Value></HeartRateBpm></Trackpoint><Trackpoint><Time>2026-05-01T08:37:28.633Z</Time><Position><LatitudeDegrees>60.062363</LatitudeDegrees><LongitudeDegrees>18.75398</LongitudeDegrees></Position><AltitudeMeters>17.227</AltitudeMeters><HeartRateBpm><Value>94</Value></HeartRateBpm></Trackpoint><Trackpoint><Time>2026-05-01T08:37:29.643Z</Time><Position><LatitudeDegrees>60.06237</LatitudeDegrees><LongitudeDegrees>18.753984</LongitudeDegrees></Position><AltitudeMeters>17.271</AltitudeMeters><HeartRateBpm><Value>93</Value></HeartRateBpm></Trackpoint><Trackpoint><Time>2026-05-01T08:37:30.651Z</Time><Position><LatitudeDegrees>60.062378</LatitudeDegrees><LongitudeDegrees>18.753988</LongitudeDegrees></Position><AltitudeMeters>17.333</AltitudeMeters><HeartRateBpm><Value>93</Value></HeartRateBpm></Trackpoint><Trackpoint><Time>2026-05-01T08:37:31.658Z</Time><Position><LatitudeDegrees>60.062386</LatitudeDegrees><LongitudeDegrees>18.753994</LongitudeDegrees></Position><AltitudeMeters>17.398</AltitudeMeters><HeartRateBpm><Value>94</Value></HeartRateBpm></Trackpoint><Trackpoint><Time>2026-05-01T08:37:32.666Z</Time><Position><LatitudeDegrees>60.062393</LatitudeDegrees><LongitudeDegrees>18.753996</LongitudeDegrees></Position><AltitudeMeters>17.338</AltitudeMeters><HeartRateBpm><Value>95</Value></HeartRateBpm></Trackpoint><Trackpoint><Time>2026-05-01T08:37:33.676Z</Time><Position><LatitudeDegrees>60.0624</LatitudeDegrees><LongitudeDegrees>18.754</LongitudeDegrees></Position><AltitudeMeters>17.317</AltitudeMeters><HeartRateBpm><Value>96</Value></HeartRateBpm></Trackpoint><Trackpoint><Time>2026-05-01T08:37:34.684Z</Time><Position><LatitudeDegrees>60.062412</LatitudeDegrees><LongitudeDegrees>18.754</LongitudeDegrees></Position><AltitudeMeters>17.308</AltitudeMeters><HeartRateBpm><Value>96</Value></HeartRateBpm></Trackpoint><Trackpoint><Time>2026-05-01T08:37:35.693Z</Time><Position><LatitudeDegrees>60.06242</LatitudeDegrees><LongitudeDegrees>18.754002</LongitudeDegrees></Position><AltitudeMeters>17.329</AltitudeMeters><HeartRateBpm><Value>95</Value></HeartRateBpm></Trackpoint><Trackpoint><Time>2026-05-01T08:37:36.697Z</Time><Position><LatitudeDegrees>60.062428</LatitudeDegrees><LongitudeDegrees>18.754002</LongitudeDegrees></Position><AltitudeMeters>17.375</AltitudeMeters><HeartRateBpm><Value>95</Value></HeartRateBpm></Trackpoint><Trackpoint><Time>2026-05-01T08:37:37.707Z</Time><Position><LatitudeDegrees>60.06244</LatitudeDegrees><LongitudeDegrees>18.754002</LongitudeDegrees></Position><AltitudeMeters>17.335</AltitudeMeters><HeartRateBpm><Value>96</Value></HeartRateBpm></Trackpoint><Trackpoint><Time>2026-05-01T08:37:38.716Z</Time><Position><LatitudeDegrees>60.062447</LatitudeDegrees><LongitudeDegrees>18.754004</LongitudeDegrees></Position><AltitudeMeters>17.344</AltitudeMeters><HeartRateBpm><Value>96</Value></HeartRateBpm></Trackpoint><Trackpoint><Time>2026-05-01T08:37:39.725Z</Time><Position><LatitudeDegrees>60.062454</LatitudeDegrees><LongitudeDegrees>18.754004</LongitudeDegrees></Position><AltitudeMeters>17.391</AltitudeMeters><HeartRateBpm><Value>97</Value></HeartRateBpm></Trackpoint><Trackpoint><Time>2026-05-01T08:37:40.733Z</Time><Position><LatitudeDegrees>60.062466</LatitudeDegrees><LongitudeDegrees>18.754005</LongitudeDegrees></Position><AltitudeMeters>17.429</AltitudeMeters><HeartRateBpm><Value>98</Value></HeartRateBpm></Trackpoint><Trackpoint><Time>2026-05-01T08:37:41.743Z</Time><Position><LatitudeDegrees>60.06248</LatitudeDegrees><LongitudeDegrees>18.754011</LongitudeDegrees></Position><AltitudeMeters>17.356</AltitudeMeters><HeartRateBpm><Value>97</Value></HeartRateBpm></Trackpoint><Trackpoint><Time>2026-05-01T08:37:42.752Z</Time><Position><LatitudeDegrees>60.062496</LatitudeDegrees><LongitudeDegrees>18.754017</LongitudeDegrees></Position><AltitudeMeters>17.339</AltitudeMeters><HeartRateBpm><Value>97</Value></HeartRateBpm></Trackpoint><Trackpoint><Time>2026-05-01T08:37:43.759Z</Time><Position><LatitudeDegrees>60.062515</LatitudeDegrees><LongitudeDegrees>18.754025</LongitudeDegrees></Position><AltitudeMeters>17.321</AltitudeMeters><HeartRateBpm><Value>98</Value></HeartRateBpm></Trackpoint><Trackpoint><Time>2026-05-01T08:37:44.767Z</Time><Position><LatitudeDegrees>60.062542</LatitudeDegrees><LongitudeDegrees>18.754045</LongitudeDegrees></Position><AltitudeMeters>17.311</AltitudeMeters><HeartRateBpm><Value>99</Value></HeartRateBpm></Trackpoint><Trackpoint><Time>2026-05-01T08:37:45.774Z</Time><Position><LatitudeDegrees>60.062576</LatitudeDegrees><LongitudeDegrees>18.75407</LongitudeDegrees></Position><AltitudeMeters>17.401</AltitudeMeters><HeartRateBpm><Value>99</Value></HeartRateBpm></Trackpoint><Trackpoint><Time>2026-05-01T08:37:46.783Z</Time><Position><LatitudeDegrees>60.06262</LatitudeDegrees><LongitudeDegrees>18.754103</LongitudeDegrees></Position><AltitudeMeters>17.399</AltitudeMeters><HeartRateBpm><Value>100</Value></HeartRateBpm></Trackpoint><Trackpoint><Time>2026-05-01T08:38:16.696Z</Time><Position><LatitudeDegrees>60.062653</LatitudeDegrees><LongitudeDegrees>18.754131</LongitudeDegrees></Position><AltitudeMeters>16.286</AltitudeMeters><HeartRateBpm><Value>94</Value></HeartRateBpm></Trackpoint><Trackpoint><Time>2026-05-01T08:38:17.698Z</Time><Position><LatitudeDegrees>60.06269</LatitudeDegrees><LongitudeDegrees>18.75416</LongitudeDegrees></Position><AltitudeMeters>16.182</AltitudeMeters><HeartRateBpm><Value>94</Value></HeartRateBpm></Trackpoint><Trackpoint><Time>2026-05-01T08:38:18.698Z</Time><Position><LatitudeDegrees>60.062725</LatitudeDegrees><LongitudeDegrees>18.754187</LongitudeDegrees></Position><AltitudeMeters>16.095</AltitudeMeters><HeartRateBpm><Value>94</Value></HeartRateBpm></Trackpoint><Trackpoint><Time>2026-05-01T08:38:19.699Z</Time><Position><LatitudeDegrees>60.062756</LatitudeDegrees><LongitudeDegrees>18.754211</LongitudeDegrees></Position><AltitudeMeters>16.041</AltitudeMeters><HeartRateBpm><Value>94</Value></HeartRateBpm></Trackpoint><Trackpoint><Time>2026-05-01T08:38:20.699Z</Time><Position><LatitudeDegrees>60.06279</LatitudeDegrees><LongitudeDegrees>18.754238</LongitudeDegrees></Position><AltitudeMeters>15.958</AltitudeMeters><HeartRateBpm><Value>94</Value></HeartRateBpm></Trackpoint><Trackpoint><Time>2026-05-01T08:38:21.700Z</Time><Position><LatitudeDegrees>60.06282</LatitudeDegrees><LongitudeDegrees>18.754265</LongitudeDegrees></Position><AltitudeMeters>15.808</AltitudeMeters><HeartRateBpm><Value>94</Value></HeartRateBpm></Trackpoint><Trackpoint><Time>2026-05-01T08:38:22.700Z</Time><Position><LatitudeDegrees>60.06285</LatitudeDegrees><LongitudeDegrees>18.75429</LongitudeDegrees></Position><AltitudeMeters>15.628</AltitudeMeters><HeartRateBpm><Value>93</Value></HeartRateBpm></Trackpoint><Trackpoint><Time>2026-05-01T08:38:23.701Z</Time><Position><LatitudeDegrees>60.062874</LatitudeDegrees><LongitudeDegrees>18.75431</LongitudeDegrees></Position><AltitudeMeters>15.514</AltitudeMeters><HeartRateBpm><Value>93</Value></HeartRateBpm></Trackpoint><Trackpoint><Time>2026-05-01T08:38:24.702Z</Time><Position><LatitudeDegrees>60.062897</LatitudeDegrees><LongitudeDegrees>18.754326</LongitudeDegrees></Position><AltitudeMeters>15.394</AltitudeMeters><HeartRateBpm><Value>92</Value></HeartRateBpm></Trackpoint><Trackpoint><Time>2026-05-01T08:38:25.703Z</Time><Position><LatitudeDegrees>60.062912</LatitudeDegrees><LongitudeDegrees>18.75434</LongitudeDegrees></Position><AltitudeMeters>15.192</AltitudeMeters><HeartRateBpm><Value>92</Value></HeartRateBpm></Trackpoint><Trackpoint><Time>2026-05-01T08:38:26.703Z</Time><Position><LatitudeDegrees>60.062927</LatitudeDegrees><LongitudeDegrees>18.754353</LongitudeDegrees></Position><AltitudeMeters>15.062</AltitudeMeters><HeartRateBpm><Value>92</Value></HeartRateBpm></Trackpoint><Trackpoint><Time>2026-05-01T08:38:27.703Z</Time><Position><LatitudeDegrees>60.062943</LatitudeDegrees><LongitudeDegrees>18.754366</LongitudeDegrees></Position><AltitudeMeters>15.018</AltitudeMeters><HeartRateBpm><Value>92</Value></HeartRateBpm></Trackpoint><Trackpoint><Time>2026-05-01T08:38:28.704Z</Time><Position><LatitudeDegrees>60.062958</LatitudeDegrees><LongitudeDegrees>18.754381</LongitudeDegrees></Position><AltitudeMeters>14.89</AltitudeMeters><HeartRateBpm><Value>92</Value></HeartRateBpm></Trackpoint><Trackpoint><Time>2026-05-01T08:38:29.705Z</Time><Position><LatitudeDegrees>60.06297</LatitudeDegrees><LongitudeDegrees>18.754396</LongitudeDegrees></Position><AltitudeMeters>14.811</AltitudeMeters><HeartRateBpm><Value>92</Value></HeartRateBpm></Trackpoint><Trackpoint><Time>2026-05-01T08:38:30.705Z</Time><Position><LatitudeDegrees>60.062984</LatitudeDegrees><LongitudeDegrees>18.754412</LongitudeDegrees></Position><AltitudeMeters>14.738</AltitudeMeters><HeartRateBpm><Value>93</Value></HeartRateBpm></Trackpoint><Trackpoint><Time>2026-05-01T08:38:31.706Z</Time><Position><LatitudeDegrees>60.063</LatitudeDegrees><LongitudeDegrees>18.754429</LongitudeDegrees></Position><AltitudeMeters>14.726</AltitudeMeters><HeartRateBpm><Value>94</Value></HeartRateBpm></Trackpoint><Trackpoint><Time>2026-05-01T08:38:32.710Z</Time><Position><LatitudeDegrees>60.063015</LatitudeDegrees><LongitudeDegrees>18.754444</LongitudeDegrees></Position><AltitudeMeters>14.711</AltitudeMeters><HeartRateBpm><Value>93</Value></HeartRateBpm></Trackpoint><Trackpoint><Time>2026-05-01T08:38:33.719Z</Time><Position><LatitudeDegrees>60.06303</LatitudeDegrees><LongitudeDegrees>18.75446</LongitudeDegrees></Position><AltitudeMeters>14.615</AltitudeMeters><HeartRateBpm><Value>93</Value></HeartRateBpm></Trackpoint><Trackpoint><Time>2026-05-01T08:38:34.727Z</Time><Position><LatitudeDegrees>60.063046</LatitudeDegrees><LongitudeDegrees>18.754477</LongitudeDegrees></Position><AltitudeMeters>14.532</AltitudeMeters><HeartRateBpm><Value>93</Value></HeartRateBpm></Trackpoint><Trackpoint><Time>2026-05-01T08:38:35.736Z</Time><Position><LatitudeDegrees>60.06306</LatitudeDegrees><LongitudeDegrees>18.754492</LongitudeDegrees></Position><AltitudeMeters>14.538</AltitudeMeters><HeartRateBpm><Value>93</Value></HeartRateBpm></Trackpoint><Trackpoint><Time>2026-05-01T08:38:36.745Z</Time><Position><LatitudeDegrees>60.063072</LatitudeDegrees><LongitudeDegrees>18.754505</LongitudeDegrees></Position><AltitudeMeters>14.496</AltitudeMeters><HeartRateBpm><Value>93</Value></HeartRateBpm></Trackpoint><Trackpoint><Time>2026-05-01T08:38:37.755Z</Time><Position><LatitudeDegrees>60.063087</LatitudeDegrees><LongitudeDegrees>18.754519</LongitudeDegrees></Position><AltitudeMeters>14.485</AltitudeMeters><HeartRateBpm><Value>92</Value></HeartRateBpm></Trackpoint><Trackpoint><Time>2026-05-01T08:38:38.763Z</Time><Position><LatitudeDegrees>60.063103</LatitudeDegrees><LongitudeDegrees>18.754532</LongitudeDegrees></Position><AltitudeMeters>14.447</AltitudeMeters><HeartRateBpm><Value>92</Value></HeartRateBpm></Trackpoint><Trackpoint><Time>2026-05-01T08:38:39.772Z</Time><Position><LatitudeDegrees>60.063118</LatitudeDegrees><LongitudeDegrees>18.754545</LongitudeDegrees></Position><AltitudeMeters>14.355</AltitudeMeters><HeartRateBpm><Value>91</Value></HeartRateBpm></Trackpoint><Trackpoint><Time>2026-05-01T08:38:40.780Z</Time><Position><LatitudeDegrees>60.063133</LatitudeDegrees><LongitudeDegrees>18.754559</LongitudeDegrees></Position><AltitudeMeters>14.403</AltitudeMeters><HeartRateBpm><Value>91</Value></HeartRateBpm></Trackpoint><Trackpoint><Time>2026-05-01T08:38:41.788Z</Time><Position><LatitudeDegrees>60.06315</LatitudeDegrees><LongitudeDegrees>18.75457</LongitudeDegrees></Position><AltitudeMeters>14.388</AltitudeMeters><HeartRateBpm><Value>93</Value></HeartRateBpm></Trackpoint><Trackpoint><Time>2026-05-01T08:38:42.796Z</Time><Position><LatitudeDegrees>60.06316</LatitudeDegrees><LongitudeDegrees>18.754583</LongitudeDegrees></Position><AltitudeMeters>14.377</AltitudeMeters><HeartRateBpm><Value>94</Value></HeartRateBpm></Trackpoint><Trackpoint><Time>2026-05-01T08:38:43.805Z</Time><Position><LatitudeDegrees>60.063175</LatitudeDegrees><LongitudeDegrees>18.754595</LongitudeDegrees></Position><AltitudeMeters>14.358</AltitudeMeters><HeartRateBpm><Value>96</Value></HeartRateBpm></Trackpoint><Trackpoint><Time>2026-05-01T08:38:44.814Z</Time><Position><LatitudeDegrees>60.06319</LatitudeDegrees><LongitudeDegrees>18.754606</LongitudeDegrees></Position><AltitudeMeters>14.438</AltitudeMeters><HeartRateBpm><Value>96</Value></HeartRateBpm></Trackpoint><Trackpoint><Time>2026-05-01T08:38:45.822Z</Time><Position><LatitudeDegrees>60.063206</LatitudeDegrees><LongitudeDegrees>18.754616</LongitudeDegrees></Position><AltitudeMeters>14.396</AltitudeMeters><HeartRateBpm><Value>97</Value></HeartRateBpm></Trackpoint><Trackpoint><Time>2026-05-01T08:38:46.829Z</Time><Position><LatitudeDegrees>60.06322</LatitudeDegrees><LongitudeDegrees>18.754625</LongitudeDegrees></Position><AltitudeMeters>14.411</AltitudeMeters><HeartRateBpm><Value>97</Value></HeartRateBpm></Trackpoint><Trackpoint><Time>2026-05-01T08:38:47.837Z</Time><Position><LatitudeDegrees>60.063236</LatitudeDegrees><LongitudeDegrees>18.754637</LongitudeDegrees></Position><AltitudeMeters>14.506</AltitudeMeters><HeartRateBpm><Value>97</Value></HeartRateBpm></Trackpoint><Trackpoint><Time>2026-05-01T08:38:48.846Z</Time><Position><LatitudeDegrees>60.06325</LatitudeDegrees><LongitudeDegrees>18.754646</LongitudeDegrees></Position><AltitudeMeters>14.517</AltitudeMeters><HeartRateBpm><Value>97</Value></HeartRateBpm></Trackpoint><Trackpoint><Time>2026-05-01T08:38:49.855Z</Time><Position><LatitudeDegrees>60.06327</LatitudeDegrees><LongitudeDegrees>18.75466</LongitudeDegrees></Position><AltitudeMeters>14.507</AltitudeMeters><HeartRateBpm><Value>98</Value></HeartRateBpm></Trackpoint><Trackpoint><Time>2026-05-01T08:38:50.862Z</Time><Position><LatitudeDegrees>60.063286</LatitudeDegrees><LongitudeDegrees>18.754671</LongitudeDegrees></Position><AltitudeMeters>14.477</AltitudeMeters><HeartRateBpm><Value>99</Value></HeartRateBpm></Trackpoint><Trackpoint><Time>2026-05-01T08:38:51.871Z</Time><Position><LatitudeDegrees>60.06331</LatitudeDegrees><LongitudeDegrees>18.754683</LongitudeDegrees></Position><AltitudeMeters>14.472</AltitudeMeters><HeartRateBpm><Value>99</Value></HeartRateBpm></Trackpoint><Trackpoint><Time>2026-05-01T08:38:52.878Z</Time><Position><LatitudeDegrees>60.063328</LatitudeDegrees><LongitudeDegrees>18.754698</LongitudeDegrees></Position><AltitudeMeters>14.466</AltitudeMeters><HeartRateBpm><Value>100</Value></HeartRateBpm></Trackpoint><Trackpoint><Time>2026-05-01T08:38:53.887Z</Time><Position><LatitudeDegrees>60.063347</LatitudeDegrees><LongitudeDegrees>18.754711</LongitudeDegrees></Position><AltitudeMeters>14.645</AltitudeMeters><HeartRateBpm><Value>101</Value></HeartRateBpm></Trackpoint><Trackpoint><Time>2026-05-01T08:38:54.896Z</Time><Position><LatitudeDegrees>60.063366</LatitudeDegrees><LongitudeDegrees>18.754728</LongitudeDegrees></Position><AltitudeMeters>14.699</AltitudeMeters><HeartRateBpm><Value>102</Value></HeartRateBpm></Trackpoint><Trackpoint><Time>2026-05-01T08:38:55.904Z</Time><Position><LatitudeDegrees>60.06339</LatitudeDegrees><LongitudeDegrees>18.754744</LongitudeDegrees></Position><AltitudeMeters>14.831</AltitudeMeters><HeartRateBpm><Value>102</Value></HeartRateBpm></Trackpoint><Trackpoint><Time>2026-05-01T08:38:56.913Z</Time><Position><LatitudeDegrees>60.063408</LatitudeDegrees><LongitudeDegrees>18.75476</LongitudeDegrees></Position><AltitudeMeters>14.873</AltitudeMeters><HeartRateBpm><Value>103</Value></HeartRateBpm></Trackpoint><Trackpoint><Time>2026-05-01T08:38:57.923Z</Time><Position><LatitudeDegrees>60.063427</LatitudeDegrees><LongitudeDegrees>18.754778</LongitudeDegrees></Position><AltitudeMeters>14.9</AltitudeMeters><HeartRateBpm><Value>103</Value></HeartRateBpm></Trackpoint><Trackpoint><Time>2026-05-01T08:38:58.932Z</Time><Position><LatitudeDegrees>60.063442</LatitudeDegrees><LongitudeDegrees>18.754795</LongitudeDegrees></Position><AltitudeMeters>14.968</AltitudeMeters><HeartRateBpm><Value>103</Value></HeartRateBpm></Trackpoint><Trackpoint><Time>2026-05-01T08:38:59.939Z</Time><Position><LatitudeDegrees>60.06346</LatitudeDegrees><LongitudeDegrees>18.754812</LongitudeDegrees></Position><AltitudeMeters>14.828</AltitudeMeters><HeartRateBpm><Value>103</Value></HeartRateBpm></Trackpoint><Trackpoint><Time>2026-05-01T08:39:00.948Z</Time><Position><LatitudeDegrees>60.063477</LatitudeDegrees><LongitudeDegrees>18.754827</LongitudeDegrees></Position><AltitudeMeters>14.755</AltitudeMeters><HeartRateBpm><Value>102</Value></HeartRateBpm></Trackpoint><Trackpoint><Time>2026-05-01T08:39:01.956Z</Time><Position><LatitudeDegrees>60.063488</LatitudeDegrees><LongitudeDegrees>18.754845</LongitudeDegrees></Position><AltitudeMeters>14.643</AltitudeMeters><HeartRateBpm><Value>101</Value></HeartRateBpm></Trackpoint><Trackpoint><Time>2026-05-01T08:39:02.964Z</Time><Position><LatitudeDegrees>60.063503</LatitudeDegrees><LongitudeDegrees>18.754862</LongitudeDegrees></Position><AltitudeMeters>14.605</AltitudeMeters><HeartRateBpm><Value>100</Value></HeartRateBpm></Trackpoint><Trackpoint><Time>2026-05-01T08:39:03.972Z</Time><Position><LatitudeDegrees>60.063515</LatitudeDegrees><LongitudeDegrees>18.754877</LongitudeDegrees></Position><AltitudeMeters>14.612</AltitudeMeters><HeartRateBpm><Value>99</Value></HeartRateBpm></Trackpoint><Trackpoint><Time>2026-05-01T08:39:04.981Z</Time><Position><LatitudeDegrees>60.063526</LatitudeDegrees><LongitudeDegrees>18.754892</LongitudeDegrees></Position><AltitudeMeters>14.65</AltitudeMeters><HeartRateBpm><Value>98</Value></HeartRateBpm></Trackpoint><Trackpoint><Time>2026-05-01T08:39:05.989Z</Time><Position><LatitudeDegrees>60.063534</LatitudeDegrees><LongitudeDegrees>18.754908</LongitudeDegrees></Position><AltitudeMeters>14.695</AltitudeMeters><HeartRateBpm><Value>97</Value></HeartRateBpm></Trackpoint><Trackpoint><Time>2026-05-01T08:39:06.998Z</Time><Position><LatitudeDegrees>60.063545</LatitudeDegrees><LongitudeDegrees>18.754921</LongitudeDegrees></Position><AltitudeMeters>14.744</AltitudeMeters><HeartRateBpm><Value>97</Value></HeartRateBpm></Trackpoint><Trackpoint><Time>2026-05-01T08:39:08.007Z</Time><Position><LatitudeDegrees>60.063553</LatitudeDegrees><LongitudeDegrees>18.754932</LongitudeDegrees></Position><AltitudeMeters>14.724</AltitudeMeters><HeartRateBpm><Value>97</Value></HeartRateBpm></Trackpoint><Trackpoint><Time>2026-05-01T08:39:09.016Z</Time><Position><LatitudeDegrees>60.06356</LatitudeDegrees><LongitudeDegrees>18.754946</LongitudeDegrees></Position><AltitudeMeters>14.731</AltitudeMeters><HeartRateBpm><Value>97</Value></HeartRateBpm></Trackpoint><Trackpoint><Time>2026-05-01T08:39:10.025Z</Time><Position><LatitudeDegrees>60.063572</LatitudeDegrees><LongitudeDegrees>18.75496</LongitudeDegrees></Position><AltitudeMeters>14.766</AltitudeMeters><HeartRateBpm><Value>97</Value></HeartRateBpm></Trackpoint><Trackpoint><Time>2026-05-01T08:39:11.034Z</Time><Position><LatitudeDegrees>60.06358</LatitudeDegrees><LongitudeDegrees>18.754972</LongitudeDegrees></Position><AltitudeMeters>14.852</AltitudeMeters><HeartRateBpm><Value>98</Value></HeartRateBpm></Trackpoint><Trackpoint><Time>2026-05-01T08:39:12.044Z</Time><Position><LatitudeDegrees>60.06359</LatitudeDegrees><LongitudeDegrees>18.754984</LongitudeDegrees></Position><AltitudeMeters>14.919</AltitudeMeters><HeartRateBpm><Value>99</Value></HeartRateBpm></Trackpoint><Trackpoint><Time>2026-05-01T08:39:13.052Z</Time><Position><LatitudeDegrees>60.0636</LatitudeDegrees><LongitudeDegrees>18.754997</LongitudeDegrees></Position><AltitudeMeters>14.97</AltitudeMeters><HeartRateBpm><Value>100</Value></HeartRateBpm></Trackpoint><Trackpoint><Time>2026-05-01T08:39:14.059Z</Time><Position><LatitudeDegrees>60.06361</LatitudeDegrees><LongitudeDegrees>18.755009</LongitudeDegrees></Position><AltitudeMeters>15.003</AltitudeMeters><HeartRateBpm><Value>100</Value></HeartRateBpm></Trackpoint><Trackpoint><Time>2026-05-01T08:39:15.067Z</Time><Position><LatitudeDegrees>60.06362</LatitudeDegrees><LongitudeDegrees>18.755028</LongitudeDegrees></Position><AltitudeMeters>15.044</AltitudeMeters><HeartRateBpm><Value>99</Value></HeartRateBpm></Trackpoint><Trackpoint><Time>2026-05-01T08:39:16.076Z</Time><Position><LatitudeDegrees>60.063633</LatitudeDegrees><LongitudeDegrees>18.755049</LongitudeDegrees></Position><AltitudeMeters>14.979</AltitudeMeters><HeartRateBpm><Value>99</Value></HeartRateBpm></Trackpoint><Trackpoint><Time>2026-05-01T08:39:17.085Z</Time><Position><LatitudeDegrees>60.063644</LatitudeDegrees><LongitudeDegrees>18.755068</LongitudeDegrees></Position><AltitudeMeters>15.002</AltitudeMeters><HeartRateBpm><Value>99</Value></HeartRateBpm></Trackpoint><Trackpoint><Time>2026-05-01T08:39:18.093Z</Time><Position><LatitudeDegrees>60.063656</LatitudeDegrees><LongitudeDegrees>18.755087</LongitudeDegrees></Position><AltitudeMeters>15.054</AltitudeMeters><HeartRateBpm><Value>100</Value></HeartRateBpm></Trackpoint><Trackpoint><Time>2026-05-01T08:39:19.102Z</Time><Position><LatitudeDegrees>60.063667</LatitudeDegrees><LongitudeDegrees>18.75511</LongitudeDegrees></Position><AltitudeMeters>14.943</AltitudeMeters><HeartRateBpm><Value>100</Value></HeartRateBpm></Trackpoint><Trackpoint><Time>2026-05-01T08:39:20.109Z</Time><Position><LatitudeDegrees>60.06368</LatitudeDegrees><LongitudeDegrees>18.755129</LongitudeDegrees></Position><AltitudeMeters>14.851</AltitudeMeters><HeartRateBpm><Value>100</Value></HeartRateBpm></Trackpoint><Trackpoint><Time>2026-05-01T08:39:21.118Z</Time><Position><LatitudeDegrees>60.06369</LatitudeDegrees><LongitudeDegrees>18.755146</LongitudeDegrees></Position><AltitudeMeters>14.837</AltitudeMeters><HeartRateBpm><Value>101</Value></HeartRateBpm></Trackpoint><Trackpoint><Time>2026-05-01T08:39:22.127Z</Time><Position><LatitudeDegrees>60.0637</LatitudeDegrees><LongitudeDegrees>18.755163</LongitudeDegrees></Position><AltitudeMeters>14.805</AltitudeMeters><HeartRateBpm><Value>101</Value></HeartRateBpm></Trackpoint><Trackpoint><Time>2026-05-01T08:39:23.136Z</Time><Position><LatitudeDegrees>60.063713</LatitudeDegrees><LongitudeDegrees>18.75518</LongitudeDegrees></Position><AltitudeMeters>14.822</AltitudeMeters><HeartRateBpm><Value>99</Value></HeartRateBpm></Trackpoint><Trackpoint><Time>2026-05-01T08:39:24.145Z</Time><Position><LatitudeDegrees>60.063725</LatitudeDegrees><LongitudeDegrees>18.755198</LongitudeDegrees></Position><AltitudeMeters>14.744</AltitudeMeters><HeartRateBpm><Value>98</Value></HeartRateBpm></Trackpoint><Trackpoint><Time>2026-05-01T08:39:25.152Z</Time><Position><LatitudeDegrees>60.063736</LatitudeDegrees><LongitudeDegrees>18.755217</LongitudeDegrees></Position><AltitudeMeters>14.591</AltitudeMeters><HeartRateBpm><Value>97</Value></HeartRateBpm></Trackpoint><Trackpoint><Time>2026-05-01T08:39:26.159Z</Time><Position><LatitudeDegrees>60.063747</LatitudeDegrees><LongitudeDegrees>18.75524</LongitudeDegrees></Position><AltitudeMeters>14.556</AltitudeMeters><HeartRateBpm><Value>96</Value></HeartRateBpm></Trackpoint><Trackpoint><Time>2026-05-01T08:39:27.168Z</Time><Position><LatitudeDegrees>60.06376</LatitudeDegrees><LongitudeDegrees>18.75526</LongitudeDegrees></Position><AltitudeMeters>14.584</AltitudeMeters><HeartRateBpm><Value>95</Value></HeartRateBpm></Trackpoint><Trackpoint><Time>2026-05-01T08:39:28.178Z</Time><Position><LatitudeDegrees>60.06377</LatitudeDegrees><LongitudeDegrees>18.755281</LongitudeDegrees></Position><AltitudeMeters>14.605</AltitudeMeters><HeartRateBpm><Value>95</Value></HeartRateBpm></Trackpoint><Trackpoint><Time>2026-05-01T08:39:29.186Z</Time><Position><LatitudeDegrees>60.06378</LatitudeDegrees><LongitudeDegrees>18.7553</LongitudeDegrees></Position><AltitudeMeters>14.68</AltitudeMeters><HeartRateBpm><Value>96</Value></HeartRateBpm></Trackpoint><Trackpoint><Time>2026-05-01T08:39:30.194Z</Time><Position><LatitudeDegrees>60.063793</LatitudeDegrees><LongitudeDegrees>18.75532</LongitudeDegrees></Position><AltitudeMeters>14.645</AltitudeMeters><HeartRateBpm><Value>97</Value></HeartRateBpm></Trackpoint><Trackpoint><Time>2026-05-01T08:39:31.203Z</Time><Position><LatitudeDegrees>60.063805</LatitudeDegrees><LongitudeDegrees>18.755337</LongitudeDegrees></Position><AltitudeMeters>14.65</AltitudeMeters><HeartRateBpm><Value>98</Value></HeartRateBpm></Trackpoint><Trackpoint><Time>2026-05-01T08:39:32.211Z</Time><Position><LatitudeDegrees>60.06382</LatitudeDegrees><LongitudeDegrees>18.755354</LongitudeDegrees></Position><AltitudeMeters>14.681</AltitudeMeters><HeartRateBpm><Value>100</Value></HeartRateBpm></Trackpoint><Trackpoint><Time>2026-05-01T08:39:33.218Z</Time><Position><LatitudeDegrees>60.06383</LatitudeDegrees><LongitudeDegrees>18.755371</LongitudeDegrees></Position><AltitudeMeters>14.756</AltitudeMeters><HeartRateBpm><Value>101</Value></HeartRateBpm></Trackpoint><Trackpoint><Time>2026-05-01T08:39:34.226Z</Time><Position><LatitudeDegrees>60.063847</LatitudeDegrees><LongitudeDegrees>18.755388</LongitudeDegrees></Position><AltitudeMeters>14.742</AltitudeMeters><HeartRateBpm><Value>101</Value></HeartRateBpm></Trackpoint><Trackpoint><Time>2026-05-01T08:39:35.235Z</Time><Position><LatitudeDegrees>60.06386</LatitudeDegrees><LongitudeDegrees>18.755405</LongitudeDegrees></Position><AltitudeMeters>14.77</AltitudeMeters><HeartRateBpm><Value>101</Value></HeartRateBpm></Trackpoint><Trackpoint><Time>2026-05-01T08:39:36.244Z</Time><Position><LatitudeDegrees>60.063873</LatitudeDegrees><LongitudeDegrees>18.755423</LongitudeDegrees></Position><AltitudeMeters>14.729</AltitudeMeters><HeartRateBpm><Value>101</Value></HeartRateBpm></Trackpoint><Trackpoint><Time>2026-05-01T08:39:37.253Z</Time><Position><LatitudeDegrees>60.06389</LatitudeDegrees><LongitudeDegrees>18.75544</LongitudeDegrees></Position><AltitudeMeters>14.867</AltitudeMeters><HeartRateBpm><Value>100</Value></HeartRateBpm></Trackpoint><Trackpoint><Time>2026-05-01T08:39:38.262Z</Time><Position><LatitudeDegrees>60.063904</LatitudeDegrees><LongitudeDegrees>18.755459</LongitudeDegrees></Position><AltitudeMeters>15.039</AltitudeMeters><HeartRateBpm><Value>100</Value></HeartRateBpm></Trackpoint><Trackpoint><Time>2026-05-01T08:39:39.271Z</Time><Position><LatitudeDegrees>60.063915</LatitudeDegrees><LongitudeDegrees>18.755478</LongitudeDegrees></Position><AltitudeMeters>15.098</AltitudeMeters><HeartRateBpm><Value>100</Value></HeartRateBpm></Trackpoint><Trackpoint><Time>2026-05-01T08:39:40.278Z</Time><Position><LatitudeDegrees>60.063927</LatitudeDegrees><LongitudeDegrees>18.7555</LongitudeDegrees></Position><AltitudeMeters>15.039</AltitudeMeters><HeartRateBpm><Value>100</Value></HeartRateBpm></Trackpoint><Trackpoint><Time>2026-05-01T08:39:41.287Z</Time><Position><LatitudeDegrees>60.06394</LatitudeDegrees><LongitudeDegrees>18.755522</LongitudeDegrees></Position><AltitudeMeters>15.152</AltitudeMeters><HeartRateBpm><Value>100</Value></HeartRateBpm></Trackpoint><Trackpoint><Time>2026-05-01T08:39:42.295Z</Time><Position><LatitudeDegrees>60.063946</LatitudeDegrees><LongitudeDegrees>18.755545</LongitudeDegrees></Position><AltitudeMeters>15.464</AltitudeMeters><HeartRateBpm><Value>98</Value></HeartRateBpm></Trackpoint><Trackpoint><Time>2026-05-01T08:39:43.304Z</Time><Position><LatitudeDegrees>60.06395</LatitudeDegrees><LongitudeDegrees>18.755571</LongitudeDegrees></Position><AltitudeMeters>15.671</AltitudeMeters><HeartRateBpm><Value>97</Value></HeartRateBpm></Trackpoint><Trackpoint><Time>2026-05-01T08:39:44.312Z</Time><Position><LatitudeDegrees>60.063957</LatitudeDegrees><LongitudeDegrees>18.755598</LongitudeDegrees></Position><AltitudeMeters>15.566</AltitudeMeters><HeartRateBpm><Value>97</Value></HeartRateBpm></Trackpoint><Trackpoint><Time>2026-05-01T08:39:45.320Z</Time><Position><LatitudeDegrees>60.06396</LatitudeDegrees><LongitudeDegrees>18.755627</LongitudeDegrees></Position><AltitudeMeters>15.445</AltitudeMeters><HeartRateBpm><Value>96</Value></HeartRateBpm></Trackpoint><Trackpoint><Time>2026-05-01T08:39:46.327Z</Time><Position><LatitudeDegrees>60.063965</LatitudeDegrees><LongitudeDegrees>18.75566</LongitudeDegrees></Position><AltitudeMeters>15.433</AltitudeMeters><HeartRateBpm><Value>96</Value></HeartRateBpm></Trackpoint><Trackpoint><Time>2026-05-01T08:39:47.336Z</Time><Position><LatitudeDegrees>60.06397</LatitudeDegrees><LongitudeDegrees>18.755697</LongitudeDegrees></Position><AltitudeMeters>15.48</AltitudeMeters><HeartRateBpm><Value>96</Value></HeartRateBpm></Trackpoint><Trackpoint><Time>2026-05-01T08:39:48.344Z</Time><Position><LatitudeDegrees>60.06397</LatitudeDegrees><LongitudeDegrees>18.755735</LongitudeDegrees></Position><AltitudeMeters>15.304</AltitudeMeters><HeartRateBpm><Value>95</Value></HeartRateBpm></Trackpoint><Trackpoint><Time>2026-05-01T08:39:49.354Z</Time><Position><LatitudeDegrees>60.063972</LatitudeDegrees><LongitudeDegrees>18.755775</LongitudeDegrees></Position><AltitudeMeters>14.979</AltitudeMeters><HeartRateBpm><Value>93</Value></HeartRateBpm></Trackpoint><Trackpoint><Time>2026-05-01T08:39:50.363Z</Time><Position><LatitudeDegrees>60.063976</LatitudeDegrees><LongitudeDegrees>18.755816</LongitudeDegrees></Position><AltitudeMeters>14.871</AltitudeMeters><HeartRateBpm><Value>92</Value></HeartRateBpm></Trackpoint><Trackpoint><Time>2026-05-01T08:39:51.372Z</Time><Position><LatitudeDegrees>60.06398</LatitudeDegrees><LongitudeDegrees>18.755854</LongitudeDegrees></Position><AltitudeMeters>14.951</AltitudeMeters><HeartRateBpm><Value>92</Value></HeartRateBpm></Trackpoint><Trackpoint><Time>2026-05-01T08:39:52.381Z</Time><Position><LatitudeDegrees>60.063988</LatitudeDegrees><LongitudeDegrees>18.75589</LongitudeDegrees></Position><AltitudeMeters>14.958</AltitudeMeters><HeartRateBpm><Value>92</Value></HeartRateBpm></Trackpoint><Trackpoint><Time>2026-05-01T08:39:53.390Z</Time><Position><LatitudeDegrees>60.063995</LatitudeDegrees><LongitudeDegrees>18.755926</LongitudeDegrees></Position><AltitudeMeters>14.841</AltitudeMeters><HeartRateBpm><Value>92</Value></HeartRateBpm></Trackpoint><Trackpoint><Time>2026-05-01T08:39:54.397Z</Time><Position><LatitudeDegrees>60.064003</LatitudeDegrees><LongitudeDegrees>18.75596</LongitudeDegrees></Position><AltitudeMeters>14.857</AltitudeMeters><HeartRateBpm><Value>92</Value></HeartRateBpm></Trackpoint><Trackpoint><Time>2026-05-01T08:39:55.404Z</Time><Position><LatitudeDegrees>60.06401</LatitudeDegrees><LongitudeDegrees>18.755991</LongitudeDegrees></Position><AltitudeMeters>14.714</AltitudeMeters><HeartRateBpm><Value>91</Value></HeartRateBpm></Trackpoint><Trackpoint><Time>2026-05-01T08:39:56.414Z</Time><Position><LatitudeDegrees>60.064022</LatitudeDegrees><LongitudeDegrees>18.756023</LongitudeDegrees></Position><AltitudeMeters>14.535</AltitudeMeters><HeartRateBpm><Value>91</Value></HeartRateBpm></Trackpoint><Trackpoint><Time>2026-05-01T08:39:57.421Z</Time><Position><LatitudeDegrees>60.06403</LatitudeDegrees><LongitudeDegrees>18.756056</LongitudeDegrees></Position><AltitudeMeters>14.439</AltitudeMeters><HeartRateBpm><Value>92</Value></HeartRateBpm></Trackpoint><Trackpoint><Time>2026-05-01T08:39:58.428Z</Time><Position><LatitudeDegrees>60.064037</LatitudeDegrees><LongitudeDegrees>18.756086</LongitudeDegrees></Position><AltitudeMeters>14.271</AltitudeMeters><HeartRateBpm><Value>93</Value></HeartRateBpm></Trackpoint><Trackpoint><Time>2026-05-01T08:39:59.436Z</Time><Position><LatitudeDegrees>60.06405</LatitudeDegrees><LongitudeDegrees>18.756117</LongitudeDegrees></Position><AltitudeMeters>14.07</AltitudeMeters><HeartRateBpm><Value>94</Value></HeartRateBpm></Trackpoint><Trackpoint><Time>2026-05-01T08:40:00.447Z</Time><Position><LatitudeDegrees>60.06406</LatitudeDegrees><LongitudeDegrees>18.756147</LongitudeDegrees></Position><AltitudeMeters>13.863</AltitudeMeters><HeartRateBpm><Value>95</Value></HeartRateBpm></Trackpoint><Trackpoint><Time>2026-05-01T08:40:01.454Z</Time><Position><LatitudeDegrees>60.06407</LatitudeDegrees><LongitudeDegrees>18.756184</LongitudeDegrees></Position><AltitudeMeters>13.634</AltitudeMeters><HeartRateBpm><Value>96</Value></HeartRateBpm></Trackpoint><Trackpoint><Time>2026-05-01T08:40:02.464Z</Time><Position><LatitudeDegrees>60.064083</LatitudeDegrees><LongitudeDegrees>18.756222</LongitudeDegrees></Position><AltitudeMeters>13.599</AltitudeMeters><HeartRateBpm><Value>96</Value></HeartRateBpm></Trackpoint><Trackpoint><Time>2026-05-01T08:40:03.472Z</Time><Position><LatitudeDegrees>60.064095</LatitudeDegrees><LongitudeDegrees>18.756258</LongitudeDegrees></Position><AltitudeMeters>13.595</AltitudeMeters><HeartRateBpm><Value>96</Value></HeartRateBpm></Trackpoint><Trackpoint><Time>2026-05-01T08:40:04.481Z</Time><Position><LatitudeDegrees>60.064106</LatitudeDegrees><LongitudeDegrees>18.756296</LongitudeDegrees></Position><AltitudeMeters>13.472</AltitudeMeters><HeartRateBpm><Value>97</Value></HeartRateBpm></Trackpoint><Trackpoint><Time>2026-05-01T08:40:05.488Z</Time><Position><LatitudeDegrees>60.064117</LatitudeDegrees><LongitudeDegrees>18.756332</LongitudeDegrees></Position><AltitudeMeters>13.425</AltitudeMeters><HeartRateBpm><Value>97</Value></HeartRateBpm></Trackpoint><Trackpoint><Time>2026-05-01T08:40:06.497Z</Time><Position><LatitudeDegrees>60.06413</LatitudeDegrees><LongitudeDegrees>18.756369</LongitudeDegrees></Position><AltitudeMeters>13.394</AltitudeMeters><HeartRateBpm><Value>98</Value></HeartRateBpm></Trackpoint><Trackpoint><Time>2026-05-01T08:40:07.506Z</Time><Position><LatitudeDegrees>60.06414</LatitudeDegrees><LongitudeDegrees>18.756405</LongitudeDegrees></Position><AltitudeMeters>13.371</AltitudeMeters><HeartRateBpm><Value>98</Value></HeartRateBpm></Trackpoint><Trackpoint><Time>2026-05-01T08:40:08.515Z</Time><Position><LatitudeDegrees>60.06415</LatitudeDegrees><LongitudeDegrees>18.756441</LongitudeDegrees></Position><AltitudeMeters>13.321</AltitudeMeters><HeartRateBpm><Value>98</Value></HeartRateBpm></Trackpoint><Trackpoint><Time>2026-05-01T08:40:09.522Z</Time><Position><LatitudeDegrees>60.064163</LatitudeDegrees><LongitudeDegrees>18.756477</LongitudeDegrees></Position><AltitudeMeters>13.386</AltitudeMeters><HeartRateBpm><Value>100</Value></HeartRateBpm></Trackpoint><Trackpoint><Time>2026-05-01T08:40:10.529Z</Time><Position><LatitudeDegrees>60.064175</LatitudeDegrees><LongitudeDegrees>18.756512</LongitudeDegrees></Position><AltitudeMeters>13.346</AltitudeMeters><HeartRateBpm><Value>100</Value></HeartRateBpm></Trackpoint><Trackpoint><Time>2026-05-01T08:40:11.538Z</Time><Position><LatitudeDegrees>60.064186</LatitudeDegrees><LongitudeDegrees>18.756546</LongitudeDegrees></Position><AltitudeMeters>13.285</AltitudeMeters><HeartRateBpm><Value>99</Value></HeartRateBpm></Trackpoint><Trackpoint><Time>2026-05-01T08:40:12.547Z</Time><Position><LatitudeDegrees>60.064194</LatitudeDegrees><LongitudeDegrees>18.75658</LongitudeDegrees></Position><AltitudeMeters>13.244</AltitudeMeters><HeartRateBpm><Value>98</Value></HeartRateBpm></Trackpoint><Trackpoint><Time>2026-05-01T08:40:13.556Z</Time><Position><LatitudeDegrees>60.064205</LatitudeDegrees><LongitudeDegrees>18.756613</LongitudeDegrees></Position><AltitudeMeters>13.153</AltitudeMeters><HeartRateBpm><Value>97</Value></HeartRateBpm></Trackpoint><Trackpoint><Time>2026-05-01T08:40:14.566Z</Time><Position><LatitudeDegrees>60.064213</LatitudeDegrees><LongitudeDegrees>18.756649</LongitudeDegrees></Position><AltitudeMeters>13.123</AltitudeMeters><HeartRateBpm><Value>95</Value></HeartRateBpm></Trackpoint><Trackpoint><Time>2026-05-01T08:40:15.574Z</Time><Position><LatitudeDegrees>60.06422</LatitudeDegrees><LongitudeDegrees>18.756683</LongitudeDegrees></Position><AltitudeMeters>13.122</AltitudeMeters><HeartRateBpm><Value>94</Value></HeartRateBpm></Trackpoint><Trackpoint><Time>2026-05-01T08:40:16.584Z</Time><Position><LatitudeDegrees>60.064228</LatitudeDegrees><LongitudeDegrees>18.756718</LongitudeDegrees></Position><AltitudeMeters>13.107</AltitudeMeters><HeartRateBpm><Value>93</Value></HeartRateBpm></Trackpoint><Trackpoint><Time>2026-05-01T08:40:17.593Z</Time><Position><LatitudeDegrees>60.06424</LatitudeDegrees><LongitudeDegrees>18.756752</LongitudeDegrees></Position><AltitudeMeters>13.016</AltitudeMeters><HeartRateBpm><Value>92</Value></HeartRateBpm></Trackpoint><Trackpoint><Time>2026-05-01T08:40:18.602Z</Time><Position><LatitudeDegrees>60.064247</LatitudeDegrees><LongitudeDegrees>18.756788</LongitudeDegrees></Position><AltitudeMeters>12.914</AltitudeMeters><HeartRateBpm><Value>92</Value></HeartRateBpm></Trackpoint><Trackpoint><Time>2026-05-01T08:40:19.611Z</Time><Position><LatitudeDegrees>60.064255</LatitudeDegrees><LongitudeDegrees>18.756826</LongitudeDegrees></Position><AltitudeMeters>12.88</AltitudeMeters><HeartRateBpm><Value>91</Value></HeartRateBpm></Trackpoint><Trackpoint><Time>2026-05-01T08:40:20.610Z</Time><Position><LatitudeDegrees>60.06426</LatitudeDegrees><LongitudeDegrees>18.756863</LongitudeDegrees></Position><AltitudeMeters>13.026</AltitudeMeters><HeartRateBpm><Value>91</Value></HeartRateBpm></Trackpoint><Trackpoint><Time>2026-05-01T08:40:21.609Z</Time><Position><LatitudeDegrees>60.064266</LatitudeDegrees><LongitudeDegrees>18.756899</LongitudeDegrees></Position><AltitudeMeters>13.09</AltitudeMeters><HeartRateBpm><Value>90</Value></HeartRateBpm></Trackpoint><Trackpoint><Time>2026-05-01T08:40:22.609Z</Time><Position><LatitudeDegrees>60.064274</LatitudeDegrees><LongitudeDegrees>18.756935</LongitudeDegrees></Position><AltitudeMeters>12.99</AltitudeMeters><HeartRateBpm><Value>91</Value></HeartRateBpm></Trackpoint><Trackpoint><Time>2026-05-01T08:40:23.609Z</Time><Position><LatitudeDegrees>60.06428</LatitudeDegrees><LongitudeDegrees>18.756973</LongitudeDegrees></Position><AltitudeMeters>12.899</AltitudeMeters><HeartRateBpm><Value>91</Value></HeartRateBpm></Trackpoint><Trackpoint><Time>2026-05-01T08:40:24.609Z</Time><Position><LatitudeDegrees>60.064285</LatitudeDegrees><LongitudeDegrees>18.75701</LongitudeDegrees></Position><AltitudeMeters>13.009</AltitudeMeters><HeartRateBpm><Value>91</Value></HeartRateBpm></Trackpoint><Trackpoint><Time>2026-05-01T08:40:25.609Z</Time><Position><LatitudeDegrees>60.064293</LatitudeDegrees><LongitudeDegrees>18.757048</LongitudeDegrees></Position><AltitudeMeters>12.974</AltitudeMeters><HeartRateBpm><Value>91</Value></HeartRateBpm></Trackpoint><Trackpoint><Time>2026-05-01T08:40:26.608Z</Time><Position><LatitudeDegrees>60.064297</LatitudeDegrees><LongitudeDegrees>18.757084</LongitudeDegrees></Position><AltitudeMeters>12.902</AltitudeMeters><HeartRateBpm><Value>91</Value></HeartRateBpm></Trackpoint><Trackpoint><Time>2026-05-01T08:40:27.609Z</Time><Position><LatitudeDegrees>60.064304</LatitudeDegrees><LongitudeDegrees>18.75712</LongitudeDegrees></Position><AltitudeMeters>12.842</AltitudeMeters><HeartRateBpm><Value>92</Value></HeartRateBpm></Trackpoint><Trackpoint><Time>2026-05-01T08:40:28.608Z</Time><Position><LatitudeDegrees>60.06431</LatitudeDegrees><LongitudeDegrees>18.757156</LongitudeDegrees></Position><AltitudeMeters>12.744</AltitudeMeters><HeartRateBpm><Value>92</Value></HeartRateBpm></Trackpoint><Trackpoint><Time>2026-05-01T08:40:29.609Z</Time><Position><LatitudeDegrees>60.064316</LatitudeDegrees><LongitudeDegrees>18.757193</LongitudeDegrees></Position><AltitudeMeters>12.552</AltitudeMeters><HeartRateBpm><Value>93</Value></HeartRateBpm></Trackpoint><Trackpoint><Time>2026-05-01T08:40:30.608Z</Time><Position><LatitudeDegrees>60.064323</LatitudeDegrees><LongitudeDegrees>18.757233</LongitudeDegrees></Position><AltitudeMeters>12.583</AltitudeMeters><HeartRateBpm><Value>93</Value></HeartRateBpm></Trackpoint><Trackpoint><Time>2026-05-01T08:40:31.612Z</Time><Position><LatitudeDegrees>60.064327</LatitudeDegrees><LongitudeDegrees>18.75727</LongitudeDegrees></Position><AltitudeMeters>12.519</AltitudeMeters><HeartRateBpm><Value>94</Value></HeartRateBpm></Trackpoint><Trackpoint><Time>2026-05-01T08:40:32.621Z</Time><Position><LatitudeDegrees>60.064335</LatitudeDegrees><LongitudeDegrees>18.757309</LongitudeDegrees></Position><AltitudeMeters>12.61</AltitudeMeters><HeartRateBpm><Value>94</Value></HeartRateBpm></Trackpoint><Trackpoint><Time>2026-05-01T08:40:33.628Z</Time><Position><LatitudeDegrees>60.064342</LatitudeDegrees><LongitudeDegrees>18.757347</LongitudeDegrees></Position><AltitudeMeters>12.587</AltitudeMeters><HeartRateBpm><Value>93</Value></HeartRateBpm></Trackpoint><Trackpoint><Time>2026-05-01T08:40:34.636Z</Time><Position><LatitudeDegrees>60.06435</LatitudeDegrees><LongitudeDegrees>18.757383</LongitudeDegrees></Position><AltitudeMeters>12.606</AltitudeMeters><HeartRateBpm><Value>93</Value></HeartRateBpm></Trackpoint><Trackpoint><Time>2026-05-01T08:40:35.645Z</Time><Position><LatitudeDegrees>60.064354</LatitudeDegrees><LongitudeDegrees>18.757421</LongitudeDegrees></Position><AltitudeMeters>12.61</AltitudeMeters><HeartRateBpm><Value>92</Value></HeartRateBpm></Trackpoint><Trackpoint><Time>2026-05-01T08:40:36.654Z</Time><Position><LatitudeDegrees>60.06436</LatitudeDegrees><LongitudeDegrees>18.75746</LongitudeDegrees></Position><AltitudeMeters>12.583</AltitudeMeters><HeartRateBpm><Value>90</Value></HeartRateBpm></Trackpoint><Trackpoint><Time>2026-05-01T08:40:37.663Z</Time><Position><LatitudeDegrees>60.06437</LatitudeDegrees><LongitudeDegrees>18.757496</LongitudeDegrees></Position><AltitudeMeters>12.521</AltitudeMeters><HeartRateBpm><Value>89</Value></HeartRateBpm></Trackpoint><Trackpoint><Time>2026-05-01T08:40:38.672Z</Time><Position><LatitudeDegrees>60.064377</LatitudeDegrees><LongitudeDegrees>18.757534</LongitudeDegrees></Position><AltitudeMeters>12.229</AltitudeMeters><HeartRateBpm><Value>89</Value></HeartRateBpm></Trackpoint><Trackpoint><Time>2026-05-01T08:40:39.678Z</Time><Position><LatitudeDegrees>60.064384</LatitudeDegrees><LongitudeDegrees>18.757572</LongitudeDegrees></Position><AltitudeMeters>12.108</AltitudeMeters><HeartRateBpm><Value>88</Value></HeartRateBpm></Trackpoint><Trackpoint><Time>2026-05-01T08:40:40.686Z</Time><Position><LatitudeDegrees>60.06439</LatitudeDegrees><LongitudeDegrees>18.757608</LongitudeDegrees></Position><AltitudeMeters>12.046</AltitudeMeters><HeartRateBpm><Value>88</Value></HeartRateBpm></Trackpoint><Trackpoint><Time>2026-05-01T08:40:41.695Z</Time><Position><LatitudeDegrees>60.064396</LatitudeDegrees><LongitudeDegrees>18.757647</LongitudeDegrees></Position><AltitudeMeters>12.039</AltitudeMeters><HeartRateBpm><Value>88</Value></HeartRateBpm></Trackpoint><Trackpoint><Time>2026-05-01T08:40:42.697Z</Time><Position><LatitudeDegrees>60.064404</LatitudeDegrees><LongitudeDegrees>18.757687</LongitudeDegrees></Position><AltitudeMeters>12.006</AltitudeMeters><HeartRateBpm><Value>88</Value></HeartRateBpm></Trackpoint><Trackpoint><Time>2026-05-01T08:40:43.705Z</Time><Position><LatitudeDegrees>60.06441</LatitudeDegrees><LongitudeDegrees>18.757725</LongitudeDegrees></Position><AltitudeMeters>11.922</AltitudeMeters><HeartRateBpm><Value>88</Value></HeartRateBpm></Trackpoint><Trackpoint><Time>2026-05-01T08:40:44.713Z</Time><Position><LatitudeDegrees>60.06442</LatitudeDegrees><LongitudeDegrees>18.757763</LongitudeDegrees></Position><AltitudeMeters>11.885</AltitudeMeters><HeartRateBpm><Value>88</Value></HeartRateBpm></Trackpoint><Trackpoint><Time>2026-05-01T08:40:45.721Z</Time><Position><LatitudeDegrees>60.064426</LatitudeDegrees><LongitudeDegrees>18.757803</LongitudeDegrees></Position><AltitudeMeters>11.872</AltitudeMeters><HeartRateBpm><Value>88</Value></HeartRateBpm></Trackpoint><Trackpoint><Time>2026-05-01T08:40:46.729Z</Time><Position><LatitudeDegrees>60.064434</LatitudeDegrees><LongitudeDegrees>18.757843</LongitudeDegrees></Position><AltitudeMeters>11.894</AltitudeMeters><HeartRateBpm><Value>88</Value></HeartRateBpm></Trackpoint><Trackpoint><Time>2026-05-01T08:40:47.737Z</Time><Position><LatitudeDegrees>60.06444</LatitudeDegrees><LongitudeDegrees>18.757881</LongitudeDegrees></Position><AltitudeMeters>11.897</AltitudeMeters><HeartRateBpm><Value>88</Value></HeartRateBpm></Trackpoint><Trackpoint><Time>2026-05-01T08:40:48.747Z</Time><Position><LatitudeDegrees>60.06445</LatitudeDegrees><LongitudeDegrees>18.75792</LongitudeDegrees></Position><AltitudeMeters>11.872</AltitudeMeters><HeartRateBpm><Value>89</Value></HeartRateBpm></Trackpoint><Trackpoint><Time>2026-05-01T08:40:49.756Z</Time><Position><LatitudeDegrees>60.064457</LatitudeDegrees><LongitudeDegrees>18.757957</LongitudeDegrees></Position><AltitudeMeters>11.846</AltitudeMeters><HeartRateBpm><Value>89</Value></HeartRateBpm></Trackpoint><Trackpoint><Time>2026-05-01T08:40:50.765Z</Time><Position><LatitudeDegrees>60.064465</LatitudeDegrees><LongitudeDegrees>18.758</LongitudeDegrees></Position><AltitudeMeters>11.832</AltitudeMeters><HeartRateBpm><Value>89</Value></HeartRateBpm></Trackpoint><Trackpoint><Time>2026-05-01T08:40:51.773Z</Time><Position><LatitudeDegrees>60.064472</LatitudeDegrees><LongitudeDegrees>18.758041</LongitudeDegrees></Position><AltitudeMeters>11.859</AltitudeMeters><HeartRateBpm><Value>89</Value></HeartRateBpm></Trackpoint><Trackpoint><Time>2026-05-01T08:40:52.782Z</Time><Position><LatitudeDegrees>60.06448</LatitudeDegrees><LongitudeDegrees>18.758081</LongitudeDegrees></Position><AltitudeMeters>11.842</AltitudeMeters><HeartRateBpm><Value>88</Value></HeartRateBpm></Trackpoint><Trackpoint><Time>2026-05-01T08:40:53.788Z</Time><Position><LatitudeDegrees>60.064487</LatitudeDegrees><LongitudeDegrees>18.758121</LongitudeDegrees></Position><AltitudeMeters>11.804</AltitudeMeters><HeartRateBpm><Value>88</Value></HeartRateBpm></Trackpoint><Trackpoint><Time>2026-05-01T08:40:54.796Z</Time><Position><LatitudeDegrees>60.064495</LatitudeDegrees><LongitudeDegrees>18.758162</LongitudeDegrees></Position><AltitudeMeters>11.795</AltitudeMeters><HeartRateBpm><Value>88</Value></HeartRateBpm></Trackpoint><Trackpoint><Time>2026-05-01T08:40:55.804Z</Time><Position><LatitudeDegrees>60.064503</LatitudeDegrees><LongitudeDegrees>18.758202</LongitudeDegrees></Position><AltitudeMeters>11.825</AltitudeMeters><HeartRateBpm><Value>88</Value></HeartRateBpm></Trackpoint><Trackpoint><Time>2026-05-01T08:40:56.813Z</Time><Position><LatitudeDegrees>60.06451</LatitudeDegrees><LongitudeDegrees>18.758245</LongitudeDegrees></Position><AltitudeMeters>11.768</AltitudeMeters><HeartRateBpm><Value>87</Value></HeartRateBpm></Trackpoint><Trackpoint><Time>2026-05-01T08:40:57.822Z</Time><Position><LatitudeDegrees>60.064514</LatitudeDegrees><LongitudeDegrees>18.758286</LongitudeDegrees></Position><AltitudeMeters>11.778</AltitudeMeters><HeartRateBpm><Value>87</Value></HeartRateBpm></Trackpoint><Trackpoint><Time>2026-05-01T08:40:58.829Z</Time><Position><LatitudeDegrees>60.06452</LatitudeDegrees><LongitudeDegrees>18.75833</LongitudeDegrees></Position><AltitudeMeters>11.803</AltitudeMeters><HeartRateBpm><Value>86</Value></HeartRateBpm></Trackpoint><Trackpoint><Time>2026-05-01T08:40:59.838Z</Time><Position><LatitudeDegrees>60.064526</LatitudeDegrees><LongitudeDegrees>18.75837</LongitudeDegrees></Position><AltitudeMeters>11.789</AltitudeMeters><HeartRateBpm><Value>86</Value></HeartRateBpm></Trackpoint><Trackpoint><Time>2026-05-01T08:41:00.839Z</Time><Position><LatitudeDegrees>60.06453</LatitudeDegrees><LongitudeDegrees>18.75841</LongitudeDegrees></Position><AltitudeMeters>11.661</AltitudeMeters><HeartRateBpm><Value>87</Value></HeartRateBpm></Trackpoint><Trackpoint><Time>2026-05-01T08:41:01.839Z</Time><Position><LatitudeDegrees>60.064537</LatitudeDegrees><LongitudeDegrees>18.758446</LongitudeDegrees></Position><AltitudeMeters>11.425</AltitudeMeters><HeartRateBpm><Value>87</Value></HeartRateBpm></Trackpoint><Trackpoint><Time>2026-05-01T08:41:02.839Z</Time><Position><LatitudeDegrees>60.064545</LatitudeDegrees><LongitudeDegrees>18.758482</LongitudeDegrees></Position><AltitudeMeters>11.302</AltitudeMeters><HeartRateBpm><Value>88</Value></HeartRateBpm></Trackpoint><Trackpoint><Time>2026-05-01T08:41:03.841Z</Time><Position><LatitudeDegrees>60.064552</LatitudeDegrees><LongitudeDegrees>18.758514</LongitudeDegrees></Position><AltitudeMeters>11.089</AltitudeMeters><HeartRateBpm><Value>89</Value></HeartRateBpm></Trackpoint><Trackpoint><Time>2026-05-01T08:41:04.841Z</Time><Position><LatitudeDegrees>60.06456</LatitudeDegrees><LongitudeDegrees>18.758545</LongitudeDegrees></Position><AltitudeMeters>10.997</AltitudeMeters><HeartRateBpm><Value>89</Value></HeartRateBpm></Trackpoint><Trackpoint><Time>2026-05-01T08:41:05.842Z</Time><Position><LatitudeDegrees>60.06457</LatitudeDegrees><LongitudeDegrees>18.758577</LongitudeDegrees></Position><AltitudeMeters>10.922</AltitudeMeters><HeartRateBpm><Value>90</Value></HeartRateBpm></Trackpoint><Trackpoint><Time>2026-05-01T08:41:06.842Z</Time><Position><LatitudeDegrees>60.06458</LatitudeDegrees><LongitudeDegrees>18.75861</LongitudeDegrees></Position><AltitudeMeters>11.091</AltitudeMeters><HeartRateBpm><Value>91</Value></HeartRateBpm></Trackpoint><Trackpoint><Time>2026-05-01T08:41:07.841Z</Time><Position><LatitudeDegrees>60.06459</LatitudeDegrees><LongitudeDegrees>18.75864</LongitudeDegrees></Position><AltitudeMeters>11.2</AltitudeMeters><HeartRateBpm><Value>91</Value></HeartRateBpm></Trackpoint><Trackpoint><Time>2026-05-01T08:41:08.845Z</Time><Position><LatitudeDegrees>60.064606</LatitudeDegrees><LongitudeDegrees>18.758669</LongitudeDegrees></Position><AltitudeMeters>11.11</AltitudeMeters><HeartRateBpm><Value>92</Value></HeartRateBpm></Trackpoint><Trackpoint><Time>2026-05-01T08:41:09.842Z</Time><Position><LatitudeDegrees>60.064617</LatitudeDegrees><LongitudeDegrees>18.7587</LongitudeDegrees></Position><AltitudeMeters>10.941</AltitudeMeters><HeartRateBpm><Value>93</Value></HeartRateBpm></Trackpoint><Trackpoint><Time>2026-05-01T08:41:10.843Z</Time><Position><LatitudeDegrees>60.06463</LatitudeDegrees><LongitudeDegrees>18.758728</LongitudeDegrees></Position><AltitudeMeters>10.993</AltitudeMeters><HeartRateBpm><Value>93</Value></HeartRateBpm></Trackpoint><Trackpoint><Time>2026-05-01T08:41:11.842Z</Time><Position><LatitudeDegrees>60.064644</LatitudeDegrees><LongitudeDegrees>18.758757</LongitudeDegrees></Position><AltitudeMeters>11.046</AltitudeMeters><HeartRateBpm><Value>92</Value></HeartRateBpm></Trackpoint><Trackpoint><Time>2026-05-01T08:41:12.842Z</Time><Position><LatitudeDegrees>60.06466</LatitudeDegrees><LongitudeDegrees>18.758785</LongitudeDegrees></Position><AltitudeMeters>10.996</AltitudeMeters><HeartRateBpm><Value>92</Value></HeartRateBpm></Trackpoint><Trackpoint><Time>2026-05-01T08:41:13.843Z</Time><Position><LatitudeDegrees>60.06467</LatitudeDegrees><LongitudeDegrees>18.758814</LongitudeDegrees></Position><AltitudeMeters>10.829</AltitudeMeters><HeartRateBpm><Value>92</Value></HeartRateBpm></Trackpoint><Trackpoint><Time>2026-05-01T08:41:14.843Z</Time><Position><LatitudeDegrees>60.064682</LatitudeDegrees><LongitudeDegrees>18.758842</LongitudeDegrees></Position><AltitudeMeters>10.756</AltitudeMeters><HeartRateBpm><Value>92</Value></HeartRateBpm></Trackpoint><Trackpoint><Time>2026-05-01T08:41:15.845Z</Time><Position><LatitudeDegrees>60.064693</LatitudeDegrees><LongitudeDegrees>18.758873</LongitudeDegrees></Position><AltitudeMeters>10.765</AltitudeMeters><HeartRateBpm><Value>92</Value></HeartRateBpm></Trackpoint><Trackpoint><Time>2026-05-01T08:41:16.843Z</Time><Position><LatitudeDegrees>60.06471</LatitudeDegrees><LongitudeDegrees>18.758904</LongitudeDegrees></Position><AltitudeMeters>10.739</AltitudeMeters><HeartRateBpm><Value>91</Value></HeartRateBpm></Trackpoint><Trackpoint><Time>2026-05-01T08:41:17.843Z</Time><Position><LatitudeDegrees>60.064716</LatitudeDegrees><LongitudeDegrees>18.758934</LongitudeDegrees></Position><AltitudeMeters>10.716</AltitudeMeters><HeartRateBpm><Value>91</Value></HeartRateBpm></Trackpoint><Trackpoint><Time>2026-05-01T08:41:18.843Z</Time><Position><LatitudeDegrees>60.064728</LatitudeDegrees><LongitudeDegrees>18.758968</LongitudeDegrees></Position><AltitudeMeters>10.863</AltitudeMeters><HeartRateBpm><Value>90</Value></HeartRateBpm></Trackpoint><Trackpoint><Time>2026-05-01T08:41:19.852Z</Time><Position><LatitudeDegrees>60.064743</LatitudeDegrees><LongitudeDegrees>18.758999</LongitudeDegrees></Position><AltitudeMeters>10.9</AltitudeMeters><HeartRateBpm><Value>88</Value></HeartRateBpm></Trackpoint><Trackpoint><Time>2026-05-01T08:41:20.859Z</Time><Position><LatitudeDegrees>60.064754</LatitudeDegrees><LongitudeDegrees>18.759026</LongitudeDegrees></Position><AltitudeMeters>10.976</AltitudeMeters><HeartRateBpm><Value>86</Value></HeartRateBpm></Trackpoint><Trackpoint><Time>2026-05-01T08:41:21.868Z</Time><Position><LatitudeDegrees>60.06477</LatitudeDegrees><LongitudeDegrees>18.759052</LongitudeDegrees></Position><AltitudeMeters>10.97</AltitudeMeters><HeartRateBpm><Value>84</Value></HeartRateBpm></Trackpoint><Trackpoint><Time>2026-05-01T08:41:22.874Z</Time><Position><LatitudeDegrees>60.06478</LatitudeDegrees><LongitudeDegrees>18.75908</LongitudeDegrees></Position><AltitudeMeters>10.787</AltitudeMeters><HeartRateBpm><Value>83</Value></HeartRateBpm></Trackpoint><Trackpoint><Time>2026-05-01T08:41:23.876Z</Time><Position><LatitudeDegrees>60.064793</LatitudeDegrees><LongitudeDegrees>18.759111</LongitudeDegrees></Position><AltitudeMeters>10.457</AltitudeMeters><HeartRateBpm><Value>82</Value></HeartRateBpm></Trackpoint><Trackpoint><Time>2026-05-01T08:41:24.876Z</Time><Position><LatitudeDegrees>60.064808</LatitudeDegrees><LongitudeDegrees>18.75914</LongitudeDegrees></Position><AltitudeMeters>10.163</AltitudeMeters><HeartRateBpm><Value>82</Value></HeartRateBpm></Trackpoint><Trackpoint><Time>2026-05-01T08:41:25.884Z</Time><Position><LatitudeDegrees>60.06482</LatitudeDegrees><LongitudeDegrees>18.759169</LongitudeDegrees></Position><AltitudeMeters>10.025</AltitudeMeters><HeartRateBpm><Value>82</Value></HeartRateBpm></Trackpoint><Trackpoint><Time>2026-05-01T08:41:26.894Z</Time><Position><LatitudeDegrees>60.06483</LatitudeDegrees><LongitudeDegrees>18.759193</LongitudeDegrees></Position><AltitudeMeters>9.88</AltitudeMeters><HeartRateBpm><Value>83</Value></HeartRateBpm></Trackpoint><Trackpoint><Time>2026-05-01T08:41:27.901Z</Time><Position><LatitudeDegrees>60.06485</LatitudeDegrees><LongitudeDegrees>18.759218</LongitudeDegrees></Position><AltitudeMeters>9.755</AltitudeMeters><HeartRateBpm><Value>83</Value></HeartRateBpm></Trackpoint><Trackpoint><Time>2026-05-01T08:41:28.908Z</Time><Position><LatitudeDegrees>60.064865</LatitudeDegrees><LongitudeDegrees>18.759243</LongitudeDegrees></Position><AltitudeMeters>9.732</AltitudeMeters><HeartRateBpm><Value>82</Value></HeartRateBpm></Trackpoint><Trackpoint><Time>2026-05-01T08:41:29.918Z</Time><Position><LatitudeDegrees>60.06488</LatitudeDegrees><LongitudeDegrees>18.759268</LongitudeDegrees></Position><AltitudeMeters>9.625</AltitudeMeters><HeartRateBpm><Value>83</Value></HeartRateBpm></Trackpoint><Trackpoint><Time>2026-05-01T08:41:30.922Z</Time><Position><LatitudeDegrees>60.064896</LatitudeDegrees><LongitudeDegrees>18.759293</LongitudeDegrees></Position><AltitudeMeters>9.659</AltitudeMeters><HeartRateBpm><Value>83</Value></HeartRateBpm></Trackpoint><Trackpoint><Time>2026-05-01T08:41:31.922Z</Time><Position><LatitudeDegrees>60.06491</LatitudeDegrees><LongitudeDegrees>18.75932</LongitudeDegrees></Position><AltitudeMeters>9.783</AltitudeMeters><HeartRateBpm><Value>84</Value></HeartRateBpm></Trackpoint><Trackpoint><Time>2026-05-01T08:41:32.923Z</Time><Position><LatitudeDegrees>60.064926</LatitudeDegrees><LongitudeDegrees>18.759346</LongitudeDegrees></Position><AltitudeMeters>9.659</AltitudeMeters><HeartRateBpm><Value>84</Value></HeartRateBpm></Trackpoint><Trackpoint><Time>2026-05-01T08:41:33.930Z</Time><Position><LatitudeDegrees>60.06494</LatitudeDegrees><LongitudeDegrees>18.759369</LongitudeDegrees></Position><AltitudeMeters>9.589</AltitudeMeters><HeartRateBpm><Value>85</Value></HeartRateBpm></Trackpoint><Trackpoint><Time>2026-05-01T08:41:34.938Z</Time><Position><LatitudeDegrees>60.064953</LatitudeDegrees><LongitudeDegrees>18.759392</LongitudeDegrees></Position><AltitudeMeters>9.426</AltitudeMeters><HeartRateBpm><Value>87</Value></HeartRateBpm></Trackpoint><Trackpoint><Time>2026-05-01T08:41:35.946Z</Time><Position><LatitudeDegrees>60.06497</LatitudeDegrees><LongitudeDegrees>18.759413</LongitudeDegrees></Position><AltitudeMeters>9.43</AltitudeMeters><HeartRateBpm><Value>87</Value></HeartRateBpm></Trackpoint><Trackpoint><Time>2026-05-01T08:41:36.953Z</Time><Position><LatitudeDegrees>60.064983</LatitudeDegrees><LongitudeDegrees>18.759436</LongitudeDegrees></Position><AltitudeMeters>9.344</AltitudeMeters><HeartRateBpm><Value>87</Value></HeartRateBpm></Trackpoint><Trackpoint><Time>2026-05-01T08:41:37.962Z</Time><Position><LatitudeDegrees>60.065</LatitudeDegrees><LongitudeDegrees>18.759457</LongitudeDegrees></Position><AltitudeMeters>9.259</AltitudeMeters><HeartRateBpm><Value>87</Value></HeartRateBpm></Trackpoint><Trackpoint><Time>2026-05-01T08:41:38.968Z</Time><Position><LatitudeDegrees>60.065018</LatitudeDegrees><LongitudeDegrees>18.759476</LongitudeDegrees></Position><AltitudeMeters>9.174</AltitudeMeters><HeartRateBpm><Value>88</Value></HeartRateBpm></Trackpoint><Trackpoint><Time>2026-05-01T08:41:39.978Z</Time><Position><LatitudeDegrees>60.065033</LatitudeDegrees><LongitudeDegrees>18.759497</LongitudeDegrees></Position><AltitudeMeters>9.036</AltitudeMeters><HeartRateBpm><Value>88</Value></HeartRateBpm></Trackpoint><Trackpoint><Time>2026-05-01T08:41:40.987Z</Time><Position><LatitudeDegrees>60.065056</LatitudeDegrees><LongitudeDegrees>18.759518</LongitudeDegrees></Position><AltitudeMeters>9.119</AltitudeMeters><HeartRateBpm><Value>89</Value></HeartRateBpm></Trackpoint><Trackpoint><Time>2026-05-01T08:41:41.995Z</Time><Position><LatitudeDegrees>60.065075</LatitudeDegrees><LongitudeDegrees>18.759539</LongitudeDegrees></Position><AltitudeMeters>9.027</AltitudeMeters><HeartRateBpm><Value>90</Value></HeartRateBpm></Trackpoint><Trackpoint><Time>2026-05-01T08:41:43.004Z</Time><Position><LatitudeDegrees>60.065094</LatitudeDegrees><LongitudeDegrees>18.759558</LongitudeDegrees></Position><AltitudeMeters>8.886</AltitudeMeters><HeartRateBpm><Value>91</Value></HeartRateBpm></Trackpoint><Trackpoint><Time>2026-05-01T08:41:44.013Z</Time><Position><LatitudeDegrees>60.065113</LatitudeDegrees><LongitudeDegrees>18.759579</LongitudeDegrees></Position><AltitudeMeters>8.758</AltitudeMeters><HeartRateBpm><Value>92</Value></HeartRateBpm></Trackpoint><Trackpoint><Time>2026-05-01T08:41:45.022Z</Time><Position><LatitudeDegrees>60.065132</LatitudeDegrees><LongitudeDegrees>18.759598</LongitudeDegrees></Position><AltitudeMeters>8.645</AltitudeMeters><HeartRateBpm><Value>93</Value></HeartRateBpm></Trackpoint><Trackpoint><Time>2026-05-01T08:41:46.029Z</Time><Position><LatitudeDegrees>60.065147</LatitudeDegrees><LongitudeDegrees>18.759615</LongitudeDegrees></Position><AltitudeMeters>8.654</AltitudeMeters><HeartRateBpm><Value>94</Value></HeartRateBpm></Trackpoint><Trackpoint><Time>2026-05-01T08:41:47.037Z</Time><Position><LatitudeDegrees>60.06516</LatitudeDegrees><LongitudeDegrees>18.75963</LongitudeDegrees></Position><AltitudeMeters>8.78</AltitudeMeters><HeartRateBpm><Value>95</Value></HeartRateBpm></Trackpoint><Trackpoint><Time>2026-05-01T08:41:48.044Z</Time><Position><LatitudeDegrees>60.065174</LatitudeDegrees><LongitudeDegrees>18.759645</LongitudeDegrees></Position><AltitudeMeters>8.789</AltitudeMeters><HeartRateBpm><Value>95</Value></HeartRateBpm></Trackpoint><Trackpoint><Time>2026-05-01T08:41:49.053Z</Time><Position><LatitudeDegrees>60.065186</LatitudeDegrees><LongitudeDegrees>18.759659</LongitudeDegrees></Position><AltitudeMeters>8.851</AltitudeMeters><HeartRateBpm><Value>96</Value></HeartRateBpm></Trackpoint><Trackpoint><Time>2026-05-01T08:41:50.059Z</Time><Position><LatitudeDegrees>60.065197</LatitudeDegrees><LongitudeDegrees>18.759674</LongitudeDegrees></Position><AltitudeMeters>8.925</AltitudeMeters><HeartRateBpm><Value>96</Value></HeartRateBpm></Trackpoint><Trackpoint><Time>2026-05-01T08:41:51.067Z</Time><Position><LatitudeDegrees>60.065212</LatitudeDegrees><LongitudeDegrees>18.759691</LongitudeDegrees></Position><AltitudeMeters>8.875</AltitudeMeters><HeartRateBpm><Value>96</Value></HeartRateBpm></Trackpoint><Trackpoint><Time>2026-05-01T08:41:52.075Z</Time><Position><LatitudeDegrees>60.065224</LatitudeDegrees><LongitudeDegrees>18.759708</LongitudeDegrees></Position><AltitudeMeters>8.847</AltitudeMeters><HeartRateBpm><Value>97</Value></HeartRateBpm></Trackpoint><Trackpoint><Time>2026-05-01T08:41:53.085Z</Time><Position><LatitudeDegrees>60.06524</LatitudeDegrees><LongitudeDegrees>18.759727</LongitudeDegrees></Position><AltitudeMeters>8.653</AltitudeMeters><HeartRateBpm><Value>99</Value></HeartRateBpm></Trackpoint><Trackpoint><Time>2026-05-01T08:41:54.093Z</Time><Position><LatitudeDegrees>60.065254</LatitudeDegrees><LongitudeDegrees>18.759745</LongitudeDegrees></Position><AltitudeMeters>8.526</AltitudeMeters><HeartRateBpm><Value>100</Value></HeartRateBpm></Trackpoint><Trackpoint><Time>2026-05-01T08:41:55.102Z</Time><Position><LatitudeDegrees>60.065266</LatitudeDegrees><LongitudeDegrees>18.75976</LongitudeDegrees></Position><AltitudeMeters>8.469</AltitudeMeters><HeartRateBpm><Value>101</Value></HeartRateBpm></Trackpoint><Trackpoint><Time>2026-05-01T08:41:56.111Z</Time><Position><LatitudeDegrees>60.06528</LatitudeDegrees><LongitudeDegrees>18.759779</LongitudeDegrees></Position><AltitudeMeters>8.389</AltitudeMeters><HeartRateBpm><Value>102</Value></HeartRateBpm></Trackpoint><Trackpoint><Time>2026-05-01T08:41:57.118Z</Time><Position><LatitudeDegrees>60.065296</LatitudeDegrees><LongitudeDegrees>18.759796</LongitudeDegrees></Position><AltitudeMeters>8.365</AltitudeMeters><HeartRateBpm><Value>102</Value></HeartRateBpm></Trackpoint><Trackpoint><Time>2026-05-01T08:41:58.127Z</Time><Position><LatitudeDegrees>60.065308</LatitudeDegrees><LongitudeDegrees>18.759813</LongitudeDegrees></Position><AltitudeMeters>8.316</AltitudeMeters><HeartRateBpm><Value>102</Value></HeartRateBpm></Trackpoint><Trackpoint><Time>2026-05-01T08:41:59.135Z</Time><Position><LatitudeDegrees>60.065323</LatitudeDegrees><LongitudeDegrees>18.75983</LongitudeDegrees></Position><AltitudeMeters>8.293</AltitudeMeters><HeartRateBpm><Value>102</Value></HeartRateBpm></Trackpoint><Trackpoint><Time>2026-05-01T08:42:00.142Z</Time><Position><LatitudeDegrees>60.06534</LatitudeDegrees><LongitudeDegrees>18.759848</LongitudeDegrees></Position><AltitudeMeters>8.297</AltitudeMeters><HeartRateBpm><Value>102</Value></HeartRateBpm></Trackpoint><Trackpoint><Time>2026-05-01T08:42:01.149Z</Time><Position><LatitudeDegrees>60.06535</LatitudeDegrees><LongitudeDegrees>18.759865</LongitudeDegrees></Position><AltitudeMeters>8.299</AltitudeMeters><HeartRateBpm><Value>101</Value></HeartRateBpm></Trackpoint><Trackpoint><Time>2026-05-01T08:42:02.158Z</Time><Position><LatitudeDegrees>60.065365</LatitudeDegrees><LongitudeDegrees>18.759882</LongitudeDegrees></Position><AltitudeMeters>8.323</AltitudeMeters><HeartRateBpm><Value>101</Value></HeartRateBpm></Trackpoint><Trackpoint><Time>2026-05-01T08:42:03.167Z</Time><Position><LatitudeDegrees>60.06538</LatitudeDegrees><LongitudeDegrees>18.7599</LongitudeDegrees></Position><AltitudeMeters>8.364</AltitudeMeters><HeartRateBpm><Value>100</Value></HeartRateBpm></Trackpoint><Trackpoint><Time>2026-05-01T08:42:04.176Z</Time><Position><LatitudeDegrees>60.06539</LatitudeDegrees><LongitudeDegrees>18.759916</LongitudeDegrees></Position><AltitudeMeters>8.324</AltitudeMeters><HeartRateBpm><Value>100</Value></HeartRateBpm></Trackpoint><Trackpoint><Time>2026-05-01T08:42:05.185Z</Time><Position><LatitudeDegrees>60.065407</LatitudeDegrees><LongitudeDegrees>18.759935</LongitudeDegrees></Position><AltitudeMeters>8.27</AltitudeMeters><HeartRateBpm><Value>99</Value></HeartRateBpm></Trackpoint><Trackpoint><Time>2026-05-01T08:42:06.193Z</Time><Position><LatitudeDegrees>60.065422</LatitudeDegrees><LongitudeDegrees>18.759953</LongitudeDegrees></Position><AltitudeMeters>8.226</AltitudeMeters><HeartRateBpm><Value>98</Value></HeartRateBpm></Trackpoint><Trackpoint><Time>2026-05-01T08:42:07.201Z</Time><Position><LatitudeDegrees>60.065437</LatitudeDegrees><LongitudeDegrees>18.759972</LongitudeDegrees></Position><AltitudeMeters>8.21</AltitudeMeters><HeartRateBpm><Value>97</Value></HeartRateBpm></Trackpoint><Trackpoint><Time>2026-05-01T08:42:08.209Z</Time><Position><LatitudeDegrees>60.065453</LatitudeDegrees><LongitudeDegrees>18.759989</LongitudeDegrees></Position><AltitudeMeters>8.225</AltitudeMeters><HeartRateBpm><Value>97</Value></HeartRateBpm></Trackpoint><Trackpoint><Time>2026-05-01T08:42:09.217Z</Time><Position><LatitudeDegrees>60.065468</LatitudeDegrees><LongitudeDegrees>18.760008</LongitudeDegrees></Position><AltitudeMeters>8.268</AltitudeMeters><HeartRateBpm><Value>97</Value></HeartRateBpm></Trackpoint><Trackpoint><Time>2026-05-01T08:42:10.225Z</Time><Position><LatitudeDegrees>60.065483</LatitudeDegrees><LongitudeDegrees>18.760025</LongitudeDegrees></Position><AltitudeMeters>8.185</AltitudeMeters><HeartRateBpm><Value>96</Value></HeartRateBpm></Trackpoint><Trackpoint><Time>2026-05-01T08:42:11.233Z</Time><Position><LatitudeDegrees>60.0655</LatitudeDegrees><LongitudeDegrees>18.76004</LongitudeDegrees></Position><AltitudeMeters>8.107</AltitudeMeters><HeartRateBpm><Value>94</Value></HeartRateBpm></Trackpoint><Trackpoint><Time>2026-05-01T08:42:12.243Z</Time><Position><LatitudeDegrees>60.065514</LatitudeDegrees><LongitudeDegrees>18.760057</LongitudeDegrees></Position><AltitudeMeters>8.152</AltitudeMeters><HeartRateBpm><Value>93</Value></HeartRateBpm></Trackpoint><Trackpoint><Time>2026-05-01T08:42:13.252Z</Time><Position><LatitudeDegrees>60.065525</LatitudeDegrees><LongitudeDegrees>18.760073</LongitudeDegrees></Position><AltitudeMeters>8.133</AltitudeMeters><HeartRateBpm><Value>93</Value></HeartRateBpm></Trackpoint><Trackpoint><Time>2026-05-01T08:42:14.261Z</Time><Position><LatitudeDegrees>60.065536</LatitudeDegrees><LongitudeDegrees>18.760086</LongitudeDegrees></Position><AltitudeMeters>8.16</AltitudeMeters><HeartRateBpm><Value>93</Value></HeartRateBpm></Trackpoint><Trackpoint><Time>2026-05-01T08:42:15.271Z</Time><Position><LatitudeDegrees>60.065548</LatitudeDegrees><LongitudeDegrees>18.7601</LongitudeDegrees></Position><AltitudeMeters>8.137</AltitudeMeters><HeartRateBpm><Value>93</Value></HeartRateBpm></Trackpoint><Trackpoint><Time>2026-05-01T08:42:16.280Z</Time><Position><LatitudeDegrees>60.06556</LatitudeDegrees><LongitudeDegrees>18.760115</LongitudeDegrees></Position><AltitudeMeters>8.172</AltitudeMeters><HeartRateBpm><Value>93</Value></HeartRateBpm></Trackpoint><Trackpoint><Time>2026-05-01T08:42:17.287Z</Time><Position><LatitudeDegrees>60.06557</LatitudeDegrees><LongitudeDegrees>18.76013</LongitudeDegrees></Position><AltitudeMeters>8.248</AltitudeMeters><HeartRateBpm><Value>94</Value></HeartRateBpm></Trackpoint><Trackpoint><Time>2026-05-01T08:42:18.297Z</Time><Position><LatitudeDegrees>60.065582</LatitudeDegrees><LongitudeDegrees>18.760143</LongitudeDegrees></Position><AltitudeMeters>8.274</AltitudeMeters><HeartRateBpm><Value>95</Value></HeartRateBpm></Trackpoint><Trackpoint><Time>2026-05-01T08:42:19.307Z</Time><Position><LatitudeDegrees>60.065594</LatitudeDegrees><LongitudeDegrees>18.760155</LongitudeDegrees></Position><AltitudeMeters>8.384</AltitudeMeters><HeartRateBpm><Value>96</Value></HeartRateBpm></Trackpoint><Trackpoint><Time>2026-05-01T08:42:20.316Z</Time><Position><LatitudeDegrees>60.0656</LatitudeDegrees><LongitudeDegrees>18.760166</LongitudeDegrees></Position><AltitudeMeters>8.402</AltitudeMeters><HeartRateBpm><Value>97</Value></HeartRateBpm></Trackpoint><Trackpoint><Time>2026-05-01T08:42:21.326Z</Time><Position><LatitudeDegrees>60.065613</LatitudeDegrees><LongitudeDegrees>18.760174</LongitudeDegrees></Position><AltitudeMeters>8.422</AltitudeMeters><HeartRateBpm><Value>98</Value></HeartRateBpm></Trackpoint><Trackpoint><Time>2026-05-01T08:42:22.334Z</Time><Position><LatitudeDegrees>60.065624</LatitudeDegrees><LongitudeDegrees>18.760181</LongitudeDegrees></Position><AltitudeMeters>8.395</AltitudeMeters><HeartRateBpm><Value>99</Value></HeartRateBpm></Trackpoint><Trackpoint><Time>2026-05-01T08:42:23.343Z</Time><Position><LatitudeDegrees>60.06564</LatitudeDegrees><LongitudeDegrees>18.760187</LongitudeDegrees></Position><AltitudeMeters>8.369</AltitudeMeters><HeartRateBpm><Value>100</Value></HeartRateBpm></Trackpoint><Trackpoint><Time>2026-05-01T08:42:24.352Z</Time><Position><LatitudeDegrees>60.065655</LatitudeDegrees><LongitudeDegrees>18.760193</LongitudeDegrees></Position><AltitudeMeters>8.383</AltitudeMeters><HeartRateBpm><Value>101</Value></HeartRateBpm></Trackpoint><Trackpoint><Time>2026-05-01T08:42:25.361Z</Time><Position><LatitudeDegrees>60.06567</LatitudeDegrees><LongitudeDegrees>18.7602</LongitudeDegrees></Position><AltitudeMeters>8.336</AltitudeMeters><HeartRateBpm><Value>103</Value></HeartRateBpm></Trackpoint><Trackpoint><Time>2026-05-01T08:42:26.371Z</Time><Position><LatitudeDegrees>60.06569</LatitudeDegrees><LongitudeDegrees>18.76021</LongitudeDegrees></Position><AltitudeMeters>8.343</AltitudeMeters><HeartRateBpm><Value>103</Value></HeartRateBpm></Trackpoint><Trackpoint><Time>2026-05-01T08:42:27.378Z</Time><Position><LatitudeDegrees>60.06571</LatitudeDegrees><LongitudeDegrees>18.76022</LongitudeDegrees></Position><AltitudeMeters>8.323</AltitudeMeters><HeartRateBpm><Value>102</Value></HeartRateBpm></Trackpoint><Trackpoint><Time>2026-05-01T08:42:28.387Z</Time><Position><LatitudeDegrees>60.065727</LatitudeDegrees><LongitudeDegrees>18.760233</LongitudeDegrees></Position><AltitudeMeters>8.297</AltitudeMeters><HeartRateBpm><Value>101</Value></HeartRateBpm></Trackpoint><Trackpoint><Time>2026-05-01T08:42:29.396Z</Time><Position><LatitudeDegrees>60.065746</LatitudeDegrees><LongitudeDegrees>18.760246</LongitudeDegrees></Position><AltitudeMeters>8.319</AltitudeMeters><HeartRateBpm><Value>101</Value></HeartRateBpm></Trackpoint><Trackpoint><Time>2026-05-01T08:42:30.407Z</Time><Position><LatitudeDegrees>60.06577</LatitudeDegrees><LongitudeDegrees>18.760262</LongitudeDegrees></Position><AltitudeMeters>8.392</AltitudeMeters><HeartRateBpm><Value>102</Value></HeartRateBpm></Trackpoint><Trackpoint><Time>2026-05-01T08:42:31.415Z</Time><Position><LatitudeDegrees>60.06579</LatitudeDegrees><LongitudeDegrees>18.760277</LongitudeDegrees></Position><AltitudeMeters>8.414</AltitudeMeters><HeartRateBpm><Value>101</Value></HeartRateBpm></Trackpoint><Trackpoint><Time>2026-05-01T08:42:32.424Z</Time><Position><LatitudeDegrees>60.06581</LatitudeDegrees><LongitudeDegrees>18.760292</LongitudeDegrees></Position><AltitudeMeters>8.406</AltitudeMeters><HeartRateBpm><Value>101</Value></HeartRateBpm></Trackpoint><Trackpoint><Time>2026-05-01T08:42:33.433Z</Time><Position><LatitudeDegrees>60.06583</LatitudeDegrees><LongitudeDegrees>18.76031</LongitudeDegrees></Position><AltitudeMeters>8.396</AltitudeMeters><HeartRateBpm><Value>101</Value></HeartRateBpm></Trackpoint><Trackpoint><Time>2026-05-01T08:42:34.442Z</Time><Position><LatitudeDegrees>60.065845</LatitudeDegrees><LongitudeDegrees>18.760326</LongitudeDegrees></Position><AltitudeMeters>8.433</AltitudeMeters><HeartRateBpm><Value>101</Value></HeartRateBpm></Trackpoint><Trackpoint><Time>2026-05-01T08:42:35.452Z</Time><Position><LatitudeDegrees>60.06586</LatitudeDegrees><LongitudeDegrees>18.760344</LongitudeDegrees></Position><AltitudeMeters>8.449</AltitudeMeters><HeartRateBpm><Value>102</Value></HeartRateBpm></Trackpoint><Trackpoint><Time>2026-05-01T08:42:36.461Z</Time><Position><LatitudeDegrees>60.065876</LatitudeDegrees><LongitudeDegrees>18.760359</LongitudeDegrees></Position><AltitudeMeters>8.507</AltitudeMeters><HeartRateBpm><Value>102</Value></HeartRateBpm></Trackpoint><Trackpoint><Time>2026-05-01T08:42:37.468Z</Time><Position><LatitudeDegrees>60.065887</LatitudeDegrees><LongitudeDegrees>18.760372</LongitudeDegrees></Position><AltitudeMeters>8.559</AltitudeMeters><HeartRateBpm><Value>101</Value></HeartRateBpm></Trackpoint><Trackpoint><Time>2026-05-01T08:42:38.477Z</Time><Position><LatitudeDegrees>60.0659</LatitudeDegrees><LongitudeDegrees>18.760387</LongitudeDegrees></Position><AltitudeMeters>8.564</AltitudeMeters><HeartRateBpm><Value>100</Value></HeartRateBpm></Trackpoint><Trackpoint><Time>2026-05-01T08:42:39.487Z</Time><Position><LatitudeDegrees>60.06591</LatitudeDegrees><LongitudeDegrees>18.7604</LongitudeDegrees></Position><AltitudeMeters>8.56</AltitudeMeters><HeartRateBpm><Value>98</Value></HeartRateBpm></Trackpoint><Trackpoint><Time>2026-05-01T08:42:40.495Z</Time><Position><LatitudeDegrees>60.06592</LatitudeDegrees><LongitudeDegrees>18.760412</LongitudeDegrees></Position><AltitudeMeters>8.482</AltitudeMeters><HeartRateBpm><Value>98</Value></HeartRateBpm></Trackpoint><Trackpoint><Time>2026-05-01T08:42:41.505Z</Time><Position><LatitudeDegrees>60.065933</LatitudeDegrees><LongitudeDegrees>18.760422</LongitudeDegrees></Position><AltitudeMeters>8.411</AltitudeMeters><HeartRateBpm><Value>99</Value></HeartRateBpm></Trackpoint><Trackpoint><Time>2026-05-01T08:42:42.513Z</Time><Position><LatitudeDegrees>60.06595</LatitudeDegrees><LongitudeDegrees>18.760431</LongitudeDegrees></Position><AltitudeMeters>8.357</AltitudeMeters><HeartRateBpm><Value>99</Value></HeartRateBpm></Trackpoint><Trackpoint><Time>2026-05-01T08:42:43.520Z</Time><Position><LatitudeDegrees>60.065964</LatitudeDegrees><LongitudeDegrees>18.760437</LongitudeDegrees></Position><AltitudeMeters>8.312</AltitudeMeters><HeartRateBpm><Value>99</Value></HeartRateBpm></Trackpoint><Trackpoint><Time>2026-05-01T08:42:44.527Z</Time><Position><LatitudeDegrees>60.065983</LatitudeDegrees><LongitudeDegrees>18.760443</LongitudeDegrees></Position><AltitudeMeters>8.354</AltitudeMeters><HeartRateBpm><Value>98</Value></HeartRateBpm></Trackpoint><Trackpoint><Time>2026-05-01T08:42:45.537Z</Time><Position><LatitudeDegrees>60.066</LatitudeDegrees><LongitudeDegrees>18.760447</LongitudeDegrees></Position><AltitudeMeters>8.307</AltitudeMeters><HeartRateBpm><Value>97</Value></HeartRateBpm></Trackpoint><Trackpoint><Time>2026-05-01T08:42:46.546Z</Time><Position><LatitudeDegrees>60.066025</LatitudeDegrees><LongitudeDegrees>18.76045</LongitudeDegrees></Position><AltitudeMeters>8.245</AltitudeMeters><HeartRateBpm><Value>96</Value></HeartRateBpm></Trackpoint><Trackpoint><Time>2026-05-01T08:42:47.556Z</Time><Position><LatitudeDegrees>60.066048</LatitudeDegrees><LongitudeDegrees>18.760456</LongitudeDegrees></Position><AltitudeMeters>8.132</AltitudeMeters><HeartRateBpm><Value>96</Value></HeartRateBpm></Trackpoint><Trackpoint><Time>2026-05-01T08:42:48.565Z</Time><Position><LatitudeDegrees>60.066074</LatitudeDegrees><LongitudeDegrees>18.760466</LongitudeDegrees></Position><AltitudeMeters>7.969</AltitudeMeters><HeartRateBpm><Value>96</Value></HeartRateBpm></Trackpoint><Trackpoint><Time>2026-05-01T08:42:49.574Z</Time><Position><LatitudeDegrees>60.0661</LatitudeDegrees><LongitudeDegrees>18.760477</LongitudeDegrees></Position><AltitudeMeters>7.873</AltitudeMeters><HeartRateBpm><Value>95</Value></HeartRateBpm></Trackpoint><Trackpoint><Time>2026-05-01T08:42:50.577Z</Time><Position><LatitudeDegrees>60.066128</LatitudeDegrees><LongitudeDegrees>18.760492</LongitudeDegrees></Position><AltitudeMeters>7.81</AltitudeMeters><HeartRateBpm><Value>94</Value></HeartRateBpm></Trackpoint><Trackpoint><Time>2026-05-01T08:42:51.583Z</Time><Position><LatitudeDegrees>60.06615</LatitudeDegrees><LongitudeDegrees>18.760506</LongitudeDegrees></Position><AltitudeMeters>7.729</AltitudeMeters><HeartRateBpm><Value>95</Value></HeartRateBpm></Trackpoint><Trackpoint><Time>2026-05-01T08:42:52.586Z</Time><Position><LatitudeDegrees>60.066177</LatitudeDegrees><LongitudeDegrees>18.760519</LongitudeDegrees></Position><AltitudeMeters>7.708</AltitudeMeters><HeartRateBpm><Value>95</Value></HeartRateBpm></Trackpoint><Trackpoint><Time>2026-05-01T08:42:53.592Z</Time><Position><LatitudeDegrees>60.0662</LatitudeDegrees><LongitudeDegrees>18.760532</LongitudeDegrees></Position><AltitudeMeters>7.665</AltitudeMeters><HeartRateBpm><Value>96</Value></HeartRateBpm></Trackpoint><Trackpoint><Time>2026-05-01T08:42:54.600Z</Time><Position><LatitudeDegrees>60.066223</LatitudeDegrees><LongitudeDegrees>18.760546</LongitudeDegrees></Position><AltitudeMeters>7.567</AltitudeMeters><HeartRateBpm><Value>97</Value></HeartRateBpm></Trackpoint><Trackpoint><Time>2026-05-01T08:42:55.610Z</Time><Position><LatitudeDegrees>60.066246</LatitudeDegrees><LongitudeDegrees>18.760561</LongitudeDegrees></Position><AltitudeMeters>7.377</AltitudeMeters><HeartRateBpm><Value>97</Value></HeartRateBpm></Trackpoint><Trackpoint><Time>2026-05-01T08:42:56.618Z</Time><Position><LatitudeDegrees>60.066265</LatitudeDegrees><LongitudeDegrees>18.760574</LongitudeDegrees></Position><AltitudeMeters>7.25</AltitudeMeters><HeartRateBpm><Value>98</Value></HeartRateBpm></Trackpoint><Trackpoint><Time>2026-05-01T08:42:57.627Z</Time><Position><LatitudeDegrees>60.06628</LatitudeDegrees><LongitudeDegrees>18.760586</LongitudeDegrees></Position><AltitudeMeters>7.109</AltitudeMeters><HeartRateBpm><Value>99</Value></HeartRateBpm></Trackpoint><Trackpoint><Time>2026-05-01T08:42:58.636Z</Time><Position><LatitudeDegrees>60.0663</LatitudeDegrees><LongitudeDegrees>18.760595</LongitudeDegrees></Position><AltitudeMeters>6.975</AltitudeMeters><HeartRateBpm><Value>100</Value></HeartRateBpm></Trackpoint><Trackpoint><Time>2026-05-01T08:42:59.646Z</Time><Position><LatitudeDegrees>60.066315</LatitudeDegrees><LongitudeDegrees>18.760605</LongitudeDegrees></Position><AltitudeMeters>6.754</AltitudeMeters><HeartRateBpm><Value>100</Value></HeartRateBpm></Trackpoint><Trackpoint><Time>2026-05-01T08:43:00.655Z</Time><Position><LatitudeDegrees>60.066334</LatitudeDegrees><LongitudeDegrees>18.760612</LongitudeDegrees></Position><AltitudeMeters>6.557</AltitudeMeters><HeartRateBpm><Value>100</Value></HeartRateBpm></Trackpoint><Trackpoint><Time>2026-05-01T08:43:01.663Z</Time><Position><LatitudeDegrees>60.066357</LatitudeDegrees><LongitudeDegrees>18.76062</LongitudeDegrees></Position><AltitudeMeters>6.406</AltitudeMeters><HeartRateBpm><Value>100</Value></HeartRateBpm></Trackpoint><Trackpoint><Time>2026-05-01T08:43:02.672Z</Time><Position><LatitudeDegrees>60.06638</LatitudeDegrees><LongitudeDegrees>18.76063</LongitudeDegrees></Position><AltitudeMeters>6.32</AltitudeMeters><HeartRateBpm><Value>100</Value></HeartRateBpm></Trackpoint><Trackpoint><Time>2026-05-01T08:43:03.681Z</Time><Position><LatitudeDegrees>60.066402</LatitudeDegrees><LongitudeDegrees>18.760637</LongitudeDegrees></Position><AltitudeMeters>6.297</AltitudeMeters><HeartRateBpm><Value>99</Value></HeartRateBpm></Trackpoint><Trackpoint><Time>2026-05-01T08:43:04.687Z</Time><Position><LatitudeDegrees>60.066425</LatitudeDegrees><LongitudeDegrees>18.760647</LongitudeDegrees></Position><AltitudeMeters>6.151</AltitudeMeters><HeartRateBpm><Value>99</Value></HeartRateBpm></Trackpoint><Trackpoint><Time>2026-05-01T08:43:05.697Z</Time><Position><LatitudeDegrees>60.066452</LatitudeDegrees><LongitudeDegrees>18.760654</LongitudeDegrees></Position><AltitudeMeters>6.078</AltitudeMeters><HeartRateBpm><Value>99</Value></HeartRateBpm></Trackpoint><Trackpoint><Time>2026-05-01T08:43:06.706Z</Time><Position><LatitudeDegrees>60.06648</LatitudeDegrees><LongitudeDegrees>18.760662</LongitudeDegrees></Position><AltitudeMeters>5.933</AltitudeMeters><HeartRateBpm><Value>98</Value></HeartRateBpm></Trackpoint><Trackpoint><Time>2026-05-01T08:43:07.714Z</Time><Position><LatitudeDegrees>60.066505</LatitudeDegrees><LongitudeDegrees>18.760668</LongitudeDegrees></Position><AltitudeMeters>5.822</AltitudeMeters><HeartRateBpm><Value>97</Value></HeartRateBpm></Trackpoint><Trackpoint><Time>2026-05-01T08:43:08.724Z</Time><Position><LatitudeDegrees>60.066532</LatitudeDegrees><LongitudeDegrees>18.760672</LongitudeDegrees></Position><AltitudeMeters>5.69</AltitudeMeters><HeartRateBpm><Value>97</Value></HeartRateBpm></Trackpoint><Trackpoint><Time>2026-05-01T08:43:09.728Z</Time><Position><LatitudeDegrees>60.066555</LatitudeDegrees><LongitudeDegrees>18.76067</LongitudeDegrees></Position><AltitudeMeters>5.62</AltitudeMeters><HeartRateBpm><Value>96</Value></HeartRateBpm></Trackpoint><Trackpoint><Time>2026-05-01T08:43:10.727Z</Time><Position><LatitudeDegrees>60.066578</LatitudeDegrees><LongitudeDegrees>18.76067</LongitudeDegrees></Position><AltitudeMeters>5.459</AltitudeMeters><HeartRateBpm><Value>95</Value></HeartRateBpm></Trackpoint><Trackpoint><Time>2026-05-01T08:43:11.726Z</Time><Position><LatitudeDegrees>60.0666</LatitudeDegrees><LongitudeDegrees>18.760672</LongitudeDegrees></Position><AltitudeMeters>5.371</AltitudeMeters><HeartRateBpm><Value>95</Value></HeartRateBpm></Trackpoint><Trackpoint><Time>2026-05-01T08:43:12.735Z</Time><Position><LatitudeDegrees>60.066624</LatitudeDegrees><LongitudeDegrees>18.760677</LongitudeDegrees></Position><AltitudeMeters>5.354</AltitudeMeters><HeartRateBpm><Value>94</Value></HeartRateBpm></Trackpoint><Trackpoint><Time>2026-05-01T08:43:13.744Z</Time><Position><LatitudeDegrees>60.066647</LatitudeDegrees><LongitudeDegrees>18.760681</LongitudeDegrees></Position><AltitudeMeters>5.365</AltitudeMeters><HeartRateBpm><Value>94</Value></HeartRateBpm></Trackpoint><Trackpoint><Time>2026-05-01T08:43:14.753Z</Time><Position><LatitudeDegrees>60.06667</LatitudeDegrees><LongitudeDegrees>18.760687</LongitudeDegrees></Position><AltitudeMeters>5.409</AltitudeMeters><HeartRateBpm><Value>94</Value></HeartRateBpm></Trackpoint><Trackpoint><Time>2026-05-01T08:43:15.761Z</Time><Position><LatitudeDegrees>60.066696</LatitudeDegrees><LongitudeDegrees>18.76069</LongitudeDegrees></Position><AltitudeMeters>5.345</AltitudeMeters><HeartRateBpm><Value>93</Value></HeartRateBpm></Trackpoint><Trackpoint><Time>2026-05-01T08:43:16.765Z</Time><Position><LatitudeDegrees>60.06672</LatitudeDegrees><LongitudeDegrees>18.760695</LongitudeDegrees></Position><AltitudeMeters>5.32</AltitudeMeters><HeartRateBpm><Value>92</Value></HeartRateBpm></Trackpoint><Trackpoint><Time>2026-05-01T08:43:17.774Z</Time><Position><LatitudeDegrees>60.066746</LatitudeDegrees><LongitudeDegrees>18.760698</LongitudeDegrees></Position><AltitudeMeters>5.3</AltitudeMeters><HeartRateBpm><Value>91</Value></HeartRateBpm></Trackpoint><Trackpoint><Time>2026-05-01T08:43:18.783Z</Time><Position><LatitudeDegrees>60.06677</LatitudeDegrees><LongitudeDegrees>18.7607</LongitudeDegrees></Position><AltitudeMeters>5.287</AltitudeMeters><HeartRateBpm><Value>91</Value></HeartRateBpm></Trackpoint><Trackpoint><Time>2026-05-01T08:43:19.792Z</Time><Position><LatitudeDegrees>60.066795</LatitudeDegrees><LongitudeDegrees>18.760702</LongitudeDegrees></Position><AltitudeMeters>5.267</AltitudeMeters><HeartRateBpm><Value>92</Value></HeartRateBpm></Trackpoint><Trackpoint><Time>2026-05-01T08:43:20.802Z</Time><Position><LatitudeDegrees>60.066822</LatitudeDegrees><LongitudeDegrees>18.760706</LongitudeDegrees></Position><AltitudeMeters>5.258</AltitudeMeters><HeartRateBpm><Value>93</Value></HeartRateBpm></Trackpoint><Trackpoint><Time>2026-05-01T08:43:21.808Z</Time><Position><LatitudeDegrees>60.06685</LatitudeDegrees><LongitudeDegrees>18.760708</LongitudeDegrees></Position><AltitudeMeters>5.216</AltitudeMeters><HeartRateBpm><Value>95</Value></HeartRateBpm></Trackpoint><Trackpoint><Time>2026-05-01T08:43:22.817Z</Time><Position><LatitudeDegrees>60.06687</LatitudeDegrees><LongitudeDegrees>18.76071</LongitudeDegrees></Position><AltitudeMeters>5.191</AltitudeMeters><HeartRateBpm><Value>95</Value></HeartRateBpm></Trackpoint><Trackpoint><Time>2026-05-01T08:43:23.826Z</Time><Position><LatitudeDegrees>60.0669</LatitudeDegrees><LongitudeDegrees>18.760714</LongitudeDegrees></Position><AltitudeMeters>5.23</AltitudeMeters><HeartRateBpm><Value>96</Value></HeartRateBpm></Trackpoint><Trackpoint><Time>2026-05-01T08:43:24.835Z</Time><Position><LatitudeDegrees>60.06692</LatitudeDegrees><LongitudeDegrees>18.76072</LongitudeDegrees></Position><AltitudeMeters>5.146</AltitudeMeters><HeartRateBpm><Value>97</Value></HeartRateBpm></Trackpoint><Trackpoint><Time>2026-05-01T08:43:25.844Z</Time><Position><LatitudeDegrees>60.066944</LatitudeDegrees><LongitudeDegrees>18.760721</LongitudeDegrees></Position><AltitudeMeters>5.046</AltitudeMeters><HeartRateBpm><Value>96</Value></HeartRateBpm></Trackpoint><Trackpoint><Time>2026-05-01T08:43:26.853Z</Time><Position><LatitudeDegrees>60.06697</LatitudeDegrees><LongitudeDegrees>18.760725</LongitudeDegrees></Position><AltitudeMeters>5.09</AltitudeMeters><HeartRateBpm><Value>95</Value></HeartRateBpm></Trackpoint><Trackpoint><Time>2026-05-01T08:43:27.864Z</Time><Position><LatitudeDegrees>60.066994</LatitudeDegrees><LongitudeDegrees>18.760727</LongitudeDegrees></Position><AltitudeMeters>5.028</AltitudeMeters><HeartRateBpm><Value>95</Value></HeartRateBpm></Trackpoint><Trackpoint><Time>2026-05-01T08:43:28.872Z</Time><Position><LatitudeDegrees>60.067017</LatitudeDegrees><LongitudeDegrees>18.76073</LongitudeDegrees></Position><AltitudeMeters>5.009</AltitudeMeters><HeartRateBpm><Value>95</Value></HeartRateBpm></Trackpoint><Trackpoint><Time>2026-05-01T08:43:29.882Z</Time><Position><LatitudeDegrees>60.06704</LatitudeDegrees><LongitudeDegrees>18.760733</LongitudeDegrees></Position><AltitudeMeters>4.986</AltitudeMeters><HeartRateBpm><Value>94</Value></HeartRateBpm></Trackpoint><Trackpoint><Time>2026-05-01T08:43:30.891Z</Time><Position><LatitudeDegrees>60.067066</LatitudeDegrees><LongitudeDegrees>18.760736</LongitudeDegrees></Position><AltitudeMeters>5.092</AltitudeMeters><HeartRateBpm><Value>93</Value></HeartRateBpm></Trackpoint><Trackpoint><Time>2026-05-01T08:43:31.901Z</Time><Position><LatitudeDegrees>60.06709</LatitudeDegrees><LongitudeDegrees>18.760746</LongitudeDegrees></Position><AltitudeMeters>5.15</AltitudeMeters><HeartRateBpm><Value>94</Value></HeartRateBpm></Trackpoint><Trackpoint><Time>2026-05-01T08:43:32.910Z</Time><Position><LatitudeDegrees>60.067112</LatitudeDegrees><LongitudeDegrees>18.760756</LongitudeDegrees></Position><AltitudeMeters>5.128</AltitudeMeters><HeartRateBpm><Value>94</Value></HeartRateBpm></Trackpoint><Trackpoint><Time>2026-05-01T08:43:33.917Z</Time><Position><LatitudeDegrees>60.067135</LatitudeDegrees><LongitudeDegrees>18.760767</LongitudeDegrees></Position><AltitudeMeters>5.087</AltitudeMeters><HeartRateBpm><Value>94</Value></HeartRateBpm></Trackpoint><Trackpoint><Time>2026-05-01T08:43:34.927Z</Time><Position><LatitudeDegrees>60.067158</LatitudeDegrees><LongitudeDegrees>18.760777</LongitudeDegrees></Position><AltitudeMeters>5.156</AltitudeMeters><HeartRateBpm><Value>94</Value></HeartRateBpm></Trackpoint><Trackpoint><Time>2026-05-01T08:43:35.936Z</Time><Position><LatitudeDegrees>60.06718</LatitudeDegrees><LongitudeDegrees>18.760784</LongitudeDegrees></Position><AltitudeMeters>5.118</AltitudeMeters><HeartRateBpm><Value>94</Value></HeartRateBpm></Trackpoint><Trackpoint><Time>2026-05-01T08:43:36.944Z</Time><Position><LatitudeDegrees>60.067204</LatitudeDegrees><LongitudeDegrees>18.760792</LongitudeDegrees></Position><AltitudeMeters>5.17</AltitudeMeters><HeartRateBpm><Value>93</Value></HeartRateBpm></Trackpoint><Trackpoint><Time>2026-05-01T08:43:37.953Z</Time><Position><LatitudeDegrees>60.067226</LatitudeDegrees><LongitudeDegrees>18.760798</LongitudeDegrees></Position><AltitudeMeters>5.105</AltitudeMeters><HeartRateBpm><Value>93</Value></HeartRateBpm></Trackpoint><Trackpoint><Time>2026-05-01T08:43:38.962Z</Time><Position><LatitudeDegrees>60.06725</LatitudeDegrees><LongitudeDegrees>18.760803</LongitudeDegrees></Position><AltitudeMeters>5.131</AltitudeMeters><HeartRateBpm><Value>92</Value></HeartRateBpm></Trackpoint><Trackpoint><Time>2026-05-01T08:43:39.971Z</Time><Position><LatitudeDegrees>60.067272</LatitudeDegrees><LongitudeDegrees>18.760809</LongitudeDegrees></Position><AltitudeMeters>5.122</AltitudeMeters><HeartRateBpm><Value>92</Value></HeartRateBpm></Trackpoint><Trackpoint><Time>2026-05-01T08:43:40.978Z</Time><Position><LatitudeDegrees>60.0673</LatitudeDegrees><LongitudeDegrees>18.760815</LongitudeDegrees></Position><AltitudeMeters>5.085</AltitudeMeters><HeartRateBpm><Value>91</Value></HeartRateBpm></Trackpoint><Trackpoint><Time>2026-05-01T08:43:41.987Z</Time><Position><LatitudeDegrees>60.06732</LatitudeDegrees><LongitudeDegrees>18.760822</LongitudeDegrees></Position><AltitudeMeters>5.15</AltitudeMeters><HeartRateBpm><Value>91</Value></HeartRateBpm></Trackpoint><Trackpoint><Time>2026-05-01T08:43:42.996Z</Time><Position><LatitudeDegrees>60.067345</LatitudeDegrees><LongitudeDegrees>18.76083</LongitudeDegrees></Position><AltitudeMeters>5.219</AltitudeMeters><HeartRateBpm><Value>91</Value></HeartRateBpm></Trackpoint><Trackpoint><Time>2026-05-01T08:43:44.005Z</Time><Position><LatitudeDegrees>60.067368</LatitudeDegrees><LongitudeDegrees>18.760838</LongitudeDegrees></Position><AltitudeMeters>5.254</AltitudeMeters><HeartRateBpm><Value>91</Value></HeartRateBpm></Trackpoint><Trackpoint><Time>2026-05-01T08:43:45.014Z</Time><Position><LatitudeDegrees>60.06739</LatitudeDegrees><LongitudeDegrees>18.760843</LongitudeDegrees></Position><AltitudeMeters>5.273</AltitudeMeters><HeartRateBpm><Value>92</Value></HeartRateBpm></Trackpoint><Trackpoint><Time>2026-05-01T08:43:46.024Z</Time><Position><LatitudeDegrees>60.067413</LatitudeDegrees><LongitudeDegrees>18.760849</LongitudeDegrees></Position><AltitudeMeters>5.329</AltitudeMeters><HeartRateBpm><Value>94</Value></HeartRateBpm></Trackpoint><Trackpoint><Time>2026-05-01T08:43:47.031Z</Time><Position><LatitudeDegrees>60.067436</LatitudeDegrees><LongitudeDegrees>18.760857</LongitudeDegrees></Position><AltitudeMeters>5.38</AltitudeMeters><HeartRateBpm><Value>94</Value></HeartRateBpm></Trackpoint><Trackpoint><Time>2026-05-01T08:43:48.039Z</Time><Position><LatitudeDegrees>60.06746</LatitudeDegrees><LongitudeDegrees>18.760862</LongitudeDegrees></Position><AltitudeMeters>5.426</AltitudeMeters><HeartRateBpm><Value>95</Value></HeartRateBpm></Trackpoint><Trackpoint><Time>2026-05-01T08:43:49.047Z</Time><Position><LatitudeDegrees>60.067482</LatitudeDegrees><LongitudeDegrees>18.760872</LongitudeDegrees></Position><AltitudeMeters>5.472</AltitudeMeters><HeartRateBpm><Value>95</Value></HeartRateBpm></Trackpoint><Trackpoint><Time>2026-05-01T08:43:50.055Z</Time><Position><LatitudeDegrees>60.067505</LatitudeDegrees><LongitudeDegrees>18.760878</LongitudeDegrees></Position><AltitudeMeters>5.492</AltitudeMeters><HeartRateBpm><Value>97</Value></HeartRateBpm></Trackpoint><Trackpoint><Time>2026-05-01T08:43:51.065Z</Time><Position><LatitudeDegrees>60.067524</LatitudeDegrees><LongitudeDegrees>18.760885</LongitudeDegrees></Position><AltitudeMeters>5.542</AltitudeMeters><HeartRateBpm><Value>98</Value></HeartRateBpm></Trackpoint><Trackpoint><Time>2026-05-01T08:43:52.074Z</Time><Position><LatitudeDegrees>60.067547</LatitudeDegrees><LongitudeDegrees>18.760891</LongitudeDegrees></Position><AltitudeMeters>5.63</AltitudeMeters><HeartRateBpm><Value>98</Value></HeartRateBpm></Trackpoint><Trackpoint><Time>2026-05-01T08:43:53.082Z</Time><Position><LatitudeDegrees>60.067566</LatitudeDegrees><LongitudeDegrees>18.760895</LongitudeDegrees></Position><AltitudeMeters>5.694</AltitudeMeters><HeartRateBpm><Value>99</Value></HeartRateBpm></Trackpoint><Trackpoint><Time>2026-05-01T08:43:54.092Z</Time><Position><LatitudeDegrees>60.06758</LatitudeDegrees><LongitudeDegrees>18.760897</LongitudeDegrees></Position><AltitudeMeters>5.651</AltitudeMeters><HeartRateBpm><Value>100</Value></HeartRateBpm></Trackpoint><Trackpoint><Time>2026-05-01T08:43:55.099Z</Time><Position><LatitudeDegrees>60.0676</LatitudeDegrees><LongitudeDegrees>18.7609</LongitudeDegrees></Position><AltitudeMeters>5.737</AltitudeMeters><HeartRateBpm><Value>101</Value></HeartRateBpm></Trackpoint><Trackpoint><Time>2026-05-01T08:43:56.107Z</Time><Position><LatitudeDegrees>60.06762</LatitudeDegrees><LongitudeDegrees>18.760902</LongitudeDegrees></Position><AltitudeMeters>5.76</AltitudeMeters><HeartRateBpm><Value>102</Value></HeartRateBpm></Trackpoint><Trackpoint><Time>2026-05-01T08:43:57.116Z</Time><Position><LatitudeDegrees>60.06764</LatitudeDegrees><LongitudeDegrees>18.760906</LongitudeDegrees></Position><AltitudeMeters>5.867</AltitudeMeters><HeartRateBpm><Value>103</Value></HeartRateBpm></Trackpoint><Trackpoint><Time>2026-05-01T08:43:58.125Z</Time><Position><LatitudeDegrees>60.067657</LatitudeDegrees><LongitudeDegrees>18.760912</LongitudeDegrees></Position><AltitudeMeters>5.933</AltitudeMeters><HeartRateBpm><Value>104</Value></HeartRateBpm></Trackpoint><Trackpoint><Time>2026-05-01T08:43:59.133Z</Time><Position><LatitudeDegrees>60.06768</LatitudeDegrees><LongitudeDegrees>18.760921</LongitudeDegrees></Position><AltitudeMeters>6.064</AltitudeMeters><HeartRateBpm><Value>105</Value></HeartRateBpm></Trackpoint><Trackpoint><Time>2026-05-01T08:44:00.142Z</Time><Position><LatitudeDegrees>60.0677</LatitudeDegrees><LongitudeDegrees>18.760937</LongitudeDegrees></Position><AltitudeMeters>6.157</AltitudeMeters><HeartRateBpm><Value>105</Value></HeartRateBpm></Trackpoint><Trackpoint><Time>2026-05-01T08:44:01.151Z</Time><Position><LatitudeDegrees>60.067722</LatitudeDegrees><LongitudeDegrees>18.760948</LongitudeDegrees></Position><AltitudeMeters>6.267</AltitudeMeters><HeartRateBpm><Value>104</Value></HeartRateBpm></Trackpoint><Trackpoint><Time>2026-05-01T08:44:02.158Z</Time><Position><LatitudeDegrees>60.06774</LatitudeDegrees><LongitudeDegrees>18.760962</LongitudeDegrees></Position><AltitudeMeters>6.319</AltitudeMeters><HeartRateBpm><Value>103</Value></HeartRateBpm></Trackpoint><Trackpoint><Time>2026-05-01T08:44:03.166Z</Time><Position><LatitudeDegrees>60.06776</LatitudeDegrees><LongitudeDegrees>18.760965</LongitudeDegrees></Position><AltitudeMeters>6.361</AltitudeMeters><HeartRateBpm><Value>102</Value></HeartRateBpm></Trackpoint><Trackpoint><Time>2026-05-01T08:44:04.175Z</Time><Position><LatitudeDegrees>60.06778</LatitudeDegrees><LongitudeDegrees>18.760967</LongitudeDegrees></Position><AltitudeMeters>6.397</AltitudeMeters><HeartRateBpm><Value>101</Value></HeartRateBpm></Trackpoint><Trackpoint><Time>2026-05-01T08:44:05.182Z</Time><Position><LatitudeDegrees>60.0678</LatitudeDegrees><LongitudeDegrees>18.760965</LongitudeDegrees></Position><AltitudeMeters>6.435</AltitudeMeters><HeartRateBpm><Value>101</Value></HeartRateBpm></Trackpoint><Trackpoint><Time>2026-05-01T08:44:06.192Z</Time><Position><LatitudeDegrees>60.067814</LatitudeDegrees><LongitudeDegrees>18.760965</LongitudeDegrees></Position><AltitudeMeters>6.557</AltitudeMeters><HeartRateBpm><Value>100</Value></HeartRateBpm></Trackpoint><Trackpoint><Time>2026-05-01T08:44:07.201Z</Time><Position><LatitudeDegrees>60.067833</LatitudeDegrees><LongitudeDegrees>18.760967</LongitudeDegrees></Position><AltitudeMeters>6.699</AltitudeMeters><HeartRateBpm><Value>100</Value></HeartRateBpm></Trackpoint><Trackpoint><Time>2026-05-01T08:44:08.208Z</Time><Position><LatitudeDegrees>60.067852</LatitudeDegrees><LongitudeDegrees>18.760971</LongitudeDegrees></Position><AltitudeMeters>6.759</AltitudeMeters><HeartRateBpm><Value>100</Value></HeartRateBpm></Trackpoint><Trackpoint><Time>2026-05-01T08:44:09.216Z</Time><Position><LatitudeDegrees>60.06787</LatitudeDegrees><LongitudeDegrees>18.760975</LongitudeDegrees></Position><AltitudeMeters>6.841</AltitudeMeters><HeartRateBpm><Value>99</Value></HeartRateBpm></Trackpoint><Trackpoint><Time>2026-05-01T08:44:10.223Z</Time><Position><LatitudeDegrees>60.067894</LatitudeDegrees><LongitudeDegrees>18.760979</LongitudeDegrees></Position><AltitudeMeters>6.963</AltitudeMeters><HeartRateBpm><Value>99</Value></HeartRateBpm></Trackpoint><Trackpoint><Time>2026-05-01T08:44:11.232Z</Time><Position><LatitudeDegrees>60.067917</LatitudeDegrees><LongitudeDegrees>18.760983</LongitudeDegrees></Position><AltitudeMeters>6.991</AltitudeMeters><HeartRateBpm><Value>99</Value></HeartRateBpm></Trackpoint><Trackpoint><Time>2026-05-01T08:44:12.240Z</Time><Position><LatitudeDegrees>60.06794</LatitudeDegrees><LongitudeDegrees>18.760988</LongitudeDegrees></Position><AltitudeMeters>7.002</AltitudeMeters><HeartRateBpm><Value>99</Value></HeartRateBpm></Trackpoint><Trackpoint><Time>2026-05-01T08:44:13.248Z</Time><Position><LatitudeDegrees>60.06796</LatitudeDegrees><LongitudeDegrees>18.760992</LongitudeDegrees></Position><AltitudeMeters>6.911</AltitudeMeters><HeartRateBpm><Value>98</Value></HeartRateBpm></Trackpoint><Trackpoint><Time>2026-05-01T08:44:14.257Z</Time><Position><LatitudeDegrees>60.067978</LatitudeDegrees><LongitudeDegrees>18.760996</LongitudeDegrees></Position><AltitudeMeters>6.765</AltitudeMeters><HeartRateBpm><Value>98</Value></HeartRateBpm></Trackpoint><Trackpoint><Time>2026-05-01T08:44:15.266Z</Time><Position><LatitudeDegrees>60.067997</LatitudeDegrees><LongitudeDegrees>18.761</LongitudeDegrees></Position><AltitudeMeters>6.762</AltitudeMeters><HeartRateBpm><Value>99</Value></HeartRateBpm></Trackpoint><Trackpoint><Time>2026-05-01T08:44:16.274Z</Time><Position><LatitudeDegrees>60.068012</LatitudeDegrees><LongitudeDegrees>18.761</LongitudeDegrees></Position><AltitudeMeters>6.691</AltitudeMeters><HeartRateBpm><Value>99</Value></HeartRateBpm></Trackpoint><Trackpoint><Time>2026-05-01T08:44:17.276Z</Time><Position><LatitudeDegrees>60.068027</LatitudeDegrees><LongitudeDegrees>18.761</LongitudeDegrees></Position><AltitudeMeters>6.719</AltitudeMeters><HeartRateBpm><Value>98</Value></HeartRateBpm></Trackpoint><Trackpoint><Time>2026-05-01T08:44:18.286Z</Time><Position><LatitudeDegrees>60.068043</LatitudeDegrees><LongitudeDegrees>18.761</LongitudeDegrees></Position><AltitudeMeters>6.745</AltitudeMeters><HeartRateBpm><Value>97</Value></HeartRateBpm></Trackpoint><Trackpoint><Time>2026-05-01T08:44:19.294Z</Time><Position><LatitudeDegrees>60.06806</LatitudeDegrees><LongitudeDegrees>18.761</LongitudeDegrees></Position><AltitudeMeters>6.716</AltitudeMeters><HeartRateBpm><Value>97</Value></HeartRateBpm></Trackpoint><Trackpoint><Time>2026-05-01T08:44:20.303Z</Time><Position><LatitudeDegrees>60.068077</LatitudeDegrees><LongitudeDegrees>18.761</LongitudeDegrees></Position><AltitudeMeters>6.683</AltitudeMeters><HeartRateBpm><Value>96</Value></HeartRateBpm></Trackpoint><Trackpoint><Time>2026-05-01T08:44:21.311Z</Time><Position><LatitudeDegrees>60.068096</LatitudeDegrees><LongitudeDegrees>18.761002</LongitudeDegrees></Position><AltitudeMeters>6.772</AltitudeMeters><HeartRateBpm><Value>95</Value></HeartRateBpm></Trackpoint><Trackpoint><Time>2026-05-01T08:44:22.319Z</Time><Position><LatitudeDegrees>60.06811</LatitudeDegrees><LongitudeDegrees>18.761003</LongitudeDegrees></Position><AltitudeMeters>6.838</AltitudeMeters><HeartRateBpm><Value>94</Value></HeartRateBpm></Trackpoint><Trackpoint><Time>2026-05-01T08:44:23.326Z</Time><Position><LatitudeDegrees>60.068127</LatitudeDegrees><LongitudeDegrees>18.761005</LongitudeDegrees></Position><AltitudeMeters>6.826</AltitudeMeters><HeartRateBpm><Value>94</Value></HeartRateBpm></Trackpoint><Trackpoint><Time>2026-05-01T08:44:24.337Z</Time><Position><LatitudeDegrees>60.06814</LatitudeDegrees><LongitudeDegrees>18.761007</LongitudeDegrees></Position><AltitudeMeters>6.8</AltitudeMeters><HeartRateBpm><Value>94</Value></HeartRateBpm></Trackpoint><Trackpoint><Time>2026-05-01T08:44:25.346Z</Time><Position><LatitudeDegrees>60.068153</LatitudeDegrees><LongitudeDegrees>18.761005</LongitudeDegrees></Position><AltitudeMeters>6.753</AltitudeMeters><HeartRateBpm><Value>94</Value></HeartRateBpm></Trackpoint><Trackpoint><Time>2026-05-01T08:44:26.354Z</Time><Position><LatitudeDegrees>60.068165</LatitudeDegrees><LongitudeDegrees>18.761</LongitudeDegrees></Position><AltitudeMeters>6.731</AltitudeMeters><HeartRateBpm><Value>95</Value></HeartRateBpm></Trackpoint><Trackpoint><Time>2026-05-01T08:44:27.364Z</Time><Position><LatitudeDegrees>60.06818</LatitudeDegrees><LongitudeDegrees>18.760994</LongitudeDegrees></Position><AltitudeMeters>6.75</AltitudeMeters><HeartRateBpm><Value>95</Value></HeartRateBpm></Trackpoint><Trackpoint><Time>2026-05-01T08:44:28.373Z</Time><Position><LatitudeDegrees>60.06819</LatitudeDegrees><LongitudeDegrees>18.76098</LongitudeDegrees></Position><AltitudeMeters>6.773</AltitudeMeters><HeartRateBpm><Value>96</Value></HeartRateBpm></Trackpoint><Trackpoint><Time>2026-05-01T08:44:29.376Z</Time><Position><LatitudeDegrees>60.0682</LatitudeDegrees><LongitudeDegrees>18.760963</LongitudeDegrees></Position><AltitudeMeters>6.784</AltitudeMeters><HeartRateBpm><Value>96</Value></HeartRateBpm></Trackpoint><Trackpoint><Time>2026-05-01T08:44:30.375Z</Time><Position><LatitudeDegrees>60.06821</LatitudeDegrees><LongitudeDegrees>18.760946</LongitudeDegrees></Position><AltitudeMeters>6.825</AltitudeMeters><HeartRateBpm><Value>96</Value></HeartRateBpm></Trackpoint><Trackpoint><Time>2026-05-01T08:44:31.374Z</Time><Position><LatitudeDegrees>60.06822</LatitudeDegrees><LongitudeDegrees>18.760923</LongitudeDegrees></Position><AltitudeMeters>6.793</AltitudeMeters><HeartRateBpm><Value>96</Value></HeartRateBpm></Trackpoint><Trackpoint><Time>2026-05-01T08:44:32.382Z</Time><Position><LatitudeDegrees>60.068226</LatitudeDegrees><LongitudeDegrees>18.7609</LongitudeDegrees></Position><AltitudeMeters>6.714</AltitudeMeters><HeartRateBpm><Value>96</Value></HeartRateBpm></Trackpoint><Trackpoint><Time>2026-05-01T08:44:33.391Z</Time><Position><LatitudeDegrees>60.06823</LatitudeDegrees><LongitudeDegrees>18.760878</LongitudeDegrees></Position><AltitudeMeters>6.734</AltitudeMeters><HeartRateBpm><Value>96</Value></HeartRateBpm></Trackpoint><Trackpoint><Time>2026-05-01T08:44:34.394Z</Time><Position><LatitudeDegrees>60.068237</LatitudeDegrees><LongitudeDegrees>18.760853</LongitudeDegrees></Position><AltitudeMeters>6.675</AltitudeMeters><HeartRateBpm><Value>96</Value></HeartRateBpm></Trackpoint><Trackpoint><Time>2026-05-01T08:44:35.393Z</Time><Position><LatitudeDegrees>60.06824</LatitudeDegrees><LongitudeDegrees>18.760826</LongitudeDegrees></Position><AltitudeMeters>6.685</AltitudeMeters><HeartRateBpm><Value>96</Value></HeartRateBpm></Trackpoint><Trackpoint><Time>2026-05-01T08:44:36.392Z</Time><Position><LatitudeDegrees>60.068245</LatitudeDegrees><LongitudeDegrees>18.760798</LongitudeDegrees></Position><AltitudeMeters>6.664</AltitudeMeters><HeartRateBpm><Value>96</Value></HeartRateBpm></Trackpoint><Trackpoint><Time>2026-05-01T08:44:37.400Z</Time><Position><LatitudeDegrees>60.06825</LatitudeDegrees><LongitudeDegrees>18.760769</LongitudeDegrees></Position><AltitudeMeters>6.63</AltitudeMeters><HeartRateBpm><Value>96</Value></HeartRateBpm></Trackpoint><Trackpoint><Time>2026-05-01T08:44:38.408Z</Time><Position><LatitudeDegrees>60.068253</LatitudeDegrees><LongitudeDegrees>18.760738</LongitudeDegrees></Position><AltitudeMeters>6.653</AltitudeMeters><HeartRateBpm><Value>96</Value></HeartRateBpm></Trackpoint><Trackpoint><Time>2026-05-01T08:44:39.417Z</Time><Position><LatitudeDegrees>60.068256</LatitudeDegrees><LongitudeDegrees>18.760706</LongitudeDegrees></Position><AltitudeMeters>6.672</AltitudeMeters><HeartRateBpm><Value>97</Value></HeartRateBpm></Trackpoint><Trackpoint><Time>2026-05-01T08:44:40.426Z</Time><Position><LatitudeDegrees>60.068264</LatitudeDegrees><LongitudeDegrees>18.760672</LongitudeDegrees></Position><AltitudeMeters>6.676</AltitudeMeters><HeartRateBpm><Value>97</Value></HeartRateBpm></Trackpoint><Trackpoint><Time>2026-05-01T08:44:41.435Z</Time><Position><LatitudeDegrees>60.068268</LatitudeDegrees><LongitudeDegrees>18.760637</LongitudeDegrees></Position><AltitudeMeters>6.678</AltitudeMeters><HeartRateBpm><Value>97</Value></HeartRateBpm></Trackpoint><Trackpoint><Time>2026-05-01T08:44:42.445Z</Time><Position><LatitudeDegrees>60.06827</LatitudeDegrees><LongitudeDegrees>18.760601</LongitudeDegrees></Position><AltitudeMeters>6.658</AltitudeMeters><HeartRateBpm><Value>96</Value></HeartRateBpm></Trackpoint><Trackpoint><Time>2026-05-01T08:44:43.454Z</Time><Position><LatitudeDegrees>60.06828</LatitudeDegrees><LongitudeDegrees>18.760565</LongitudeDegrees></Position><AltitudeMeters>6.769</AltitudeMeters><HeartRateBpm><Value>96</Value></HeartRateBpm></Trackpoint><Trackpoint><Time>2026-05-01T08:44:44.463Z</Time><Position><LatitudeDegrees>60.068283</LatitudeDegrees><LongitudeDegrees>18.76053</LongitudeDegrees></Position><AltitudeMeters>6.804</AltitudeMeters><HeartRateBpm><Value>97</Value></HeartRateBpm></Trackpoint><Trackpoint><Time>2026-05-01T08:44:45.471Z</Time><Position><LatitudeDegrees>60.06829</LatitudeDegrees><LongitudeDegrees>18.7605</LongitudeDegrees></Position><AltitudeMeters>6.85</AltitudeMeters><HeartRateBpm><Value>97</Value></HeartRateBpm></Trackpoint><Trackpoint><Time>2026-05-01T08:44:46.479Z</Time><Position><LatitudeDegrees>60.068295</LatitudeDegrees><LongitudeDegrees>18.760471</LongitudeDegrees></Position><AltitudeMeters>6.888</AltitudeMeters><HeartRateBpm><Value>97</Value></HeartRateBpm></Trackpoint><Trackpoint><Time>2026-05-01T08:44:47.487Z</Time><Position><LatitudeDegrees>60.0683</LatitudeDegrees><LongitudeDegrees>18.760443</LongitudeDegrees></Position><AltitudeMeters>6.932</AltitudeMeters><HeartRateBpm><Value>95</Value></HeartRateBpm></Trackpoint><Trackpoint><Time>2026-05-01T08:44:48.496Z</Time><Position><LatitudeDegrees>60.068302</LatitudeDegrees><LongitudeDegrees>18.760414</LongitudeDegrees></Position><AltitudeMeters>7.04</AltitudeMeters><HeartRateBpm><Value>95</Value></HeartRateBpm></Trackpoint><Trackpoint><Time>2026-05-01T08:44:49.504Z</Time><Position><LatitudeDegrees>60.068306</LatitudeDegrees><LongitudeDegrees>18.760386</LongitudeDegrees></Position><AltitudeMeters>7.12</AltitudeMeters><HeartRateBpm><Value>94</Value></HeartRateBpm></Trackpoint><Trackpoint><Time>2026-05-01T08:44:50.513Z</Time><Position><LatitudeDegrees>60.06831</LatitudeDegrees><LongitudeDegrees>18.760359</LongitudeDegrees></Position><AltitudeMeters>7.115</AltitudeMeters><HeartRateBpm><Value>95</Value></HeartRateBpm></Trackpoint><Trackpoint><Time>2026-05-01T08:44:51.522Z</Time><Position><LatitudeDegrees>60.068314</LatitudeDegrees><LongitudeDegrees>18.760332</LongitudeDegrees></Position><AltitudeMeters>7.114</AltitudeMeters><HeartRateBpm><Value>95</Value></HeartRateBpm></Trackpoint><Trackpoint><Time>2026-05-01T08:44:52.532Z</Time><Position><LatitudeDegrees>60.068317</LatitudeDegrees><LongitudeDegrees>18.760303</LongitudeDegrees></Position><AltitudeMeters>7.198</AltitudeMeters><HeartRateBpm><Value>95</Value></HeartRateBpm></Trackpoint><Trackpoint><Time>2026-05-01T08:44:53.540Z</Time><Position><LatitudeDegrees>60.06832</LatitudeDegrees><LongitudeDegrees>18.760277</LongitudeDegrees></Position><AltitudeMeters>7.336</AltitudeMeters><HeartRateBpm><Value>95</Value></HeartRateBpm></Trackpoint><Trackpoint><Time>2026-05-01T08:44:54.547Z</Time><Position><LatitudeDegrees>60.068325</LatitudeDegrees><LongitudeDegrees>18.760248</LongitudeDegrees></Position><AltitudeMeters>7.458</AltitudeMeters><HeartRateBpm><Value>95</Value></HeartRateBpm></Trackpoint><Trackpoint><Time>2026-05-01T08:44:55.555Z</Time><Position><LatitudeDegrees>60.06833</LatitudeDegrees><LongitudeDegrees>18.760223</LongitudeDegrees></Position><AltitudeMeters>7.549</AltitudeMeters><HeartRateBpm><Value>94</Value></HeartRateBpm></Trackpoint><Trackpoint><Time>2026-05-01T08:44:56.563Z</Time><Position><LatitudeDegrees>60.068336</LatitudeDegrees><LongitudeDegrees>18.760199</LongitudeDegrees></Position><AltitudeMeters>7.629</AltitudeMeters><HeartRateBpm><Value>94</Value></HeartRateBpm></Trackpoint><Trackpoint><Time>2026-05-01T08:44:57.571Z</Time><Position><LatitudeDegrees>60.068344</LatitudeDegrees><LongitudeDegrees>18.76018</LongitudeDegrees></Position><AltitudeMeters>7.734</AltitudeMeters><HeartRateBpm><Value>94</Value></HeartRateBpm></Trackpoint><Trackpoint><Time>2026-05-01T08:44:58.580Z</Time><Position><LatitudeDegrees>60.06835</LatitudeDegrees><LongitudeDegrees>18.760164</LongitudeDegrees></Position><AltitudeMeters>7.823</AltitudeMeters><HeartRateBpm><Value>94</Value></HeartRateBpm></Trackpoint><Trackpoint><Time>2026-05-01T08:44:59.587Z</Time><Position><LatitudeDegrees>60.06836</LatitudeDegrees><LongitudeDegrees>18.760159</LongitudeDegrees></Position><AltitudeMeters>7.922</AltitudeMeters><HeartRateBpm><Value>94</Value></HeartRateBpm></Trackpoint><Trackpoint><Time>2026-05-01T08:45:00.596Z</Time><Position><LatitudeDegrees>60.068367</LatitudeDegrees><LongitudeDegrees>18.760162</LongitudeDegrees></Position><AltitudeMeters>7.982</AltitudeMeters><HeartRateBpm><Value>94</Value></HeartRateBpm></Trackpoint><Trackpoint><Time>2026-05-01T08:45:01.605Z</Time><Position><LatitudeDegrees>60.068375</LatitudeDegrees><LongitudeDegrees>18.760178</LongitudeDegrees></Position><AltitudeMeters>8.073</AltitudeMeters><HeartRateBpm><Value>94</Value></HeartRateBpm></Trackpoint><Trackpoint><Time>2026-05-01T08:45:02.615Z</Time><Position><LatitudeDegrees>60.06838</LatitudeDegrees><LongitudeDegrees>18.7602</LongitudeDegrees></Position><AltitudeMeters>8.094</AltitudeMeters><HeartRateBpm><Value>94</Value></HeartRateBpm></Trackpoint><Trackpoint><Time>2026-05-01T08:45:03.624Z</Time><Position><LatitudeDegrees>60.068386</LatitudeDegrees><LongitudeDegrees>18.760208</LongitudeDegrees></Position><AltitudeMeters>8.096</AltitudeMeters><HeartRateBpm><Value>94</Value></HeartRateBpm></Trackpoint><Trackpoint><Time>2026-05-01T08:45:04.633Z</Time><Position><LatitudeDegrees>60.06839</LatitudeDegrees><LongitudeDegrees>18.760218</LongitudeDegrees></Position><AltitudeMeters>8.111</AltitudeMeters><HeartRateBpm><Value>94</Value></HeartRateBpm></Trackpoint><Trackpoint><Time>2026-05-01T08:47:05.712Z</Time><Position><LatitudeDegrees>60.068398</LatitudeDegrees><LongitudeDegrees>18.760231</LongitudeDegrees></Position><AltitudeMeters>8.242</AltitudeMeters><HeartRateBpm><Value>102</Value></HeartRateBpm></Trackpoint><Trackpoint><Time>2026-05-01T08:47:06.715Z</Time><Position><LatitudeDegrees>60.0684</LatitudeDegrees><LongitudeDegrees>18.760248</LongitudeDegrees></Position><AltitudeMeters>8.185</AltitudeMeters><HeartRateBpm><Value>103</Value></HeartRateBpm></Trackpoint><Trackpoint><Time>2026-05-01T08:47:07.716Z</Time><Position><LatitudeDegrees>60.06841</LatitudeDegrees><LongitudeDegrees>18.760267</LongitudeDegrees></Position><AltitudeMeters>8.124</AltitudeMeters><HeartRateBpm><Value>103</Value></HeartRateBpm></Trackpoint><Trackpoint><Time>2026-05-01T08:47:08.718Z</Time><Position><LatitudeDegrees>60.068413</LatitudeDegrees><LongitudeDegrees>18.76029</LongitudeDegrees></Position><AltitudeMeters>8.119</AltitudeMeters><HeartRateBpm><Value>103</Value></HeartRateBpm></Trackpoint><Trackpoint><Time>2026-05-01T08:47:09.718Z</Time><Position><LatitudeDegrees>60.068417</LatitudeDegrees><LongitudeDegrees>18.760319</LongitudeDegrees></Position><AltitudeMeters>8.089</AltitudeMeters><HeartRateBpm><Value>103</Value></HeartRateBpm></Trackpoint><Trackpoint><Time>2026-05-01T08:47:10.719Z</Time><Position><LatitudeDegrees>60.068417</LatitudeDegrees><LongitudeDegrees>18.760315</LongitudeDegrees></Position><AltitudeMeters>8.054</AltitudeMeters><HeartRateBpm><Value>103</Value></HeartRateBpm></Trackpoint><Trackpoint><Time>2026-05-01T08:47:11.720Z</Time><Position><LatitudeDegrees>60.06842</LatitudeDegrees><LongitudeDegrees>18.760303</LongitudeDegrees></Position><AltitudeMeters>8.06</AltitudeMeters><HeartRateBpm><Value>102</Value></HeartRateBpm></Trackpoint><Trackpoint><Time>2026-05-01T08:47:12.721Z</Time><Position><LatitudeDegrees>60.06842</LatitudeDegrees><LongitudeDegrees>18.760286</LongitudeDegrees></Position><AltitudeMeters>8.066</AltitudeMeters><HeartRateBpm><Value>101</Value></HeartRateBpm></Trackpoint></Track></Lap></Activity></Activities></TrainingCenterDatabase>