<?xml version='1.0' encoding='UTF-8' standalone='yes' ?><TrainingCenterDatabase xsi:schemaLocation="http://www.garmin.com/xmlschemas/TrainingCenterDatabase/v2 http://www.garmin.com/xmlschemas/TrainingCenterDatabasev2.xsd" xmlns:ns5="http://www.garmin.com/xmlschemas/ActivityGoals/v1" xmlns:ns3="http://www.garmin.com/xmlschemas/ActivityExtension/v2" xmlns:ns2="http://www.garmin.com/xmlschemas/UserProfile/v2" xmlns="http://www.garmin.com/xmlschemas/TrainingCenterDatabase/v2" xmlns:xsi="http://www.w3.org/2001/XMLSchema-instance" xmlns:ns4="http://www.garmin.com/xmlschemas/ProfileExtension/v1"><Activities><Activity Sport="Biking"><Id>2026-05-02T08:19:42.309Z</Id><Author><Name>Samsung Health</Name></Author><Lap StartTime="2026-05-02T08:19:42.309Z"><TotalTimeSeconds>2770</TotalTimeSeconds><DistanceMeters>11770.3125</DistanceMeters><Calories>369</Calories><MaximumSpeed>8.633642</MaximumSpeed><AverageHeartRateBpm><Value>112</Value></AverageHeartRateBpm><MaximumHeartRateBpm><Value>150</Value></MaximumHeartRateBpm><Intensity>Active</Intensity><TriggerMethod>Manual</TriggerMethod><Track><Trackpoint><Time>2026-05-02T08:19:50.549Z</Time><Position><LatitudeDegrees>60.068447</LatitudeDegrees><LongitudeDegrees>18.76025</LongitudeDegrees></Position><AltitudeMeters>-2.3459992</AltitudeMeters><HeartRateBpm><Value>102</Value></HeartRateBpm></Trackpoint><Trackpoint><Time>2026-05-02T08:19:51.551Z</Time><Position><LatitudeDegrees>60.068405</LatitudeDegrees><LongitudeDegrees>18.760214</LongitudeDegrees></Position><AltitudeMeters>-2.4909997</AltitudeMeters><HeartRateBpm><Value>102</Value></HeartRateBpm></Trackpoint><Trackpoint><Time>2026-05-02T08:19:52.554Z</Time><Position><LatitudeDegrees>60.068386</LatitudeDegrees><LongitudeDegrees>18.760193</LongitudeDegrees></Position><AltitudeMeters>-2.551</AltitudeMeters><HeartRateBpm><Value>102</Value></HeartRateBpm></Trackpoint><Trackpoint><Time>2026-05-02T08:19:53.556Z</Time><Position><LatitudeDegrees>60.06837</LatitudeDegrees><LongitudeDegrees>18.760193</LongitudeDegrees></Position><AltitudeMeters>-2.7029996</AltitudeMeters><HeartRateBpm><Value>103</Value></HeartRateBpm></Trackpoint><Trackpoint><Time>2026-05-02T08:19:54.553Z</Time><Position><LatitudeDegrees>60.06836</LatitudeDegrees><LongitudeDegrees>18.760204</LongitudeDegrees></Position><AltitudeMeters>-2.8709998</AltitudeMeters><HeartRateBpm><Value>105</Value></HeartRateBpm></Trackpoint><Trackpoint><Time>2026-05-02T08:19:55.555Z</Time><Position><LatitudeDegrees>60.068348</LatitudeDegrees><LongitudeDegrees>18.760225</LongitudeDegrees></Position><AltitudeMeters>-2.907</AltitudeMeters><HeartRateBpm><Value>106</Value></HeartRateBpm></Trackpoint><Trackpoint><Time>2026-05-02T08:19:56.553Z</Time><Position><LatitudeDegrees>60.06834</LatitudeDegrees><LongitudeDegrees>18.76027</LongitudeDegrees></Position><AltitudeMeters>-3.0539994</AltitudeMeters><HeartRateBpm><Value>107</Value></HeartRateBpm></Trackpoint><Trackpoint><Time>2026-05-02T08:19:57.555Z</Time><Position><LatitudeDegrees>60.068333</LatitudeDegrees><LongitudeDegrees>18.760326</LongitudeDegrees></Position><AltitudeMeters>-3.2069993</AltitudeMeters><HeartRateBpm><Value>108</Value></HeartRateBpm></Trackpoint><Trackpoint><Time>2026-05-02T08:19:58.557Z</Time><Position><LatitudeDegrees>60.068325</LatitudeDegrees><LongitudeDegrees>18.760395</LongitudeDegrees></Position><AltitudeMeters>-3.1959996</AltitudeMeters><HeartRateBpm><Value>110</Value></HeartRateBpm></Trackpoint><Trackpoint><Time>2026-05-02T08:19:59.557Z</Time><Position><LatitudeDegrees>60.068314</LatitudeDegrees><LongitudeDegrees>18.760464</LongitudeDegrees></Position><AltitudeMeters>-3.1699996</AltitudeMeters><HeartRateBpm><Value>110</Value></HeartRateBpm></Trackpoint><Trackpoint><Time>2026-05-02T08:20:00.567Z</Time><Position><LatitudeDegrees>60.068302</LatitudeDegrees><LongitudeDegrees>18.760536</LongitudeDegrees></Position><AltitudeMeters>-3.324</AltitudeMeters><HeartRateBpm><Value>110</Value></HeartRateBpm></Trackpoint><Trackpoint><Time>2026-05-02T08:20:01.575Z</Time><Position><LatitudeDegrees>60.068287</LatitudeDegrees><LongitudeDegrees>18.76061</LongitudeDegrees></Position><AltitudeMeters>-3.4959998</AltitudeMeters><HeartRateBpm><Value>111</Value></HeartRateBpm></Trackpoint><Trackpoint><Time>2026-05-02T08:20:02.582Z</Time><Position><LatitudeDegrees>60.06827</LatitudeDegrees><LongitudeDegrees>18.760683</LongitudeDegrees></Position><AltitudeMeters>-3.6339993</AltitudeMeters><HeartRateBpm><Value>111</Value></HeartRateBpm></Trackpoint><Trackpoint><Time>2026-05-02T08:20:03.590Z</Time><Position><LatitudeDegrees>60.068253</LatitudeDegrees><LongitudeDegrees>18.760756</LongitudeDegrees></Position><AltitudeMeters>-3.7149997</AltitudeMeters><HeartRateBpm><Value>111</Value></HeartRateBpm></Trackpoint><Trackpoint><Time>2026-05-02T08:20:04.597Z</Time><Position><LatitudeDegrees>60.068226</LatitudeDegrees><LongitudeDegrees>18.760822</LongitudeDegrees></Position><AltitudeMeters>-3.7139993</AltitudeMeters><HeartRateBpm><Value>111</Value></HeartRateBpm></Trackpoint><Trackpoint><Time>2026-05-02T08:20:05.607Z</Time><Position><LatitudeDegrees>60.068195</LatitudeDegrees><LongitudeDegrees>18.760887</LongitudeDegrees></Position><AltitudeMeters>-3.598</AltitudeMeters><HeartRateBpm><Value>109</Value></HeartRateBpm></Trackpoint><Trackpoint><Time>2026-05-02T08:20:06.617Z</Time><Position><LatitudeDegrees>60.068165</LatitudeDegrees><LongitudeDegrees>18.760939</LongitudeDegrees></Position><AltitudeMeters>-2.9619994</AltitudeMeters><HeartRateBpm><Value>108</Value></HeartRateBpm></Trackpoint><Trackpoint><Time>2026-05-02T08:20:07.624Z</Time><Position><LatitudeDegrees>60.068134</LatitudeDegrees><LongitudeDegrees>18.76098</LongitudeDegrees></Position><AltitudeMeters>-2.4619994</AltitudeMeters><HeartRateBpm><Value>106</Value></HeartRateBpm></Trackpoint><Trackpoint><Time>2026-05-02T08:20:08.622Z</Time><Position><LatitudeDegrees>60.068104</LatitudeDegrees><LongitudeDegrees>18.760998</LongitudeDegrees></Position><AltitudeMeters>-2.2879996</AltitudeMeters><HeartRateBpm><Value>105</Value></HeartRateBpm></Trackpoint><Trackpoint><Time>2026-05-02T08:20:09.622Z</Time><Position><LatitudeDegrees>60.06807</LatitudeDegrees><LongitudeDegrees>18.761003</LongitudeDegrees></Position><AltitudeMeters>-2.2209992</AltitudeMeters><HeartRateBpm><Value>103</Value></HeartRateBpm></Trackpoint><Trackpoint><Time>2026-05-02T08:20:10.627Z</Time><Position><LatitudeDegrees>60.068035</LatitudeDegrees><LongitudeDegrees>18.761003</LongitudeDegrees></Position><AltitudeMeters>-2.1430001</AltitudeMeters><HeartRateBpm><Value>102</Value></HeartRateBpm></Trackpoint><Trackpoint><Time>2026-05-02T08:20:11.635Z</Time><Position><LatitudeDegrees>60.067997</LatitudeDegrees><LongitudeDegrees>18.760996</LongitudeDegrees></Position><AltitudeMeters>-1.9379992</AltitudeMeters><HeartRateBpm><Value>101</Value></HeartRateBpm></Trackpoint><Trackpoint><Time>2026-05-02T08:20:12.644Z</Time><Position><LatitudeDegrees>60.06796</LatitudeDegrees><LongitudeDegrees>18.760986</LongitudeDegrees></Position><AltitudeMeters>-1.8799996</AltitudeMeters><HeartRateBpm><Value>101</Value></HeartRateBpm></Trackpoint><Trackpoint><Time>2026-05-02T08:20:13.654Z</Time><Position><LatitudeDegrees>60.06792</LatitudeDegrees><LongitudeDegrees>18.760977</LongitudeDegrees></Position><AltitudeMeters>-1.539</AltitudeMeters><HeartRateBpm><Value>100</Value></HeartRateBpm></Trackpoint><Trackpoint><Time>2026-05-02T08:20:14.663Z</Time><Position><LatitudeDegrees>60.067886</LatitudeDegrees><LongitudeDegrees>18.760967</LongitudeDegrees></Position><AltitudeMeters>-1.539</AltitudeMeters><HeartRateBpm><Value>100</Value></HeartRateBpm></Trackpoint><Trackpoint><Time>2026-05-02T08:20:15.672Z</Time><Position><LatitudeDegrees>60.067852</LatitudeDegrees><LongitudeDegrees>18.760956</LongitudeDegrees></Position><AltitudeMeters>-1.195</AltitudeMeters><HeartRateBpm><Value>99</Value></HeartRateBpm></Trackpoint><Trackpoint><Time>2026-05-02T08:20:16.674Z</Time><Position><LatitudeDegrees>60.067814</LatitudeDegrees><LongitudeDegrees>18.760944</LongitudeDegrees></Position><AltitudeMeters>-0.748</AltitudeMeters><HeartRateBpm><Value>99</Value></HeartRateBpm></Trackpoint><Trackpoint><Time>2026-05-02T08:20:17.684Z</Time><Position><LatitudeDegrees>60.06778</LatitudeDegrees><LongitudeDegrees>18.760935</LongitudeDegrees></Position><AltitudeMeters>-0.849</AltitudeMeters><HeartRateBpm><Value>98</Value></HeartRateBpm></Trackpoint><Trackpoint><Time>2026-05-02T08:20:18.694Z</Time><Position><LatitudeDegrees>60.06774</LatitudeDegrees><LongitudeDegrees>18.760925</LongitudeDegrees></Position><AltitudeMeters>-1.426</AltitudeMeters><HeartRateBpm><Value>97</Value></HeartRateBpm></Trackpoint><Trackpoint><Time>2026-05-02T08:20:19.703Z</Time><Position><LatitudeDegrees>60.067707</LatitudeDegrees><LongitudeDegrees>18.760916</LongitudeDegrees></Position><AltitudeMeters>-1.931</AltitudeMeters><HeartRateBpm><Value>97</Value></HeartRateBpm></Trackpoint><Trackpoint><Time>2026-05-02T08:20:20.712Z</Time><Position><LatitudeDegrees>60.06767</LatitudeDegrees><LongitudeDegrees>18.760904</LongitudeDegrees></Position><AltitudeMeters>-2.073</AltitudeMeters><HeartRateBpm><Value>97</Value></HeartRateBpm></Trackpoint><Trackpoint><Time>2026-05-02T08:20:21.720Z</Time><Position><LatitudeDegrees>60.06763</LatitudeDegrees><LongitudeDegrees>18.760893</LongitudeDegrees></Position><AltitudeMeters>-2.177</AltitudeMeters><HeartRateBpm><Value>96</Value></HeartRateBpm></Trackpoint><Trackpoint><Time>2026-05-02T08:20:22.727Z</Time><Position><LatitudeDegrees>60.067593</LatitudeDegrees><LongitudeDegrees>18.760881</LongitudeDegrees></Position><AltitudeMeters>-2.595</AltitudeMeters><HeartRateBpm><Value>96</Value></HeartRateBpm></Trackpoint><Trackpoint><Time>2026-05-02T08:20:23.736Z</Time><Position><LatitudeDegrees>60.067547</LatitudeDegrees><LongitudeDegrees>18.760864</LongitudeDegrees></Position><AltitudeMeters>-3.192</AltitudeMeters><HeartRateBpm><Value>96</Value></HeartRateBpm></Trackpoint><Trackpoint><Time>2026-05-02T08:20:24.744Z</Time><Position><LatitudeDegrees>60.06751</LatitudeDegrees><LongitudeDegrees>18.760853</LongitudeDegrees></Position><AltitudeMeters>-3.48</AltitudeMeters><HeartRateBpm><Value>97</Value></HeartRateBpm></Trackpoint><Trackpoint><Time>2026-05-02T08:20:25.753Z</Time><Position><LatitudeDegrees>60.067467</LatitudeDegrees><LongitudeDegrees>18.760836</LongitudeDegrees></Position><AltitudeMeters>-3.198</AltitudeMeters><HeartRateBpm><Value>98</Value></HeartRateBpm></Trackpoint><Trackpoint><Time>2026-05-02T08:20:26.762Z</Time><Position><LatitudeDegrees>60.067417</LatitudeDegrees><LongitudeDegrees>18.760813</LongitudeDegrees></Position><AltitudeMeters>-3.521</AltitudeMeters><HeartRateBpm><Value>99</Value></HeartRateBpm></Trackpoint><Trackpoint><Time>2026-05-02T08:20:27.771Z</Time><Position><LatitudeDegrees>60.06737</LatitudeDegrees><LongitudeDegrees>18.760794</LongitudeDegrees></Position><AltitudeMeters>-3.247</AltitudeMeters><HeartRateBpm><Value>100</Value></HeartRateBpm></Trackpoint><Trackpoint><Time>2026-05-02T08:20:28.781Z</Time><Position><LatitudeDegrees>60.067318</LatitudeDegrees><LongitudeDegrees>18.760773</LongitudeDegrees></Position><AltitudeMeters>-3.49</AltitudeMeters><HeartRateBpm><Value>102</Value></HeartRateBpm></Trackpoint><Trackpoint><Time>2026-05-02T08:20:29.787Z</Time><Position><LatitudeDegrees>60.06727</LatitudeDegrees><LongitudeDegrees>18.760752</LongitudeDegrees></Position><AltitudeMeters>-3.999</AltitudeMeters><HeartRateBpm><Value>102</Value></HeartRateBpm></Trackpoint><Trackpoint><Time>2026-05-02T08:20:30.795Z</Time><Position><LatitudeDegrees>60.067223</LatitudeDegrees><LongitudeDegrees>18.760736</LongitudeDegrees></Position><AltitudeMeters>-3.998</AltitudeMeters><HeartRateBpm><Value>102</Value></HeartRateBpm></Trackpoint><Trackpoint><Time>2026-05-02T08:20:31.804Z</Time><Position><LatitudeDegrees>60.067173</LatitudeDegrees><LongitudeDegrees>18.760715</LongitudeDegrees></Position><AltitudeMeters>-4.155</AltitudeMeters><HeartRateBpm><Value>103</Value></HeartRateBpm></Trackpoint><Trackpoint><Time>2026-05-02T08:20:32.811Z</Time><Position><LatitudeDegrees>60.067127</LatitudeDegrees><LongitudeDegrees>18.760704</LongitudeDegrees></Position><AltitudeMeters>-4.299</AltitudeMeters><HeartRateBpm><Value>105</Value></HeartRateBpm></Trackpoint><Trackpoint><Time>2026-05-02T08:20:33.818Z</Time><Position><LatitudeDegrees>60.067085</LatitudeDegrees><LongitudeDegrees>18.760695</LongitudeDegrees></Position><AltitudeMeters>-4.387</AltitudeMeters><HeartRateBpm><Value>107</Value></HeartRateBpm></Trackpoint><Trackpoint><Time>2026-05-02T08:20:34.827Z</Time><Position><LatitudeDegrees>60.067047</LatitudeDegrees><LongitudeDegrees>18.760687</LongitudeDegrees></Position><AltitudeMeters>-4.287</AltitudeMeters><HeartRateBpm><Value>107</Value></HeartRateBpm></Trackpoint><Trackpoint><Time>2026-05-02T08:20:35.836Z</Time><Position><LatitudeDegrees>60.067013</LatitudeDegrees><LongitudeDegrees>18.760677</LongitudeDegrees></Position><AltitudeMeters>-4.248</AltitudeMeters><HeartRateBpm><Value>107</Value></HeartRateBpm></Trackpoint><Trackpoint><Time>2026-05-02T08:20:36.844Z</Time><Position><LatitudeDegrees>60.066975</LatitudeDegrees><LongitudeDegrees>18.760666</LongitudeDegrees></Position><AltitudeMeters>-4.242</AltitudeMeters><HeartRateBpm><Value>106</Value></HeartRateBpm></Trackpoint><Trackpoint><Time>2026-05-02T08:20:37.853Z</Time><Position><LatitudeDegrees>60.066936</LatitudeDegrees><LongitudeDegrees>18.76066</LongitudeDegrees></Position><AltitudeMeters>-4.251</AltitudeMeters><HeartRateBpm><Value>105</Value></HeartRateBpm></Trackpoint><Trackpoint><Time>2026-05-02T08:20:38.861Z</Time><Position><LatitudeDegrees>60.0669</LatitudeDegrees><LongitudeDegrees>18.760658</LongitudeDegrees></Position><AltitudeMeters>-4.412</AltitudeMeters><HeartRateBpm><Value>103</Value></HeartRateBpm></Trackpoint><Trackpoint><Time>2026-05-02T08:20:39.871Z</Time><Position><LatitudeDegrees>60.06686</LatitudeDegrees><LongitudeDegrees>18.760666</LongitudeDegrees></Position><AltitudeMeters>-4.488</AltitudeMeters><HeartRateBpm><Value>100</Value></HeartRateBpm></Trackpoint><Trackpoint><Time>2026-05-02T08:20:40.878Z</Time><Position><LatitudeDegrees>60.066822</LatitudeDegrees><LongitudeDegrees>18.760674</LongitudeDegrees></Position><AltitudeMeters>-4.557</AltitudeMeters><HeartRateBpm><Value>97</Value></HeartRateBpm></Trackpoint><Trackpoint><Time>2026-05-02T08:20:41.886Z</Time><Position><LatitudeDegrees>60.066784</LatitudeDegrees><LongitudeDegrees>18.760675</LongitudeDegrees></Position><AltitudeMeters>-4.432</AltitudeMeters><HeartRateBpm><Value>94</Value></HeartRateBpm></Trackpoint><Trackpoint><Time>2026-05-02T08:20:42.895Z</Time><Position><LatitudeDegrees>60.06675</LatitudeDegrees><LongitudeDegrees>18.760675</LongitudeDegrees></Position><AltitudeMeters>-3.974</AltitudeMeters><HeartRateBpm><Value>93</Value></HeartRateBpm></Trackpoint><Trackpoint><Time>2026-05-02T08:20:43.904Z</Time><Position><LatitudeDegrees>60.066715</LatitudeDegrees><LongitudeDegrees>18.760674</LongitudeDegrees></Position><AltitudeMeters>-3.788</AltitudeMeters><HeartRateBpm><Value>92</Value></HeartRateBpm></Trackpoint><Trackpoint><Time>2026-05-02T08:20:44.912Z</Time><Position><LatitudeDegrees>60.066685</LatitudeDegrees><LongitudeDegrees>18.760672</LongitudeDegrees></Position><AltitudeMeters>-3.596</AltitudeMeters><HeartRateBpm><Value>92</Value></HeartRateBpm></Trackpoint><Trackpoint><Time>2026-05-02T08:20:45.918Z</Time><Position><LatitudeDegrees>60.066654</LatitudeDegrees><LongitudeDegrees>18.760658</LongitudeDegrees></Position><AltitudeMeters>-3.562</AltitudeMeters><HeartRateBpm><Value>92</Value></HeartRateBpm></Trackpoint><Trackpoint><Time>2026-05-02T08:20:46.924Z</Time><Position><LatitudeDegrees>60.066616</LatitudeDegrees><LongitudeDegrees>18.760637</LongitudeDegrees></Position><AltitudeMeters>-3.047</AltitudeMeters><HeartRateBpm><Value>91</Value></HeartRateBpm></Trackpoint><Trackpoint><Time>2026-05-02T08:20:47.933Z</Time><Position><LatitudeDegrees>60.066578</LatitudeDegrees><LongitudeDegrees>18.760612</LongitudeDegrees></Position><AltitudeMeters>-2.966</AltitudeMeters><HeartRateBpm><Value>89</Value></HeartRateBpm></Trackpoint><Trackpoint><Time>2026-05-02T08:20:48.942Z</Time><Position><LatitudeDegrees>60.06654</LatitudeDegrees><LongitudeDegrees>18.760593</LongitudeDegrees></Position><AltitudeMeters>-2.818</AltitudeMeters><HeartRateBpm><Value>89</Value></HeartRateBpm></Trackpoint><Trackpoint><Time>2026-05-02T08:20:49.950Z</Time><Position><LatitudeDegrees>60.066505</LatitudeDegrees><LongitudeDegrees>18.760582</LongitudeDegrees></Position><AltitudeMeters>-2.973</AltitudeMeters><HeartRateBpm><Value>88</Value></HeartRateBpm></Trackpoint><Trackpoint><Time>2026-05-02T08:20:50.957Z</Time><Position><LatitudeDegrees>60.066475</LatitudeDegrees><LongitudeDegrees>18.760572</LongitudeDegrees></Position><AltitudeMeters>-2.846</AltitudeMeters><HeartRateBpm><Value>89</Value></HeartRateBpm></Trackpoint><Trackpoint><Time>2026-05-02T08:20:51.966Z</Time><Position><LatitudeDegrees>60.066444</LatitudeDegrees><LongitudeDegrees>18.760563</LongitudeDegrees></Position><AltitudeMeters>-2.708</AltitudeMeters><HeartRateBpm><Value>89</Value></HeartRateBpm></Trackpoint><Trackpoint><Time>2026-05-02T08:20:52.975Z</Time><Position><LatitudeDegrees>60.066414</LatitudeDegrees><LongitudeDegrees>18.76056</LongitudeDegrees></Position><AltitudeMeters>-2.286</AltitudeMeters><HeartRateBpm><Value>89</Value></HeartRateBpm></Trackpoint><Trackpoint><Time>2026-05-02T08:20:53.983Z</Time><Position><LatitudeDegrees>60.066383</LatitudeDegrees><LongitudeDegrees>18.760557</LongitudeDegrees></Position><AltitudeMeters>-1.593</AltitudeMeters><HeartRateBpm><Value>88</Value></HeartRateBpm></Trackpoint><Trackpoint><Time>2026-05-02T08:20:54.992Z</Time><Position><LatitudeDegrees>60.066353</LatitudeDegrees><LongitudeDegrees>18.760555</LongitudeDegrees></Position><AltitudeMeters>-1.353</AltitudeMeters><HeartRateBpm><Value>87</Value></HeartRateBpm></Trackpoint><Trackpoint><Time>2026-05-02T08:20:56.001Z</Time><Position><LatitudeDegrees>60.066326</LatitudeDegrees><LongitudeDegrees>18.760551</LongitudeDegrees></Position><AltitudeMeters>-1.65</AltitudeMeters><HeartRateBpm><Value>86</Value></HeartRateBpm></Trackpoint><Trackpoint><Time>2026-05-02T08:20:57.007Z</Time><Position><LatitudeDegrees>60.0663</LatitudeDegrees><LongitudeDegrees>18.760544</LongitudeDegrees></Position><AltitudeMeters>-1.875</AltitudeMeters><HeartRateBpm><Value>85</Value></HeartRateBpm></Trackpoint><Trackpoint><Time>2026-05-02T08:20:58.016Z</Time><Position><LatitudeDegrees>60.066277</LatitudeDegrees><LongitudeDegrees>18.760536</LongitudeDegrees></Position><AltitudeMeters>-1.995</AltitudeMeters><HeartRateBpm><Value>83</Value></HeartRateBpm></Trackpoint><Trackpoint><Time>2026-05-02T08:20:59.025Z</Time><Position><LatitudeDegrees>60.06625</LatitudeDegrees><LongitudeDegrees>18.760525</LongitudeDegrees></Position><AltitudeMeters>-2.099</AltitudeMeters><HeartRateBpm><Value>83</Value></HeartRateBpm></Trackpoint><Trackpoint><Time>2026-05-02T08:21:00.033Z</Time><Position><LatitudeDegrees>60.066227</LatitudeDegrees><LongitudeDegrees>18.760511</LongitudeDegrees></Position><AltitudeMeters>-1.633</AltitudeMeters><HeartRateBpm><Value>83</Value></HeartRateBpm></Trackpoint><Trackpoint><Time>2026-05-02T08:21:01.041Z</Time><Position><LatitudeDegrees>60.066204</LatitudeDegrees><LongitudeDegrees>18.760496</LongitudeDegrees></Position><AltitudeMeters>-1.301</AltitudeMeters><HeartRateBpm><Value>82</Value></HeartRateBpm></Trackpoint><Trackpoint><Time>2026-05-02T08:21:02.051Z</Time><Position><LatitudeDegrees>60.066185</LatitudeDegrees><LongitudeDegrees>18.76048</LongitudeDegrees></Position><AltitudeMeters>-1.012</AltitudeMeters><HeartRateBpm><Value>82</Value></HeartRateBpm></Trackpoint><Trackpoint><Time>2026-05-02T08:21:03.057Z</Time><Position><LatitudeDegrees>60.066162</LatitudeDegrees><LongitudeDegrees>18.760466</LongitudeDegrees></Position><AltitudeMeters>-0.895</AltitudeMeters><HeartRateBpm><Value>81</Value></HeartRateBpm></Trackpoint><Trackpoint><Time>2026-05-02T08:21:04.066Z</Time><Position><LatitudeDegrees>60.06614</LatitudeDegrees><LongitudeDegrees>18.76045</LongitudeDegrees></Position><AltitudeMeters>-0.656</AltitudeMeters><HeartRateBpm><Value>82</Value></HeartRateBpm></Trackpoint><Trackpoint><Time>2026-05-02T08:21:05.075Z</Time><Position><LatitudeDegrees>60.066113</LatitudeDegrees><LongitudeDegrees>18.760435</LongitudeDegrees></Position><AltitudeMeters>-0.416</AltitudeMeters><HeartRateBpm><Value>81</Value></HeartRateBpm></Trackpoint><Trackpoint><Time>2026-05-02T08:21:06.083Z</Time><Position><LatitudeDegrees>60.06609</LatitudeDegrees><LongitudeDegrees>18.760418</LongitudeDegrees></Position><AltitudeMeters>-0.68</AltitudeMeters><HeartRateBpm><Value>82</Value></HeartRateBpm></Trackpoint><Trackpoint><Time>2026-05-02T08:21:07.091Z</Time><Position><LatitudeDegrees>60.066067</LatitudeDegrees><LongitudeDegrees>18.760399</LongitudeDegrees></Position><AltitudeMeters>-0.665</AltitudeMeters><HeartRateBpm><Value>82</Value></HeartRateBpm></Trackpoint><Trackpoint><Time>2026-05-02T08:21:08.096Z</Time><Position><LatitudeDegrees>60.06604</LatitudeDegrees><LongitudeDegrees>18.760382</LongitudeDegrees></Position><AltitudeMeters>-0.714</AltitudeMeters><HeartRateBpm><Value>81</Value></HeartRateBpm></Trackpoint><Trackpoint><Time>2026-05-02T08:21:09.105Z</Time><Position><LatitudeDegrees>60.066013</LatitudeDegrees><LongitudeDegrees>18.760365</LongitudeDegrees></Position><AltitudeMeters>-0.459</AltitudeMeters><HeartRateBpm><Value>81</Value></HeartRateBpm></Trackpoint><Trackpoint><Time>2026-05-02T08:21:10.113Z</Time><Position><LatitudeDegrees>60.065987</LatitudeDegrees><LongitudeDegrees>18.760347</LongitudeDegrees></Position><AltitudeMeters>-0.336</AltitudeMeters><HeartRateBpm><Value>79</Value></HeartRateBpm></Trackpoint><Trackpoint><Time>2026-05-02T08:21:11.123Z</Time><Position><LatitudeDegrees>60.06596</LatitudeDegrees><LongitudeDegrees>18.76033</LongitudeDegrees></Position><AltitudeMeters>-0.356</AltitudeMeters><HeartRateBpm><Value>77</Value></HeartRateBpm></Trackpoint><Trackpoint><Time>2026-05-02T08:21:12.132Z</Time><Position><LatitudeDegrees>60.065933</LatitudeDegrees><LongitudeDegrees>18.760313</LongitudeDegrees></Position><AltitudeMeters>0.184</AltitudeMeters><HeartRateBpm><Value>75</Value></HeartRateBpm></Trackpoint><Trackpoint><Time>2026-05-02T08:21:13.141Z</Time><Position><LatitudeDegrees>60.065903</LatitudeDegrees><LongitudeDegrees>18.760298</LongitudeDegrees></Position><AltitudeMeters>0.124</AltitudeMeters><HeartRateBpm><Value>73</Value></HeartRateBpm></Trackpoint><Trackpoint><Time>2026-05-02T08:21:14.146Z</Time><Position><LatitudeDegrees>60.065876</LatitudeDegrees><LongitudeDegrees>18.76028</LongitudeDegrees></Position><HeartRateBpm><Value>70</Value></HeartRateBpm></Trackpoint><Trackpoint><Time>2026-05-02T08:21:15.154Z</Time><Position><LatitudeDegrees>60.065845</LatitudeDegrees><LongitudeDegrees>18.760263</LongitudeDegrees></Position><AltitudeMeters>0.022</AltitudeMeters><HeartRateBpm><Value>69</Value></HeartRateBpm></Trackpoint><Trackpoint><Time>2026-05-02T08:21:16.163Z</Time><Position><LatitudeDegrees>60.06582</LatitudeDegrees><LongitudeDegrees>18.760246</LongitudeDegrees></Position><AltitudeMeters>0.239</AltitudeMeters><HeartRateBpm><Value>67</Value></HeartRateBpm></Trackpoint><Trackpoint><Time>2026-05-02T08:21:17.172Z</Time><Position><LatitudeDegrees>60.06579</LatitudeDegrees><LongitudeDegrees>18.760231</LongitudeDegrees></Position><AltitudeMeters>0.112</AltitudeMeters><HeartRateBpm><Value>66</Value></HeartRateBpm></Trackpoint><Trackpoint><Time>2026-05-02T08:21:18.181Z</Time><Position><LatitudeDegrees>60.065758</LatitudeDegrees><LongitudeDegrees>18.760216</LongitudeDegrees></Position><AltitudeMeters>-0.047</AltitudeMeters><HeartRateBpm><Value>64</Value></HeartRateBpm></Trackpoint><Trackpoint><Time>2026-05-02T08:21:19.188Z</Time><Position><LatitudeDegrees>60.065727</LatitudeDegrees><LongitudeDegrees>18.760202</LongitudeDegrees></Position><AltitudeMeters>-0.22</AltitudeMeters><HeartRateBpm><Value>64</Value></HeartRateBpm></Trackpoint><Trackpoint><Time>2026-05-02T08:21:20.194Z</Time><Position><LatitudeDegrees>60.065693</LatitudeDegrees><LongitudeDegrees>18.760187</LongitudeDegrees></Position><AltitudeMeters>-0.256</AltitudeMeters><HeartRateBpm><Value>64</Value></HeartRateBpm></Trackpoint><Trackpoint><Time>2026-05-02T08:21:21.202Z</Time><Position><LatitudeDegrees>60.06566</LatitudeDegrees><LongitudeDegrees>18.76017</LongitudeDegrees></Position><AltitudeMeters>-0.372</AltitudeMeters><HeartRateBpm><Value>64</Value></HeartRateBpm></Trackpoint><Trackpoint><Time>2026-05-02T08:21:22.212Z</Time><Position><LatitudeDegrees>60.065624</LatitudeDegrees><LongitudeDegrees>18.76015</LongitudeDegrees></Position><AltitudeMeters>-0.438</AltitudeMeters><HeartRateBpm><Value>64</Value></HeartRateBpm></Trackpoint><Trackpoint><Time>2026-05-02T08:21:23.221Z</Time><Position><LatitudeDegrees>60.06559</LatitudeDegrees><LongitudeDegrees>18.760132</LongitudeDegrees></Position><AltitudeMeters>-0.425</AltitudeMeters><HeartRateBpm><Value>65</Value></HeartRateBpm></Trackpoint><Trackpoint><Time>2026-05-02T08:21:24.228Z</Time><Position><LatitudeDegrees>60.065556</LatitudeDegrees><LongitudeDegrees>18.760103</LongitudeDegrees></Position><AltitudeMeters>0.078</AltitudeMeters><HeartRateBpm><Value>66</Value></HeartRateBpm></Trackpoint><Trackpoint><Time>2026-05-02T08:21:25.235Z</Time><Position><LatitudeDegrees>60.06552</LatitudeDegrees><LongitudeDegrees>18.760073</LongitudeDegrees></Position><AltitudeMeters>0.762</AltitudeMeters><HeartRateBpm><Value>66</Value></HeartRateBpm></Trackpoint><Trackpoint><Time>2026-05-02T08:21:26.235Z</Time><Position><LatitudeDegrees>60.065487</LatitudeDegrees><LongitudeDegrees>18.760038</LongitudeDegrees></Position><AltitudeMeters>0.263</AltitudeMeters><HeartRateBpm><Value>67</Value></HeartRateBpm></Trackpoint><Trackpoint><Time>2026-05-02T08:21:27.234Z</Time><Position><LatitudeDegrees>60.065456</LatitudeDegrees><LongitudeDegrees>18.760004</LongitudeDegrees></Position><AltitudeMeters>-0.679</AltitudeMeters><HeartRateBpm><Value>68</Value></HeartRateBpm></Trackpoint><Trackpoint><Time>2026-05-02T08:21:28.236Z</Time><Position><LatitudeDegrees>60.065426</LatitudeDegrees><LongitudeDegrees>18.759972</LongitudeDegrees></Position><AltitudeMeters>-1.054</AltitudeMeters><HeartRateBpm><Value>69</Value></HeartRateBpm></Trackpoint><Trackpoint><Time>2026-05-02T08:21:29.235Z</Time><Position><LatitudeDegrees>60.065395</LatitudeDegrees><LongitudeDegrees>18.759941</LongitudeDegrees></Position><AltitudeMeters>-1.075</AltitudeMeters><HeartRateBpm><Value>70</Value></HeartRateBpm></Trackpoint><Trackpoint><Time>2026-05-02T08:21:30.235Z</Time><Position><LatitudeDegrees>60.06537</LatitudeDegrees><LongitudeDegrees>18.75991</LongitudeDegrees></Position><AltitudeMeters>-1.254</AltitudeMeters><HeartRateBpm><Value>71</Value></HeartRateBpm></Trackpoint><Trackpoint><Time>2026-05-02T08:21:31.235Z</Time><Position><LatitudeDegrees>60.065342</LatitudeDegrees><LongitudeDegrees>18.75988</LongitudeDegrees></Position><AltitudeMeters>-1.629</AltitudeMeters><HeartRateBpm><Value>71</Value></HeartRateBpm></Trackpoint><Trackpoint><Time>2026-05-02T08:21:32.236Z</Time><Position><LatitudeDegrees>60.065315</LatitudeDegrees><LongitudeDegrees>18.759848</LongitudeDegrees></Position><AltitudeMeters>-1.479</AltitudeMeters><HeartRateBpm><Value>72</Value></HeartRateBpm></Trackpoint><Trackpoint><Time>2026-05-02T08:21:33.235Z</Time><Position><LatitudeDegrees>60.065285</LatitudeDegrees><LongitudeDegrees>18.759813</LongitudeDegrees></Position><AltitudeMeters>-0.82</AltitudeMeters><HeartRateBpm><Value>73</Value></HeartRateBpm></Trackpoint><Trackpoint><Time>2026-05-02T08:21:34.235Z</Time><Position><LatitudeDegrees>60.065258</LatitudeDegrees><LongitudeDegrees>18.759779</LongitudeDegrees></Position><AltitudeMeters>-0.229</AltitudeMeters><HeartRateBpm><Value>73</Value></HeartRateBpm></Trackpoint><Trackpoint><Time>2026-05-02T08:21:35.243Z</Time><Position><LatitudeDegrees>60.06523</LatitudeDegrees><LongitudeDegrees>18.759745</LongitudeDegrees></Position><AltitudeMeters>-0.296</AltitudeMeters><HeartRateBpm><Value>73</Value></HeartRateBpm></Trackpoint><Trackpoint><Time>2026-05-02T08:21:36.251Z</Time><Position><LatitudeDegrees>60.0652</LatitudeDegrees><LongitudeDegrees>18.75971</LongitudeDegrees></Position><AltitudeMeters>0.003</AltitudeMeters><HeartRateBpm><Value>73</Value></HeartRateBpm></Trackpoint><Trackpoint><Time>2026-05-02T08:21:37.258Z</Time><Position><LatitudeDegrees>60.065174</LatitudeDegrees><LongitudeDegrees>18.759674</LongitudeDegrees></Position><AltitudeMeters>0.088</AltitudeMeters><HeartRateBpm><Value>73</Value></HeartRateBpm></Trackpoint><Trackpoint><Time>2026-05-02T08:21:38.267Z</Time><Position><LatitudeDegrees>60.065147</LatitudeDegrees><LongitudeDegrees>18.759638</LongitudeDegrees></Position><AltitudeMeters>0.324</AltitudeMeters><HeartRateBpm><Value>73</Value></HeartRateBpm></Trackpoint><Trackpoint><Time>2026-05-02T08:21:39.275Z</Time><Position><LatitudeDegrees>60.06512</LatitudeDegrees><LongitudeDegrees>18.759602</LongitudeDegrees></Position><AltitudeMeters>0.082</AltitudeMeters><HeartRateBpm><Value>73</Value></HeartRateBpm></Trackpoint><Trackpoint><Time>2026-05-02T08:21:40.281Z</Time><Position><LatitudeDegrees>60.065094</LatitudeDegrees><LongitudeDegrees>18.759565</LongitudeDegrees></Position><AltitudeMeters>-0.162</AltitudeMeters><HeartRateBpm><Value>72</Value></HeartRateBpm></Trackpoint><Trackpoint><Time>2026-05-02T08:21:41.283Z</Time><Position><LatitudeDegrees>60.065063</LatitudeDegrees><LongitudeDegrees>18.759525</LongitudeDegrees></Position><AltitudeMeters>0.218</AltitudeMeters><HeartRateBpm><Value>72</Value></HeartRateBpm></Trackpoint><Trackpoint><Time>2026-05-02T08:21:42.286Z</Time><Position><LatitudeDegrees>60.065037</LatitudeDegrees><LongitudeDegrees>18.759487</LongitudeDegrees></Position><AltitudeMeters>0.366</AltitudeMeters><HeartRateBpm><Value>72</Value></HeartRateBpm></Trackpoint><Trackpoint><Time>2026-05-02T08:21:43.292Z</Time><Position><LatitudeDegrees>60.065014</LatitudeDegrees><LongitudeDegrees>18.75945</LongitudeDegrees></Position><AltitudeMeters>0.087</AltitudeMeters><HeartRateBpm><Value>72</Value></HeartRateBpm></Trackpoint><Trackpoint><Time>2026-05-02T08:21:44.296Z</Time><Position><LatitudeDegrees>60.064987</LatitudeDegrees><LongitudeDegrees>18.759417</LongitudeDegrees></Position><AltitudeMeters>0.065</AltitudeMeters><HeartRateBpm><Value>72</Value></HeartRateBpm></Trackpoint><Trackpoint><Time>2026-05-02T08:21:45.304Z</Time><Position><LatitudeDegrees>60.064964</LatitudeDegrees><LongitudeDegrees>18.759382</LongitudeDegrees></Position><AltitudeMeters>0.031</AltitudeMeters><HeartRateBpm><Value>71</Value></HeartRateBpm></Trackpoint><Trackpoint><Time>2026-05-02T08:21:46.304Z</Time><Position><LatitudeDegrees>60.06494</LatitudeDegrees><LongitudeDegrees>18.759348</LongitudeDegrees></Position><AltitudeMeters>-0.344</AltitudeMeters><HeartRateBpm><Value>71</Value></HeartRateBpm></Trackpoint><Trackpoint><Time>2026-05-02T08:21:47.304Z</Time><Position><LatitudeDegrees>60.064915</LatitudeDegrees><LongitudeDegrees>18.759314</LongitudeDegrees></Position><AltitudeMeters>-0.31</AltitudeMeters><HeartRateBpm><Value>71</Value></HeartRateBpm></Trackpoint><Trackpoint><Time>2026-05-02T08:21:48.306Z</Time><Position><LatitudeDegrees>60.064896</LatitudeDegrees><LongitudeDegrees>18.759277</LongitudeDegrees></Position><AltitudeMeters>-0.262</AltitudeMeters><HeartRateBpm><Value>70</Value></HeartRateBpm></Trackpoint><Trackpoint><Time>2026-05-02T08:21:49.307Z</Time><Position><LatitudeDegrees>60.064873</LatitudeDegrees><LongitudeDegrees>18.75924</LongitudeDegrees></Position><AltitudeMeters>-0.312</AltitudeMeters><HeartRateBpm><Value>70</Value></HeartRateBpm></Trackpoint><Trackpoint><Time>2026-05-02T08:21:50.311Z</Time><Position><LatitudeDegrees>60.064854</LatitudeDegrees><LongitudeDegrees>18.759203</LongitudeDegrees></Position><AltitudeMeters>-0.143</AltitudeMeters><HeartRateBpm><Value>70</Value></HeartRateBpm></Trackpoint><Trackpoint><Time>2026-05-02T08:21:51.318Z</Time><Position><LatitudeDegrees>60.064835</LatitudeDegrees><LongitudeDegrees>18.759167</LongitudeDegrees></Position><AltitudeMeters>0.052</AltitudeMeters><HeartRateBpm><Value>70</Value></HeartRateBpm></Trackpoint><Trackpoint><Time>2026-05-02T08:21:52.327Z</Time><Position><LatitudeDegrees>60.064816</LatitudeDegrees><LongitudeDegrees>18.75913</LongitudeDegrees></Position><AltitudeMeters>0.344</AltitudeMeters><HeartRateBpm><Value>70</Value></HeartRateBpm></Trackpoint><Trackpoint><Time>2026-05-02T08:21:53.335Z</Time><Position><LatitudeDegrees>60.064796</LatitudeDegrees><LongitudeDegrees>18.759094</LongitudeDegrees></Position><AltitudeMeters>0.641</AltitudeMeters><HeartRateBpm><Value>70</Value></HeartRateBpm></Trackpoint><Trackpoint><Time>2026-05-02T08:21:54.343Z</Time><Position><LatitudeDegrees>60.064774</LatitudeDegrees><LongitudeDegrees>18.759058</LongitudeDegrees></Position><AltitudeMeters>0.87</AltitudeMeters><HeartRateBpm><Value>69</Value></HeartRateBpm></Trackpoint><Trackpoint><Time>2026-05-02T08:21:55.353Z</Time><Position><LatitudeDegrees>60.064754</LatitudeDegrees><LongitudeDegrees>18.759022</LongitudeDegrees></Position><AltitudeMeters>1.122</AltitudeMeters><HeartRateBpm><Value>69</Value></HeartRateBpm></Trackpoint><Trackpoint><Time>2026-05-02T08:21:56.360Z</Time><Position><LatitudeDegrees>60.064735</LatitudeDegrees><LongitudeDegrees>18.758986</LongitudeDegrees></Position><AltitudeMeters>1.599</AltitudeMeters><HeartRateBpm><Value>69</Value></HeartRateBpm></Trackpoint><Trackpoint><Time>2026-05-02T08:21:57.367Z</Time><Position><LatitudeDegrees>60.064716</LatitudeDegrees><LongitudeDegrees>18.75895</LongitudeDegrees></Position><AltitudeMeters>2.012</AltitudeMeters><HeartRateBpm><Value>69</Value></HeartRateBpm></Trackpoint><Trackpoint><Time>2026-05-02T08:21:58.375Z</Time><Position><LatitudeDegrees>60.064697</LatitudeDegrees><LongitudeDegrees>18.75891</LongitudeDegrees></Position><AltitudeMeters>2.066</AltitudeMeters><HeartRateBpm><Value>69</Value></HeartRateBpm></Trackpoint><Trackpoint><Time>2026-05-02T08:21:59.382Z</Time><Position><LatitudeDegrees>60.06468</LatitudeDegrees><LongitudeDegrees>18.75887</LongitudeDegrees></Position><AltitudeMeters>1.959</AltitudeMeters><HeartRateBpm><Value>69</Value></HeartRateBpm></Trackpoint><Trackpoint><Time>2026-05-02T08:22:00.388Z</Time><Position><LatitudeDegrees>60.064655</LatitudeDegrees><LongitudeDegrees>18.75883</LongitudeDegrees></Position><AltitudeMeters>1.954</AltitudeMeters><HeartRateBpm><Value>69</Value></HeartRateBpm></Trackpoint><Trackpoint><Time>2026-05-02T08:22:01.397Z</Time><Position><LatitudeDegrees>60.064636</LatitudeDegrees><LongitudeDegrees>18.758791</LongitudeDegrees></Position><AltitudeMeters>1.822</AltitudeMeters><HeartRateBpm><Value>69</Value></HeartRateBpm></Trackpoint><Trackpoint><Time>2026-05-02T08:22:02.406Z</Time><Position><LatitudeDegrees>60.064617</LatitudeDegrees><LongitudeDegrees>18.75875</LongitudeDegrees></Position><AltitudeMeters>1.692</AltitudeMeters><HeartRateBpm><Value>69</Value></HeartRateBpm></Trackpoint><Trackpoint><Time>2026-05-02T08:22:03.413Z</Time><Position><LatitudeDegrees>60.064598</LatitudeDegrees><LongitudeDegrees>18.758707</LongitudeDegrees></Position><AltitudeMeters>1.888</AltitudeMeters><HeartRateBpm><Value>68</Value></HeartRateBpm></Trackpoint><Trackpoint><Time>2026-05-02T08:22:04.421Z</Time><Position><LatitudeDegrees>60.06458</LatitudeDegrees><LongitudeDegrees>18.75866</LongitudeDegrees></Position><AltitudeMeters>1.916</AltitudeMeters><HeartRateBpm><Value>68</Value></HeartRateBpm></Trackpoint><Trackpoint><Time>2026-05-02T08:22:05.427Z</Time><Position><LatitudeDegrees>60.06456</LatitudeDegrees><LongitudeDegrees>18.75861</LongitudeDegrees></Position><AltitudeMeters>1.947</AltitudeMeters><HeartRateBpm><Value>68</Value></HeartRateBpm></Trackpoint><Trackpoint><Time>2026-05-02T08:22:06.435Z</Time><Position><LatitudeDegrees>60.06454</LatitudeDegrees><LongitudeDegrees>18.75856</LongitudeDegrees></Position><AltitudeMeters>1.953</AltitudeMeters><HeartRateBpm><Value>69</Value></HeartRateBpm></Trackpoint><Trackpoint><Time>2026-05-02T08:22:07.445Z</Time><Position><LatitudeDegrees>60.064526</LatitudeDegrees><LongitudeDegrees>18.758512</LongitudeDegrees></Position><AltitudeMeters>2.115</AltitudeMeters><HeartRateBpm><Value>69</Value></HeartRateBpm></Trackpoint><Trackpoint><Time>2026-05-02T08:22:08.453Z</Time><Position><LatitudeDegrees>60.06451</LatitudeDegrees><LongitudeDegrees>18.758465</LongitudeDegrees></Position><AltitudeMeters>2.477</AltitudeMeters><HeartRateBpm><Value>69</Value></HeartRateBpm></Trackpoint><Trackpoint><Time>2026-05-02T08:22:09.462Z</Time><Position><LatitudeDegrees>60.064495</LatitudeDegrees><LongitudeDegrees>18.758417</LongitudeDegrees></Position><AltitudeMeters>2.162</AltitudeMeters><HeartRateBpm><Value>69</Value></HeartRateBpm></Trackpoint><Trackpoint><Time>2026-05-02T08:22:10.471Z</Time><Position><LatitudeDegrees>60.064484</LatitudeDegrees><LongitudeDegrees>18.75837</LongitudeDegrees></Position><AltitudeMeters>1.282</AltitudeMeters><HeartRateBpm><Value>69</Value></HeartRateBpm></Trackpoint><Trackpoint><Time>2026-05-02T08:22:11.478Z</Time><Position><LatitudeDegrees>60.064472</LatitudeDegrees><LongitudeDegrees>18.758322</LongitudeDegrees></Position><AltitudeMeters>0.986</AltitudeMeters><HeartRateBpm><Value>69</Value></HeartRateBpm></Trackpoint><Trackpoint><Time>2026-05-02T08:22:12.487Z</Time><Position><LatitudeDegrees>60.064465</LatitudeDegrees><LongitudeDegrees>18.758272</LongitudeDegrees></Position><AltitudeMeters>0.791</AltitudeMeters><HeartRateBpm><Value>69</Value></HeartRateBpm></Trackpoint><Trackpoint><Time>2026-05-02T08:22:13.497Z</Time><Position><LatitudeDegrees>60.064457</LatitudeDegrees><LongitudeDegrees>18.75822</LongitudeDegrees></Position><AltitudeMeters>0.986</AltitudeMeters><HeartRateBpm><Value>69</Value></HeartRateBpm></Trackpoint><Trackpoint><Time>2026-05-02T08:22:14.506Z</Time><Position><LatitudeDegrees>60.06445</LatitudeDegrees><LongitudeDegrees>18.75817</LongitudeDegrees></Position><AltitudeMeters>1.489</AltitudeMeters><HeartRateBpm><Value>69</Value></HeartRateBpm></Trackpoint><Trackpoint><Time>2026-05-02T08:22:15.514Z</Time><Position><LatitudeDegrees>60.06444</LatitudeDegrees><LongitudeDegrees>18.75812</LongitudeDegrees></Position><AltitudeMeters>1.685</AltitudeMeters><HeartRateBpm><Value>69</Value></HeartRateBpm></Trackpoint><Trackpoint><Time>2026-05-02T08:22:16.523Z</Time><Position><LatitudeDegrees>60.06443</LatitudeDegrees><LongitudeDegrees>18.758068</LongitudeDegrees></Position><AltitudeMeters>1.793</AltitudeMeters><HeartRateBpm><Value>69</Value></HeartRateBpm></Trackpoint><Trackpoint><Time>2026-05-02T08:22:17.531Z</Time><Position><LatitudeDegrees>60.064423</LatitudeDegrees><LongitudeDegrees>18.758015</LongitudeDegrees></Position><AltitudeMeters>2.302</AltitudeMeters><HeartRateBpm><Value>69</Value></HeartRateBpm></Trackpoint><Trackpoint><Time>2026-05-02T08:22:18.537Z</Time><Position><LatitudeDegrees>60.06441</LatitudeDegrees><LongitudeDegrees>18.75796</LongitudeDegrees></Position><AltitudeMeters>2.061</AltitudeMeters><HeartRateBpm><Value>70</Value></HeartRateBpm></Trackpoint><Trackpoint><Time>2026-05-02T08:22:19.545Z</Time><Position><LatitudeDegrees>60.0644</LatitudeDegrees><LongitudeDegrees>18.757904</LongitudeDegrees></Position><AltitudeMeters>1.944</AltitudeMeters><HeartRateBpm><Value>71</Value></HeartRateBpm></Trackpoint><Trackpoint><Time>2026-05-02T08:22:20.553Z</Time><Position><LatitudeDegrees>60.06439</LatitudeDegrees><LongitudeDegrees>18.75785</LongitudeDegrees></Position><AltitudeMeters>1.971</AltitudeMeters><HeartRateBpm><Value>71</Value></HeartRateBpm></Trackpoint><Trackpoint><Time>2026-05-02T08:22:21.561Z</Time><Position><LatitudeDegrees>60.064377</LatitudeDegrees><LongitudeDegrees>18.757797</LongitudeDegrees></Position><AltitudeMeters>1.589</AltitudeMeters><HeartRateBpm><Value>71</Value></HeartRateBpm></Trackpoint><Trackpoint><Time>2026-05-02T08:22:22.568Z</Time><Position><LatitudeDegrees>60.064365</LatitudeDegrees><LongitudeDegrees>18.757744</LongitudeDegrees></Position><AltitudeMeters>1.174</AltitudeMeters><HeartRateBpm><Value>71</Value></HeartRateBpm></Trackpoint><Trackpoint><Time>2026-05-02T08:22:23.577Z</Time><Position><LatitudeDegrees>60.064358</LatitudeDegrees><LongitudeDegrees>18.75769</LongitudeDegrees></Position><AltitudeMeters>1.295</AltitudeMeters><HeartRateBpm><Value>72</Value></HeartRateBpm></Trackpoint><Trackpoint><Time>2026-05-02T08:22:24.585Z</Time><Position><LatitudeDegrees>60.064346</LatitudeDegrees><LongitudeDegrees>18.757637</LongitudeDegrees></Position><AltitudeMeters>0.909</AltitudeMeters><HeartRateBpm><Value>72</Value></HeartRateBpm></Trackpoint><Trackpoint><Time>2026-05-02T08:22:25.593Z</Time><Position><LatitudeDegrees>60.064335</LatitudeDegrees><LongitudeDegrees>18.757584</LongitudeDegrees></Position><AltitudeMeters>1.045</AltitudeMeters><HeartRateBpm><Value>72</Value></HeartRateBpm></Trackpoint><Trackpoint><Time>2026-05-02T08:22:26.601Z</Time><Position><LatitudeDegrees>60.064327</LatitudeDegrees><LongitudeDegrees>18.75753</LongitudeDegrees></Position><AltitudeMeters>1.03</AltitudeMeters><HeartRateBpm><Value>72</Value></HeartRateBpm></Trackpoint><Trackpoint><Time>2026-05-02T08:22:27.610Z</Time><Position><LatitudeDegrees>60.064316</LatitudeDegrees><LongitudeDegrees>18.757479</LongitudeDegrees></Position><AltitudeMeters>0.831</AltitudeMeters><HeartRateBpm><Value>72</Value></HeartRateBpm></Trackpoint><Trackpoint><Time>2026-05-02T08:22:28.617Z</Time><Position><LatitudeDegrees>60.06431</LatitudeDegrees><LongitudeDegrees>18.757425</LongitudeDegrees></Position><AltitudeMeters>0.819</AltitudeMeters><HeartRateBpm><Value>71</Value></HeartRateBpm></Trackpoint><Trackpoint><Time>2026-05-02T08:22:29.624Z</Time><Position><LatitudeDegrees>60.064297</LatitudeDegrees><LongitudeDegrees>18.757372</LongitudeDegrees></Position><AltitudeMeters>1.375</AltitudeMeters><HeartRateBpm><Value>71</Value></HeartRateBpm></Trackpoint><Trackpoint><Time>2026-05-02T08:22:30.633Z</Time><Position><LatitudeDegrees>60.06429</LatitudeDegrees><LongitudeDegrees>18.757318</LongitudeDegrees></Position><AltitudeMeters>1.997</AltitudeMeters><HeartRateBpm><Value>70</Value></HeartRateBpm></Trackpoint><Trackpoint><Time>2026-05-02T08:22:31.641Z</Time><Position><LatitudeDegrees>60.06428</LatitudeDegrees><LongitudeDegrees>18.757267</LongitudeDegrees></Position><AltitudeMeters>2.237</AltitudeMeters><HeartRateBpm><Value>71</Value></HeartRateBpm></Trackpoint><Trackpoint><Time>2026-05-02T08:22:32.651Z</Time><Position><LatitudeDegrees>60.064274</LatitudeDegrees><LongitudeDegrees>18.757214</LongitudeDegrees></Position><AltitudeMeters>2.162</AltitudeMeters><HeartRateBpm><Value>71</Value></HeartRateBpm></Trackpoint><Trackpoint><Time>2026-05-02T08:22:33.656Z</Time><Position><LatitudeDegrees>60.064266</LatitudeDegrees><LongitudeDegrees>18.757162</LongitudeDegrees></Position><AltitudeMeters>2.191</AltitudeMeters><HeartRateBpm><Value>70</Value></HeartRateBpm></Trackpoint><Trackpoint><Time>2026-05-02T08:22:34.665Z</Time><Position><LatitudeDegrees>60.06426</LatitudeDegrees><LongitudeDegrees>18.75711</LongitudeDegrees></Position><AltitudeMeters>1.897</AltitudeMeters><HeartRateBpm><Value>70</Value></HeartRateBpm></Trackpoint><Trackpoint><Time>2026-05-02T08:22:35.674Z</Time><Position><LatitudeDegrees>60.06425</LatitudeDegrees><LongitudeDegrees>18.75706</LongitudeDegrees></Position><AltitudeMeters>1.707</AltitudeMeters><HeartRateBpm><Value>70</Value></HeartRateBpm></Trackpoint><Trackpoint><Time>2026-05-02T08:22:36.683Z</Time><Position><LatitudeDegrees>60.064243</LatitudeDegrees><LongitudeDegrees>18.757006</LongitudeDegrees></Position><AltitudeMeters>1.577</AltitudeMeters><HeartRateBpm><Value>70</Value></HeartRateBpm></Trackpoint><Trackpoint><Time>2026-05-02T08:22:37.691Z</Time><Position><LatitudeDegrees>60.064236</LatitudeDegrees><LongitudeDegrees>18.756954</LongitudeDegrees></Position><AltitudeMeters>1.571</AltitudeMeters><HeartRateBpm><Value>70</Value></HeartRateBpm></Trackpoint><Trackpoint><Time>2026-05-02T08:22:38.698Z</Time><Position><LatitudeDegrees>60.064228</LatitudeDegrees><LongitudeDegrees>18.7569</LongitudeDegrees></Position><AltitudeMeters>1.492</AltitudeMeters><HeartRateBpm><Value>70</Value></HeartRateBpm></Trackpoint><Trackpoint><Time>2026-05-02T08:22:39.707Z</Time><Position><LatitudeDegrees>60.064217</LatitudeDegrees><LongitudeDegrees>18.75685</LongitudeDegrees></Position><AltitudeMeters>1.796</AltitudeMeters><HeartRateBpm><Value>70</Value></HeartRateBpm></Trackpoint><Trackpoint><Time>2026-05-02T08:22:40.715Z</Time><Position><LatitudeDegrees>60.064205</LatitudeDegrees><LongitudeDegrees>18.756798</LongitudeDegrees></Position><AltitudeMeters>2.157</AltitudeMeters><HeartRateBpm><Value>70</Value></HeartRateBpm></Trackpoint><Trackpoint><Time>2026-05-02T08:22:41.723Z</Time><Position><LatitudeDegrees>60.064194</LatitudeDegrees><LongitudeDegrees>18.756746</LongitudeDegrees></Position><AltitudeMeters>2.288</AltitudeMeters><HeartRateBpm><Value>71</Value></HeartRateBpm></Trackpoint><Trackpoint><Time>2026-05-02T08:22:42.732Z</Time><Position><LatitudeDegrees>60.06418</LatitudeDegrees><LongitudeDegrees>18.756695</LongitudeDegrees></Position><AltitudeMeters>2.347</AltitudeMeters><HeartRateBpm><Value>71</Value></HeartRateBpm></Trackpoint><Trackpoint><Time>2026-05-02T08:22:43.741Z</Time><Position><LatitudeDegrees>60.064163</LatitudeDegrees><LongitudeDegrees>18.756643</LongitudeDegrees></Position><AltitudeMeters>2.764</AltitudeMeters><HeartRateBpm><Value>72</Value></HeartRateBpm></Trackpoint><Trackpoint><Time>2026-05-02T08:22:44.751Z</Time><Position><LatitudeDegrees>60.064148</LatitudeDegrees><LongitudeDegrees>18.75659</LongitudeDegrees></Position><AltitudeMeters>2.902</AltitudeMeters><HeartRateBpm><Value>72</Value></HeartRateBpm></Trackpoint><Trackpoint><Time>2026-05-02T08:22:45.757Z</Time><Position><LatitudeDegrees>60.06413</LatitudeDegrees><LongitudeDegrees>18.756535</LongitudeDegrees></Position><AltitudeMeters>2.44</AltitudeMeters><HeartRateBpm><Value>72</Value></HeartRateBpm></Trackpoint><Trackpoint><Time>2026-05-02T08:22:46.764Z</Time><Position><LatitudeDegrees>60.064114</LatitudeDegrees><LongitudeDegrees>18.756475</LongitudeDegrees></Position><AltitudeMeters>2.069</AltitudeMeters><HeartRateBpm><Value>71</Value></HeartRateBpm></Trackpoint><Trackpoint><Time>2026-05-02T08:22:47.773Z</Time><Position><LatitudeDegrees>60.0641</LatitudeDegrees><LongitudeDegrees>18.756418</LongitudeDegrees></Position><AltitudeMeters>1.557</AltitudeMeters><HeartRateBpm><Value>71</Value></HeartRateBpm></Trackpoint><Trackpoint><Time>2026-05-02T08:22:48.782Z</Time><Position><LatitudeDegrees>60.064083</LatitudeDegrees><LongitudeDegrees>18.756363</LongitudeDegrees></Position><AltitudeMeters>2.125</AltitudeMeters><HeartRateBpm><Value>71</Value></HeartRateBpm></Trackpoint><Trackpoint><Time>2026-05-02T08:22:49.792Z</Time><Position><LatitudeDegrees>60.06407</LatitudeDegrees><LongitudeDegrees>18.756311</LongitudeDegrees></Position><AltitudeMeters>2.382</AltitudeMeters><HeartRateBpm><Value>71</Value></HeartRateBpm></Trackpoint><Trackpoint><Time>2026-05-02T08:22:50.801Z</Time><Position><LatitudeDegrees>60.064056</LatitudeDegrees><LongitudeDegrees>18.756256</LongitudeDegrees></Position><AltitudeMeters>2.697</AltitudeMeters><HeartRateBpm><Value>71</Value></HeartRateBpm></Trackpoint><Trackpoint><Time>2026-05-02T08:22:51.808Z</Time><Position><LatitudeDegrees>60.064045</LatitudeDegrees><LongitudeDegrees>18.7562</LongitudeDegrees></Position><AltitudeMeters>3.211</AltitudeMeters><HeartRateBpm><Value>71</Value></HeartRateBpm></Trackpoint><Trackpoint><Time>2026-05-02T08:22:52.816Z</Time><Position><LatitudeDegrees>60.06403</LatitudeDegrees><LongitudeDegrees>18.756145</LongitudeDegrees></Position><AltitudeMeters>3.423</AltitudeMeters><HeartRateBpm><Value>70</Value></HeartRateBpm></Trackpoint><Trackpoint><Time>2026-05-02T08:22:53.824Z</Time><Position><LatitudeDegrees>60.064014</LatitudeDegrees><LongitudeDegrees>18.756092</LongitudeDegrees></Position><AltitudeMeters>3.615</AltitudeMeters><HeartRateBpm><Value>70</Value></HeartRateBpm></Trackpoint><Trackpoint><Time>2026-05-02T08:22:54.832Z</Time><Position><LatitudeDegrees>60.064003</LatitudeDegrees><LongitudeDegrees>18.75604</LongitudeDegrees></Position><AltitudeMeters>4.387</AltitudeMeters><HeartRateBpm><Value>70</Value></HeartRateBpm></Trackpoint><Trackpoint><Time>2026-05-02T08:22:55.841Z</Time><Position><LatitudeDegrees>60.063995</LatitudeDegrees><LongitudeDegrees>18.755991</LongitudeDegrees></Position><AltitudeMeters>4.067</AltitudeMeters><HeartRateBpm><Value>70</Value></HeartRateBpm></Trackpoint><Trackpoint><Time>2026-05-02T08:22:56.849Z</Time><Position><LatitudeDegrees>60.063984</LatitudeDegrees><LongitudeDegrees>18.755943</LongitudeDegrees></Position><AltitudeMeters>3.494</AltitudeMeters><HeartRateBpm><Value>70</Value></HeartRateBpm></Trackpoint><Trackpoint><Time>2026-05-02T08:22:57.856Z</Time><Position><LatitudeDegrees>60.063976</LatitudeDegrees><LongitudeDegrees>18.755894</LongitudeDegrees></Position><AltitudeMeters>2.963</AltitudeMeters><HeartRateBpm><Value>70</Value></HeartRateBpm></Trackpoint><Trackpoint><Time>2026-05-02T08:22:58.864Z</Time><Position><LatitudeDegrees>60.06397</LatitudeDegrees><LongitudeDegrees>18.755844</LongitudeDegrees></Position><AltitudeMeters>3.013</AltitudeMeters><HeartRateBpm><Value>70</Value></HeartRateBpm></Trackpoint><Trackpoint><Time>2026-05-02T08:22:59.873Z</Time><Position><LatitudeDegrees>60.06396</LatitudeDegrees><LongitudeDegrees>18.755793</LongitudeDegrees></Position><AltitudeMeters>3.43</AltitudeMeters><HeartRateBpm><Value>70</Value></HeartRateBpm></Trackpoint><Trackpoint><Time>2026-05-02T08:23:00.875Z</Time><Position><LatitudeDegrees>60.063953</LatitudeDegrees><LongitudeDegrees>18.755737</LongitudeDegrees></Position><AltitudeMeters>3.708</AltitudeMeters><HeartRateBpm><Value>70</Value></HeartRateBpm></Trackpoint><Trackpoint><Time>2026-05-02T08:23:01.883Z</Time><Position><LatitudeDegrees>60.063946</LatitudeDegrees><LongitudeDegrees>18.755682</LongitudeDegrees></Position><AltitudeMeters>3.494</AltitudeMeters><HeartRateBpm><Value>70</Value></HeartRateBpm></Trackpoint><Trackpoint><Time>2026-05-02T08:23:02.892Z</Time><Position><LatitudeDegrees>60.06394</LatitudeDegrees><LongitudeDegrees>18.755627</LongitudeDegrees></Position><AltitudeMeters>3.744</AltitudeMeters><HeartRateBpm><Value>70</Value></HeartRateBpm></Trackpoint><Trackpoint><Time>2026-05-02T08:23:03.899Z</Time><Position><LatitudeDegrees>60.063934</LatitudeDegrees><LongitudeDegrees>18.755573</LongitudeDegrees></Position><AltitudeMeters>3.342</AltitudeMeters><HeartRateBpm><Value>70</Value></HeartRateBpm></Trackpoint><Trackpoint><Time>2026-05-02T08:23:04.907Z</Time><Position><LatitudeDegrees>60.063927</LatitudeDegrees><LongitudeDegrees>18.755518</LongitudeDegrees></Position><AltitudeMeters>3.457</AltitudeMeters><HeartRateBpm><Value>70</Value></HeartRateBpm></Trackpoint><Trackpoint><Time>2026-05-02T08:23:05.915Z</Time><Position><LatitudeDegrees>60.063923</LatitudeDegrees><LongitudeDegrees>18.755466</LongitudeDegrees></Position><AltitudeMeters>3.54</AltitudeMeters><HeartRateBpm><Value>69</Value></HeartRateBpm></Trackpoint><Trackpoint><Time>2026-05-02T08:23:06.924Z</Time><Position><LatitudeDegrees>60.063923</LatitudeDegrees><LongitudeDegrees>18.755419</LongitudeDegrees></Position><AltitudeMeters>3.143</AltitudeMeters><HeartRateBpm><Value>69</Value></HeartRateBpm></Trackpoint><Trackpoint><Time>2026-05-02T08:23:07.933Z</Time><Position><LatitudeDegrees>60.06392</LatitudeDegrees><LongitudeDegrees>18.755371</LongitudeDegrees></Position><AltitudeMeters>3.155</AltitudeMeters><HeartRateBpm><Value>69</Value></HeartRateBpm></Trackpoint><Trackpoint><Time>2026-05-02T08:23:08.942Z</Time><Position><LatitudeDegrees>60.06392</LatitudeDegrees><LongitudeDegrees>18.755325</LongitudeDegrees></Position><AltitudeMeters>3.854</AltitudeMeters><HeartRateBpm><Value>68</Value></HeartRateBpm></Trackpoint><Trackpoint><Time>2026-05-02T08:23:09.950Z</Time><Position><LatitudeDegrees>60.06392</LatitudeDegrees><LongitudeDegrees>18.755276</LongitudeDegrees></Position><AltitudeMeters>3.919</AltitudeMeters><HeartRateBpm><Value>67</Value></HeartRateBpm></Trackpoint><Trackpoint><Time>2026-05-02T08:23:10.957Z</Time><Position><LatitudeDegrees>60.06392</LatitudeDegrees><LongitudeDegrees>18.755222</LongitudeDegrees></Position><AltitudeMeters>4.224</AltitudeMeters><HeartRateBpm><Value>66</Value></HeartRateBpm></Trackpoint><Trackpoint><Time>2026-05-02T08:23:11.966Z</Time><Position><LatitudeDegrees>60.06392</LatitudeDegrees><LongitudeDegrees>18.755167</LongitudeDegrees></Position><AltitudeMeters>4.602</AltitudeMeters><HeartRateBpm><Value>66</Value></HeartRateBpm></Trackpoint><Trackpoint><Time>2026-05-02T08:23:12.975Z</Time><Position><LatitudeDegrees>60.063915</LatitudeDegrees><LongitudeDegrees>18.755112</LongitudeDegrees></Position><AltitudeMeters>5.114</AltitudeMeters><HeartRateBpm><Value>67</Value></HeartRateBpm></Trackpoint><Trackpoint><Time>2026-05-02T08:23:13.983Z</Time><Position><LatitudeDegrees>60.063915</LatitudeDegrees><LongitudeDegrees>18.755056</LongitudeDegrees></Position><AltitudeMeters>5.356</AltitudeMeters><HeartRateBpm><Value>66</Value></HeartRateBpm></Trackpoint><Trackpoint><Time>2026-05-02T08:23:14.991Z</Time><Position><LatitudeDegrees>60.063915</LatitudeDegrees><LongitudeDegrees>18.755003</LongitudeDegrees></Position><AltitudeMeters>5.65</AltitudeMeters><HeartRateBpm><Value>66</Value></HeartRateBpm></Trackpoint><Trackpoint><Time>2026-05-02T08:23:15.998Z</Time><Position><LatitudeDegrees>60.063915</LatitudeDegrees><LongitudeDegrees>18.754948</LongitudeDegrees></Position><AltitudeMeters>5.695</AltitudeMeters><HeartRateBpm><Value>67</Value></HeartRateBpm></Trackpoint><Trackpoint><Time>2026-05-02T08:23:17.007Z</Time><Position><LatitudeDegrees>60.063915</LatitudeDegrees><LongitudeDegrees>18.754889</LongitudeDegrees></Position><AltitudeMeters>5.667</AltitudeMeters><HeartRateBpm><Value>67</Value></HeartRateBpm></Trackpoint><Trackpoint><Time>2026-05-02T08:23:18.016Z</Time><Position><LatitudeDegrees>60.06391</LatitudeDegrees><LongitudeDegrees>18.754831</LongitudeDegrees></Position><AltitudeMeters>5.745</AltitudeMeters><HeartRateBpm><Value>67</Value></HeartRateBpm></Trackpoint><Trackpoint><Time>2026-05-02T08:23:19.024Z</Time><Position><LatitudeDegrees>60.06391</LatitudeDegrees><LongitudeDegrees>18.754776</LongitudeDegrees></Position><AltitudeMeters>6.184</AltitudeMeters><HeartRateBpm><Value>66</Value></HeartRateBpm></Trackpoint><Trackpoint><Time>2026-05-02T08:23:20.034Z</Time><Position><LatitudeDegrees>60.063908</LatitudeDegrees><LongitudeDegrees>18.754725</LongitudeDegrees></Position><AltitudeMeters>6.183</AltitudeMeters><HeartRateBpm><Value>66</Value></HeartRateBpm></Trackpoint><Trackpoint><Time>2026-05-02T08:23:21.040Z</Time><Position><LatitudeDegrees>60.063904</LatitudeDegrees><LongitudeDegrees>18.754673</LongitudeDegrees></Position><AltitudeMeters>6.041</AltitudeMeters><HeartRateBpm><Value>65</Value></HeartRateBpm></Trackpoint><Trackpoint><Time>2026-05-02T08:23:22.047Z</Time><Position><LatitudeDegrees>60.063904</LatitudeDegrees><LongitudeDegrees>18.754623</LongitudeDegrees></Position><AltitudeMeters>6.3</AltitudeMeters><HeartRateBpm><Value>65</Value></HeartRateBpm></Trackpoint><Trackpoint><Time>2026-05-02T08:23:23.055Z</Time><Position><LatitudeDegrees>60.063904</LatitudeDegrees><LongitudeDegrees>18.754572</LongitudeDegrees></Position><AltitudeMeters>6.78</AltitudeMeters><HeartRateBpm><Value>65</Value></HeartRateBpm></Trackpoint><Trackpoint><Time>2026-05-02T08:23:24.065Z</Time><Position><LatitudeDegrees>60.0639</LatitudeDegrees><LongitudeDegrees>18.75452</LongitudeDegrees></Position><AltitudeMeters>6.247</AltitudeMeters><HeartRateBpm><Value>65</Value></HeartRateBpm></Trackpoint><Trackpoint><Time>2026-05-02T08:23:25.073Z</Time><Position><LatitudeDegrees>60.063904</LatitudeDegrees><LongitudeDegrees>18.754465</LongitudeDegrees></Position><AltitudeMeters>6.435</AltitudeMeters><HeartRateBpm><Value>65</Value></HeartRateBpm></Trackpoint><Trackpoint><Time>2026-05-02T08:23:26.081Z</Time><Position><LatitudeDegrees>60.063904</LatitudeDegrees><LongitudeDegrees>18.754412</LongitudeDegrees></Position><AltitudeMeters>6.387</AltitudeMeters><HeartRateBpm><Value>65</Value></HeartRateBpm></Trackpoint><Trackpoint><Time>2026-05-02T08:23:27.088Z</Time><Position><LatitudeDegrees>60.063904</LatitudeDegrees><LongitudeDegrees>18.754356</LongitudeDegrees></Position><AltitudeMeters>5.807</AltitudeMeters><HeartRateBpm><Value>65</Value></HeartRateBpm></Trackpoint><Trackpoint><Time>2026-05-02T08:23:28.096Z</Time><Position><LatitudeDegrees>60.063904</LatitudeDegrees><LongitudeDegrees>18.754301</LongitudeDegrees></Position><AltitudeMeters>5.972</AltitudeMeters><HeartRateBpm><Value>65</Value></HeartRateBpm></Trackpoint><Trackpoint><Time>2026-05-02T08:23:29.104Z</Time><Position><LatitudeDegrees>60.063904</LatitudeDegrees><LongitudeDegrees>18.754244</LongitudeDegrees></Position><AltitudeMeters>5.646</AltitudeMeters><HeartRateBpm><Value>65</Value></HeartRateBpm></Trackpoint><Trackpoint><Time>2026-05-02T08:23:30.113Z</Time><Position><LatitudeDegrees>60.063904</LatitudeDegrees><LongitudeDegrees>18.754187</LongitudeDegrees></Position><AltitudeMeters>5.122</AltitudeMeters><HeartRateBpm><Value>66</Value></HeartRateBpm></Trackpoint><Trackpoint><Time>2026-05-02T08:23:31.121Z</Time><Position><LatitudeDegrees>60.0639</LatitudeDegrees><LongitudeDegrees>18.754126</LongitudeDegrees></Position><AltitudeMeters>4.748</AltitudeMeters><HeartRateBpm><Value>67</Value></HeartRateBpm></Trackpoint><Trackpoint><Time>2026-05-02T08:23:32.128Z</Time><Position><LatitudeDegrees>60.0639</LatitudeDegrees><LongitudeDegrees>18.754063</LongitudeDegrees></Position><AltitudeMeters>4.617</AltitudeMeters><HeartRateBpm><Value>68</Value></HeartRateBpm></Trackpoint><Trackpoint><Time>2026-05-02T08:23:33.137Z</Time><Position><LatitudeDegrees>60.063896</LatitudeDegrees><LongitudeDegrees>18.754</LongitudeDegrees></Position><AltitudeMeters>4.216</AltitudeMeters><HeartRateBpm><Value>68</Value></HeartRateBpm></Trackpoint><Trackpoint><Time>2026-05-02T08:23:34.145Z</Time><Position><LatitudeDegrees>60.063896</LatitudeDegrees><LongitudeDegrees>18.753931</LongitudeDegrees></Position><AltitudeMeters>4.107</AltitudeMeters><HeartRateBpm><Value>70</Value></HeartRateBpm></Trackpoint><Trackpoint><Time>2026-05-02T08:23:35.154Z</Time><Position><LatitudeDegrees>60.063892</LatitudeDegrees><LongitudeDegrees>18.753866</LongitudeDegrees></Position><AltitudeMeters>4.197</AltitudeMeters><HeartRateBpm><Value>70</Value></HeartRateBpm></Trackpoint><Trackpoint><Time>2026-05-02T08:23:36.163Z</Time><Position><LatitudeDegrees>60.063892</LatitudeDegrees><LongitudeDegrees>18.753801</LongitudeDegrees></Position><AltitudeMeters>4.423</AltitudeMeters><HeartRateBpm><Value>72</Value></HeartRateBpm></Trackpoint><Trackpoint><Time>2026-05-02T08:23:37.165Z</Time><Position><LatitudeDegrees>60.063892</LatitudeDegrees><LongitudeDegrees>18.75373</LongitudeDegrees></Position><AltitudeMeters>4.829</AltitudeMeters><HeartRateBpm><Value>74</Value></HeartRateBpm></Trackpoint><Trackpoint><Time>2026-05-02T08:23:38.163Z</Time><Position><LatitudeDegrees>60.063892</LatitudeDegrees><LongitudeDegrees>18.753662</LongitudeDegrees></Position><AltitudeMeters>5.145</AltitudeMeters><HeartRateBpm><Value>76</Value></HeartRateBpm></Trackpoint><Trackpoint><Time>2026-05-02T08:23:39.164Z</Time><Position><LatitudeDegrees>60.063892</LatitudeDegrees><LongitudeDegrees>18.75359</LongitudeDegrees></Position><AltitudeMeters>5.27</AltitudeMeters><HeartRateBpm><Value>78</Value></HeartRateBpm></Trackpoint><Trackpoint><Time>2026-05-02T08:23:40.173Z</Time><Position><LatitudeDegrees>60.063892</LatitudeDegrees><LongitudeDegrees>18.753517</LongitudeDegrees></Position><AltitudeMeters>4.92</AltitudeMeters><HeartRateBpm><Value>80</Value></HeartRateBpm></Trackpoint><Trackpoint><Time>2026-05-02T08:23:41.182Z</Time><Position><LatitudeDegrees>60.063892</LatitudeDegrees><LongitudeDegrees>18.753445</LongitudeDegrees></Position><AltitudeMeters>4.428</AltitudeMeters><HeartRateBpm><Value>80</Value></HeartRateBpm></Trackpoint><Trackpoint><Time>2026-05-02T08:23:42.190Z</Time><Position><LatitudeDegrees>60.063892</LatitudeDegrees><LongitudeDegrees>18.753372</LongitudeDegrees></Position><AltitudeMeters>4.276</AltitudeMeters><HeartRateBpm><Value>80</Value></HeartRateBpm></Trackpoint><Trackpoint><Time>2026-05-02T08:23:43.197Z</Time><Position><LatitudeDegrees>60.063892</LatitudeDegrees><LongitudeDegrees>18.7533</LongitudeDegrees></Position><AltitudeMeters>4.013</AltitudeMeters><HeartRateBpm><Value>80</Value></HeartRateBpm></Trackpoint><Trackpoint><Time>2026-05-02T08:23:44.207Z</Time><Position><LatitudeDegrees>60.063896</LatitudeDegrees><LongitudeDegrees>18.753225</LongitudeDegrees></Position><AltitudeMeters>3.821</AltitudeMeters><HeartRateBpm><Value>80</Value></HeartRateBpm></Trackpoint><Trackpoint><Time>2026-05-02T08:23:45.215Z</Time><Position><LatitudeDegrees>60.063896</LatitudeDegrees><LongitudeDegrees>18.753155</LongitudeDegrees></Position><AltitudeMeters>3.667</AltitudeMeters><HeartRateBpm><Value>80</Value></HeartRateBpm></Trackpoint><Trackpoint><Time>2026-05-02T08:23:46.224Z</Time><Position><LatitudeDegrees>60.063896</LatitudeDegrees><LongitudeDegrees>18.75308</LongitudeDegrees></Position><AltitudeMeters>3.702</AltitudeMeters><HeartRateBpm><Value>80</Value></HeartRateBpm></Trackpoint><Trackpoint><Time>2026-05-02T08:23:47.233Z</Time><Position><LatitudeDegrees>60.063896</LatitudeDegrees><LongitudeDegrees>18.75301</LongitudeDegrees></Position><AltitudeMeters>3.743</AltitudeMeters><HeartRateBpm><Value>80</Value></HeartRateBpm></Trackpoint><Trackpoint><Time>2026-05-02T08:23:48.242Z</Time><Position><LatitudeDegrees>60.063896</LatitudeDegrees><LongitudeDegrees>18.75294</LongitudeDegrees></Position><AltitudeMeters>3.535</AltitudeMeters><HeartRateBpm><Value>79</Value></HeartRateBpm></Trackpoint><Trackpoint><Time>2026-05-02T08:23:49.251Z</Time><Position><LatitudeDegrees>60.063896</LatitudeDegrees><LongitudeDegrees>18.752869</LongitudeDegrees></Position><AltitudeMeters>2.79</AltitudeMeters><HeartRateBpm><Value>78</Value></HeartRateBpm></Trackpoint><Trackpoint><Time>2026-05-02T08:23:50.257Z</Time><Position><LatitudeDegrees>60.063904</LatitudeDegrees><LongitudeDegrees>18.752796</LongitudeDegrees></Position><AltitudeMeters>2.266</AltitudeMeters><HeartRateBpm><Value>77</Value></HeartRateBpm></Trackpoint><Trackpoint><Time>2026-05-02T08:23:51.266Z</Time><Position><LatitudeDegrees>60.06392</LatitudeDegrees><LongitudeDegrees>18.752728</LongitudeDegrees></Position><AltitudeMeters>2.45</AltitudeMeters><HeartRateBpm><Value>76</Value></HeartRateBpm></Trackpoint><Trackpoint><Time>2026-05-02T08:23:52.274Z</Time><Position><LatitudeDegrees>60.06394</LatitudeDegrees><LongitudeDegrees>18.752668</LongitudeDegrees></Position><AltitudeMeters>2.271</AltitudeMeters><HeartRateBpm><Value>75</Value></HeartRateBpm></Trackpoint><Trackpoint><Time>2026-05-02T08:23:53.282Z</Time><Position><LatitudeDegrees>60.063965</LatitudeDegrees><LongitudeDegrees>18.752623</LongitudeDegrees></Position><AltitudeMeters>2.288</AltitudeMeters><HeartRateBpm><Value>75</Value></HeartRateBpm></Trackpoint><Trackpoint><Time>2026-05-02T08:23:54.291Z</Time><Position><LatitudeDegrees>60.06399</LatitudeDegrees><LongitudeDegrees>18.752602</LongitudeDegrees></Position><AltitudeMeters>2.345</AltitudeMeters><HeartRateBpm><Value>77</Value></HeartRateBpm></Trackpoint><Trackpoint><Time>2026-05-02T08:23:55.297Z</Time><Position><LatitudeDegrees>60.064022</LatitudeDegrees><LongitudeDegrees>18.75258</LongitudeDegrees></Position><AltitudeMeters>2.401</AltitudeMeters><HeartRateBpm><Value>78</Value></HeartRateBpm></Trackpoint><Trackpoint><Time>2026-05-02T08:23:56.307Z</Time><Position><LatitudeDegrees>60.064053</LatitudeDegrees><LongitudeDegrees>18.752588</LongitudeDegrees></Position><AltitudeMeters>2.385</AltitudeMeters><HeartRateBpm><Value>78</Value></HeartRateBpm></Trackpoint><Trackpoint><Time>2026-05-02T08:23:57.316Z</Time><Position><LatitudeDegrees>60.064083</LatitudeDegrees><LongitudeDegrees>18.752592</LongitudeDegrees></Position><AltitudeMeters>2.365</AltitudeMeters><HeartRateBpm><Value>78</Value></HeartRateBpm></Trackpoint><Trackpoint><Time>2026-05-02T08:23:58.324Z</Time><Position><LatitudeDegrees>60.064117</LatitudeDegrees><LongitudeDegrees>18.7526</LongitudeDegrees></Position><AltitudeMeters>2.201</AltitudeMeters><HeartRateBpm><Value>78</Value></HeartRateBpm></Trackpoint><Trackpoint><Time>2026-05-02T08:23:59.328Z</Time><Position><LatitudeDegrees>60.064156</LatitudeDegrees><LongitudeDegrees>18.752605</LongitudeDegrees></Position><AltitudeMeters>1.92</AltitudeMeters><HeartRateBpm><Value>79</Value></HeartRateBpm></Trackpoint><Trackpoint><Time>2026-05-02T08:24:00.334Z</Time><Position><LatitudeDegrees>60.064194</LatitudeDegrees><LongitudeDegrees>18.752613</LongitudeDegrees></Position><AltitudeMeters>1.786</AltitudeMeters><HeartRateBpm><Value>79</Value></HeartRateBpm></Trackpoint><Trackpoint><Time>2026-05-02T08:24:01.343Z</Time><Position><LatitudeDegrees>60.06423</LatitudeDegrees><LongitudeDegrees>18.752615</LongitudeDegrees></Position><AltitudeMeters>1.728</AltitudeMeters><HeartRateBpm><Value>80</Value></HeartRateBpm></Trackpoint><Trackpoint><Time>2026-05-02T08:24:02.352Z</Time><Position><LatitudeDegrees>60.064274</LatitudeDegrees><LongitudeDegrees>18.752615</LongitudeDegrees></Position><AltitudeMeters>1.834</AltitudeMeters><HeartRateBpm><Value>80</Value></HeartRateBpm></Trackpoint><Trackpoint><Time>2026-05-02T08:24:03.361Z</Time><Position><LatitudeDegrees>60.064316</LatitudeDegrees><LongitudeDegrees>18.752605</LongitudeDegrees></Position><AltitudeMeters>1.888</AltitudeMeters><HeartRateBpm><Value>80</Value></HeartRateBpm></Trackpoint><Trackpoint><Time>2026-05-02T08:24:04.368Z</Time><Position><LatitudeDegrees>60.064358</LatitudeDegrees><LongitudeDegrees>18.752592</LongitudeDegrees></Position><AltitudeMeters>1.884</AltitudeMeters><HeartRateBpm><Value>80</Value></HeartRateBpm></Trackpoint><Trackpoint><Time>2026-05-02T08:24:05.376Z</Time><Position><LatitudeDegrees>60.064404</LatitudeDegrees><LongitudeDegrees>18.752596</LongitudeDegrees></Position><AltitudeMeters>1.782</AltitudeMeters><HeartRateBpm><Value>79</Value></HeartRateBpm></Trackpoint><Trackpoint><Time>2026-05-02T08:24:06.384Z</Time><Position><LatitudeDegrees>60.06445</LatitudeDegrees><LongitudeDegrees>18.752607</LongitudeDegrees></Position><AltitudeMeters>1.552</AltitudeMeters><HeartRateBpm><Value>79</Value></HeartRateBpm></Trackpoint><Trackpoint><Time>2026-05-02T08:24:07.393Z</Time><Position><LatitudeDegrees>60.06449</LatitudeDegrees><LongitudeDegrees>18.752625</LongitudeDegrees></Position><AltitudeMeters>1.532</AltitudeMeters><HeartRateBpm><Value>78</Value></HeartRateBpm></Trackpoint><Trackpoint><Time>2026-05-02T08:24:08.403Z</Time><Position><LatitudeDegrees>60.064526</LatitudeDegrees><LongitudeDegrees>18.752642</LongitudeDegrees></Position><AltitudeMeters>1.607</AltitudeMeters><HeartRateBpm><Value>77</Value></HeartRateBpm></Trackpoint><Trackpoint><Time>2026-05-02T08:24:09.411Z</Time><Position><LatitudeDegrees>60.064556</LatitudeDegrees><LongitudeDegrees>18.75264</LongitudeDegrees></Position><AltitudeMeters>1.62</AltitudeMeters><HeartRateBpm><Value>76</Value></HeartRateBpm></Trackpoint><Trackpoint><Time>2026-05-02T08:24:10.417Z</Time><Position><LatitudeDegrees>60.064594</LatitudeDegrees><LongitudeDegrees>18.752632</LongitudeDegrees></Position><AltitudeMeters>1.48</AltitudeMeters><HeartRateBpm><Value>77</Value></HeartRateBpm></Trackpoint><Trackpoint><Time>2026-05-02T08:24:11.425Z</Time><Position><LatitudeDegrees>60.06463</LatitudeDegrees><LongitudeDegrees>18.752628</LongitudeDegrees></Position><AltitudeMeters>1.306</AltitudeMeters><HeartRateBpm><Value>77</Value></HeartRateBpm></Trackpoint><Trackpoint><Time>2026-05-02T08:24:12.433Z</Time><Position><LatitudeDegrees>60.064667</LatitudeDegrees><LongitudeDegrees>18.75263</LongitudeDegrees></Position><AltitudeMeters>1.492</AltitudeMeters><HeartRateBpm><Value>76</Value></HeartRateBpm></Trackpoint><Trackpoint><Time>2026-05-02T08:24:13.440Z</Time><Position><LatitudeDegrees>60.06471</LatitudeDegrees><LongitudeDegrees>18.752634</LongitudeDegrees></Position><AltitudeMeters>1.581</AltitudeMeters><HeartRateBpm><Value>76</Value></HeartRateBpm></Trackpoint><Trackpoint><Time>2026-05-02T08:24:14.447Z</Time><Position><LatitudeDegrees>60.064747</LatitudeDegrees><LongitudeDegrees>18.752636</LongitudeDegrees></Position><AltitudeMeters>1.57</AltitudeMeters><HeartRateBpm><Value>76</Value></HeartRateBpm></Trackpoint><Trackpoint><Time>2026-05-02T08:24:15.455Z</Time><Position><LatitudeDegrees>60.06479</LatitudeDegrees><LongitudeDegrees>18.752636</LongitudeDegrees></Position><AltitudeMeters>1.383</AltitudeMeters><HeartRateBpm><Value>75</Value></HeartRateBpm></Trackpoint><Trackpoint><Time>2026-05-02T08:24:16.463Z</Time><Position><LatitudeDegrees>60.064827</LatitudeDegrees><LongitudeDegrees>18.752636</LongitudeDegrees></Position><AltitudeMeters>1.322</AltitudeMeters><HeartRateBpm><Value>75</Value></HeartRateBpm></Trackpoint><Trackpoint><Time>2026-05-02T08:24:17.472Z</Time><Position><LatitudeDegrees>60.064865</LatitudeDegrees><LongitudeDegrees>18.752632</LongitudeDegrees></Position><AltitudeMeters>1.249</AltitudeMeters><HeartRateBpm><Value>75</Value></HeartRateBpm></Trackpoint><Trackpoint><Time>2026-05-02T08:24:18.480Z</Time><Position><LatitudeDegrees>60.0649</LatitudeDegrees><LongitudeDegrees>18.75263</LongitudeDegrees></Position><AltitudeMeters>1.146</AltitudeMeters><HeartRateBpm><Value>75</Value></HeartRateBpm></Trackpoint><Trackpoint><Time>2026-05-02T08:24:19.486Z</Time><Position><LatitudeDegrees>60.064938</LatitudeDegrees><LongitudeDegrees>18.752628</LongitudeDegrees></Position><AltitudeMeters>1.271</AltitudeMeters><HeartRateBpm><Value>75</Value></HeartRateBpm></Trackpoint><Trackpoint><Time>2026-05-02T08:24:20.496Z</Time><Position><LatitudeDegrees>60.064972</LatitudeDegrees><LongitudeDegrees>18.752626</LongitudeDegrees></Position><AltitudeMeters>1.416</AltitudeMeters><HeartRateBpm><Value>76</Value></HeartRateBpm></Trackpoint><Trackpoint><Time>2026-05-02T08:24:21.504Z</Time><Position><LatitudeDegrees>60.065006</LatitudeDegrees><LongitudeDegrees>18.752623</LongitudeDegrees></Position><AltitudeMeters>1.481</AltitudeMeters><HeartRateBpm><Value>76</Value></HeartRateBpm></Trackpoint><Trackpoint><Time>2026-05-02T08:24:22.514Z</Time><Position><LatitudeDegrees>60.06504</LatitudeDegrees><LongitudeDegrees>18.75262</LongitudeDegrees></Position><AltitudeMeters>1.133</AltitudeMeters><HeartRateBpm><Value>76</Value></HeartRateBpm></Trackpoint><Trackpoint><Time>2026-05-02T08:24:23.522Z</Time><Position><LatitudeDegrees>60.065075</LatitudeDegrees><LongitudeDegrees>18.752617</LongitudeDegrees></Position><AltitudeMeters>0.947</AltitudeMeters><HeartRateBpm><Value>77</Value></HeartRateBpm></Trackpoint><Trackpoint><Time>2026-05-02T08:24:24.531Z</Time><Position><LatitudeDegrees>60.06511</LatitudeDegrees><LongitudeDegrees>18.752615</LongitudeDegrees></Position><AltitudeMeters>0.994</AltitudeMeters><HeartRateBpm><Value>77</Value></HeartRateBpm></Trackpoint><Trackpoint><Time>2026-05-02T08:24:25.540Z</Time><Position><LatitudeDegrees>60.065144</LatitudeDegrees><LongitudeDegrees>18.752611</LongitudeDegrees></Position><AltitudeMeters>0.911</AltitudeMeters><HeartRateBpm><Value>78</Value></HeartRateBpm></Trackpoint><Trackpoint><Time>2026-05-02T08:24:26.546Z</Time><Position><LatitudeDegrees>60.065178</LatitudeDegrees><LongitudeDegrees>18.75261</LongitudeDegrees></Position><AltitudeMeters>0.446</AltitudeMeters><HeartRateBpm><Value>79</Value></HeartRateBpm></Trackpoint><Trackpoint><Time>2026-05-02T08:24:27.555Z</Time><Position><LatitudeDegrees>60.06521</LatitudeDegrees><LongitudeDegrees>18.75261</LongitudeDegrees></Position><AltitudeMeters>0.252</AltitudeMeters><HeartRateBpm><Value>81</Value></HeartRateBpm></Trackpoint><Trackpoint><Time>2026-05-02T08:24:28.564Z</Time><Position><LatitudeDegrees>60.065243</LatitudeDegrees><LongitudeDegrees>18.752605</LongitudeDegrees></Position><AltitudeMeters>0.234</AltitudeMeters><HeartRateBpm><Value>81</Value></HeartRateBpm></Trackpoint><Trackpoint><Time>2026-05-02T08:24:29.572Z</Time><Position><LatitudeDegrees>60.06528</LatitudeDegrees><LongitudeDegrees>18.752602</LongitudeDegrees></Position><AltitudeMeters>0.104</AltitudeMeters><HeartRateBpm><Value>82</Value></HeartRateBpm></Trackpoint><Trackpoint><Time>2026-05-02T08:24:30.582Z</Time><Position><LatitudeDegrees>60.065315</LatitudeDegrees><LongitudeDegrees>18.752596</LongitudeDegrees></Position><AltitudeMeters>0.184</AltitudeMeters><HeartRateBpm><Value>82</Value></HeartRateBpm></Trackpoint><Trackpoint><Time>2026-05-02T08:24:31.590Z</Time><Position><LatitudeDegrees>60.065353</LatitudeDegrees><LongitudeDegrees>18.752594</LongitudeDegrees></Position><AltitudeMeters>0.032</AltitudeMeters><HeartRateBpm><Value>83</Value></HeartRateBpm></Trackpoint><Trackpoint><Time>2026-05-02T08:24:32.598Z</Time><Position><LatitudeDegrees>60.06539</LatitudeDegrees><LongitudeDegrees>18.75259</LongitudeDegrees></Position><AltitudeMeters>0.005</AltitudeMeters><HeartRateBpm><Value>83</Value></HeartRateBpm></Trackpoint><Trackpoint><Time>2026-05-02T08:24:33.606Z</Time><Position><LatitudeDegrees>60.06543</LatitudeDegrees><LongitudeDegrees>18.75258</LongitudeDegrees></Position><AltitudeMeters>-0.088</AltitudeMeters><HeartRateBpm><Value>83</Value></HeartRateBpm></Trackpoint><Trackpoint><Time>2026-05-02T08:24:34.615Z</Time><Position><LatitudeDegrees>60.065468</LatitudeDegrees><LongitudeDegrees>18.75257</LongitudeDegrees></Position><AltitudeMeters>-0.3</AltitudeMeters><HeartRateBpm><Value>82</Value></HeartRateBpm></Trackpoint><Trackpoint><Time>2026-05-02T08:24:35.624Z</Time><Position><LatitudeDegrees>60.065506</LatitudeDegrees><LongitudeDegrees>18.75255</LongitudeDegrees></Position><AltitudeMeters>-0.178</AltitudeMeters><HeartRateBpm><Value>82</Value></HeartRateBpm></Trackpoint><Trackpoint><Time>2026-05-02T08:24:36.633Z</Time><Position><LatitudeDegrees>60.065544</LatitudeDegrees><LongitudeDegrees>18.752531</LongitudeDegrees></Position><AltitudeMeters>-0.075</AltitudeMeters><HeartRateBpm><Value>81</Value></HeartRateBpm></Trackpoint><Trackpoint><Time>2026-05-02T08:24:37.642Z</Time><Position><LatitudeDegrees>60.065586</LatitudeDegrees><LongitudeDegrees>18.75251</LongitudeDegrees></Position><AltitudeMeters>0.116</AltitudeMeters><HeartRateBpm><Value>80</Value></HeartRateBpm></Trackpoint><Trackpoint><Time>2026-05-02T08:24:38.651Z</Time><Position><LatitudeDegrees>60.065628</LatitudeDegrees><LongitudeDegrees>18.752491</LongitudeDegrees></Position><AltitudeMeters>0.35</AltitudeMeters><HeartRateBpm><Value>80</Value></HeartRateBpm></Trackpoint><Trackpoint><Time>2026-05-02T08:24:39.659Z</Time><Position><LatitudeDegrees>60.06567</LatitudeDegrees><LongitudeDegrees>18.752472</LongitudeDegrees></Position><AltitudeMeters>0.452</AltitudeMeters><HeartRateBpm><Value>78</Value></HeartRateBpm></Trackpoint><Trackpoint><Time>2026-05-02T08:24:40.667Z</Time><Position><LatitudeDegrees>60.065716</LatitudeDegrees><LongitudeDegrees>18.752453</LongitudeDegrees></Position><AltitudeMeters>0.318</AltitudeMeters><HeartRateBpm><Value>77</Value></HeartRateBpm></Trackpoint><Trackpoint><Time>2026-05-02T08:24:41.675Z</Time><Position><LatitudeDegrees>60.065758</LatitudeDegrees><LongitudeDegrees>18.75243</LongitudeDegrees></Position><AltitudeMeters>0.283</AltitudeMeters><HeartRateBpm><Value>76</Value></HeartRateBpm></Trackpoint><Trackpoint><Time>2026-05-02T08:24:42.684Z</Time><Position><LatitudeDegrees>60.0658</LatitudeDegrees><LongitudeDegrees>18.75241</LongitudeDegrees></Position><AltitudeMeters>0.26</AltitudeMeters><HeartRateBpm><Value>76</Value></HeartRateBpm></Trackpoint><Trackpoint><Time>2026-05-02T08:24:43.693Z</Time><Position><LatitudeDegrees>60.06584</LatitudeDegrees><LongitudeDegrees>18.752388</LongitudeDegrees></Position><AltitudeMeters>-0.012</AltitudeMeters><HeartRateBpm><Value>75</Value></HeartRateBpm></Trackpoint><Trackpoint><Time>2026-05-02T08:24:44.703Z</Time><Position><LatitudeDegrees>60.065887</LatitudeDegrees><LongitudeDegrees>18.752367</LongitudeDegrees></Position><AltitudeMeters>-0.107</AltitudeMeters><HeartRateBpm><Value>76</Value></HeartRateBpm></Trackpoint><Trackpoint><Time>2026-05-02T08:24:45.713Z</Time><Position><LatitudeDegrees>60.06593</LatitudeDegrees><LongitudeDegrees>18.752344</LongitudeDegrees></Position><AltitudeMeters>-0.025</AltitudeMeters><HeartRateBpm><Value>77</Value></HeartRateBpm></Trackpoint><Trackpoint><Time>2026-05-02T08:24:46.718Z</Time><Position><LatitudeDegrees>60.06597</LatitudeDegrees><LongitudeDegrees>18.752323</LongitudeDegrees></Position><AltitudeMeters>-0.128</AltitudeMeters><HeartRateBpm><Value>77</Value></HeartRateBpm></Trackpoint><Trackpoint><Time>2026-05-02T08:24:47.727Z</Time><Position><LatitudeDegrees>60.066017</LatitudeDegrees><LongitudeDegrees>18.752304</LongitudeDegrees></Position><AltitudeMeters>-0.184</AltitudeMeters><HeartRateBpm><Value>77</Value></HeartRateBpm></Trackpoint><Trackpoint><Time>2026-05-02T08:24:48.736Z</Time><Position><LatitudeDegrees>60.06606</LatitudeDegrees><LongitudeDegrees>18.752287</LongitudeDegrees></Position><AltitudeMeters>-0.224</AltitudeMeters><HeartRateBpm><Value>77</Value></HeartRateBpm></Trackpoint><Trackpoint><Time>2026-05-02T08:24:49.746Z</Time><Position><LatitudeDegrees>60.0661</LatitudeDegrees><LongitudeDegrees>18.752272</LongitudeDegrees></Position><AltitudeMeters>-0.034</AltitudeMeters><HeartRateBpm><Value>76</Value></HeartRateBpm></Trackpoint><Trackpoint><Time>2026-05-02T08:24:50.753Z</Time><Position><LatitudeDegrees>60.06614</LatitudeDegrees><LongitudeDegrees>18.752256</LongitudeDegrees></Position><AltitudeMeters>0.009</AltitudeMeters><HeartRateBpm><Value>76</Value></HeartRateBpm></Trackpoint><Trackpoint><Time>2026-05-02T08:24:51.762Z</Time><Position><LatitudeDegrees>60.066177</LatitudeDegrees><LongitudeDegrees>18.75224</LongitudeDegrees></Position><AltitudeMeters>0.066</AltitudeMeters><HeartRateBpm><Value>77</Value></HeartRateBpm></Trackpoint><Trackpoint><Time>2026-05-02T08:24:52.771Z</Time><Position><LatitudeDegrees>60.066216</LatitudeDegrees><LongitudeDegrees>18.752214</LongitudeDegrees></Position><AltitudeMeters>0.056</AltitudeMeters><HeartRateBpm><Value>78</Value></HeartRateBpm></Trackpoint><Trackpoint><Time>2026-05-02T08:24:53.778Z</Time><Position><LatitudeDegrees>60.066254</LatitudeDegrees><LongitudeDegrees>18.75219</LongitudeDegrees></Position><AltitudeMeters>0.189</AltitudeMeters><HeartRateBpm><Value>79</Value></HeartRateBpm></Trackpoint><Trackpoint><Time>2026-05-02T08:24:54.785Z</Time><Position><LatitudeDegrees>60.066296</LatitudeDegrees><LongitudeDegrees>18.75216</LongitudeDegrees></Position><AltitudeMeters>0.15</AltitudeMeters><HeartRateBpm><Value>80</Value></HeartRateBpm></Trackpoint><Trackpoint><Time>2026-05-02T08:24:55.794Z</Time><Position><LatitudeDegrees>60.066334</LatitudeDegrees><LongitudeDegrees>18.752132</LongitudeDegrees></Position><AltitudeMeters>0.086</AltitudeMeters><HeartRateBpm><Value>81</Value></HeartRateBpm></Trackpoint><Trackpoint><Time>2026-05-02T08:24:56.804Z</Time><Position><LatitudeDegrees>60.06637</LatitudeDegrees><LongitudeDegrees>18.752108</LongitudeDegrees></Position><AltitudeMeters>0.151</AltitudeMeters><HeartRateBpm><Value>81</Value></HeartRateBpm></Trackpoint><Trackpoint><Time>2026-05-02T08:24:57.813Z</Time><Position><LatitudeDegrees>60.066402</LatitudeDegrees><LongitudeDegrees>18.75209</LongitudeDegrees></Position><AltitudeMeters>0.095</AltitudeMeters><HeartRateBpm><Value>82</Value></HeartRateBpm></Trackpoint><Trackpoint><Time>2026-05-02T08:24:58.821Z</Time><Position><LatitudeDegrees>60.06643</LatitudeDegrees><LongitudeDegrees>18.752073</LongitudeDegrees></Position><AltitudeMeters>-0.014</AltitudeMeters><HeartRateBpm><Value>82</Value></HeartRateBpm></Trackpoint><Trackpoint><Time>2026-05-02T08:24:59.827Z</Time><Position><LatitudeDegrees>60.06646</LatitudeDegrees><LongitudeDegrees>18.752054</LongitudeDegrees></Position><AltitudeMeters>-0.326</AltitudeMeters><HeartRateBpm><Value>82</Value></HeartRateBpm></Trackpoint><Trackpoint><Time>2026-05-02T08:25:00.837Z</Time><Position><LatitudeDegrees>60.066486</LatitudeDegrees><LongitudeDegrees>18.752037</LongitudeDegrees></Position><AltitudeMeters>-0.472</AltitudeMeters><HeartRateBpm><Value>81</Value></HeartRateBpm></Trackpoint><Trackpoint><Time>2026-05-02T08:25:01.846Z</Time><Position><LatitudeDegrees>60.066517</LatitudeDegrees><LongitudeDegrees>18.752018</LongitudeDegrees></Position><AltitudeMeters>-0.438</AltitudeMeters><HeartRateBpm><Value>81</Value></HeartRateBpm></Trackpoint><Trackpoint><Time>2026-05-02T08:25:02.855Z</Time><Position><LatitudeDegrees>60.066547</LatitudeDegrees><LongitudeDegrees>18.752</LongitudeDegrees></Position><AltitudeMeters>-0.382</AltitudeMeters><HeartRateBpm><Value>81</Value></HeartRateBpm></Trackpoint><Trackpoint><Time>2026-05-02T08:25:03.864Z</Time><Position><LatitudeDegrees>60.066574</LatitudeDegrees><LongitudeDegrees>18.751982</LongitudeDegrees></Position><AltitudeMeters>-0.783</AltitudeMeters><HeartRateBpm><Value>80</Value></HeartRateBpm></Trackpoint><Trackpoint><Time>2026-05-02T08:25:04.872Z</Time><Position><LatitudeDegrees>60.06661</LatitudeDegrees><LongitudeDegrees>18.751963</LongitudeDegrees></Position><AltitudeMeters>-0.774</AltitudeMeters><HeartRateBpm><Value>79</Value></HeartRateBpm></Trackpoint><Trackpoint><Time>2026-05-02T08:25:05.879Z</Time><Position><LatitudeDegrees>60.06664</LatitudeDegrees><LongitudeDegrees>18.751944</LongitudeDegrees></Position><AltitudeMeters>-0.653</AltitudeMeters><HeartRateBpm><Value>79</Value></HeartRateBpm></Trackpoint><Trackpoint><Time>2026-05-02T08:25:06.886Z</Time><Position><LatitudeDegrees>60.06667</LatitudeDegrees><LongitudeDegrees>18.751925</LongitudeDegrees></Position><AltitudeMeters>-0.056</AltitudeMeters><HeartRateBpm><Value>80</Value></HeartRateBpm></Trackpoint><Trackpoint><Time>2026-05-02T08:25:07.896Z</Time><Position><LatitudeDegrees>60.0667</LatitudeDegrees><LongitudeDegrees>18.751905</LongitudeDegrees></Position><AltitudeMeters>-0.029</AltitudeMeters><HeartRateBpm><Value>81</Value></HeartRateBpm></Trackpoint><Trackpoint><Time>2026-05-02T08:25:08.904Z</Time><Position><LatitudeDegrees>60.066734</LatitudeDegrees><LongitudeDegrees>18.751886</LongitudeDegrees></Position><AltitudeMeters>-0.191</AltitudeMeters><HeartRateBpm><Value>81</Value></HeartRateBpm></Trackpoint><Trackpoint><Time>2026-05-02T08:25:09.914Z</Time><Position><LatitudeDegrees>60.06677</LatitudeDegrees><LongitudeDegrees>18.751867</LongitudeDegrees></Position><AltitudeMeters>-0.186</AltitudeMeters><HeartRateBpm><Value>80</Value></HeartRateBpm></Trackpoint><Trackpoint><Time>2026-05-02T08:25:10.922Z</Time><Position><LatitudeDegrees>60.066803</LatitudeDegrees><LongitudeDegrees>18.751846</LongitudeDegrees></Position><AltitudeMeters>-0.008</AltitudeMeters><HeartRateBpm><Value>79</Value></HeartRateBpm></Trackpoint><Trackpoint><Time>2026-05-02T08:25:11.929Z</Time><Position><LatitudeDegrees>60.066837</LatitudeDegrees><LongitudeDegrees>18.751823</LongitudeDegrees></Position><AltitudeMeters>0.249</AltitudeMeters><HeartRateBpm><Value>80</Value></HeartRateBpm></Trackpoint><Trackpoint><Time>2026-05-02T08:25:12.938Z</Time><Position><LatitudeDegrees>60.06687</LatitudeDegrees><LongitudeDegrees>18.751802</LongitudeDegrees></Position><AltitudeMeters>0.324</AltitudeMeters><HeartRateBpm><Value>82</Value></HeartRateBpm></Trackpoint><Trackpoint><Time>2026-05-02T08:25:13.947Z</Time><Position><LatitudeDegrees>60.066906</LatitudeDegrees><LongitudeDegrees>18.751778</LongitudeDegrees></Position><AltitudeMeters>0.129</AltitudeMeters><HeartRateBpm><Value>84</Value></HeartRateBpm></Trackpoint><Trackpoint><Time>2026-05-02T08:25:14.955Z</Time><Position><LatitudeDegrees>60.06694</LatitudeDegrees><LongitudeDegrees>18.751755</LongitudeDegrees></Position><AltitudeMeters>0.318</AltitudeMeters><HeartRateBpm><Value>85</Value></HeartRateBpm></Trackpoint><Trackpoint><Time>2026-05-02T08:25:15.963Z</Time><Position><LatitudeDegrees>60.066975</LatitudeDegrees><LongitudeDegrees>18.75173</LongitudeDegrees></Position><AltitudeMeters>0.397</AltitudeMeters><HeartRateBpm><Value>84</Value></HeartRateBpm></Trackpoint><Trackpoint><Time>2026-05-02T08:25:16.972Z</Time><Position><LatitudeDegrees>60.06701</LatitudeDegrees><LongitudeDegrees>18.751707</LongitudeDegrees></Position><AltitudeMeters>0.327</AltitudeMeters><HeartRateBpm><Value>84</Value></HeartRateBpm></Trackpoint><Trackpoint><Time>2026-05-02T08:25:17.981Z</Time><Position><LatitudeDegrees>60.067043</LatitudeDegrees><LongitudeDegrees>18.751678</LongitudeDegrees></Position><AltitudeMeters>0.208</AltitudeMeters><HeartRateBpm><Value>84</Value></HeartRateBpm></Trackpoint><Trackpoint><Time>2026-05-02T08:25:18.987Z</Time><Position><LatitudeDegrees>60.06708</LatitudeDegrees><LongitudeDegrees>18.751652</LongitudeDegrees></Position><AltitudeMeters>-0.166</AltitudeMeters><HeartRateBpm><Value>84</Value></HeartRateBpm></Trackpoint><Trackpoint><Time>2026-05-02T08:25:19.995Z</Time><Position><LatitudeDegrees>60.067116</LatitudeDegrees><LongitudeDegrees>18.751627</LongitudeDegrees></Position><AltitudeMeters>-0.345</AltitudeMeters><HeartRateBpm><Value>86</Value></HeartRateBpm></Trackpoint><Trackpoint><Time>2026-05-02T08:25:21.004Z</Time><Position><LatitudeDegrees>60.067146</LatitudeDegrees><LongitudeDegrees>18.751602</LongitudeDegrees></Position><AltitudeMeters>-0.31</AltitudeMeters><HeartRateBpm><Value>87</Value></HeartRateBpm></Trackpoint><Trackpoint><Time>2026-05-02T08:25:22.013Z</Time><Position><LatitudeDegrees>60.067177</LatitudeDegrees><LongitudeDegrees>18.751574</LongitudeDegrees></Position><AltitudeMeters>-0.374</AltitudeMeters><HeartRateBpm><Value>88</Value></HeartRateBpm></Trackpoint><Trackpoint><Time>2026-05-02T08:25:23.022Z</Time><Position><LatitudeDegrees>60.067204</LatitudeDegrees><LongitudeDegrees>18.751545</LongitudeDegrees></Position><AltitudeMeters>-0.13</AltitudeMeters><HeartRateBpm><Value>90</Value></HeartRateBpm></Trackpoint><Trackpoint><Time>2026-05-02T08:25:24.031Z</Time><Position><LatitudeDegrees>60.067234</LatitudeDegrees><LongitudeDegrees>18.751514</LongitudeDegrees></Position><AltitudeMeters>-0.167</AltitudeMeters><HeartRateBpm><Value>92</Value></HeartRateBpm></Trackpoint><Trackpoint><Time>2026-05-02T08:25:25.040Z</Time><Position><LatitudeDegrees>60.06726</LatitudeDegrees><LongitudeDegrees>18.75148</LongitudeDegrees></Position><AltitudeMeters>-0.027</AltitudeMeters><HeartRateBpm><Value>94</Value></HeartRateBpm></Trackpoint><Trackpoint><Time>2026-05-02T08:25:26.048Z</Time><Position><LatitudeDegrees>60.06729</LatitudeDegrees><LongitudeDegrees>18.751446</LongitudeDegrees></Position><AltitudeMeters>0.177</AltitudeMeters><HeartRateBpm><Value>97</Value></HeartRateBpm></Trackpoint><Trackpoint><Time>2026-05-02T08:25:27.056Z</Time><Position><LatitudeDegrees>60.06732</LatitudeDegrees><LongitudeDegrees>18.75141</LongitudeDegrees></Position><AltitudeMeters>0.279</AltitudeMeters><HeartRateBpm><Value>99</Value></HeartRateBpm></Trackpoint><Trackpoint><Time>2026-05-02T08:25:28.065Z</Time><Position><LatitudeDegrees>60.06735</LatitudeDegrees><LongitudeDegrees>18.751373</LongitudeDegrees></Position><AltitudeMeters>0.408</AltitudeMeters><HeartRateBpm><Value>101</Value></HeartRateBpm></Trackpoint><Trackpoint><Time>2026-05-02T08:25:29.074Z</Time><Position><LatitudeDegrees>60.06738</LatitudeDegrees><LongitudeDegrees>18.751339</LongitudeDegrees></Position><AltitudeMeters>0.059</AltitudeMeters><HeartRateBpm><Value>103</Value></HeartRateBpm></Trackpoint><Trackpoint><Time>2026-05-02T08:25:30.083Z</Time><Position><LatitudeDegrees>60.067406</LatitudeDegrees><LongitudeDegrees>18.751305</LongitudeDegrees></Position><AltitudeMeters>-0.332</AltitudeMeters><HeartRateBpm><Value>104</Value></HeartRateBpm></Trackpoint><Trackpoint><Time>2026-05-02T08:25:31.091Z</Time><Position><LatitudeDegrees>60.06743</LatitudeDegrees><LongitudeDegrees>18.751272</LongitudeDegrees></Position><AltitudeMeters>-0.586</AltitudeMeters><HeartRateBpm><Value>105</Value></HeartRateBpm></Trackpoint><Trackpoint><Time>2026-05-02T08:25:32.101Z</Time><Position><LatitudeDegrees>60.067455</LatitudeDegrees><LongitudeDegrees>18.751238</LongitudeDegrees></Position><AltitudeMeters>-0.465</AltitudeMeters><HeartRateBpm><Value>107</Value></HeartRateBpm></Trackpoint><Trackpoint><Time>2026-05-02T08:25:33.108Z</Time><Position><LatitudeDegrees>60.067482</LatitudeDegrees><LongitudeDegrees>18.751205</LongitudeDegrees></Position><AltitudeMeters>0.2</AltitudeMeters><HeartRateBpm><Value>108</Value></HeartRateBpm></Trackpoint><Trackpoint><Time>2026-05-02T08:25:34.117Z</Time><Position><LatitudeDegrees>60.067505</LatitudeDegrees><LongitudeDegrees>18.751171</LongitudeDegrees></Position><AltitudeMeters>0.404</AltitudeMeters><HeartRateBpm><Value>108</Value></HeartRateBpm></Trackpoint><Trackpoint><Time>2026-05-02T08:25:35.125Z</Time><Position><LatitudeDegrees>60.06753</LatitudeDegrees><LongitudeDegrees>18.751139</LongitudeDegrees></Position><AltitudeMeters>0.178</AltitudeMeters><HeartRateBpm><Value>108</Value></HeartRateBpm></Trackpoint><Trackpoint><Time>2026-05-02T08:25:36.134Z</Time><Position><LatitudeDegrees>60.06756</LatitudeDegrees><LongitudeDegrees>18.751104</LongitudeDegrees></Position><AltitudeMeters>0.121</AltitudeMeters><HeartRateBpm><Value>109</Value></HeartRateBpm></Trackpoint><Trackpoint><Time>2026-05-02T08:25:37.144Z</Time><Position><LatitudeDegrees>60.067585</LatitudeDegrees><LongitudeDegrees>18.751072</LongitudeDegrees></Position><AltitudeMeters>0.057</AltitudeMeters><HeartRateBpm><Value>112</Value></HeartRateBpm></Trackpoint><Trackpoint><Time>2026-05-02T08:25:38.153Z</Time><Position><LatitudeDegrees>60.067616</LatitudeDegrees><LongitudeDegrees>18.751041</LongitudeDegrees></Position><AltitudeMeters>-0.674</AltitudeMeters><HeartRateBpm><Value>113</Value></HeartRateBpm></Trackpoint><Trackpoint><Time>2026-05-02T08:25:39.162Z</Time><Position><LatitudeDegrees>60.067646</LatitudeDegrees><LongitudeDegrees>18.751009</LongitudeDegrees></Position><AltitudeMeters>-2.01</AltitudeMeters><HeartRateBpm><Value>114</Value></HeartRateBpm></Trackpoint><Trackpoint><Time>2026-05-02T08:25:40.171Z</Time><Position><LatitudeDegrees>60.067677</LatitudeDegrees><LongitudeDegrees>18.750975</LongitudeDegrees></Position><AltitudeMeters>-1.35</AltitudeMeters><HeartRateBpm><Value>115</Value></HeartRateBpm></Trackpoint><Trackpoint><Time>2026-05-02T08:25:41.175Z</Time><Position><LatitudeDegrees>60.06771</LatitudeDegrees><LongitudeDegrees>18.750933</LongitudeDegrees></Position><AltitudeMeters>-1.18</AltitudeMeters><HeartRateBpm><Value>115</Value></HeartRateBpm></Trackpoint><Trackpoint><Time>2026-05-02T08:25:42.182Z</Time><Position><LatitudeDegrees>60.06774</LatitudeDegrees><LongitudeDegrees>18.750889</LongitudeDegrees></Position><AltitudeMeters>-1.926</AltitudeMeters><HeartRateBpm><Value>115</Value></HeartRateBpm></Trackpoint><Trackpoint><Time>2026-05-02T08:25:43.188Z</Time><Position><LatitudeDegrees>60.067772</LatitudeDegrees><LongitudeDegrees>18.750847</LongitudeDegrees></Position><AltitudeMeters>-2.334</AltitudeMeters><HeartRateBpm><Value>115</Value></HeartRateBpm></Trackpoint><Trackpoint><Time>2026-05-02T08:25:44.195Z</Time><Position><LatitudeDegrees>60.067802</LatitudeDegrees><LongitudeDegrees>18.750807</LongitudeDegrees></Position><AltitudeMeters>-1.85</AltitudeMeters><HeartRateBpm><Value>116</Value></HeartRateBpm></Trackpoint><Trackpoint><Time>2026-05-02T08:25:45.204Z</Time><Position><LatitudeDegrees>60.06783</LatitudeDegrees><LongitudeDegrees>18.750767</LongitudeDegrees></Position><AltitudeMeters>-1.729</AltitudeMeters><HeartRateBpm><Value>116</Value></HeartRateBpm></Trackpoint><Trackpoint><Time>2026-05-02T08:25:46.212Z</Time><Position><LatitudeDegrees>60.067856</LatitudeDegrees><LongitudeDegrees>18.750725</LongitudeDegrees></Position><AltitudeMeters>-1.603</AltitudeMeters><HeartRateBpm><Value>116</Value></HeartRateBpm></Trackpoint><Trackpoint><Time>2026-05-02T08:25:47.221Z</Time><Position><LatitudeDegrees>60.067883</LatitudeDegrees><LongitudeDegrees>18.75068</LongitudeDegrees></Position><AltitudeMeters>-0.575</AltitudeMeters><HeartRateBpm><Value>116</Value></HeartRateBpm></Trackpoint><Trackpoint><Time>2026-05-02T08:25:48.228Z</Time><Position><LatitudeDegrees>60.06791</LatitudeDegrees><LongitudeDegrees>18.750635</LongitudeDegrees></Position><AltitudeMeters>0.156</AltitudeMeters><HeartRateBpm><Value>116</Value></HeartRateBpm></Trackpoint><Trackpoint><Time>2026-05-02T08:25:49.236Z</Time><Position><LatitudeDegrees>60.067936</LatitudeDegrees><LongitudeDegrees>18.75059</LongitudeDegrees></Position><AltitudeMeters>0.635</AltitudeMeters><HeartRateBpm><Value>116</Value></HeartRateBpm></Trackpoint><Trackpoint><Time>2026-05-02T08:25:50.244Z</Time><Position><LatitudeDegrees>60.06796</LatitudeDegrees><LongitudeDegrees>18.750546</LongitudeDegrees></Position><AltitudeMeters>1.047</AltitudeMeters><HeartRateBpm><Value>116</Value></HeartRateBpm></Trackpoint><Trackpoint><Time>2026-05-02T08:25:51.253Z</Time><Position><LatitudeDegrees>60.06799</LatitudeDegrees><LongitudeDegrees>18.7505</LongitudeDegrees></Position><AltitudeMeters>1.004</AltitudeMeters><HeartRateBpm><Value>116</Value></HeartRateBpm></Trackpoint><Trackpoint><Time>2026-05-02T08:25:52.262Z</Time><Position><LatitudeDegrees>60.068016</LatitudeDegrees><LongitudeDegrees>18.750456</LongitudeDegrees></Position><AltitudeMeters>1.344</AltitudeMeters><HeartRateBpm><Value>115</Value></HeartRateBpm></Trackpoint><Trackpoint><Time>2026-05-02T08:25:53.270Z</Time><Position><LatitudeDegrees>60.068043</LatitudeDegrees><LongitudeDegrees>18.75041</LongitudeDegrees></Position><AltitudeMeters>1.63</AltitudeMeters><HeartRateBpm><Value>114</Value></HeartRateBpm></Trackpoint><Trackpoint><Time>2026-05-02T08:25:54.277Z</Time><Position><LatitudeDegrees>60.06807</LatitudeDegrees><LongitudeDegrees>18.750366</LongitudeDegrees></Position><AltitudeMeters>1.593</AltitudeMeters><HeartRateBpm><Value>113</Value></HeartRateBpm></Trackpoint><Trackpoint><Time>2026-05-02T08:25:55.286Z</Time><Position><LatitudeDegrees>60.068096</LatitudeDegrees><LongitudeDegrees>18.75032</LongitudeDegrees></Position><AltitudeMeters>0.928</AltitudeMeters><HeartRateBpm><Value>113</Value></HeartRateBpm></Trackpoint><Trackpoint><Time>2026-05-02T08:25:56.295Z</Time><Position><LatitudeDegrees>60.068127</LatitudeDegrees><LongitudeDegrees>18.750275</LongitudeDegrees></Position><AltitudeMeters>0.753</AltitudeMeters><HeartRateBpm><Value>113</Value></HeartRateBpm></Trackpoint><Trackpoint><Time>2026-05-02T08:25:57.304Z</Time><Position><LatitudeDegrees>60.068153</LatitudeDegrees><LongitudeDegrees>18.75023</LongitudeDegrees></Position><AltitudeMeters>0.695</AltitudeMeters><HeartRateBpm><Value>113</Value></HeartRateBpm></Trackpoint><Trackpoint><Time>2026-05-02T08:25:58.313Z</Time><Position><LatitudeDegrees>60.06818</LatitudeDegrees><LongitudeDegrees>18.750187</LongitudeDegrees></Position><AltitudeMeters>0.504</AltitudeMeters><HeartRateBpm><Value>112</Value></HeartRateBpm></Trackpoint><Trackpoint><Time>2026-05-02T08:25:59.322Z</Time><Position><LatitudeDegrees>60.06821</LatitudeDegrees><LongitudeDegrees>18.750141</LongitudeDegrees></Position><AltitudeMeters>-0.001</AltitudeMeters><HeartRateBpm><Value>112</Value></HeartRateBpm></Trackpoint><Trackpoint><Time>2026-05-02T08:26:00.329Z</Time><Position><LatitudeDegrees>60.068237</LatitudeDegrees><LongitudeDegrees>18.750095</LongitudeDegrees></Position><AltitudeMeters>0.09</AltitudeMeters><HeartRateBpm><Value>114</Value></HeartRateBpm></Trackpoint><Trackpoint><Time>2026-05-02T08:26:01.333Z</Time><Position><LatitudeDegrees>60.068268</LatitudeDegrees><LongitudeDegrees>18.750051</LongitudeDegrees></Position><AltitudeMeters>0.051</AltitudeMeters><HeartRateBpm><Value>115</Value></HeartRateBpm></Trackpoint><Trackpoint><Time>2026-05-02T08:26:02.332Z</Time><Position><LatitudeDegrees>60.0683</LatitudeDegrees><LongitudeDegrees>18.750006</LongitudeDegrees></Position><AltitudeMeters>-0.321</AltitudeMeters><HeartRateBpm><Value>115</Value></HeartRateBpm></Trackpoint><Trackpoint><Time>2026-05-02T08:26:03.333Z</Time><Position><LatitudeDegrees>60.06833</LatitudeDegrees><LongitudeDegrees>18.749962</LongitudeDegrees></Position><AltitudeMeters>-0.368</AltitudeMeters><HeartRateBpm><Value>114</Value></HeartRateBpm></Trackpoint><Trackpoint><Time>2026-05-02T08:26:04.342Z</Time><Position><LatitudeDegrees>60.06836</LatitudeDegrees><LongitudeDegrees>18.749918</LongitudeDegrees></Position><AltitudeMeters>-0.568</AltitudeMeters><HeartRateBpm><Value>113</Value></HeartRateBpm></Trackpoint><Trackpoint><Time>2026-05-02T08:26:05.350Z</Time><Position><LatitudeDegrees>60.068394</LatitudeDegrees><LongitudeDegrees>18.74988</LongitudeDegrees></Position><AltitudeMeters>0.106</AltitudeMeters><HeartRateBpm><Value>112</Value></HeartRateBpm></Trackpoint><Trackpoint><Time>2026-05-02T08:26:06.357Z</Time><Position><LatitudeDegrees>60.068424</LatitudeDegrees><LongitudeDegrees>18.749838</LongitudeDegrees></Position><AltitudeMeters>0.856</AltitudeMeters><HeartRateBpm><Value>113</Value></HeartRateBpm></Trackpoint><Trackpoint><Time>2026-05-02T08:26:07.366Z</Time><Position><LatitudeDegrees>60.068455</LatitudeDegrees><LongitudeDegrees>18.749794</LongitudeDegrees></Position><AltitudeMeters>1.158</AltitudeMeters><HeartRateBpm><Value>112</Value></HeartRateBpm></Trackpoint><Trackpoint><Time>2026-05-02T08:26:08.375Z</Time><Position><LatitudeDegrees>60.068485</LatitudeDegrees><LongitudeDegrees>18.749754</LongitudeDegrees></Position><AltitudeMeters>1.606</AltitudeMeters><HeartRateBpm><Value>112</Value></HeartRateBpm></Trackpoint><Trackpoint><Time>2026-05-02T08:26:09.384Z</Time><Position><LatitudeDegrees>60.06852</LatitudeDegrees><LongitudeDegrees>18.749714</LongitudeDegrees></Position><AltitudeMeters>1.663</AltitudeMeters><HeartRateBpm><Value>113</Value></HeartRateBpm></Trackpoint><Trackpoint><Time>2026-05-02T08:26:10.393Z</Time><Position><LatitudeDegrees>60.06855</LatitudeDegrees><LongitudeDegrees>18.749668</LongitudeDegrees></Position><AltitudeMeters>1.533</AltitudeMeters><HeartRateBpm><Value>114</Value></HeartRateBpm></Trackpoint><Trackpoint><Time>2026-05-02T08:26:11.401Z</Time><Position><LatitudeDegrees>60.068584</LatitudeDegrees><LongitudeDegrees>18.749628</LongitudeDegrees></Position><AltitudeMeters>1.672</AltitudeMeters><HeartRateBpm><Value>114</Value></HeartRateBpm></Trackpoint><Trackpoint><Time>2026-05-02T08:26:12.407Z</Time><Position><LatitudeDegrees>60.068615</LatitudeDegrees><LongitudeDegrees>18.749578</LongitudeDegrees></Position><AltitudeMeters>1.985</AltitudeMeters><HeartRateBpm><Value>113</Value></HeartRateBpm></Trackpoint><Trackpoint><Time>2026-05-02T08:26:13.415Z</Time><Position><LatitudeDegrees>60.068645</LatitudeDegrees><LongitudeDegrees>18.749535</LongitudeDegrees></Position><AltitudeMeters>2.083</AltitudeMeters><HeartRateBpm><Value>112</Value></HeartRateBpm></Trackpoint><Trackpoint><Time>2026-05-02T08:26:14.423Z</Time><Position><LatitudeDegrees>60.068676</LatitudeDegrees><LongitudeDegrees>18.749487</LongitudeDegrees></Position><AltitudeMeters>1.988</AltitudeMeters><HeartRateBpm><Value>111</Value></HeartRateBpm></Trackpoint><Trackpoint><Time>2026-05-02T08:26:15.431Z</Time><Position><LatitudeDegrees>60.06871</LatitudeDegrees><LongitudeDegrees>18.74944</LongitudeDegrees></Position><AltitudeMeters>1.886</AltitudeMeters><HeartRateBpm><Value>110</Value></HeartRateBpm></Trackpoint><Trackpoint><Time>2026-05-02T08:26:16.440Z</Time><Position><LatitudeDegrees>60.06874</LatitudeDegrees><LongitudeDegrees>18.749392</LongitudeDegrees></Position><AltitudeMeters>1.549</AltitudeMeters><HeartRateBpm><Value>110</Value></HeartRateBpm></Trackpoint><Trackpoint><Time>2026-05-02T08:26:17.447Z</Time><Position><LatitudeDegrees>60.06877</LatitudeDegrees><LongitudeDegrees>18.749342</LongitudeDegrees></Position><AltitudeMeters>1.516</AltitudeMeters><HeartRateBpm><Value>109</Value></HeartRateBpm></Trackpoint><Trackpoint><Time>2026-05-02T08:26:18.456Z</Time><Position><LatitudeDegrees>60.068806</LatitudeDegrees><LongitudeDegrees>18.749294</LongitudeDegrees></Position><AltitudeMeters>1.696</AltitudeMeters><HeartRateBpm><Value>108</Value></HeartRateBpm></Trackpoint><Trackpoint><Time>2026-05-02T08:26:19.465Z</Time><Position><LatitudeDegrees>60.068836</LatitudeDegrees><LongitudeDegrees>18.749249</LongitudeDegrees></Position><AltitudeMeters>1.306</AltitudeMeters><HeartRateBpm><Value>107</Value></HeartRateBpm></Trackpoint><Trackpoint><Time>2026-05-02T08:26:20.474Z</Time><Position><LatitudeDegrees>60.068867</LatitudeDegrees><LongitudeDegrees>18.749203</LongitudeDegrees></Position><AltitudeMeters>1.142</AltitudeMeters><HeartRateBpm><Value>105</Value></HeartRateBpm></Trackpoint><Trackpoint><Time>2026-05-02T08:26:21.482Z</Time><Position><LatitudeDegrees>60.068897</LatitudeDegrees><LongitudeDegrees>18.749157</LongitudeDegrees></Position><AltitudeMeters>1.285</AltitudeMeters><HeartRateBpm><Value>104</Value></HeartRateBpm></Trackpoint><Trackpoint><Time>2026-05-02T08:26:22.490Z</Time><Position><LatitudeDegrees>60.068928</LatitudeDegrees><LongitudeDegrees>18.749113</LongitudeDegrees></Position><AltitudeMeters>1.42</AltitudeMeters><HeartRateBpm><Value>103</Value></HeartRateBpm></Trackpoint><Trackpoint><Time>2026-05-02T08:26:23.497Z</Time><Position><LatitudeDegrees>60.068962</LatitudeDegrees><LongitudeDegrees>18.749067</LongitudeDegrees></Position><AltitudeMeters>1.613</AltitudeMeters><HeartRateBpm><Value>101</Value></HeartRateBpm></Trackpoint><Trackpoint><Time>2026-05-02T08:26:24.505Z</Time><Position><LatitudeDegrees>60.068993</LatitudeDegrees><LongitudeDegrees>18.749022</LongitudeDegrees></Position><AltitudeMeters>1.697</AltitudeMeters><HeartRateBpm><Value>98</Value></HeartRateBpm></Trackpoint><Trackpoint><Time>2026-05-02T08:26:25.512Z</Time><Position><LatitudeDegrees>60.069027</LatitudeDegrees><LongitudeDegrees>18.748976</LongitudeDegrees></Position><AltitudeMeters>1.77</AltitudeMeters><HeartRateBpm><Value>96</Value></HeartRateBpm></Trackpoint><Trackpoint><Time>2026-05-02T08:26:26.521Z</Time><Position><LatitudeDegrees>60.06906</LatitudeDegrees><LongitudeDegrees>18.748928</LongitudeDegrees></Position><AltitudeMeters>2.048</AltitudeMeters><HeartRateBpm><Value>95</Value></HeartRateBpm></Trackpoint><Trackpoint><Time>2026-05-02T08:26:27.528Z</Time><Position><LatitudeDegrees>60.06909</LatitudeDegrees><LongitudeDegrees>18.748882</LongitudeDegrees></Position><AltitudeMeters>2.174</AltitudeMeters><HeartRateBpm><Value>94</Value></HeartRateBpm></Trackpoint><Trackpoint><Time>2026-05-02T08:26:28.536Z</Time><Position><LatitudeDegrees>60.069126</LatitudeDegrees><LongitudeDegrees>18.748837</LongitudeDegrees></Position><AltitudeMeters>2.558</AltitudeMeters><HeartRateBpm><Value>92</Value></HeartRateBpm></Trackpoint><Trackpoint><Time>2026-05-02T08:26:29.545Z</Time><Position><LatitudeDegrees>60.069157</LatitudeDegrees><LongitudeDegrees>18.74879</LongitudeDegrees></Position><AltitudeMeters>3.108</AltitudeMeters><HeartRateBpm><Value>91</Value></HeartRateBpm></Trackpoint><Trackpoint><Time>2026-05-02T08:26:30.554Z</Time><Position><LatitudeDegrees>60.069187</LatitudeDegrees><LongitudeDegrees>18.748747</LongitudeDegrees></Position><AltitudeMeters>3.782</AltitudeMeters><HeartRateBpm><Value>89</Value></HeartRateBpm></Trackpoint><Trackpoint><Time>2026-05-02T08:26:31.562Z</Time><Position><LatitudeDegrees>60.069218</LatitudeDegrees><LongitudeDegrees>18.748701</LongitudeDegrees></Position><AltitudeMeters>3.643</AltitudeMeters><HeartRateBpm><Value>88</Value></HeartRateBpm></Trackpoint><Trackpoint><Time>2026-05-02T08:26:32.571Z</Time><Position><LatitudeDegrees>60.069244</LatitudeDegrees><LongitudeDegrees>18.748657</LongitudeDegrees></Position><AltitudeMeters>3.703</AltitudeMeters><HeartRateBpm><Value>89</Value></HeartRateBpm></Trackpoint><Trackpoint><Time>2026-05-02T08:26:33.578Z</Time><Position><LatitudeDegrees>60.069275</LatitudeDegrees><LongitudeDegrees>18.748613</LongitudeDegrees></Position><AltitudeMeters>3.708</AltitudeMeters><HeartRateBpm><Value>90</Value></HeartRateBpm></Trackpoint><Trackpoint><Time>2026-05-02T08:26:34.586Z</Time><Position><LatitudeDegrees>60.0693</LatitudeDegrees><LongitudeDegrees>18.748571</LongitudeDegrees></Position><AltitudeMeters>3.135</AltitudeMeters><HeartRateBpm><Value>90</Value></HeartRateBpm></Trackpoint><Trackpoint><Time>2026-05-02T08:26:35.595Z</Time><Position><LatitudeDegrees>60.06933</LatitudeDegrees><LongitudeDegrees>18.748531</LongitudeDegrees></Position><AltitudeMeters>2.734</AltitudeMeters><HeartRateBpm><Value>91</Value></HeartRateBpm></Trackpoint><Trackpoint><Time>2026-05-02T08:26:36.604Z</Time><Position><LatitudeDegrees>60.069355</LatitudeDegrees><LongitudeDegrees>18.74849</LongitudeDegrees></Position><AltitudeMeters>2.739</AltitudeMeters><HeartRateBpm><Value>91</Value></HeartRateBpm></Trackpoint><Trackpoint><Time>2026-05-02T08:26:37.613Z</Time><Position><LatitudeDegrees>60.069378</LatitudeDegrees><LongitudeDegrees>18.748451</LongitudeDegrees></Position><AltitudeMeters>2.811</AltitudeMeters><HeartRateBpm><Value>92</Value></HeartRateBpm></Trackpoint><Trackpoint><Time>2026-05-02T08:26:38.622Z</Time><Position><LatitudeDegrees>60.069405</LatitudeDegrees><LongitudeDegrees>18.748411</LongitudeDegrees></Position><AltitudeMeters>3.032</AltitudeMeters><HeartRateBpm><Value>92</Value></HeartRateBpm></Trackpoint><Trackpoint><Time>2026-05-02T08:26:39.627Z</Time><Position><LatitudeDegrees>60.06943</LatitudeDegrees><LongitudeDegrees>18.748373</LongitudeDegrees></Position><AltitudeMeters>3.569</AltitudeMeters><HeartRateBpm><Value>91</Value></HeartRateBpm></Trackpoint><Trackpoint><Time>2026-05-02T08:26:40.635Z</Time><Position><LatitudeDegrees>60.069458</LatitudeDegrees><LongitudeDegrees>18.748335</LongitudeDegrees></Position><AltitudeMeters>4.191</AltitudeMeters><HeartRateBpm><Value>92</Value></HeartRateBpm></Trackpoint><Trackpoint><Time>2026-05-02T08:26:41.638Z</Time><Position><LatitudeDegrees>60.06948</LatitudeDegrees><LongitudeDegrees>18.748297</LongitudeDegrees></Position><AltitudeMeters>4.501</AltitudeMeters><HeartRateBpm><Value>92</Value></HeartRateBpm></Trackpoint><Trackpoint><Time>2026-05-02T08:26:42.642Z</Time><Position><LatitudeDegrees>60.069508</LatitudeDegrees><LongitudeDegrees>18.748262</LongitudeDegrees></Position><AltitudeMeters>4.611</AltitudeMeters><HeartRateBpm><Value>92</Value></HeartRateBpm></Trackpoint><Trackpoint><Time>2026-05-02T08:26:43.645Z</Time><Position><LatitudeDegrees>60.06953</LatitudeDegrees><LongitudeDegrees>18.748224</LongitudeDegrees></Position><AltitudeMeters>4.85</AltitudeMeters><HeartRateBpm><Value>92</Value></HeartRateBpm></Trackpoint><Trackpoint><Time>2026-05-02T08:26:44.647Z</Time><Position><LatitudeDegrees>60.069557</LatitudeDegrees><LongitudeDegrees>18.74819</LongitudeDegrees></Position><AltitudeMeters>5.039</AltitudeMeters><HeartRateBpm><Value>93</Value></HeartRateBpm></Trackpoint><Trackpoint><Time>2026-05-02T08:26:45.655Z</Time><Position><LatitudeDegrees>60.06958</LatitudeDegrees><LongitudeDegrees>18.748154</LongitudeDegrees></Position><AltitudeMeters>5.136</AltitudeMeters><HeartRateBpm><Value>94</Value></HeartRateBpm></Trackpoint><Trackpoint><Time>2026-05-02T08:26:46.664Z</Time><Position><LatitudeDegrees>60.069607</LatitudeDegrees><LongitudeDegrees>18.748117</LongitudeDegrees></Position><AltitudeMeters>5.185</AltitudeMeters><HeartRateBpm><Value>94</Value></HeartRateBpm></Trackpoint><Trackpoint><Time>2026-05-02T08:26:47.673Z</Time><Position><LatitudeDegrees>60.06963</LatitudeDegrees><LongitudeDegrees>18.748081</LongitudeDegrees></Position><AltitudeMeters>5.219</AltitudeMeters><HeartRateBpm><Value>94</Value></HeartRateBpm></Trackpoint><Trackpoint><Time>2026-05-02T08:26:48.682Z</Time><Position><LatitudeDegrees>60.069653</LatitudeDegrees><LongitudeDegrees>18.748045</LongitudeDegrees></Position><AltitudeMeters>5.241</AltitudeMeters><HeartRateBpm><Value>94</Value></HeartRateBpm></Trackpoint><Trackpoint><Time>2026-05-02T08:26:49.692Z</Time><Position><LatitudeDegrees>60.069675</LatitudeDegrees><LongitudeDegrees>18.748009</LongitudeDegrees></Position><AltitudeMeters>5.179</AltitudeMeters><HeartRateBpm><Value>93</Value></HeartRateBpm></Trackpoint><Trackpoint><Time>2026-05-02T08:26:50.701Z</Time><Position><LatitudeDegrees>60.069702</LatitudeDegrees><LongitudeDegrees>18.747974</LongitudeDegrees></Position><AltitudeMeters>5.257</AltitudeMeters><HeartRateBpm><Value>92</Value></HeartRateBpm></Trackpoint><Trackpoint><Time>2026-05-02T08:26:51.708Z</Time><Position><LatitudeDegrees>60.069725</LatitudeDegrees><LongitudeDegrees>18.747936</LongitudeDegrees></Position><AltitudeMeters>5.343</AltitudeMeters><HeartRateBpm><Value>91</Value></HeartRateBpm></Trackpoint><Trackpoint><Time>2026-05-02T08:26:52.717Z</Time><Position><LatitudeDegrees>60.06975</LatitudeDegrees><LongitudeDegrees>18.7479</LongitudeDegrees></Position><AltitudeMeters>5.633</AltitudeMeters><HeartRateBpm><Value>88</Value></HeartRateBpm></Trackpoint><Trackpoint><Time>2026-05-02T08:26:53.725Z</Time><Position><LatitudeDegrees>60.069775</LatitudeDegrees><LongitudeDegrees>18.747864</LongitudeDegrees></Position><AltitudeMeters>5.923</AltitudeMeters><HeartRateBpm><Value>86</Value></HeartRateBpm></Trackpoint><Trackpoint><Time>2026-05-02T08:26:54.735Z</Time><Position><LatitudeDegrees>60.069798</LatitudeDegrees><LongitudeDegrees>18.747826</LongitudeDegrees></Position><AltitudeMeters>6.049</AltitudeMeters><HeartRateBpm><Value>83</Value></HeartRateBpm></Trackpoint><Trackpoint><Time>2026-05-02T08:26:55.743Z</Time><Position><LatitudeDegrees>60.06982</LatitudeDegrees><LongitudeDegrees>18.747787</LongitudeDegrees></Position><AltitudeMeters>6.092</AltitudeMeters><HeartRateBpm><Value>82</Value></HeartRateBpm></Trackpoint><Trackpoint><Time>2026-05-02T08:26:56.751Z</Time><Position><LatitudeDegrees>60.069847</LatitudeDegrees><LongitudeDegrees>18.747751</LongitudeDegrees></Position><AltitudeMeters>6.432</AltitudeMeters><HeartRateBpm><Value>81</Value></HeartRateBpm></Trackpoint><Trackpoint><Time>2026-05-02T08:26:57.757Z</Time><Position><LatitudeDegrees>60.06987</LatitudeDegrees><LongitudeDegrees>18.747715</LongitudeDegrees></Position><AltitudeMeters>6.785</AltitudeMeters><HeartRateBpm><Value>80</Value></HeartRateBpm></Trackpoint><Trackpoint><Time>2026-05-02T08:26:58.765Z</Time><Position><LatitudeDegrees>60.069897</LatitudeDegrees><LongitudeDegrees>18.747677</LongitudeDegrees></Position><AltitudeMeters>6.732</AltitudeMeters><HeartRateBpm><Value>79</Value></HeartRateBpm></Trackpoint><Trackpoint><Time>2026-05-02T08:26:59.773Z</Time><Position><LatitudeDegrees>60.069923</LatitudeDegrees><LongitudeDegrees>18.74764</LongitudeDegrees></Position><AltitudeMeters>6.636</AltitudeMeters><HeartRateBpm><Value>78</Value></HeartRateBpm></Trackpoint><Trackpoint><Time>2026-05-02T08:27:00.782Z</Time><Position><LatitudeDegrees>60.069954</LatitudeDegrees><LongitudeDegrees>18.747602</LongitudeDegrees></Position><AltitudeMeters>6.328</AltitudeMeters><HeartRateBpm><Value>78</Value></HeartRateBpm></Trackpoint><Trackpoint><Time>2026-05-02T08:27:01.791Z</Time><Position><LatitudeDegrees>60.06998</LatitudeDegrees><LongitudeDegrees>18.747562</LongitudeDegrees></Position><AltitudeMeters>6.276</AltitudeMeters><HeartRateBpm><Value>77</Value></HeartRateBpm></Trackpoint><Trackpoint><Time>2026-05-02T08:27:02.799Z</Time><Position><LatitudeDegrees>60.070007</LatitudeDegrees><LongitudeDegrees>18.747522</LongitudeDegrees></Position><AltitudeMeters>6.448</AltitudeMeters><HeartRateBpm><Value>77</Value></HeartRateBpm></Trackpoint><Trackpoint><Time>2026-05-02T08:27:03.807Z</Time><Position><LatitudeDegrees>60.070034</LatitudeDegrees><LongitudeDegrees>18.74748</LongitudeDegrees></Position><AltitudeMeters>6.542</AltitudeMeters><HeartRateBpm><Value>76</Value></HeartRateBpm></Trackpoint><Trackpoint><Time>2026-05-02T08:27:04.815Z</Time><Position><LatitudeDegrees>60.070053</LatitudeDegrees><LongitudeDegrees>18.747442</LongitudeDegrees></Position><AltitudeMeters>6.772</AltitudeMeters><HeartRateBpm><Value>75</Value></HeartRateBpm></Trackpoint><Trackpoint><Time>2026-05-02T08:27:05.824Z</Time><Position><LatitudeDegrees>60.070076</LatitudeDegrees><LongitudeDegrees>18.747404</LongitudeDegrees></Position><AltitudeMeters>6.882</AltitudeMeters><HeartRateBpm><Value>75</Value></HeartRateBpm></Trackpoint><Trackpoint><Time>2026-05-02T08:27:06.833Z</Time><Position><LatitudeDegrees>60.070095</LatitudeDegrees><LongitudeDegrees>18.747368</LongitudeDegrees></Position><AltitudeMeters>6.971</AltitudeMeters><HeartRateBpm><Value>75</Value></HeartRateBpm></Trackpoint><Trackpoint><Time>2026-05-02T08:27:07.841Z</Time><Position><LatitudeDegrees>60.07011</LatitudeDegrees><LongitudeDegrees>18.747334</LongitudeDegrees></Position><AltitudeMeters>7.179</AltitudeMeters><HeartRateBpm><Value>74</Value></HeartRateBpm></Trackpoint><Trackpoint><Time>2026-05-02T08:27:08.849Z</Time><Position><LatitudeDegrees>60.07013</LatitudeDegrees><LongitudeDegrees>18.747295</LongitudeDegrees></Position><AltitudeMeters>7.451</AltitudeMeters><HeartRateBpm><Value>74</Value></HeartRateBpm></Trackpoint><Trackpoint><Time>2026-05-02T08:27:09.856Z</Time><Position><LatitudeDegrees>60.070152</LatitudeDegrees><LongitudeDegrees>18.747257</LongitudeDegrees></Position><AltitudeMeters>7.549</AltitudeMeters><HeartRateBpm><Value>74</Value></HeartRateBpm></Trackpoint><Trackpoint><Time>2026-05-02T08:27:10.865Z</Time><Position><LatitudeDegrees>60.070175</LatitudeDegrees><LongitudeDegrees>18.747215</LongitudeDegrees></Position><AltitudeMeters>7.575</AltitudeMeters><HeartRateBpm><Value>74</Value></HeartRateBpm></Trackpoint><Trackpoint><Time>2026-05-02T08:27:11.873Z</Time><Position><LatitudeDegrees>60.070198</LatitudeDegrees><LongitudeDegrees>18.747173</LongitudeDegrees></Position><AltitudeMeters>7.63</AltitudeMeters><HeartRateBpm><Value>74</Value></HeartRateBpm></Trackpoint><Trackpoint><Time>2026-05-02T08:27:12.882Z</Time><Position><LatitudeDegrees>60.070225</LatitudeDegrees><LongitudeDegrees>18.74713</LongitudeDegrees></Position><AltitudeMeters>7.665</AltitudeMeters><HeartRateBpm><Value>74</Value></HeartRateBpm></Trackpoint><Trackpoint><Time>2026-05-02T08:27:13.891Z</Time><Position><LatitudeDegrees>60.070248</LatitudeDegrees><LongitudeDegrees>18.747087</LongitudeDegrees></Position><AltitudeMeters>7.934</AltitudeMeters><HeartRateBpm><Value>75</Value></HeartRateBpm></Trackpoint><Trackpoint><Time>2026-05-02T08:27:14.898Z</Time><Position><LatitudeDegrees>60.07027</LatitudeDegrees><LongitudeDegrees>18.747047</LongitudeDegrees></Position><AltitudeMeters>8.342</AltitudeMeters><HeartRateBpm><Value>76</Value></HeartRateBpm></Trackpoint><Trackpoint><Time>2026-05-02T08:27:15.906Z</Time><Position><LatitudeDegrees>60.070293</LatitudeDegrees><LongitudeDegrees>18.747004</LongitudeDegrees></Position><AltitudeMeters>7.747</AltitudeMeters><HeartRateBpm><Value>76</Value></HeartRateBpm></Trackpoint><Trackpoint><Time>2026-05-02T08:27:16.915Z</Time><Position><LatitudeDegrees>60.07032</LatitudeDegrees><LongitudeDegrees>18.74696</LongitudeDegrees></Position><AltitudeMeters>7.812</AltitudeMeters><HeartRateBpm><Value>76</Value></HeartRateBpm></Trackpoint><Trackpoint><Time>2026-05-02T08:27:17.924Z</Time><Position><LatitudeDegrees>60.070343</LatitudeDegrees><LongitudeDegrees>18.746916</LongitudeDegrees></Position><AltitudeMeters>7.647</AltitudeMeters><HeartRateBpm><Value>77</Value></HeartRateBpm></Trackpoint><Trackpoint><Time>2026-05-02T08:27:18.931Z</Time><Position><LatitudeDegrees>60.070366</LatitudeDegrees><LongitudeDegrees>18.746874</LongitudeDegrees></Position><AltitudeMeters>7.66</AltitudeMeters><HeartRateBpm><Value>77</Value></HeartRateBpm></Trackpoint><Trackpoint><Time>2026-05-02T08:27:19.940Z</Time><Position><LatitudeDegrees>60.07039</LatitudeDegrees><LongitudeDegrees>18.746828</LongitudeDegrees></Position><AltitudeMeters>7.684</AltitudeMeters><HeartRateBpm><Value>77</Value></HeartRateBpm></Trackpoint><Trackpoint><Time>2026-05-02T08:27:20.949Z</Time><Position><LatitudeDegrees>60.070408</LatitudeDegrees><LongitudeDegrees>18.746782</LongitudeDegrees></Position><AltitudeMeters>7.497</AltitudeMeters><HeartRateBpm><Value>77</Value></HeartRateBpm></Trackpoint><Trackpoint><Time>2026-05-02T08:27:21.956Z</Time><Position><LatitudeDegrees>60.07043</LatitudeDegrees><LongitudeDegrees>18.746737</LongitudeDegrees></Position><AltitudeMeters>7.277</AltitudeMeters><HeartRateBpm><Value>77</Value></HeartRateBpm></Trackpoint><Trackpoint><Time>2026-05-02T08:27:22.965Z</Time><Position><LatitudeDegrees>60.07045</LatitudeDegrees><LongitudeDegrees>18.746687</LongitudeDegrees></Position><AltitudeMeters>7.017</AltitudeMeters><HeartRateBpm><Value>77</Value></HeartRateBpm></Trackpoint><Trackpoint><Time>2026-05-02T08:27:23.973Z</Time><Position><LatitudeDegrees>60.070473</LatitudeDegrees><LongitudeDegrees>18.746637</LongitudeDegrees></Position><AltitudeMeters>6.649</AltitudeMeters><HeartRateBpm><Value>77</Value></HeartRateBpm></Trackpoint><Trackpoint><Time>2026-05-02T08:27:24.982Z</Time><Position><LatitudeDegrees>60.070488</LatitudeDegrees><LongitudeDegrees>18.746584</LongitudeDegrees></Position><AltitudeMeters>6.699</AltitudeMeters><HeartRateBpm><Value>77</Value></HeartRateBpm></Trackpoint><Trackpoint><Time>2026-05-02T08:27:25.991Z</Time><Position><LatitudeDegrees>60.070507</LatitudeDegrees><LongitudeDegrees>18.74653</LongitudeDegrees></Position><AltitudeMeters>6.997</AltitudeMeters><HeartRateBpm><Value>76</Value></HeartRateBpm></Trackpoint><Trackpoint><Time>2026-05-02T08:27:26.993Z</Time><Position><LatitudeDegrees>60.070526</LatitudeDegrees><LongitudeDegrees>18.746479</LongitudeDegrees></Position><AltitudeMeters>7.03</AltitudeMeters><HeartRateBpm><Value>76</Value></HeartRateBpm></Trackpoint><Trackpoint><Time>2026-05-02T08:27:28.002Z</Time><Position><LatitudeDegrees>60.070545</LatitudeDegrees><LongitudeDegrees>18.746431</LongitudeDegrees></Position><AltitudeMeters>7.037</AltitudeMeters><HeartRateBpm><Value>75</Value></HeartRateBpm></Trackpoint><Trackpoint><Time>2026-05-02T08:27:29.012Z</Time><Position><LatitudeDegrees>60.070568</LatitudeDegrees><LongitudeDegrees>18.746386</LongitudeDegrees></Position><AltitudeMeters>7.232</AltitudeMeters><HeartRateBpm><Value>75</Value></HeartRateBpm></Trackpoint><Trackpoint><Time>2026-05-02T08:27:30.021Z</Time><Position><LatitudeDegrees>60.070587</LatitudeDegrees><LongitudeDegrees>18.746342</LongitudeDegrees></Position><AltitudeMeters>7.329</AltitudeMeters><HeartRateBpm><Value>74</Value></HeartRateBpm></Trackpoint><Trackpoint><Time>2026-05-02T08:27:31.027Z</Time><Position><LatitudeDegrees>60.070606</LatitudeDegrees><LongitudeDegrees>18.746298</LongitudeDegrees></Position><AltitudeMeters>7.186</AltitudeMeters><HeartRateBpm><Value>74</Value></HeartRateBpm></Trackpoint><Trackpoint><Time>2026-05-02T08:27:32.037Z</Time><Position><LatitudeDegrees>60.070625</LatitudeDegrees><LongitudeDegrees>18.746252</LongitudeDegrees></Position><AltitudeMeters>6.873</AltitudeMeters><HeartRateBpm><Value>73</Value></HeartRateBpm></Trackpoint><Trackpoint><Time>2026-05-02T08:27:33.046Z</Time><Position><LatitudeDegrees>60.070644</LatitudeDegrees><LongitudeDegrees>18.746206</LongitudeDegrees></Position><AltitudeMeters>6.779</AltitudeMeters><HeartRateBpm><Value>73</Value></HeartRateBpm></Trackpoint><Trackpoint><Time>2026-05-02T08:27:34.054Z</Time><Position><LatitudeDegrees>60.070663</LatitudeDegrees><LongitudeDegrees>18.746159</LongitudeDegrees></Position><AltitudeMeters>7.173</AltitudeMeters><HeartRateBpm><Value>73</Value></HeartRateBpm></Trackpoint><Trackpoint><Time>2026-05-02T08:27:35.063Z</Time><Position><LatitudeDegrees>60.070686</LatitudeDegrees><LongitudeDegrees>18.746113</LongitudeDegrees></Position><AltitudeMeters>7.406</AltitudeMeters><HeartRateBpm><Value>73</Value></HeartRateBpm></Trackpoint><Trackpoint><Time>2026-05-02T08:27:36.071Z</Time><Position><LatitudeDegrees>60.070705</LatitudeDegrees><LongitudeDegrees>18.746065</LongitudeDegrees></Position><AltitudeMeters>7.692</AltitudeMeters><HeartRateBpm><Value>74</Value></HeartRateBpm></Trackpoint><Trackpoint><Time>2026-05-02T08:27:37.078Z</Time><Position><LatitudeDegrees>60.070724</LatitudeDegrees><LongitudeDegrees>18.746017</LongitudeDegrees></Position><AltitudeMeters>7.953</AltitudeMeters><HeartRateBpm><Value>74</Value></HeartRateBpm></Trackpoint><Trackpoint><Time>2026-05-02T08:27:38.086Z</Time><Position><LatitudeDegrees>60.070747</LatitudeDegrees><LongitudeDegrees>18.745966</LongitudeDegrees></Position><AltitudeMeters>8.123</AltitudeMeters><HeartRateBpm><Value>74</Value></HeartRateBpm></Trackpoint><Trackpoint><Time>2026-05-02T08:27:39.095Z</Time><Position><LatitudeDegrees>60.070766</LatitudeDegrees><LongitudeDegrees>18.745916</LongitudeDegrees></Position><AltitudeMeters>7.489</AltitudeMeters><HeartRateBpm><Value>74</Value></HeartRateBpm></Trackpoint><Trackpoint><Time>2026-05-02T08:27:40.104Z</Time><Position><LatitudeDegrees>60.07079</LatitudeDegrees><LongitudeDegrees>18.745865</LongitudeDegrees></Position><AltitudeMeters>6.725</AltitudeMeters><HeartRateBpm><Value>74</Value></HeartRateBpm></Trackpoint><Trackpoint><Time>2026-05-02T08:27:41.113Z</Time><Position><LatitudeDegrees>60.070812</LatitudeDegrees><LongitudeDegrees>18.745811</LongitudeDegrees></Position><AltitudeMeters>6.449</AltitudeMeters><HeartRateBpm><Value>74</Value></HeartRateBpm></Trackpoint><Trackpoint><Time>2026-05-02T08:27:42.122Z</Time><Position><LatitudeDegrees>60.070835</LatitudeDegrees><LongitudeDegrees>18.745758</LongitudeDegrees></Position><AltitudeMeters>6.982</AltitudeMeters><HeartRateBpm><Value>75</Value></HeartRateBpm></Trackpoint><Trackpoint><Time>2026-05-02T08:27:43.129Z</Time><Position><LatitudeDegrees>60.07086</LatitudeDegrees><LongitudeDegrees>18.745703</LongitudeDegrees></Position><AltitudeMeters>6.566</AltitudeMeters><HeartRateBpm><Value>75</Value></HeartRateBpm></Trackpoint><Trackpoint><Time>2026-05-02T08:27:44.140Z</Time><Position><LatitudeDegrees>60.070885</LatitudeDegrees><LongitudeDegrees>18.74565</LongitudeDegrees></Position><AltitudeMeters>6.197</AltitudeMeters><HeartRateBpm><Value>75</Value></HeartRateBpm></Trackpoint><Trackpoint><Time>2026-05-02T08:27:45.147Z</Time><Position><LatitudeDegrees>60.07091</LatitudeDegrees><LongitudeDegrees>18.745594</LongitudeDegrees></Position><AltitudeMeters>5.49</AltitudeMeters><HeartRateBpm><Value>76</Value></HeartRateBpm></Trackpoint><Trackpoint><Time>2026-05-02T08:27:46.156Z</Time><Position><LatitudeDegrees>60.07094</LatitudeDegrees><LongitudeDegrees>18.745539</LongitudeDegrees></Position><AltitudeMeters>5.389</AltitudeMeters><HeartRateBpm><Value>76</Value></HeartRateBpm></Trackpoint><Trackpoint><Time>2026-05-02T08:27:47.165Z</Time><Position><LatitudeDegrees>60.070965</LatitudeDegrees><LongitudeDegrees>18.745481</LongitudeDegrees></Position><AltitudeMeters>5.495</AltitudeMeters><HeartRateBpm><Value>77</Value></HeartRateBpm></Trackpoint><Trackpoint><Time>2026-05-02T08:27:48.173Z</Time><Position><LatitudeDegrees>60.070995</LatitudeDegrees><LongitudeDegrees>18.745428</LongitudeDegrees></Position><AltitudeMeters>5.077</AltitudeMeters><HeartRateBpm><Value>78</Value></HeartRateBpm></Trackpoint><Trackpoint><Time>2026-05-02T08:27:49.182Z</Time><Position><LatitudeDegrees>60.071026</LatitudeDegrees><LongitudeDegrees>18.745375</LongitudeDegrees></Position><AltitudeMeters>4.501</AltitudeMeters><HeartRateBpm><Value>79</Value></HeartRateBpm></Trackpoint><Trackpoint><Time>2026-05-02T08:27:50.191Z</Time><Position><LatitudeDegrees>60.071053</LatitudeDegrees><LongitudeDegrees>18.745323</LongitudeDegrees></Position><AltitudeMeters>3.983</AltitudeMeters><HeartRateBpm><Value>80</Value></HeartRateBpm></Trackpoint><Trackpoint><Time>2026-05-02T08:27:51.195Z</Time><Position><LatitudeDegrees>60.07108</LatitudeDegrees><LongitudeDegrees>18.745275</LongitudeDegrees></Position><AltitudeMeters>3.847</AltitudeMeters><HeartRateBpm><Value>81</Value></HeartRateBpm></Trackpoint><Trackpoint><Time>2026-05-02T08:27:52.204Z</Time><Position><LatitudeDegrees>60.07111</LatitudeDegrees><LongitudeDegrees>18.745226</LongitudeDegrees></Position><AltitudeMeters>3.782</AltitudeMeters><HeartRateBpm><Value>81</Value></HeartRateBpm></Trackpoint><Trackpoint><Time>2026-05-02T08:27:53.213Z</Time><Position><LatitudeDegrees>60.071133</LatitudeDegrees><LongitudeDegrees>18.74518</LongitudeDegrees></Position><AltitudeMeters>3.526</AltitudeMeters><HeartRateBpm><Value>81</Value></HeartRateBpm></Trackpoint><Trackpoint><Time>2026-05-02T08:27:54.222Z</Time><Position><LatitudeDegrees>60.07115</LatitudeDegrees><LongitudeDegrees>18.745132</LongitudeDegrees></Position><AltitudeMeters>3.756</AltitudeMeters><HeartRateBpm><Value>79</Value></HeartRateBpm></Trackpoint><Trackpoint><Time>2026-05-02T08:27:55.232Z</Time><Position><LatitudeDegrees>60.07118</LatitudeDegrees><LongitudeDegrees>18.745083</LongitudeDegrees></Position><AltitudeMeters>4.807</AltitudeMeters><HeartRateBpm><Value>78</Value></HeartRateBpm></Trackpoint><Trackpoint><Time>2026-05-02T08:27:56.240Z</Time><Position><LatitudeDegrees>60.0712</LatitudeDegrees><LongitudeDegrees>18.745037</LongitudeDegrees></Position><AltitudeMeters>5.525</AltitudeMeters><HeartRateBpm><Value>78</Value></HeartRateBpm></Trackpoint><Trackpoint><Time>2026-05-02T08:27:57.247Z</Time><Position><LatitudeDegrees>60.071224</LatitudeDegrees><LongitudeDegrees>18.744991</LongitudeDegrees></Position><AltitudeMeters>6.159</AltitudeMeters><HeartRateBpm><Value>77</Value></HeartRateBpm></Trackpoint><Trackpoint><Time>2026-05-02T08:27:58.256Z</Time><Position><LatitudeDegrees>60.071243</LatitudeDegrees><LongitudeDegrees>18.744946</LongitudeDegrees></Position><AltitudeMeters>6.67</AltitudeMeters><HeartRateBpm><Value>77</Value></HeartRateBpm></Trackpoint><Trackpoint><Time>2026-05-02T08:27:59.264Z</Time><Position><LatitudeDegrees>60.071262</LatitudeDegrees><LongitudeDegrees>18.7449</LongitudeDegrees></Position><AltitudeMeters>6.916</AltitudeMeters><HeartRateBpm><Value>77</Value></HeartRateBpm></Trackpoint><Trackpoint><Time>2026-05-02T08:28:00.274Z</Time><Position><LatitudeDegrees>60.071278</LatitudeDegrees><LongitudeDegrees>18.744852</LongitudeDegrees></Position><AltitudeMeters>7.103</AltitudeMeters><HeartRateBpm><Value>76</Value></HeartRateBpm></Trackpoint><Trackpoint><Time>2026-05-02T08:28:01.282Z</Time><Position><LatitudeDegrees>60.071293</LatitudeDegrees><LongitudeDegrees>18.7448</LongitudeDegrees></Position><AltitudeMeters>7.204</AltitudeMeters><HeartRateBpm><Value>76</Value></HeartRateBpm></Trackpoint><Trackpoint><Time>2026-05-02T08:28:02.291Z</Time><Position><LatitudeDegrees>60.071312</LatitudeDegrees><LongitudeDegrees>18.74475</LongitudeDegrees></Position><AltitudeMeters>7.216</AltitudeMeters><HeartRateBpm><Value>76</Value></HeartRateBpm></Trackpoint><Trackpoint><Time>2026-05-02T08:28:03.297Z</Time><Position><LatitudeDegrees>60.07133</LatitudeDegrees><LongitudeDegrees>18.744698</LongitudeDegrees></Position><AltitudeMeters>6.808</AltitudeMeters><HeartRateBpm><Value>76</Value></HeartRateBpm></Trackpoint><Trackpoint><Time>2026-05-02T08:28:04.306Z</Time><Position><LatitudeDegrees>60.071354</LatitudeDegrees><LongitudeDegrees>18.74465</LongitudeDegrees></Position><AltitudeMeters>6.331</AltitudeMeters><HeartRateBpm><Value>76</Value></HeartRateBpm></Trackpoint><Trackpoint><Time>2026-05-02T08:28:05.315Z</Time><Position><LatitudeDegrees>60.071377</LatitudeDegrees><LongitudeDegrees>18.7446</LongitudeDegrees></Position><AltitudeMeters>5.569</AltitudeMeters><HeartRateBpm><Value>75</Value></HeartRateBpm></Trackpoint><Trackpoint><Time>2026-05-02T08:28:06.324Z</Time><Position><LatitudeDegrees>60.071404</LatitudeDegrees><LongitudeDegrees>18.744555</LongitudeDegrees></Position><AltitudeMeters>5.46</AltitudeMeters><HeartRateBpm><Value>75</Value></HeartRateBpm></Trackpoint><Trackpoint><Time>2026-05-02T08:28:07.333Z</Time><Position><LatitudeDegrees>60.07143</LatitudeDegrees><LongitudeDegrees>18.74451</LongitudeDegrees></Position><AltitudeMeters>5.392</AltitudeMeters><HeartRateBpm><Value>74</Value></HeartRateBpm></Trackpoint><Trackpoint><Time>2026-05-02T08:28:08.342Z</Time><Position><LatitudeDegrees>60.071453</LatitudeDegrees><LongitudeDegrees>18.744467</LongitudeDegrees></Position><AltitudeMeters>5.439</AltitudeMeters><HeartRateBpm><Value>74</Value></HeartRateBpm></Trackpoint><Trackpoint><Time>2026-05-02T08:28:09.352Z</Time><Position><LatitudeDegrees>60.071476</LatitudeDegrees><LongitudeDegrees>18.744425</LongitudeDegrees></Position><AltitudeMeters>5.229</AltitudeMeters><HeartRateBpm><Value>73</Value></HeartRateBpm></Trackpoint><Trackpoint><Time>2026-05-02T08:28:10.360Z</Time><Position><LatitudeDegrees>60.0715</LatitudeDegrees><LongitudeDegrees>18.744385</LongitudeDegrees></Position><AltitudeMeters>5.588</AltitudeMeters><HeartRateBpm><Value>72</Value></HeartRateBpm></Trackpoint><Trackpoint><Time>2026-05-02T08:28:11.367Z</Time><Position><LatitudeDegrees>60.071518</LatitudeDegrees><LongitudeDegrees>18.744345</LongitudeDegrees></Position><AltitudeMeters>5.838</AltitudeMeters><HeartRateBpm><Value>71</Value></HeartRateBpm></Trackpoint><Trackpoint><Time>2026-05-02T08:28:12.375Z</Time><Position><LatitudeDegrees>60.07154</LatitudeDegrees><LongitudeDegrees>18.744305</LongitudeDegrees></Position><AltitudeMeters>6.21</AltitudeMeters><HeartRateBpm><Value>71</Value></HeartRateBpm></Trackpoint><Trackpoint><Time>2026-05-02T08:28:13.383Z</Time><Position><LatitudeDegrees>60.07156</LatitudeDegrees><LongitudeDegrees>18.744263</LongitudeDegrees></Position><AltitudeMeters>6.516</AltitudeMeters><HeartRateBpm><Value>70</Value></HeartRateBpm></Trackpoint><Trackpoint><Time>2026-05-02T08:28:14.393Z</Time><Position><LatitudeDegrees>60.071583</LatitudeDegrees><LongitudeDegrees>18.744223</LongitudeDegrees></Position><AltitudeMeters>6.792</AltitudeMeters><HeartRateBpm><Value>70</Value></HeartRateBpm></Trackpoint><Trackpoint><Time>2026-05-02T08:28:15.401Z</Time><Position><LatitudeDegrees>60.071606</LatitudeDegrees><LongitudeDegrees>18.74418</LongitudeDegrees></Position><AltitudeMeters>7.141</AltitudeMeters><HeartRateBpm><Value>69</Value></HeartRateBpm></Trackpoint><Trackpoint><Time>2026-05-02T08:28:16.408Z</Time><Position><LatitudeDegrees>60.071625</LatitudeDegrees><LongitudeDegrees>18.74414</LongitudeDegrees></Position><AltitudeMeters>7.489</AltitudeMeters><HeartRateBpm><Value>69</Value></HeartRateBpm></Trackpoint><Trackpoint><Time>2026-05-02T08:28:17.416Z</Time><Position><LatitudeDegrees>60.071648</LatitudeDegrees><LongitudeDegrees>18.744102</LongitudeDegrees></Position><AltitudeMeters>7.297</AltitudeMeters><HeartRateBpm><Value>68</Value></HeartRateBpm></Trackpoint><Trackpoint><Time>2026-05-02T08:28:18.425Z</Time><Position><LatitudeDegrees>60.071667</LatitudeDegrees><LongitudeDegrees>18.744064</LongitudeDegrees></Position><AltitudeMeters>7.509</AltitudeMeters><HeartRateBpm><Value>68</Value></HeartRateBpm></Trackpoint><Trackpoint><Time>2026-05-02T08:28:19.433Z</Time><Position><LatitudeDegrees>60.07169</LatitudeDegrees><LongitudeDegrees>18.744026</LongitudeDegrees></Position><AltitudeMeters>8.067</AltitudeMeters><HeartRateBpm><Value>68</Value></HeartRateBpm></Trackpoint><Trackpoint><Time>2026-05-02T08:28:20.441Z</Time><Position><LatitudeDegrees>60.071712</LatitudeDegrees><LongitudeDegrees>18.743988</LongitudeDegrees></Position><AltitudeMeters>8.712</AltitudeMeters><HeartRateBpm><Value>68</Value></HeartRateBpm></Trackpoint><Trackpoint><Time>2026-05-02T08:28:21.450Z</Time><Position><LatitudeDegrees>60.071735</LatitudeDegrees><LongitudeDegrees>18.743956</LongitudeDegrees></Position><AltitudeMeters>9.205</AltitudeMeters><HeartRateBpm><Value>69</Value></HeartRateBpm></Trackpoint><Trackpoint><Time>2026-05-02T08:28:22.457Z</Time><Position><LatitudeDegrees>60.071762</LatitudeDegrees><LongitudeDegrees>18.743921</LongitudeDegrees></Position><AltitudeMeters>9.365</AltitudeMeters><HeartRateBpm><Value>69</Value></HeartRateBpm></Trackpoint><Trackpoint><Time>2026-05-02T08:28:23.466Z</Time><Position><LatitudeDegrees>60.071785</LatitudeDegrees><LongitudeDegrees>18.743895</LongitudeDegrees></Position><AltitudeMeters>9.63</AltitudeMeters><HeartRateBpm><Value>70</Value></HeartRateBpm></Trackpoint><Trackpoint><Time>2026-05-02T08:28:24.475Z</Time><Position><LatitudeDegrees>60.07181</LatitudeDegrees><LongitudeDegrees>18.743868</LongitudeDegrees></Position><AltitudeMeters>10.002</AltitudeMeters><HeartRateBpm><Value>69</Value></HeartRateBpm></Trackpoint><Trackpoint><Time>2026-05-02T08:28:25.484Z</Time><Position><LatitudeDegrees>60.07184</LatitudeDegrees><LongitudeDegrees>18.743849</LongitudeDegrees></Position><AltitudeMeters>10.323</AltitudeMeters><HeartRateBpm><Value>68</Value></HeartRateBpm></Trackpoint><Trackpoint><Time>2026-05-02T08:28:26.492Z</Time><Position><LatitudeDegrees>60.071865</LatitudeDegrees><LongitudeDegrees>18.74383</LongitudeDegrees></Position><AltitudeMeters>10.565</AltitudeMeters><HeartRateBpm><Value>68</Value></HeartRateBpm></Trackpoint><Trackpoint><Time>2026-05-02T08:28:27.501Z</Time><Position><LatitudeDegrees>60.071896</LatitudeDegrees><LongitudeDegrees>18.74381</LongitudeDegrees></Position><AltitudeMeters>11.025</AltitudeMeters><HeartRateBpm><Value>69</Value></HeartRateBpm></Trackpoint><Trackpoint><Time>2026-05-02T08:28:28.507Z</Time><Position><LatitudeDegrees>60.071926</LatitudeDegrees><LongitudeDegrees>18.743788</LongitudeDegrees></Position><AltitudeMeters>11.219</AltitudeMeters><HeartRateBpm><Value>69</Value></HeartRateBpm></Trackpoint><Trackpoint><Time>2026-05-02T08:28:29.514Z</Time><Position><LatitudeDegrees>60.07196</LatitudeDegrees><LongitudeDegrees>18.743767</LongitudeDegrees></Position><AltitudeMeters>11.169</AltitudeMeters><HeartRateBpm><Value>70</Value></HeartRateBpm></Trackpoint><Trackpoint><Time>2026-05-02T08:28:30.522Z</Time><Position><LatitudeDegrees>60.07199</LatitudeDegrees><LongitudeDegrees>18.74375</LongitudeDegrees></Position><AltitudeMeters>11.121</AltitudeMeters><HeartRateBpm><Value>70</Value></HeartRateBpm></Trackpoint><Trackpoint><Time>2026-05-02T08:28:31.531Z</Time><Position><LatitudeDegrees>60.072018</LatitudeDegrees><LongitudeDegrees>18.743744</LongitudeDegrees></Position><AltitudeMeters>10.805</AltitudeMeters><HeartRateBpm><Value>70</Value></HeartRateBpm></Trackpoint><Trackpoint><Time>2026-05-02T08:28:32.540Z</Time><Position><LatitudeDegrees>60.072044</LatitudeDegrees><LongitudeDegrees>18.743744</LongitudeDegrees></Position><AltitudeMeters>10.746</AltitudeMeters><HeartRateBpm><Value>71</Value></HeartRateBpm></Trackpoint><Trackpoint><Time>2026-05-02T08:28:33.547Z</Time><Position><LatitudeDegrees>60.07207</LatitudeDegrees><LongitudeDegrees>18.743748</LongitudeDegrees></Position><AltitudeMeters>11.015</AltitudeMeters><HeartRateBpm><Value>71</Value></HeartRateBpm></Trackpoint><Trackpoint><Time>2026-05-02T08:28:34.556Z</Time><Position><LatitudeDegrees>60.072098</LatitudeDegrees><LongitudeDegrees>18.743748</LongitudeDegrees></Position><AltitudeMeters>11.199</AltitudeMeters><HeartRateBpm><Value>72</Value></HeartRateBpm></Trackpoint><Trackpoint><Time>2026-05-02T08:28:35.564Z</Time><Position><LatitudeDegrees>60.07212</LatitudeDegrees><LongitudeDegrees>18.743757</LongitudeDegrees></Position><AltitudeMeters>11.429</AltitudeMeters><HeartRateBpm><Value>73</Value></HeartRateBpm></Trackpoint><Trackpoint><Time>2026-05-02T08:28:36.573Z</Time><Position><LatitudeDegrees>60.072147</LatitudeDegrees><LongitudeDegrees>18.743765</LongitudeDegrees></Position><AltitudeMeters>11.69</AltitudeMeters><HeartRateBpm><Value>73</Value></HeartRateBpm></Trackpoint><Trackpoint><Time>2026-05-02T08:28:37.582Z</Time><Position><LatitudeDegrees>60.07217</LatitudeDegrees><LongitudeDegrees>18.74378</LongitudeDegrees></Position><AltitudeMeters>11.871</AltitudeMeters><HeartRateBpm><Value>73</Value></HeartRateBpm></Trackpoint><Trackpoint><Time>2026-05-02T08:28:38.588Z</Time><Position><LatitudeDegrees>60.072197</LatitudeDegrees><LongitudeDegrees>18.743795</LongitudeDegrees></Position><AltitudeMeters>11.992</AltitudeMeters><HeartRateBpm><Value>74</Value></HeartRateBpm></Trackpoint><Trackpoint><Time>2026-05-02T08:28:39.597Z</Time><Position><LatitudeDegrees>60.072224</LatitudeDegrees><LongitudeDegrees>18.743813</LongitudeDegrees></Position><AltitudeMeters>12.111</AltitudeMeters><HeartRateBpm><Value>75</Value></HeartRateBpm></Trackpoint><Trackpoint><Time>2026-05-02T08:28:40.606Z</Time><Position><LatitudeDegrees>60.07225</LatitudeDegrees><LongitudeDegrees>18.743832</LongitudeDegrees></Position><AltitudeMeters>12.187</AltitudeMeters><HeartRateBpm><Value>75</Value></HeartRateBpm></Trackpoint><Trackpoint><Time>2026-05-02T08:28:41.615Z</Time><Position><LatitudeDegrees>60.072277</LatitudeDegrees><LongitudeDegrees>18.74385</LongitudeDegrees></Position><AltitudeMeters>12.265</AltitudeMeters><HeartRateBpm><Value>76</Value></HeartRateBpm></Trackpoint><Trackpoint><Time>2026-05-02T08:28:42.624Z</Time><Position><LatitudeDegrees>60.072304</LatitudeDegrees><LongitudeDegrees>18.74387</LongitudeDegrees></Position><AltitudeMeters>12.333</AltitudeMeters><HeartRateBpm><Value>76</Value></HeartRateBpm></Trackpoint><Trackpoint><Time>2026-05-02T08:28:43.632Z</Time><Position><LatitudeDegrees>60.072334</LatitudeDegrees><LongitudeDegrees>18.743889</LongitudeDegrees></Position><AltitudeMeters>12.388</AltitudeMeters><HeartRateBpm><Value>77</Value></HeartRateBpm></Trackpoint><Trackpoint><Time>2026-05-02T08:28:44.641Z</Time><Position><LatitudeDegrees>60.07236</LatitudeDegrees><LongitudeDegrees>18.74391</LongitudeDegrees></Position><AltitudeMeters>12.166</AltitudeMeters><HeartRateBpm><Value>78</Value></HeartRateBpm></Trackpoint><Trackpoint><Time>2026-05-02T08:28:45.648Z</Time><Position><LatitudeDegrees>60.072384</LatitudeDegrees><LongitudeDegrees>18.743933</LongitudeDegrees></Position><AltitudeMeters>12.026</AltitudeMeters><HeartRateBpm><Value>79</Value></HeartRateBpm></Trackpoint><Trackpoint><Time>2026-05-02T08:28:46.656Z</Time><Position><LatitudeDegrees>60.072414</LatitudeDegrees><LongitudeDegrees>18.743956</LongitudeDegrees></Position><AltitudeMeters>11.984</AltitudeMeters><HeartRateBpm><Value>80</Value></HeartRateBpm></Trackpoint><Trackpoint><Time>2026-05-02T08:28:47.665Z</Time><Position><LatitudeDegrees>60.07244</LatitudeDegrees><LongitudeDegrees>18.743977</LongitudeDegrees></Position><AltitudeMeters>11.956</AltitudeMeters><HeartRateBpm><Value>81</Value></HeartRateBpm></Trackpoint><Trackpoint><Time>2026-05-02T08:28:48.674Z</Time><Position><LatitudeDegrees>60.072475</LatitudeDegrees><LongitudeDegrees>18.74399</LongitudeDegrees></Position><AltitudeMeters>12.024</AltitudeMeters><HeartRateBpm><Value>83</Value></HeartRateBpm></Trackpoint><Trackpoint><Time>2026-05-02T08:28:49.682Z</Time><Position><LatitudeDegrees>60.072514</LatitudeDegrees><LongitudeDegrees>18.744</LongitudeDegrees></Position><AltitudeMeters>12.266</AltitudeMeters><HeartRateBpm><Value>84</Value></HeartRateBpm></Trackpoint><Trackpoint><Time>2026-05-02T08:28:50.691Z</Time><Position><LatitudeDegrees>60.072548</LatitudeDegrees><LongitudeDegrees>18.744001</LongitudeDegrees></Position><AltitudeMeters>12.48</AltitudeMeters><HeartRateBpm><Value>84</Value></HeartRateBpm></Trackpoint><Trackpoint><Time>2026-05-02T08:28:51.699Z</Time><Position><LatitudeDegrees>60.072586</LatitudeDegrees><LongitudeDegrees>18.744003</LongitudeDegrees></Position><AltitudeMeters>12.647</AltitudeMeters><HeartRateBpm><Value>84</Value></HeartRateBpm></Trackpoint><Trackpoint><Time>2026-05-02T08:28:52.707Z</Time><Position><LatitudeDegrees>60.07262</LatitudeDegrees><LongitudeDegrees>18.743994</LongitudeDegrees></Position><AltitudeMeters>12.831</AltitudeMeters><HeartRateBpm><Value>84</Value></HeartRateBpm></Trackpoint><Trackpoint><Time>2026-05-02T08:28:53.715Z</Time><Position><LatitudeDegrees>60.072655</LatitudeDegrees><LongitudeDegrees>18.743982</LongitudeDegrees></Position><AltitudeMeters>12.913</AltitudeMeters><HeartRateBpm><Value>85</Value></HeartRateBpm></Trackpoint><Trackpoint><Time>2026-05-02T08:28:54.723Z</Time><Position><LatitudeDegrees>60.07269</LatitudeDegrees><LongitudeDegrees>18.743961</LongitudeDegrees></Position><AltitudeMeters>12.926</AltitudeMeters><HeartRateBpm><Value>85</Value></HeartRateBpm></Trackpoint><Trackpoint><Time>2026-05-02T08:28:55.731Z</Time><Position><LatitudeDegrees>60.07272</LatitudeDegrees><LongitudeDegrees>18.743942</LongitudeDegrees></Position><AltitudeMeters>12.784</AltitudeMeters><HeartRateBpm><Value>85</Value></HeartRateBpm></Trackpoint><Trackpoint><Time>2026-05-02T08:28:56.738Z</Time><Position><LatitudeDegrees>60.072758</LatitudeDegrees><LongitudeDegrees>18.74392</LongitudeDegrees></Position><AltitudeMeters>12.658</AltitudeMeters><HeartRateBpm><Value>84</Value></HeartRateBpm></Trackpoint><Trackpoint><Time>2026-05-02T08:28:57.746Z</Time><Position><LatitudeDegrees>60.072796</LatitudeDegrees><LongitudeDegrees>18.743895</LongitudeDegrees></Position><AltitudeMeters>12.589</AltitudeMeters><HeartRateBpm><Value>84</Value></HeartRateBpm></Trackpoint><Trackpoint><Time>2026-05-02T08:28:58.754Z</Time><Position><LatitudeDegrees>60.072834</LatitudeDegrees><LongitudeDegrees>18.743872</LongitudeDegrees></Position><AltitudeMeters>12.496</AltitudeMeters><HeartRateBpm><Value>84</Value></HeartRateBpm></Trackpoint><Trackpoint><Time>2026-05-02T08:28:59.763Z</Time><Position><LatitudeDegrees>60.072884</LatitudeDegrees><LongitudeDegrees>18.743845</LongitudeDegrees></Position><AltitudeMeters>12.317</AltitudeMeters><HeartRateBpm><Value>84</Value></HeartRateBpm></Trackpoint><Trackpoint><Time>2026-05-02T08:29:00.772Z</Time><Position><LatitudeDegrees>60.072926</LatitudeDegrees><LongitudeDegrees>18.743818</LongitudeDegrees></Position><AltitudeMeters>12.176</AltitudeMeters><HeartRateBpm><Value>84</Value></HeartRateBpm></Trackpoint><Trackpoint><Time>2026-05-02T08:29:01.782Z</Time><Position><LatitudeDegrees>60.07297</LatitudeDegrees><LongitudeDegrees>18.743792</LongitudeDegrees></Position><AltitudeMeters>11.941</AltitudeMeters><HeartRateBpm><Value>84</Value></HeartRateBpm></Trackpoint><Trackpoint><Time>2026-05-02T08:29:02.791Z</Time><Position><LatitudeDegrees>60.07302</LatitudeDegrees><LongitudeDegrees>18.743763</LongitudeDegrees></Position><AltitudeMeters>11.705</AltitudeMeters><HeartRateBpm><Value>85</Value></HeartRateBpm></Trackpoint><Trackpoint><Time>2026-05-02T08:29:03.793Z</Time><Position><LatitudeDegrees>60.07308</LatitudeDegrees><LongitudeDegrees>18.743736</LongitudeDegrees></Position><AltitudeMeters>11.536</AltitudeMeters><HeartRateBpm><Value>86</Value></HeartRateBpm></Trackpoint><Trackpoint><Time>2026-05-02T08:29:04.801Z</Time><Position><LatitudeDegrees>60.07313</LatitudeDegrees><LongitudeDegrees>18.743711</LongitudeDegrees></Position><AltitudeMeters>11.515</AltitudeMeters><HeartRateBpm><Value>86</Value></HeartRateBpm></Trackpoint><Trackpoint><Time>2026-05-02T08:29:05.811Z</Time><Position><LatitudeDegrees>60.073193</LatitudeDegrees><LongitudeDegrees>18.743687</LongitudeDegrees></Position><AltitudeMeters>11.694</AltitudeMeters><HeartRateBpm><Value>86</Value></HeartRateBpm></Trackpoint><Trackpoint><Time>2026-05-02T08:29:06.818Z</Time><Position><LatitudeDegrees>60.073257</LatitudeDegrees><LongitudeDegrees>18.743662</LongitudeDegrees></Position><AltitudeMeters>11.393</AltitudeMeters><HeartRateBpm><Value>86</Value></HeartRateBpm></Trackpoint><Trackpoint><Time>2026-05-02T08:29:07.826Z</Time><Position><LatitudeDegrees>60.073322</LatitudeDegrees><LongitudeDegrees>18.743645</LongitudeDegrees></Position><AltitudeMeters>9.769</AltitudeMeters><HeartRateBpm><Value>86</Value></HeartRateBpm></Trackpoint><Trackpoint><Time>2026-05-02T08:29:08.834Z</Time><Position><LatitudeDegrees>60.073383</LatitudeDegrees><LongitudeDegrees>18.74362</LongitudeDegrees></Position><AltitudeMeters>8.949</AltitudeMeters><HeartRateBpm><Value>86</Value></HeartRateBpm></Trackpoint><Trackpoint><Time>2026-05-02T08:29:09.841Z</Time><Position><LatitudeDegrees>60.073452</LatitudeDegrees><LongitudeDegrees>18.743605</LongitudeDegrees></Position><AltitudeMeters>8.27</AltitudeMeters><HeartRateBpm><Value>86</Value></HeartRateBpm></Trackpoint><Trackpoint><Time>2026-05-02T08:29:10.848Z</Time><Position><LatitudeDegrees>60.07352</LatitudeDegrees><LongitudeDegrees>18.743595</LongitudeDegrees></Position><AltitudeMeters>7.975</AltitudeMeters><HeartRateBpm><Value>86</Value></HeartRateBpm></Trackpoint><Trackpoint><Time>2026-05-02T08:29:11.856Z</Time><Position><LatitudeDegrees>60.073586</LatitudeDegrees><LongitudeDegrees>18.743605</LongitudeDegrees></Position><AltitudeMeters>8.159</AltitudeMeters><HeartRateBpm><Value>87</Value></HeartRateBpm></Trackpoint><Trackpoint><Time>2026-05-02T08:29:12.865Z</Time><Position><LatitudeDegrees>60.073643</LatitudeDegrees><LongitudeDegrees>18.743612</LongitudeDegrees></Position><AltitudeMeters>8.686</AltitudeMeters><HeartRateBpm><Value>88</Value></HeartRateBpm></Trackpoint><Trackpoint><Time>2026-05-02T08:29:13.876Z</Time><Position><LatitudeDegrees>60.0737</LatitudeDegrees><LongitudeDegrees>18.743643</LongitudeDegrees></Position><AltitudeMeters>9.008</AltitudeMeters><HeartRateBpm><Value>88</Value></HeartRateBpm></Trackpoint><Trackpoint><Time>2026-05-02T08:29:14.886Z</Time><Position><LatitudeDegrees>60.07375</LatitudeDegrees><LongitudeDegrees>18.743698</LongitudeDegrees></Position><AltitudeMeters>8.935</AltitudeMeters><HeartRateBpm><Value>88</Value></HeartRateBpm></Trackpoint><Trackpoint><Time>2026-05-02T08:29:15.896Z</Time><Position><LatitudeDegrees>60.073788</LatitudeDegrees><LongitudeDegrees>18.743765</LongitudeDegrees></Position><AltitudeMeters>8.776</AltitudeMeters><HeartRateBpm><Value>87</Value></HeartRateBpm></Trackpoint><Trackpoint><Time>2026-05-02T08:29:16.904Z</Time><Position><LatitudeDegrees>60.07383</LatitudeDegrees><LongitudeDegrees>18.743845</LongitudeDegrees></Position><AltitudeMeters>8.824</AltitudeMeters><HeartRateBpm><Value>86</Value></HeartRateBpm></Trackpoint><Trackpoint><Time>2026-05-02T08:29:17.914Z</Time><Position><LatitudeDegrees>60.073868</LatitudeDegrees><LongitudeDegrees>18.74394</LongitudeDegrees></Position><AltitudeMeters>8.57</AltitudeMeters><HeartRateBpm><Value>85</Value></HeartRateBpm></Trackpoint><Trackpoint><Time>2026-05-02T08:29:18.923Z</Time><Position><LatitudeDegrees>60.073906</LatitudeDegrees><LongitudeDegrees>18.744043</LongitudeDegrees></Position><AltitudeMeters>7.506</AltitudeMeters><HeartRateBpm><Value>83</Value></HeartRateBpm></Trackpoint><Trackpoint><Time>2026-05-02T08:29:19.933Z</Time><Position><LatitudeDegrees>60.07394</LatitudeDegrees><LongitudeDegrees>18.744148</LongitudeDegrees></Position><AltitudeMeters>7.078</AltitudeMeters><HeartRateBpm><Value>82</Value></HeartRateBpm></Trackpoint><Trackpoint><Time>2026-05-02T08:29:20.941Z</Time><Position><LatitudeDegrees>60.073975</LatitudeDegrees><LongitudeDegrees>18.74425</LongitudeDegrees></Position><AltitudeMeters>7.203</AltitudeMeters><HeartRateBpm><Value>81</Value></HeartRateBpm></Trackpoint><Trackpoint><Time>2026-05-02T08:29:21.949Z</Time><Position><LatitudeDegrees>60.07401</LatitudeDegrees><LongitudeDegrees>18.744345</LongitudeDegrees></Position><AltitudeMeters>7.366</AltitudeMeters><HeartRateBpm><Value>81</Value></HeartRateBpm></Trackpoint><Trackpoint><Time>2026-05-02T08:29:22.960Z</Time><Position><LatitudeDegrees>60.07404</LatitudeDegrees><LongitudeDegrees>18.744432</LongitudeDegrees></Position><AltitudeMeters>7.448</AltitudeMeters><HeartRateBpm><Value>82</Value></HeartRateBpm></Trackpoint><Trackpoint><Time>2026-05-02T08:29:23.968Z</Time><Position><LatitudeDegrees>60.074078</LatitudeDegrees><LongitudeDegrees>18.744514</LongitudeDegrees></Position><AltitudeMeters>7.144</AltitudeMeters><HeartRateBpm><Value>82</Value></HeartRateBpm></Trackpoint><Trackpoint><Time>2026-05-02T08:29:24.977Z</Time><Position><LatitudeDegrees>60.074116</LatitudeDegrees><LongitudeDegrees>18.74459</LongitudeDegrees></Position><AltitudeMeters>6.812</AltitudeMeters><HeartRateBpm><Value>82</Value></HeartRateBpm></Trackpoint><Trackpoint><Time>2026-05-02T08:29:25.988Z</Time><Position><LatitudeDegrees>60.07416</LatitudeDegrees><LongitudeDegrees>18.744644</LongitudeDegrees></Position><AltitudeMeters>6.779</AltitudeMeters><HeartRateBpm><Value>82</Value></HeartRateBpm></Trackpoint><Trackpoint><Time>2026-05-02T08:29:26.998Z</Time><Position><LatitudeDegrees>60.074207</LatitudeDegrees><LongitudeDegrees>18.744682</LongitudeDegrees></Position><AltitudeMeters>6.778</AltitudeMeters><HeartRateBpm><Value>82</Value></HeartRateBpm></Trackpoint><Trackpoint><Time>2026-05-02T08:29:28.010Z</Time><Position><LatitudeDegrees>60.07426</LatitudeDegrees><LongitudeDegrees>18.744715</LongitudeDegrees></Position><AltitudeMeters>6.884</AltitudeMeters><HeartRateBpm><Value>82</Value></HeartRateBpm></Trackpoint><Trackpoint><Time>2026-05-02T08:29:29.018Z</Time><Position><LatitudeDegrees>60.074314</LatitudeDegrees><LongitudeDegrees>18.744747</LongitudeDegrees></Position><AltitudeMeters>7.009</AltitudeMeters><HeartRateBpm><Value>81</Value></HeartRateBpm></Trackpoint><Trackpoint><Time>2026-05-02T08:29:30.027Z</Time><Position><LatitudeDegrees>60.074368</LatitudeDegrees><LongitudeDegrees>18.744781</LongitudeDegrees></Position><AltitudeMeters>6.959</AltitudeMeters><HeartRateBpm><Value>81</Value></HeartRateBpm></Trackpoint><Trackpoint><Time>2026-05-02T08:29:31.037Z</Time><Position><LatitudeDegrees>60.07442</LatitudeDegrees><LongitudeDegrees>18.744816</LongitudeDegrees></Position><AltitudeMeters>6.981</AltitudeMeters><HeartRateBpm><Value>81</Value></HeartRateBpm></Trackpoint><Trackpoint><Time>2026-05-02T08:29:32.046Z</Time><Position><LatitudeDegrees>60.07447</LatitudeDegrees><LongitudeDegrees>18.744852</LongitudeDegrees></Position><AltitudeMeters>6.996</AltitudeMeters><HeartRateBpm><Value>81</Value></HeartRateBpm></Trackpoint><Trackpoint><Time>2026-05-02T08:29:33.055Z</Time><Position><LatitudeDegrees>60.074528</LatitudeDegrees><LongitudeDegrees>18.744883</LongitudeDegrees></Position><AltitudeMeters>7.142</AltitudeMeters><HeartRateBpm><Value>81</Value></HeartRateBpm></Trackpoint><Trackpoint><Time>2026-05-02T08:29:34.065Z</Time><Position><LatitudeDegrees>60.074585</LatitudeDegrees><LongitudeDegrees>18.744919</LongitudeDegrees></Position><AltitudeMeters>7.088</AltitudeMeters><HeartRateBpm><Value>81</Value></HeartRateBpm></Trackpoint><Trackpoint><Time>2026-05-02T08:29:35.075Z</Time><Position><LatitudeDegrees>60.074642</LatitudeDegrees><LongitudeDegrees>18.74497</LongitudeDegrees></Position><AltitudeMeters>7.053</AltitudeMeters><HeartRateBpm><Value>81</Value></HeartRateBpm></Trackpoint><Trackpoint><Time>2026-05-02T08:29:36.085Z</Time><Position><LatitudeDegrees>60.074696</LatitudeDegrees><LongitudeDegrees>18.745024</LongitudeDegrees></Position><AltitudeMeters>7.156</AltitudeMeters><HeartRateBpm><Value>80</Value></HeartRateBpm></Trackpoint><Trackpoint><Time>2026-05-02T08:29:37.094Z</Time><Position><LatitudeDegrees>60.074753</LatitudeDegrees><LongitudeDegrees>18.745085</LongitudeDegrees></Position><AltitudeMeters>7.202</AltitudeMeters><HeartRateBpm><Value>80</Value></HeartRateBpm></Trackpoint><Trackpoint><Time>2026-05-02T08:29:38.102Z</Time><Position><LatitudeDegrees>60.07481</LatitudeDegrees><LongitudeDegrees>18.745155</LongitudeDegrees></Position><AltitudeMeters>7.095</AltitudeMeters><HeartRateBpm><Value>80</Value></HeartRateBpm></Trackpoint><Trackpoint><Time>2026-05-02T08:29:39.111Z</Time><Position><LatitudeDegrees>60.074863</LatitudeDegrees><LongitudeDegrees>18.745205</LongitudeDegrees></Position><AltitudeMeters>7.062</AltitudeMeters><HeartRateBpm><Value>80</Value></HeartRateBpm></Trackpoint><Trackpoint><Time>2026-05-02T08:29:40.121Z</Time><Position><LatitudeDegrees>60.074913</LatitudeDegrees><LongitudeDegrees>18.74526</LongitudeDegrees></Position><AltitudeMeters>6.978</AltitudeMeters><HeartRateBpm><Value>80</Value></HeartRateBpm></Trackpoint><Trackpoint><Time>2026-05-02T08:29:41.128Z</Time><Position><LatitudeDegrees>60.074966</LatitudeDegrees><LongitudeDegrees>18.745342</LongitudeDegrees></Position><AltitudeMeters>6.966</AltitudeMeters><HeartRateBpm><Value>80</Value></HeartRateBpm></Trackpoint><Trackpoint><Time>2026-05-02T08:29:42.139Z</Time><Position><LatitudeDegrees>60.075016</LatitudeDegrees><LongitudeDegrees>18.745403</LongitudeDegrees></Position><AltitudeMeters>7.024</AltitudeMeters><HeartRateBpm><Value>79</Value></HeartRateBpm></Trackpoint><Trackpoint><Time>2026-05-02T08:29:43.147Z</Time><Position><LatitudeDegrees>60.075066</LatitudeDegrees><LongitudeDegrees>18.745457</LongitudeDegrees></Position><AltitudeMeters>6.943</AltitudeMeters><HeartRateBpm><Value>79</Value></HeartRateBpm></Trackpoint><Trackpoint><Time>2026-05-02T08:29:44.157Z</Time><Position><LatitudeDegrees>60.075115</LatitudeDegrees><LongitudeDegrees>18.745516</LongitudeDegrees></Position><AltitudeMeters>6.958</AltitudeMeters><HeartRateBpm><Value>79</Value></HeartRateBpm></Trackpoint><Trackpoint><Time>2026-05-02T08:29:45.167Z</Time><Position><LatitudeDegrees>60.075165</LatitudeDegrees><LongitudeDegrees>18.745588</LongitudeDegrees></Position><AltitudeMeters>7.086</AltitudeMeters><HeartRateBpm><Value>81</Value></HeartRateBpm></Trackpoint><Trackpoint><Time>2026-05-02T08:29:46.177Z</Time><Position><LatitudeDegrees>60.075203</LatitudeDegrees><LongitudeDegrees>18.74568</LongitudeDegrees></Position><AltitudeMeters>7.384</AltitudeMeters><HeartRateBpm><Value>82</Value></HeartRateBpm></Trackpoint><Trackpoint><Time>2026-05-02T08:29:47.187Z</Time><Position><LatitudeDegrees>60.075237</LatitudeDegrees><LongitudeDegrees>18.745773</LongitudeDegrees></Position><AltitudeMeters>7.705</AltitudeMeters><HeartRateBpm><Value>84</Value></HeartRateBpm></Trackpoint><Trackpoint><Time>2026-05-02T08:29:48.196Z</Time><Position><LatitudeDegrees>60.075275</LatitudeDegrees><LongitudeDegrees>18.745863</LongitudeDegrees></Position><AltitudeMeters>7.77</AltitudeMeters><HeartRateBpm><Value>85</Value></HeartRateBpm></Trackpoint><Trackpoint><Time>2026-05-02T08:29:49.205Z</Time><Position><LatitudeDegrees>60.075317</LatitudeDegrees><LongitudeDegrees>18.745937</LongitudeDegrees></Position><AltitudeMeters>7.043</AltitudeMeters><HeartRateBpm><Value>88</Value></HeartRateBpm></Trackpoint><Trackpoint><Time>2026-05-02T08:29:50.215Z</Time><Position><LatitudeDegrees>60.075356</LatitudeDegrees><LongitudeDegrees>18.746008</LongitudeDegrees></Position><AltitudeMeters>6.675</AltitudeMeters><HeartRateBpm><Value>90</Value></HeartRateBpm></Trackpoint><Trackpoint><Time>2026-05-02T08:29:51.225Z</Time><Position><LatitudeDegrees>60.075397</LatitudeDegrees><LongitudeDegrees>18.746067</LongitudeDegrees></Position><AltitudeMeters>6.578</AltitudeMeters><HeartRateBpm><Value>92</Value></HeartRateBpm></Trackpoint><Trackpoint><Time>2026-05-02T08:29:52.234Z</Time><Position><LatitudeDegrees>60.075447</LatitudeDegrees><LongitudeDegrees>18.746113</LongitudeDegrees></Position><AltitudeMeters>6.674</AltitudeMeters><HeartRateBpm><Value>94</Value></HeartRateBpm></Trackpoint><Trackpoint><Time>2026-05-02T08:29:53.243Z</Time><Position><LatitudeDegrees>60.075504</LatitudeDegrees><LongitudeDegrees>18.74616</LongitudeDegrees></Position><AltitudeMeters>6.749</AltitudeMeters><HeartRateBpm><Value>96</Value></HeartRateBpm></Trackpoint><Trackpoint><Time>2026-05-02T08:29:54.253Z</Time><Position><LatitudeDegrees>60.075554</LatitudeDegrees><LongitudeDegrees>18.746204</LongitudeDegrees></Position><AltitudeMeters>6.938</AltitudeMeters><HeartRateBpm><Value>97</Value></HeartRateBpm></Trackpoint><Trackpoint><Time>2026-05-02T08:29:55.263Z</Time><Position><LatitudeDegrees>60.075607</LatitudeDegrees><LongitudeDegrees>18.746252</LongitudeDegrees></Position><AltitudeMeters>7.145</AltitudeMeters><HeartRateBpm><Value>99</Value></HeartRateBpm></Trackpoint><Trackpoint><Time>2026-05-02T08:29:56.275Z</Time><Position><LatitudeDegrees>60.075657</LatitudeDegrees><LongitudeDegrees>18.74629</LongitudeDegrees></Position><AltitudeMeters>7.026</AltitudeMeters><HeartRateBpm><Value>100</Value></HeartRateBpm></Trackpoint><Trackpoint><Time>2026-05-02T08:29:57.285Z</Time><Position><LatitudeDegrees>60.075703</LatitudeDegrees><LongitudeDegrees>18.746319</LongitudeDegrees></Position><AltitudeMeters>6.838</AltitudeMeters><HeartRateBpm><Value>101</Value></HeartRateBpm></Trackpoint><Trackpoint><Time>2026-05-02T08:29:58.294Z</Time><Position><LatitudeDegrees>60.07576</LatitudeDegrees><LongitudeDegrees>18.746325</LongitudeDegrees></Position><AltitudeMeters>6.864</AltitudeMeters><HeartRateBpm><Value>102</Value></HeartRateBpm></Trackpoint><Trackpoint><Time>2026-05-02T08:29:59.303Z</Time><Position><LatitudeDegrees>60.07581</LatitudeDegrees><LongitudeDegrees>18.746336</LongitudeDegrees></Position><AltitudeMeters>6.927</AltitudeMeters><HeartRateBpm><Value>102</Value></HeartRateBpm></Trackpoint><Trackpoint><Time>2026-05-02T08:30:00.313Z</Time><Position><LatitudeDegrees>60.07586</LatitudeDegrees><LongitudeDegrees>18.746347</LongitudeDegrees></Position><AltitudeMeters>7.131</AltitudeMeters><HeartRateBpm><Value>103</Value></HeartRateBpm></Trackpoint><Trackpoint><Time>2026-05-02T08:30:01.322Z</Time><Position><LatitudeDegrees>60.075905</LatitudeDegrees><LongitudeDegrees>18.746344</LongitudeDegrees></Position><AltitudeMeters>7.323</AltitudeMeters><HeartRateBpm><Value>104</Value></HeartRateBpm></Trackpoint><Trackpoint><Time>2026-05-02T08:30:02.330Z</Time><Position><LatitudeDegrees>60.07595</LatitudeDegrees><LongitudeDegrees>18.746317</LongitudeDegrees></Position><AltitudeMeters>7.598</AltitudeMeters><HeartRateBpm><Value>104</Value></HeartRateBpm></Trackpoint><Trackpoint><Time>2026-05-02T08:30:03.336Z</Time><Position><LatitudeDegrees>60.075996</LatitudeDegrees><LongitudeDegrees>18.746283</LongitudeDegrees></Position><AltitudeMeters>7.761</AltitudeMeters><HeartRateBpm><Value>104</Value></HeartRateBpm></Trackpoint><Trackpoint><Time>2026-05-02T08:30:04.342Z</Time><Position><LatitudeDegrees>60.076035</LatitudeDegrees><LongitudeDegrees>18.746237</LongitudeDegrees></Position><AltitudeMeters>7.79</AltitudeMeters><HeartRateBpm><Value>105</Value></HeartRateBpm></Trackpoint><Trackpoint><Time>2026-05-02T08:30:05.351Z</Time><Position><LatitudeDegrees>60.07607</LatitudeDegrees><LongitudeDegrees>18.746185</LongitudeDegrees></Position><AltitudeMeters>7.461</AltitudeMeters><HeartRateBpm><Value>105</Value></HeartRateBpm></Trackpoint><Trackpoint><Time>2026-05-02T08:30:06.358Z</Time><Position><LatitudeDegrees>60.07611</LatitudeDegrees><LongitudeDegrees>18.746122</LongitudeDegrees></Position><AltitudeMeters>7.069</AltitudeMeters><HeartRateBpm><Value>105</Value></HeartRateBpm></Trackpoint><Trackpoint><Time>2026-05-02T08:30:07.369Z</Time><Position><LatitudeDegrees>60.076153</LatitudeDegrees><LongitudeDegrees>18.74604</LongitudeDegrees></Position><AltitudeMeters>7.171</AltitudeMeters><HeartRateBpm><Value>105</Value></HeartRateBpm></Trackpoint><Trackpoint><Time>2026-05-02T08:30:08.376Z</Time><Position><LatitudeDegrees>60.0762</LatitudeDegrees><LongitudeDegrees>18.745943</LongitudeDegrees></Position><AltitudeMeters>6.698</AltitudeMeters><HeartRateBpm><Value>104</Value></HeartRateBpm></Trackpoint><Trackpoint><Time>2026-05-02T08:30:09.385Z</Time><Position><LatitudeDegrees>60.07625</LatitudeDegrees><LongitudeDegrees>18.745844</LongitudeDegrees></Position><AltitudeMeters>6.47</AltitudeMeters><HeartRateBpm><Value>104</Value></HeartRateBpm></Trackpoint><Trackpoint><Time>2026-05-02T08:30:10.393Z</Time><Position><LatitudeDegrees>60.076286</LatitudeDegrees><LongitudeDegrees>18.745762</LongitudeDegrees></Position><AltitudeMeters>6.346</AltitudeMeters><HeartRateBpm><Value>103</Value></HeartRateBpm></Trackpoint><Trackpoint><Time>2026-05-02T08:30:11.402Z</Time><Position><LatitudeDegrees>60.076324</LatitudeDegrees><LongitudeDegrees>18.745695</LongitudeDegrees></Position><AltitudeMeters>6.446</AltitudeMeters><HeartRateBpm><Value>103</Value></HeartRateBpm></Trackpoint><Trackpoint><Time>2026-05-02T08:30:12.411Z</Time><Position><LatitudeDegrees>60.076366</LatitudeDegrees><LongitudeDegrees>18.74564</LongitudeDegrees></Position><AltitudeMeters>6.649</AltitudeMeters><HeartRateBpm><Value>103</Value></HeartRateBpm></Trackpoint><Trackpoint><Time>2026-05-02T08:30:13.417Z</Time><Position><LatitudeDegrees>60.076405</LatitudeDegrees><LongitudeDegrees>18.745592</LongitudeDegrees></Position><AltitudeMeters>7.083</AltitudeMeters><HeartRateBpm><Value>103</Value></HeartRateBpm></Trackpoint><Trackpoint><Time>2026-05-02T08:30:14.425Z</Time><Position><LatitudeDegrees>60.076447</LatitudeDegrees><LongitudeDegrees>18.745556</LongitudeDegrees></Position><AltitudeMeters>7.525</AltitudeMeters><HeartRateBpm><Value>103</Value></HeartRateBpm></Trackpoint><Trackpoint><Time>2026-05-02T08:30:15.433Z</Time><Position><LatitudeDegrees>60.076492</LatitudeDegrees><LongitudeDegrees>18.745504</LongitudeDegrees></Position><AltitudeMeters>7.844</AltitudeMeters><HeartRateBpm><Value>103</Value></HeartRateBpm></Trackpoint><Trackpoint><Time>2026-05-02T08:30:16.441Z</Time><Position><LatitudeDegrees>60.076538</LatitudeDegrees><LongitudeDegrees>18.745445</LongitudeDegrees></Position><AltitudeMeters>7.935</AltitudeMeters><HeartRateBpm><Value>103</Value></HeartRateBpm></Trackpoint><Trackpoint><Time>2026-05-02T08:30:17.448Z</Time><Position><LatitudeDegrees>60.07659</LatitudeDegrees><LongitudeDegrees>18.74539</LongitudeDegrees></Position><AltitudeMeters>7.27</AltitudeMeters><HeartRateBpm><Value>103</Value></HeartRateBpm></Trackpoint><Trackpoint><Time>2026-05-02T08:30:18.456Z</Time><Position><LatitudeDegrees>60.076645</LatitudeDegrees><LongitudeDegrees>18.745346</LongitudeDegrees></Position><AltitudeMeters>7.101</AltitudeMeters><HeartRateBpm><Value>103</Value></HeartRateBpm></Trackpoint><Trackpoint><Time>2026-05-02T08:30:19.464Z</Time><Position><LatitudeDegrees>60.07669</LatitudeDegrees><LongitudeDegrees>18.745312</LongitudeDegrees></Position><AltitudeMeters>7.466</AltitudeMeters><HeartRateBpm><Value>103</Value></HeartRateBpm></Trackpoint><Trackpoint><Time>2026-05-02T08:30:20.473Z</Time><Position><LatitudeDegrees>60.076744</LatitudeDegrees><LongitudeDegrees>18.745266</LongitudeDegrees></Position><AltitudeMeters>7.744</AltitudeMeters><HeartRateBpm><Value>103</Value></HeartRateBpm></Trackpoint><Trackpoint><Time>2026-05-02T08:30:21.481Z</Time><Position><LatitudeDegrees>60.076797</LatitudeDegrees><LongitudeDegrees>18.745218</LongitudeDegrees></Position><AltitudeMeters>8.17</AltitudeMeters><HeartRateBpm><Value>103</Value></HeartRateBpm></Trackpoint><Trackpoint><Time>2026-05-02T08:30:22.488Z</Time><Position><LatitudeDegrees>60.07685</LatitudeDegrees><LongitudeDegrees>18.74517</LongitudeDegrees></Position><AltitudeMeters>8.587</AltitudeMeters><HeartRateBpm><Value>103</Value></HeartRateBpm></Trackpoint><Trackpoint><Time>2026-05-02T08:30:23.500Z</Time><Position><LatitudeDegrees>60.076904</LatitudeDegrees><LongitudeDegrees>18.745138</LongitudeDegrees></Position><AltitudeMeters>8.883</AltitudeMeters><HeartRateBpm><Value>104</Value></HeartRateBpm></Trackpoint><Trackpoint><Time>2026-05-02T08:30:24.507Z</Time><Position><LatitudeDegrees>60.076954</LatitudeDegrees><LongitudeDegrees>18.745106</LongitudeDegrees></Position><AltitudeMeters>8.953</AltitudeMeters><HeartRateBpm><Value>105</Value></HeartRateBpm></Trackpoint><Trackpoint><Time>2026-05-02T08:30:25.515Z</Time><Position><LatitudeDegrees>60.076996</LatitudeDegrees><LongitudeDegrees>18.745071</LongitudeDegrees></Position><AltitudeMeters>8.424</AltitudeMeters><HeartRateBpm><Value>106</Value></HeartRateBpm></Trackpoint><Trackpoint><Time>2026-05-02T08:30:26.524Z</Time><Position><LatitudeDegrees>60.07704</LatitudeDegrees><LongitudeDegrees>18.745039</LongitudeDegrees></Position><AltitudeMeters>8.109</AltitudeMeters><HeartRateBpm><Value>107</Value></HeartRateBpm></Trackpoint><Trackpoint><Time>2026-05-02T08:30:27.534Z</Time><Position><LatitudeDegrees>60.077084</LatitudeDegrees><LongitudeDegrees>18.745005</LongitudeDegrees></Position><AltitudeMeters>8.457</AltitudeMeters><HeartRateBpm><Value>107</Value></HeartRateBpm></Trackpoint><Trackpoint><Time>2026-05-02T08:30:28.542Z</Time><Position><LatitudeDegrees>60.077126</LatitudeDegrees><LongitudeDegrees>18.744972</LongitudeDegrees></Position><AltitudeMeters>8.932</AltitudeMeters><HeartRateBpm><Value>107</Value></HeartRateBpm></Trackpoint><Trackpoint><Time>2026-05-02T08:30:29.548Z</Time><Position><LatitudeDegrees>60.077168</LatitudeDegrees><LongitudeDegrees>18.74494</LongitudeDegrees></Position><AltitudeMeters>9.431</AltitudeMeters><HeartRateBpm><Value>106</Value></HeartRateBpm></Trackpoint><Trackpoint><Time>2026-05-02T08:30:30.556Z</Time><Position><LatitudeDegrees>60.077206</LatitudeDegrees><LongitudeDegrees>18.744907</LongitudeDegrees></Position><AltitudeMeters>9.769</AltitudeMeters><HeartRateBpm><Value>104</Value></HeartRateBpm></Trackpoint><Trackpoint><Time>2026-05-02T08:30:31.565Z</Time><Position><LatitudeDegrees>60.077244</LatitudeDegrees><LongitudeDegrees>18.744873</LongitudeDegrees></Position><AltitudeMeters>10.042</AltitudeMeters><HeartRateBpm><Value>103</Value></HeartRateBpm></Trackpoint><Trackpoint><Time>2026-05-02T08:30:32.573Z</Time><Position><LatitudeDegrees>60.077282</LatitudeDegrees><LongitudeDegrees>18.744843</LongitudeDegrees></Position><AltitudeMeters>10.317</AltitudeMeters><HeartRateBpm><Value>101</Value></HeartRateBpm></Trackpoint><Trackpoint><Time>2026-05-02T08:30:33.582Z</Time><Position><LatitudeDegrees>60.07732</LatitudeDegrees><LongitudeDegrees>18.744812</LongitudeDegrees></Position><AltitudeMeters>10.825</AltitudeMeters><HeartRateBpm><Value>99</Value></HeartRateBpm></Trackpoint><Trackpoint><Time>2026-05-02T08:30:34.591Z</Time><Position><LatitudeDegrees>60.07736</LatitudeDegrees><LongitudeDegrees>18.744783</LongitudeDegrees></Position><AltitudeMeters>11.231</AltitudeMeters><HeartRateBpm><Value>97</Value></HeartRateBpm></Trackpoint><Trackpoint><Time>2026-05-02T08:30:35.598Z</Time><Position><LatitudeDegrees>60.077393</LatitudeDegrees><LongitudeDegrees>18.744759</LongitudeDegrees></Position><AltitudeMeters>11.489</AltitudeMeters><HeartRateBpm><Value>96</Value></HeartRateBpm></Trackpoint><Trackpoint><Time>2026-05-02T08:30:36.608Z</Time><Position><LatitudeDegrees>60.077427</LatitudeDegrees><LongitudeDegrees>18.744732</LongitudeDegrees></Position><AltitudeMeters>11.424</AltitudeMeters><HeartRateBpm><Value>95</Value></HeartRateBpm></Trackpoint><Trackpoint><Time>2026-05-02T08:30:37.615Z</Time><Position><LatitudeDegrees>60.07746</LatitudeDegrees><LongitudeDegrees>18.744705</LongitudeDegrees></Position><AltitudeMeters>11.443</AltitudeMeters><HeartRateBpm><Value>96</Value></HeartRateBpm></Trackpoint><Trackpoint><Time>2026-05-02T08:30:38.624Z</Time><Position><LatitudeDegrees>60.077496</LatitudeDegrees><LongitudeDegrees>18.74468</LongitudeDegrees></Position><AltitudeMeters>11.35</AltitudeMeters><HeartRateBpm><Value>96</Value></HeartRateBpm></Trackpoint><Trackpoint><Time>2026-05-02T08:30:39.632Z</Time><Position><LatitudeDegrees>60.077526</LatitudeDegrees><LongitudeDegrees>18.744656</LongitudeDegrees></Position><AltitudeMeters>11.274</AltitudeMeters><HeartRateBpm><Value>96</Value></HeartRateBpm></Trackpoint><Trackpoint><Time>2026-05-02T08:30:40.640Z</Time><Position><LatitudeDegrees>60.077557</LatitudeDegrees><LongitudeDegrees>18.744629</LongitudeDegrees></Position><AltitudeMeters>11.301</AltitudeMeters><HeartRateBpm><Value>96</Value></HeartRateBpm></Trackpoint><Trackpoint><Time>2026-05-02T08:30:41.643Z</Time><Position><LatitudeDegrees>60.07759</LatitudeDegrees><LongitudeDegrees>18.744604</LongitudeDegrees></Position><AltitudeMeters>11.4</AltitudeMeters><HeartRateBpm><Value>96</Value></HeartRateBpm></Trackpoint><Trackpoint><Time>2026-05-02T08:30:42.652Z</Time><Position><LatitudeDegrees>60.07762</LatitudeDegrees><LongitudeDegrees>18.744576</LongitudeDegrees></Position><AltitudeMeters>11.638</AltitudeMeters><HeartRateBpm><Value>94</Value></HeartRateBpm></Trackpoint><Trackpoint><Time>2026-05-02T08:30:43.661Z</Time><Position><LatitudeDegrees>60.077652</LatitudeDegrees><LongitudeDegrees>18.74455</LongitudeDegrees></Position><AltitudeMeters>11.91</AltitudeMeters><HeartRateBpm><Value>93</Value></HeartRateBpm></Trackpoint><Trackpoint><Time>2026-05-02T08:30:44.669Z</Time><Position><LatitudeDegrees>60.077682</LatitudeDegrees><LongitudeDegrees>18.744524</LongitudeDegrees></Position><AltitudeMeters>12.192</AltitudeMeters><HeartRateBpm><Value>90</Value></HeartRateBpm></Trackpoint><Trackpoint><Time>2026-05-02T08:30:45.676Z</Time><Position><LatitudeDegrees>60.07771</LatitudeDegrees><LongitudeDegrees>18.744495</LongitudeDegrees></Position><AltitudeMeters>12.434</AltitudeMeters><HeartRateBpm><Value>89</Value></HeartRateBpm></Trackpoint><Trackpoint><Time>2026-05-02T08:30:46.685Z</Time><Position><LatitudeDegrees>60.07774</LatitudeDegrees><LongitudeDegrees>18.744467</LongitudeDegrees></Position><AltitudeMeters>12.671</AltitudeMeters><HeartRateBpm><Value>88</Value></HeartRateBpm></Trackpoint><Trackpoint><Time>2026-05-02T08:30:47.693Z</Time><Position><LatitudeDegrees>60.07777</LatitudeDegrees><LongitudeDegrees>18.744438</LongitudeDegrees></Position><AltitudeMeters>12.765</AltitudeMeters><HeartRateBpm><Value>90</Value></HeartRateBpm></Trackpoint><Trackpoint><Time>2026-05-02T08:30:48.702Z</Time><Position><LatitudeDegrees>60.077797</LatitudeDegrees><LongitudeDegrees>18.74441</LongitudeDegrees></Position><AltitudeMeters>12.768</AltitudeMeters><HeartRateBpm><Value>92</Value></HeartRateBpm></Trackpoint><Trackpoint><Time>2026-05-02T08:30:49.710Z</Time><Position><LatitudeDegrees>60.077827</LatitudeDegrees><LongitudeDegrees>18.744387</LongitudeDegrees></Position><AltitudeMeters>12.784</AltitudeMeters><HeartRateBpm><Value>92</Value></HeartRateBpm></Trackpoint><Trackpoint><Time>2026-05-02T08:30:50.717Z</Time><Position><LatitudeDegrees>60.077858</LatitudeDegrees><LongitudeDegrees>18.744366</LongitudeDegrees></Position><AltitudeMeters>12.925</AltitudeMeters><HeartRateBpm><Value>92</Value></HeartRateBpm></Trackpoint><Trackpoint><Time>2026-05-02T08:30:51.726Z</Time><Position><LatitudeDegrees>60.07789</LatitudeDegrees><LongitudeDegrees>18.744345</LongitudeDegrees></Position><AltitudeMeters>13.134</AltitudeMeters><HeartRateBpm><Value>91</Value></HeartRateBpm></Trackpoint><Trackpoint><Time>2026-05-02T08:30:52.733Z</Time><Position><LatitudeDegrees>60.07792</LatitudeDegrees><LongitudeDegrees>18.744326</LongitudeDegrees></Position><AltitudeMeters>13.252</AltitudeMeters><HeartRateBpm><Value>90</Value></HeartRateBpm></Trackpoint><Trackpoint><Time>2026-05-02T08:30:53.742Z</Time><Position><LatitudeDegrees>60.07795</LatitudeDegrees><LongitudeDegrees>18.744297</LongitudeDegrees></Position><AltitudeMeters>13.434</AltitudeMeters><HeartRateBpm><Value>89</Value></HeartRateBpm></Trackpoint><Trackpoint><Time>2026-05-02T08:30:54.751Z</Time><Position><LatitudeDegrees>60.077984</LatitudeDegrees><LongitudeDegrees>18.744265</LongitudeDegrees></Position><AltitudeMeters>13.445</AltitudeMeters><HeartRateBpm><Value>88</Value></HeartRateBpm></Trackpoint><Trackpoint><Time>2026-05-02T08:30:55.760Z</Time><Position><LatitudeDegrees>60.078014</LatitudeDegrees><LongitudeDegrees>18.744232</LongitudeDegrees></Position><AltitudeMeters>13.412</AltitudeMeters><HeartRateBpm><Value>87</Value></HeartRateBpm></Trackpoint><Trackpoint><Time>2026-05-02T08:30:56.767Z</Time><Position><LatitudeDegrees>60.078045</LatitudeDegrees><LongitudeDegrees>18.74419</LongitudeDegrees></Position><AltitudeMeters>13.199</AltitudeMeters><HeartRateBpm><Value>86</Value></HeartRateBpm></Trackpoint><Trackpoint><Time>2026-05-02T08:30:57.775Z</Time><Position><LatitudeDegrees>60.078075</LatitudeDegrees><LongitudeDegrees>18.744148</LongitudeDegrees></Position><AltitudeMeters>13.11</AltitudeMeters><HeartRateBpm><Value>86</Value></HeartRateBpm></Trackpoint><Trackpoint><Time>2026-05-02T08:30:58.783Z</Time><Position><LatitudeDegrees>60.0781</LatitudeDegrees><LongitudeDegrees>18.7441</LongitudeDegrees></Position><AltitudeMeters>13.383</AltitudeMeters><HeartRateBpm><Value>85</Value></HeartRateBpm></Trackpoint><Trackpoint><Time>2026-05-02T08:30:59.787Z</Time><Position><LatitudeDegrees>60.07812</LatitudeDegrees><LongitudeDegrees>18.744055</LongitudeDegrees></Position><AltitudeMeters>13.808</AltitudeMeters><HeartRateBpm><Value>85</Value></HeartRateBpm></Trackpoint><Trackpoint><Time>2026-05-02T08:31:00.794Z</Time><Position><LatitudeDegrees>60.078144</LatitudeDegrees><LongitudeDegrees>18.744007</LongitudeDegrees></Position><AltitudeMeters>14.032</AltitudeMeters><HeartRateBpm><Value>85</Value></HeartRateBpm></Trackpoint><Trackpoint><Time>2026-05-02T08:31:01.804Z</Time><Position><LatitudeDegrees>60.078167</LatitudeDegrees><LongitudeDegrees>18.743965</LongitudeDegrees></Position><AltitudeMeters>13.995</AltitudeMeters><HeartRateBpm><Value>84</Value></HeartRateBpm></Trackpoint><Trackpoint><Time>2026-05-02T08:31:02.812Z</Time><Position><LatitudeDegrees>60.078194</LatitudeDegrees><LongitudeDegrees>18.743923</LongitudeDegrees></Position><AltitudeMeters>13.696</AltitudeMeters><HeartRateBpm><Value>84</Value></HeartRateBpm></Trackpoint><Trackpoint><Time>2026-05-02T08:31:03.822Z</Time><Position><LatitudeDegrees>60.078228</LatitudeDegrees><LongitudeDegrees>18.743889</LongitudeDegrees></Position><AltitudeMeters>13.163</AltitudeMeters><HeartRateBpm><Value>84</Value></HeartRateBpm></Trackpoint><Trackpoint><Time>2026-05-02T08:31:04.829Z</Time><Position><LatitudeDegrees>60.07826</LatitudeDegrees><LongitudeDegrees>18.743853</LongitudeDegrees></Position><AltitudeMeters>12.757</AltitudeMeters><HeartRateBpm><Value>84</Value></HeartRateBpm></Trackpoint><Trackpoint><Time>2026-05-02T08:31:05.838Z</Time><Position><LatitudeDegrees>60.0783</LatitudeDegrees><LongitudeDegrees>18.74382</LongitudeDegrees></Position><AltitudeMeters>12.733</AltitudeMeters><HeartRateBpm><Value>85</Value></HeartRateBpm></Trackpoint><Trackpoint><Time>2026-05-02T08:31:06.848Z</Time><Position><LatitudeDegrees>60.078342</LatitudeDegrees><LongitudeDegrees>18.743795</LongitudeDegrees></Position><AltitudeMeters>12.679</AltitudeMeters><HeartRateBpm><Value>85</Value></HeartRateBpm></Trackpoint><Trackpoint><Time>2026-05-02T08:31:07.856Z</Time><Position><LatitudeDegrees>60.078384</LatitudeDegrees><LongitudeDegrees>18.743774</LongitudeDegrees></Position><AltitudeMeters>12.499</AltitudeMeters><HeartRateBpm><Value>85</Value></HeartRateBpm></Trackpoint><Trackpoint><Time>2026-05-02T08:31:08.865Z</Time><Position><LatitudeDegrees>60.078423</LatitudeDegrees><LongitudeDegrees>18.743755</LongitudeDegrees></Position><AltitudeMeters>12.431</AltitudeMeters><HeartRateBpm><Value>86</Value></HeartRateBpm></Trackpoint><Trackpoint><Time>2026-05-02T08:31:09.872Z</Time><Position><LatitudeDegrees>60.07846</LatitudeDegrees><LongitudeDegrees>18.743742</LongitudeDegrees></Position><AltitudeMeters>12.566</AltitudeMeters><HeartRateBpm><Value>87</Value></HeartRateBpm></Trackpoint><Trackpoint><Time>2026-05-02T08:31:10.879Z</Time><Position><LatitudeDegrees>60.0785</LatitudeDegrees><LongitudeDegrees>18.743736</LongitudeDegrees></Position><AltitudeMeters>12.543</AltitudeMeters><HeartRateBpm><Value>87</Value></HeartRateBpm></Trackpoint><Trackpoint><Time>2026-05-02T08:31:11.886Z</Time><Position><LatitudeDegrees>60.078537</LatitudeDegrees><LongitudeDegrees>18.74373</LongitudeDegrees></Position><AltitudeMeters>12.673</AltitudeMeters><HeartRateBpm><Value>87</Value></HeartRateBpm></Trackpoint><Trackpoint><Time>2026-05-02T08:31:12.895Z</Time><Position><LatitudeDegrees>60.078575</LatitudeDegrees><LongitudeDegrees>18.743725</LongitudeDegrees></Position><AltitudeMeters>12.711</AltitudeMeters><HeartRateBpm><Value>88</Value></HeartRateBpm></Trackpoint><Trackpoint><Time>2026-05-02T08:31:13.903Z</Time><Position><LatitudeDegrees>60.078613</LatitudeDegrees><LongitudeDegrees>18.74372</LongitudeDegrees></Position><AltitudeMeters>12.713</AltitudeMeters><HeartRateBpm><Value>90</Value></HeartRateBpm></Trackpoint><Trackpoint><Time>2026-05-02T08:31:14.910Z</Time><Position><LatitudeDegrees>60.078655</LatitudeDegrees><LongitudeDegrees>18.743711</LongitudeDegrees></Position><AltitudeMeters>12.741</AltitudeMeters><HeartRateBpm><Value>90</Value></HeartRateBpm></Trackpoint><Trackpoint><Time>2026-05-02T08:31:15.916Z</Time><Position><LatitudeDegrees>60.078693</LatitudeDegrees><LongitudeDegrees>18.743706</LongitudeDegrees></Position><AltitudeMeters>12.707</AltitudeMeters><HeartRateBpm><Value>91</Value></HeartRateBpm></Trackpoint><Trackpoint><Time>2026-05-02T08:31:16.925Z</Time><Position><LatitudeDegrees>60.07873</LatitudeDegrees><LongitudeDegrees>18.743698</LongitudeDegrees></Position><AltitudeMeters>12.762</AltitudeMeters><HeartRateBpm><Value>91</Value></HeartRateBpm></Trackpoint><Trackpoint><Time>2026-05-02T08:31:17.934Z</Time><Position><LatitudeDegrees>60.07877</LatitudeDegrees><LongitudeDegrees>18.74369</LongitudeDegrees></Position><AltitudeMeters>12.753</AltitudeMeters><HeartRateBpm><Value>91</Value></HeartRateBpm></Trackpoint><Trackpoint><Time>2026-05-02T08:31:18.943Z</Time><Position><LatitudeDegrees>60.07881</LatitudeDegrees><LongitudeDegrees>18.743681</LongitudeDegrees></Position><AltitudeMeters>12.776</AltitudeMeters><HeartRateBpm><Value>92</Value></HeartRateBpm></Trackpoint><Trackpoint><Time>2026-05-02T08:31:19.952Z</Time><Position><LatitudeDegrees>60.078846</LatitudeDegrees><LongitudeDegrees>18.743671</LongitudeDegrees></Position><AltitudeMeters>12.823</AltitudeMeters><HeartRateBpm><Value>93</Value></HeartRateBpm></Trackpoint><Trackpoint><Time>2026-05-02T08:31:20.958Z</Time><Position><LatitudeDegrees>60.078884</LatitudeDegrees><LongitudeDegrees>18.743666</LongitudeDegrees></Position><AltitudeMeters>12.937</AltitudeMeters><HeartRateBpm><Value>94</Value></HeartRateBpm></Trackpoint><Trackpoint><Time>2026-05-02T08:31:21.966Z</Time><Position><LatitudeDegrees>60.078922</LatitudeDegrees><LongitudeDegrees>18.74366</LongitudeDegrees></Position><AltitudeMeters>13.148</AltitudeMeters><HeartRateBpm><Value>95</Value></HeartRateBpm></Trackpoint><Trackpoint><Time>2026-05-02T08:31:22.975Z</Time><Position><LatitudeDegrees>60.078957</LatitudeDegrees><LongitudeDegrees>18.743658</LongitudeDegrees></Position><AltitudeMeters>13.282</AltitudeMeters><HeartRateBpm><Value>95</Value></HeartRateBpm></Trackpoint><Trackpoint><Time>2026-05-02T08:31:23.984Z</Time><Position><LatitudeDegrees>60.078995</LatitudeDegrees><LongitudeDegrees>18.74366</LongitudeDegrees></Position><AltitudeMeters>13.333</AltitudeMeters><HeartRateBpm><Value>94</Value></HeartRateBpm></Trackpoint><Trackpoint><Time>2026-05-02T08:31:24.992Z</Time><Position><LatitudeDegrees>60.079033</LatitudeDegrees><LongitudeDegrees>18.743662</LongitudeDegrees></Position><AltitudeMeters>13.376</AltitudeMeters><HeartRateBpm><Value>93</Value></HeartRateBpm></Trackpoint><Trackpoint><Time>2026-05-02T08:31:25.999Z</Time><Position><LatitudeDegrees>60.07907</LatitudeDegrees><LongitudeDegrees>18.743668</LongitudeDegrees></Position><AltitudeMeters>13.413</AltitudeMeters><HeartRateBpm><Value>92</Value></HeartRateBpm></Trackpoint><Trackpoint><Time>2026-05-02T08:31:27.006Z</Time><Position><LatitudeDegrees>60.07911</LatitudeDegrees><LongitudeDegrees>18.743681</LongitudeDegrees></Position><AltitudeMeters>13.366</AltitudeMeters><HeartRateBpm><Value>90</Value></HeartRateBpm></Trackpoint><Trackpoint><Time>2026-05-02T08:31:28.015Z</Time><Position><LatitudeDegrees>60.079147</LatitudeDegrees><LongitudeDegrees>18.743696</LongitudeDegrees></Position><AltitudeMeters>13.409</AltitudeMeters><HeartRateBpm><Value>90</Value></HeartRateBpm></Trackpoint><Trackpoint><Time>2026-05-02T08:31:29.024Z</Time><Position><LatitudeDegrees>60.07918</LatitudeDegrees><LongitudeDegrees>18.743715</LongitudeDegrees></Position><AltitudeMeters>13.625</AltitudeMeters><HeartRateBpm><Value>89</Value></HeartRateBpm></Trackpoint><Trackpoint><Time>2026-05-02T08:31:30.034Z</Time><Position><LatitudeDegrees>60.079216</LatitudeDegrees><LongitudeDegrees>18.743732</LongitudeDegrees></Position><AltitudeMeters>13.77</AltitudeMeters><HeartRateBpm><Value>88</Value></HeartRateBpm></Trackpoint><Trackpoint><Time>2026-05-02T08:31:31.042Z</Time><Position><LatitudeDegrees>60.07925</LatitudeDegrees><LongitudeDegrees>18.743748</LongitudeDegrees></Position><AltitudeMeters>13.832</AltitudeMeters><HeartRateBpm><Value>88</Value></HeartRateBpm></Trackpoint><Trackpoint><Time>2026-05-02T08:31:32.052Z</Time><Position><LatitudeDegrees>60.079285</LatitudeDegrees><LongitudeDegrees>18.743761</LongitudeDegrees></Position><AltitudeMeters>13.991</AltitudeMeters><HeartRateBpm><Value>89</Value></HeartRateBpm></Trackpoint><Trackpoint><Time>2026-05-02T08:31:33.063Z</Time><Position><LatitudeDegrees>60.07932</LatitudeDegrees><LongitudeDegrees>18.743773</LongitudeDegrees></Position><AltitudeMeters>14.209</AltitudeMeters><HeartRateBpm><Value>88</Value></HeartRateBpm></Trackpoint><Trackpoint><Time>2026-05-02T08:31:34.072Z</Time><Position><LatitudeDegrees>60.07935</LatitudeDegrees><LongitudeDegrees>18.743784</LongitudeDegrees></Position><AltitudeMeters>14.338</AltitudeMeters><HeartRateBpm><Value>87</Value></HeartRateBpm></Trackpoint><Trackpoint><Time>2026-05-02T08:31:35.080Z</Time><Position><LatitudeDegrees>60.079384</LatitudeDegrees><LongitudeDegrees>18.743795</LongitudeDegrees></Position><AltitudeMeters>14.276</AltitudeMeters><HeartRateBpm><Value>87</Value></HeartRateBpm></Trackpoint><Trackpoint><Time>2026-05-02T08:31:36.087Z</Time><Position><LatitudeDegrees>60.079422</LatitudeDegrees><LongitudeDegrees>18.743805</LongitudeDegrees></Position><AltitudeMeters>14.187</AltitudeMeters><HeartRateBpm><Value>86</Value></HeartRateBpm></Trackpoint><Trackpoint><Time>2026-05-02T08:31:37.096Z</Time><Position><LatitudeDegrees>60.07946</LatitudeDegrees><LongitudeDegrees>18.74381</LongitudeDegrees></Position><AltitudeMeters>14.045</AltitudeMeters><HeartRateBpm><Value>85</Value></HeartRateBpm></Trackpoint><Trackpoint><Time>2026-05-02T08:31:38.104Z</Time><Position><LatitudeDegrees>60.0795</LatitudeDegrees><LongitudeDegrees>18.74381</LongitudeDegrees></Position><AltitudeMeters>13.965</AltitudeMeters><HeartRateBpm><Value>84</Value></HeartRateBpm></Trackpoint><Trackpoint><Time>2026-05-02T08:31:39.114Z</Time><Position><LatitudeDegrees>60.079536</LatitudeDegrees><LongitudeDegrees>18.743807</LongitudeDegrees></Position><AltitudeMeters>13.934</AltitudeMeters><HeartRateBpm><Value>83</Value></HeartRateBpm></Trackpoint><Trackpoint><Time>2026-05-02T08:31:40.121Z</Time><Position><LatitudeDegrees>60.07958</LatitudeDegrees><LongitudeDegrees>18.743793</LongitudeDegrees></Position><AltitudeMeters>13.874</AltitudeMeters><HeartRateBpm><Value>83</Value></HeartRateBpm></Trackpoint><Trackpoint><Time>2026-05-02T08:31:41.130Z</Time><Position><LatitudeDegrees>60.079613</LatitudeDegrees><LongitudeDegrees>18.74378</LongitudeDegrees></Position><AltitudeMeters>13.806</AltitudeMeters><HeartRateBpm><Value>83</Value></HeartRateBpm></Trackpoint><Trackpoint><Time>2026-05-02T08:31:42.135Z</Time><Position><LatitudeDegrees>60.07965</LatitudeDegrees><LongitudeDegrees>18.743769</LongitudeDegrees></Position><AltitudeMeters>13.726</AltitudeMeters><HeartRateBpm><Value>82</Value></HeartRateBpm></Trackpoint><Trackpoint><Time>2026-05-02T08:31:43.138Z</Time><Position><LatitudeDegrees>60.079685</LatitudeDegrees><LongitudeDegrees>18.74376</LongitudeDegrees></Position><AltitudeMeters>13.852</AltitudeMeters><HeartRateBpm><Value>82</Value></HeartRateBpm></Trackpoint><Trackpoint><Time>2026-05-02T08:31:44.144Z</Time><Position><LatitudeDegrees>60.079716</LatitudeDegrees><LongitudeDegrees>18.74375</LongitudeDegrees></Position><AltitudeMeters>13.891</AltitudeMeters><HeartRateBpm><Value>83</Value></HeartRateBpm></Trackpoint><Trackpoint><Time>2026-05-02T08:31:45.146Z</Time><Position><LatitudeDegrees>60.07975</LatitudeDegrees><LongitudeDegrees>18.743738</LongitudeDegrees></Position><AltitudeMeters>13.811</AltitudeMeters><HeartRateBpm><Value>83</Value></HeartRateBpm></Trackpoint><Trackpoint><Time>2026-05-02T08:31:46.152Z</Time><Position><LatitudeDegrees>60.07979</LatitudeDegrees><LongitudeDegrees>18.743729</LongitudeDegrees></Position><AltitudeMeters>13.702</AltitudeMeters><HeartRateBpm><Value>82</Value></HeartRateBpm></Trackpoint><Trackpoint><Time>2026-05-02T08:31:47.161Z</Time><Position><LatitudeDegrees>60.079823</LatitudeDegrees><LongitudeDegrees>18.74372</LongitudeDegrees></Position><AltitudeMeters>13.472</AltitudeMeters><HeartRateBpm><Value>82</Value></HeartRateBpm></Trackpoint><Trackpoint><Time>2026-05-02T08:31:48.168Z</Time><Position><LatitudeDegrees>60.07986</LatitudeDegrees><LongitudeDegrees>18.74372</LongitudeDegrees></Position><AltitudeMeters>13.288</AltitudeMeters><HeartRateBpm><Value>82</Value></HeartRateBpm></Trackpoint><Trackpoint><Time>2026-05-02T08:31:49.177Z</Time><Position><LatitudeDegrees>60.0799</LatitudeDegrees><LongitudeDegrees>18.74372</LongitudeDegrees></Position><AltitudeMeters>12.951</AltitudeMeters><HeartRateBpm><Value>83</Value></HeartRateBpm></Trackpoint><Trackpoint><Time>2026-05-02T08:31:50.185Z</Time><Position><LatitudeDegrees>60.079933</LatitudeDegrees><LongitudeDegrees>18.743723</LongitudeDegrees></Position><AltitudeMeters>12.685</AltitudeMeters><HeartRateBpm><Value>82</Value></HeartRateBpm></Trackpoint><Trackpoint><Time>2026-05-02T08:31:51.194Z</Time><Position><LatitudeDegrees>60.079967</LatitudeDegrees><LongitudeDegrees>18.743723</LongitudeDegrees></Position><AltitudeMeters>12.744</AltitudeMeters><HeartRateBpm><Value>82</Value></HeartRateBpm></Trackpoint><Trackpoint><Time>2026-05-02T08:31:52.201Z</Time><Position><LatitudeDegrees>60.08</LatitudeDegrees><LongitudeDegrees>18.743723</LongitudeDegrees></Position><AltitudeMeters>12.915</AltitudeMeters><HeartRateBpm><Value>81</Value></HeartRateBpm></Trackpoint><Trackpoint><Time>2026-05-02T08:31:53.208Z</Time><Position><LatitudeDegrees>60.080032</LatitudeDegrees><LongitudeDegrees>18.743723</LongitudeDegrees></Position><AltitudeMeters>12.962</AltitudeMeters><HeartRateBpm><Value>81</Value></HeartRateBpm></Trackpoint><Trackpoint><Time>2026-05-02T08:31:54.217Z</Time><Position><LatitudeDegrees>60.080067</LatitudeDegrees><LongitudeDegrees>18.743725</LongitudeDegrees></Position><AltitudeMeters>12.816</AltitudeMeters><HeartRateBpm><Value>81</Value></HeartRateBpm></Trackpoint><Trackpoint><Time>2026-05-02T08:31:55.225Z</Time><Position><LatitudeDegrees>60.0801</LatitudeDegrees><LongitudeDegrees>18.743727</LongitudeDegrees></Position><AltitudeMeters>12.888</AltitudeMeters><HeartRateBpm><Value>80</Value></HeartRateBpm></Trackpoint><Trackpoint><Time>2026-05-02T08:31:56.233Z</Time><Position><LatitudeDegrees>60.08013</LatitudeDegrees><LongitudeDegrees>18.743727</LongitudeDegrees></Position><AltitudeMeters>13.174</AltitudeMeters><HeartRateBpm><Value>80</Value></HeartRateBpm></Trackpoint><Trackpoint><Time>2026-05-02T08:31:57.238Z</Time><Position><LatitudeDegrees>60.080166</LatitudeDegrees><LongitudeDegrees>18.743721</LongitudeDegrees></Position><AltitudeMeters>13.403</AltitudeMeters><HeartRateBpm><Value>79</Value></HeartRateBpm></Trackpoint><Trackpoint><Time>2026-05-02T08:31:58.247Z</Time><Position><LatitudeDegrees>60.0802</LatitudeDegrees><LongitudeDegrees>18.743704</LongitudeDegrees></Position><AltitudeMeters>13.164</AltitudeMeters><HeartRateBpm><Value>78</Value></HeartRateBpm></Trackpoint><Trackpoint><Time>2026-05-02T08:31:59.256Z</Time><Position><LatitudeDegrees>60.08023</LatitudeDegrees><LongitudeDegrees>18.74368</LongitudeDegrees></Position><AltitudeMeters>12.944</AltitudeMeters><HeartRateBpm><Value>77</Value></HeartRateBpm></Trackpoint><Trackpoint><Time>2026-05-02T08:32:00.265Z</Time><Position><LatitudeDegrees>60.080257</LatitudeDegrees><LongitudeDegrees>18.743643</LongitudeDegrees></Position><AltitudeMeters>12.498</AltitudeMeters><HeartRateBpm><Value>77</Value></HeartRateBpm></Trackpoint><Trackpoint><Time>2026-05-02T08:32:01.274Z</Time><Position><LatitudeDegrees>60.08028</LatitudeDegrees><LongitudeDegrees>18.743603</LongitudeDegrees></Position><AltitudeMeters>12.561</AltitudeMeters><HeartRateBpm><Value>77</Value></HeartRateBpm></Trackpoint><Trackpoint><Time>2026-05-02T08:32:02.283Z</Time><Position><LatitudeDegrees>60.0803</LatitudeDegrees><LongitudeDegrees>18.74356</LongitudeDegrees></Position><AltitudeMeters>12.748</AltitudeMeters><HeartRateBpm><Value>78</Value></HeartRateBpm></Trackpoint><Trackpoint><Time>2026-05-02T08:32:03.291Z</Time><Position><LatitudeDegrees>60.08032</LatitudeDegrees><LongitudeDegrees>18.743513</LongitudeDegrees></Position><AltitudeMeters>12.916</AltitudeMeters><HeartRateBpm><Value>78</Value></HeartRateBpm></Trackpoint><Trackpoint><Time>2026-05-02T08:32:04.298Z</Time><Position><LatitudeDegrees>60.08033</LatitudeDegrees><LongitudeDegrees>18.743462</LongitudeDegrees></Position><AltitudeMeters>13.091</AltitudeMeters><HeartRateBpm><Value>79</Value></HeartRateBpm></Trackpoint><Trackpoint><Time>2026-05-02T08:32:05.298Z</Time><Position><LatitudeDegrees>60.080345</LatitudeDegrees><LongitudeDegrees>18.743408</LongitudeDegrees></Position><AltitudeMeters>13.182</AltitudeMeters><HeartRateBpm><Value>79</Value></HeartRateBpm></Trackpoint><Trackpoint><Time>2026-05-02T08:32:06.297Z</Time><Position><LatitudeDegrees>60.080357</LatitudeDegrees><LongitudeDegrees>18.743353</LongitudeDegrees></Position><AltitudeMeters>13.293</AltitudeMeters><HeartRateBpm><Value>80</Value></HeartRateBpm></Trackpoint><Trackpoint><Time>2026-05-02T08:32:07.298Z</Time><Position><LatitudeDegrees>60.080368</LatitudeDegrees><LongitudeDegrees>18.743296</LongitudeDegrees></Position><AltitudeMeters>13.518</AltitudeMeters><HeartRateBpm><Value>79</Value></HeartRateBpm></Trackpoint><Trackpoint><Time>2026-05-02T08:32:08.302Z</Time><Position><LatitudeDegrees>60.08038</LatitudeDegrees><LongitudeDegrees>18.743237</LongitudeDegrees></Position><AltitudeMeters>13.772</AltitudeMeters><HeartRateBpm><Value>79</Value></HeartRateBpm></Trackpoint><Trackpoint><Time>2026-05-02T08:32:09.312Z</Time><Position><LatitudeDegrees>60.08039</LatitudeDegrees><LongitudeDegrees>18.743176</LongitudeDegrees></Position><AltitudeMeters>14.072</AltitudeMeters><HeartRateBpm><Value>78</Value></HeartRateBpm></Trackpoint><Trackpoint><Time>2026-05-02T08:32:10.320Z</Time><Position><LatitudeDegrees>60.080402</LatitudeDegrees><LongitudeDegrees>18.743114</LongitudeDegrees></Position><AltitudeMeters>14.561</AltitudeMeters><HeartRateBpm><Value>77</Value></HeartRateBpm></Trackpoint><Trackpoint><Time>2026-05-02T08:32:11.330Z</Time><Position><LatitudeDegrees>60.08041</LatitudeDegrees><LongitudeDegrees>18.743052</LongitudeDegrees></Position><AltitudeMeters>14.802</AltitudeMeters><HeartRateBpm><Value>78</Value></HeartRateBpm></Trackpoint><Trackpoint><Time>2026-05-02T08:32:12.336Z</Time><Position><LatitudeDegrees>60.08042</LatitudeDegrees><LongitudeDegrees>18.742987</LongitudeDegrees></Position><AltitudeMeters>14.918</AltitudeMeters><HeartRateBpm><Value>79</Value></HeartRateBpm></Trackpoint><Trackpoint><Time>2026-05-02T08:32:13.345Z</Time><Position><LatitudeDegrees>60.08043</LatitudeDegrees><LongitudeDegrees>18.742922</LongitudeDegrees></Position><AltitudeMeters>15.073</AltitudeMeters><HeartRateBpm><Value>80</Value></HeartRateBpm></Trackpoint><Trackpoint><Time>2026-05-02T08:32:14.353Z</Time><Position><LatitudeDegrees>60.080437</LatitudeDegrees><LongitudeDegrees>18.742859</LongitudeDegrees></Position><AltitudeMeters>15.396</AltitudeMeters><HeartRateBpm><Value>80</Value></HeartRateBpm></Trackpoint><Trackpoint><Time>2026-05-02T08:32:15.361Z</Time><Position><LatitudeDegrees>60.080444</LatitudeDegrees><LongitudeDegrees>18.7428</LongitudeDegrees></Position><AltitudeMeters>15.525</AltitudeMeters><HeartRateBpm><Value>80</Value></HeartRateBpm></Trackpoint><Trackpoint><Time>2026-05-02T08:32:16.371Z</Time><Position><LatitudeDegrees>60.080456</LatitudeDegrees><LongitudeDegrees>18.742733</LongitudeDegrees></Position><AltitudeMeters>15.639</AltitudeMeters><HeartRateBpm><Value>79</Value></HeartRateBpm></Trackpoint><Trackpoint><Time>2026-05-02T08:32:17.378Z</Time><Position><LatitudeDegrees>60.080467</LatitudeDegrees><LongitudeDegrees>18.742666</LongitudeDegrees></Position><AltitudeMeters>15.568</AltitudeMeters><HeartRateBpm><Value>78</Value></HeartRateBpm></Trackpoint><Trackpoint><Time>2026-05-02T08:32:18.387Z</Time><Position><LatitudeDegrees>60.080482</LatitudeDegrees><LongitudeDegrees>18.742594</LongitudeDegrees></Position><AltitudeMeters>15.448</AltitudeMeters><HeartRateBpm><Value>78</Value></HeartRateBpm></Trackpoint><Trackpoint><Time>2026-05-02T08:32:19.395Z</Time><Position><LatitudeDegrees>60.0805</LatitudeDegrees><LongitudeDegrees>18.74253</LongitudeDegrees></Position><AltitudeMeters>15.256</AltitudeMeters><HeartRateBpm><Value>78</Value></HeartRateBpm></Trackpoint><Trackpoint><Time>2026-05-02T08:32:20.403Z</Time><Position><LatitudeDegrees>60.080517</LatitudeDegrees><LongitudeDegrees>18.742468</LongitudeDegrees></Position><AltitudeMeters>15.006</AltitudeMeters><HeartRateBpm><Value>79</Value></HeartRateBpm></Trackpoint><Trackpoint><Time>2026-05-02T08:32:21.412Z</Time><Position><LatitudeDegrees>60.08054</LatitudeDegrees><LongitudeDegrees>18.742414</LongitudeDegrees></Position><AltitudeMeters>15.27</AltitudeMeters><HeartRateBpm><Value>79</Value></HeartRateBpm></Trackpoint><Trackpoint><Time>2026-05-02T08:32:22.418Z</Time><Position><LatitudeDegrees>60.080563</LatitudeDegrees><LongitudeDegrees>18.742367</LongitudeDegrees></Position><AltitudeMeters>15.128</AltitudeMeters><HeartRateBpm><Value>80</Value></HeartRateBpm></Trackpoint><Trackpoint><Time>2026-05-02T08:32:23.427Z</Time><Position><LatitudeDegrees>60.080585</LatitudeDegrees><LongitudeDegrees>18.742317</LongitudeDegrees></Position><AltitudeMeters>15.161</AltitudeMeters><HeartRateBpm><Value>81</Value></HeartRateBpm></Trackpoint><Trackpoint><Time>2026-05-02T08:32:24.435Z</Time><Position><LatitudeDegrees>60.080612</LatitudeDegrees><LongitudeDegrees>18.742266</LongitudeDegrees></Position><AltitudeMeters>14.718</AltitudeMeters><HeartRateBpm><Value>81</Value></HeartRateBpm></Trackpoint><Trackpoint><Time>2026-05-02T08:32:25.444Z</Time><Position><LatitudeDegrees>60.080647</LatitudeDegrees><LongitudeDegrees>18.742214</LongitudeDegrees></Position><AltitudeMeters>15.066</AltitudeMeters><HeartRateBpm><Value>81</Value></HeartRateBpm></Trackpoint><Trackpoint><Time>2026-05-02T08:32:26.452Z</Time><Position><LatitudeDegrees>60.08068</LatitudeDegrees><LongitudeDegrees>18.742167</LongitudeDegrees></Position><AltitudeMeters>15.248</AltitudeMeters><HeartRateBpm><Value>82</Value></HeartRateBpm></Trackpoint><Trackpoint><Time>2026-05-02T08:32:27.461Z</Time><Position><LatitudeDegrees>60.08071</LatitudeDegrees><LongitudeDegrees>18.742126</LongitudeDegrees></Position><AltitudeMeters>15.082</AltitudeMeters><HeartRateBpm><Value>82</Value></HeartRateBpm></Trackpoint><Trackpoint><Time>2026-05-02T08:32:28.468Z</Time><Position><LatitudeDegrees>60.08074</LatitudeDegrees><LongitudeDegrees>18.742088</LongitudeDegrees></Position><AltitudeMeters>14.93</AltitudeMeters><HeartRateBpm><Value>81</Value></HeartRateBpm></Trackpoint><Trackpoint><Time>2026-05-02T08:32:29.476Z</Time><Position><LatitudeDegrees>60.080772</LatitudeDegrees><LongitudeDegrees>18.74205</LongitudeDegrees></Position><AltitudeMeters>14.938</AltitudeMeters><HeartRateBpm><Value>81</Value></HeartRateBpm></Trackpoint><Trackpoint><Time>2026-05-02T08:32:30.484Z</Time><Position><LatitudeDegrees>60.080803</LatitudeDegrees><LongitudeDegrees>18.742012</LongitudeDegrees></Position><AltitudeMeters>14.921</AltitudeMeters><HeartRateBpm><Value>80</Value></HeartRateBpm></Trackpoint><Trackpoint><Time>2026-05-02T08:32:31.492Z</Time><Position><LatitudeDegrees>60.080833</LatitudeDegrees><LongitudeDegrees>18.741972</LongitudeDegrees></Position><AltitudeMeters>14.947</AltitudeMeters><HeartRateBpm><Value>80</Value></HeartRateBpm></Trackpoint><Trackpoint><Time>2026-05-02T08:32:32.501Z</Time><Position><LatitudeDegrees>60.08086</LatitudeDegrees><LongitudeDegrees>18.741938</LongitudeDegrees></Position><AltitudeMeters>14.706</AltitudeMeters><HeartRateBpm><Value>79</Value></HeartRateBpm></Trackpoint><Trackpoint><Time>2026-05-02T08:32:33.508Z</Time><Position><LatitudeDegrees>60.080887</LatitudeDegrees><LongitudeDegrees>18.741901</LongitudeDegrees></Position><AltitudeMeters>14.659</AltitudeMeters><HeartRateBpm><Value>78</Value></HeartRateBpm></Trackpoint><Trackpoint><Time>2026-05-02T08:32:34.517Z</Time><Position><LatitudeDegrees>60.080914</LatitudeDegrees><LongitudeDegrees>18.74187</LongitudeDegrees></Position><AltitudeMeters>14.775</AltitudeMeters><HeartRateBpm><Value>78</Value></HeartRateBpm></Trackpoint><Trackpoint><Time>2026-05-02T08:32:35.524Z</Time><Position><LatitudeDegrees>60.080933</LatitudeDegrees><LongitudeDegrees>18.741842</LongitudeDegrees></Position><AltitudeMeters>15.024</AltitudeMeters><HeartRateBpm><Value>78</Value></HeartRateBpm></Trackpoint><Trackpoint><Time>2026-05-02T08:32:36.532Z</Time><Position><LatitudeDegrees>60.08095</LatitudeDegrees><LongitudeDegrees>18.741814</LongitudeDegrees></Position><AltitudeMeters>15.24</AltitudeMeters><HeartRateBpm><Value>77</Value></HeartRateBpm></Trackpoint><Trackpoint><Time>2026-05-02T08:32:37.541Z</Time><Position><LatitudeDegrees>60.080975</LatitudeDegrees><LongitudeDegrees>18.741785</LongitudeDegrees></Position><AltitudeMeters>15.634</AltitudeMeters><HeartRateBpm><Value>76</Value></HeartRateBpm></Trackpoint><Trackpoint><Time>2026-05-02T08:32:38.547Z</Time><Position><LatitudeDegrees>60.08099</LatitudeDegrees><LongitudeDegrees>18.741753</LongitudeDegrees></Position><AltitudeMeters>15.877</AltitudeMeters><HeartRateBpm><Value>76</Value></HeartRateBpm></Trackpoint><Trackpoint><Time>2026-05-02T08:32:39.556Z</Time><Position><LatitudeDegrees>60.08101</LatitudeDegrees><LongitudeDegrees>18.74172</LongitudeDegrees></Position><AltitudeMeters>15.803</AltitudeMeters><HeartRateBpm><Value>76</Value></HeartRateBpm></Trackpoint><Trackpoint><Time>2026-05-02T08:32:40.564Z</Time><Position><LatitudeDegrees>60.081024</LatitudeDegrees><LongitudeDegrees>18.741682</LongitudeDegrees></Position><AltitudeMeters>15.799</AltitudeMeters><HeartRateBpm><Value>76</Value></HeartRateBpm></Trackpoint><Trackpoint><Time>2026-05-02T08:32:41.572Z</Time><Position><LatitudeDegrees>60.081043</LatitudeDegrees><LongitudeDegrees>18.74164</LongitudeDegrees></Position><AltitudeMeters>15.95</AltitudeMeters><HeartRateBpm><Value>75</Value></HeartRateBpm></Trackpoint><Trackpoint><Time>2026-05-02T08:32:42.581Z</Time><Position><LatitudeDegrees>60.081062</LatitudeDegrees><LongitudeDegrees>18.741596</LongitudeDegrees></Position><AltitudeMeters>16.315</AltitudeMeters><HeartRateBpm><Value>74</Value></HeartRateBpm></Trackpoint><Trackpoint><Time>2026-05-02T08:32:43.588Z</Time><Position><LatitudeDegrees>60.08108</LatitudeDegrees><LongitudeDegrees>18.741545</LongitudeDegrees></Position><AltitudeMeters>16.102</AltitudeMeters><HeartRateBpm><Value>74</Value></HeartRateBpm></Trackpoint><Trackpoint><Time>2026-05-02T08:32:44.596Z</Time><Position><LatitudeDegrees>60.0811</LatitudeDegrees><LongitudeDegrees>18.74149</LongitudeDegrees></Position><AltitudeMeters>15.999</AltitudeMeters><HeartRateBpm><Value>74</Value></HeartRateBpm></Trackpoint><Trackpoint><Time>2026-05-02T08:32:45.604Z</Time><Position><LatitudeDegrees>60.081123</LatitudeDegrees><LongitudeDegrees>18.74143</LongitudeDegrees></Position><AltitudeMeters>15.989</AltitudeMeters><HeartRateBpm><Value>74</Value></HeartRateBpm></Trackpoint><Trackpoint><Time>2026-05-02T08:32:46.612Z</Time><Position><LatitudeDegrees>60.081142</LatitudeDegrees><LongitudeDegrees>18.741373</LongitudeDegrees></Position><AltitudeMeters>16.047</AltitudeMeters><HeartRateBpm><Value>74</Value></HeartRateBpm></Trackpoint><Trackpoint><Time>2026-05-02T08:32:47.617Z</Time><Position><LatitudeDegrees>60.081158</LatitudeDegrees><LongitudeDegrees>18.741316</LongitudeDegrees></Position><AltitudeMeters>16.322</AltitudeMeters><HeartRateBpm><Value>73</Value></HeartRateBpm></Trackpoint><Trackpoint><Time>2026-05-02T08:32:48.626Z</Time><Position><LatitudeDegrees>60.081173</LatitudeDegrees><LongitudeDegrees>18.74126</LongitudeDegrees></Position><AltitudeMeters>16.429</AltitudeMeters><HeartRateBpm><Value>72</Value></HeartRateBpm></Trackpoint><Trackpoint><Time>2026-05-02T08:32:49.634Z</Time><Position><LatitudeDegrees>60.08119</LatitudeDegrees><LongitudeDegrees>18.741207</LongitudeDegrees></Position><AltitudeMeters>16.12</AltitudeMeters><HeartRateBpm><Value>71</Value></HeartRateBpm></Trackpoint><Trackpoint><Time>2026-05-02T08:32:50.643Z</Time><Position><LatitudeDegrees>60.081203</LatitudeDegrees><LongitudeDegrees>18.74115</LongitudeDegrees></Position><AltitudeMeters>15.918</AltitudeMeters><HeartRateBpm><Value>70</Value></HeartRateBpm></Trackpoint><Trackpoint><Time>2026-05-02T08:32:51.652Z</Time><Position><LatitudeDegrees>60.08122</LatitudeDegrees><LongitudeDegrees>18.741095</LongitudeDegrees></Position><AltitudeMeters>15.89</AltitudeMeters><HeartRateBpm><Value>69</Value></HeartRateBpm></Trackpoint><Trackpoint><Time>2026-05-02T08:32:52.662Z</Time><Position><LatitudeDegrees>60.081234</LatitudeDegrees><LongitudeDegrees>18.74104</LongitudeDegrees></Position><AltitudeMeters>15.704</AltitudeMeters><HeartRateBpm><Value>69</Value></HeartRateBpm></Trackpoint><Trackpoint><Time>2026-05-02T08:32:53.668Z</Time><Position><LatitudeDegrees>60.081253</LatitudeDegrees><LongitudeDegrees>18.740984</LongitudeDegrees></Position><AltitudeMeters>16.197</AltitudeMeters><HeartRateBpm><Value>69</Value></HeartRateBpm></Trackpoint><Trackpoint><Time>2026-05-02T08:32:54.677Z</Time><Position><LatitudeDegrees>60.081264</LatitudeDegrees><LongitudeDegrees>18.74093</LongitudeDegrees></Position><AltitudeMeters>16.393</AltitudeMeters><HeartRateBpm><Value>69</Value></HeartRateBpm></Trackpoint><Trackpoint><Time>2026-05-02T08:32:55.686Z</Time><Position><LatitudeDegrees>60.081284</LatitudeDegrees><LongitudeDegrees>18.740873</LongitudeDegrees></Position><AltitudeMeters>15.789</AltitudeMeters><HeartRateBpm><Value>69</Value></HeartRateBpm></Trackpoint><Trackpoint><Time>2026-05-02T08:32:56.694Z</Time><Position><LatitudeDegrees>60.0813</LatitudeDegrees><LongitudeDegrees>18.740816</LongitudeDegrees></Position><AltitudeMeters>15.036</AltitudeMeters><HeartRateBpm><Value>68</Value></HeartRateBpm></Trackpoint><Trackpoint><Time>2026-05-02T08:32:57.703Z</Time><Position><LatitudeDegrees>60.08132</LatitudeDegrees><LongitudeDegrees>18.740757</LongitudeDegrees></Position><AltitudeMeters>15.042</AltitudeMeters><HeartRateBpm><Value>68</Value></HeartRateBpm></Trackpoint><Trackpoint><Time>2026-05-02T08:32:58.712Z</Time><Position><LatitudeDegrees>60.08135</LatitudeDegrees><LongitudeDegrees>18.740698</LongitudeDegrees></Position><AltitudeMeters>15.19</AltitudeMeters><HeartRateBpm><Value>68</Value></HeartRateBpm></Trackpoint><Trackpoint><Time>2026-05-02T08:32:59.721Z</Time><Position><LatitudeDegrees>60.081375</LatitudeDegrees><LongitudeDegrees>18.740639</LongitudeDegrees></Position><AltitudeMeters>15.366</AltitudeMeters><HeartRateBpm><Value>70</Value></HeartRateBpm></Trackpoint><Trackpoint><Time>2026-05-02T08:33:00.728Z</Time><Position><LatitudeDegrees>60.08141</LatitudeDegrees><LongitudeDegrees>18.740587</LongitudeDegrees></Position><AltitudeMeters>15.485</AltitudeMeters><HeartRateBpm><Value>71</Value></HeartRateBpm></Trackpoint><Trackpoint><Time>2026-05-02T08:33:01.736Z</Time><Position><LatitudeDegrees>60.081444</LatitudeDegrees><LongitudeDegrees>18.740543</LongitudeDegrees></Position><AltitudeMeters>14.992</AltitudeMeters><HeartRateBpm><Value>72</Value></HeartRateBpm></Trackpoint><Trackpoint><Time>2026-05-02T08:33:02.745Z</Time><Position><LatitudeDegrees>60.081486</LatitudeDegrees><LongitudeDegrees>18.740503</LongitudeDegrees></Position><AltitudeMeters>14.999</AltitudeMeters><HeartRateBpm><Value>73</Value></HeartRateBpm></Trackpoint><Trackpoint><Time>2026-05-02T08:33:03.753Z</Time><Position><LatitudeDegrees>60.081535</LatitudeDegrees><LongitudeDegrees>18.740463</LongitudeDegrees></Position><AltitudeMeters>15.034</AltitudeMeters><HeartRateBpm><Value>73</Value></HeartRateBpm></Trackpoint><Trackpoint><Time>2026-05-02T08:33:04.762Z</Time><Position><LatitudeDegrees>60.08158</LatitudeDegrees><LongitudeDegrees>18.74043</LongitudeDegrees></Position><AltitudeMeters>15.109</AltitudeMeters><HeartRateBpm><Value>73</Value></HeartRateBpm></Trackpoint><Trackpoint><Time>2026-05-02T08:33:05.769Z</Time><Position><LatitudeDegrees>60.081627</LatitudeDegrees><LongitudeDegrees>18.7404</LongitudeDegrees></Position><AltitudeMeters>15.174</AltitudeMeters><HeartRateBpm><Value>74</Value></HeartRateBpm></Trackpoint><Trackpoint><Time>2026-05-02T08:33:06.778Z</Time><Position><LatitudeDegrees>60.081673</LatitudeDegrees><LongitudeDegrees>18.740376</LongitudeDegrees></Position><AltitudeMeters>15.277</AltitudeMeters><HeartRateBpm><Value>75</Value></HeartRateBpm></Trackpoint><Trackpoint><Time>2026-05-02T08:33:07.787Z</Time><Position><LatitudeDegrees>60.081715</LatitudeDegrees><LongitudeDegrees>18.740353</LongitudeDegrees></Position><AltitudeMeters>14.862</AltitudeMeters><HeartRateBpm><Value>75</Value></HeartRateBpm></Trackpoint><Trackpoint><Time>2026-05-02T08:33:08.795Z</Time><Position><LatitudeDegrees>60.081757</LatitudeDegrees><LongitudeDegrees>18.740332</LongitudeDegrees></Position><AltitudeMeters>14.661</AltitudeMeters><HeartRateBpm><Value>76</Value></HeartRateBpm></Trackpoint><Trackpoint><Time>2026-05-02T08:33:09.804Z</Time><Position><LatitudeDegrees>60.0818</LatitudeDegrees><LongitudeDegrees>18.74031</LongitudeDegrees></Position><AltitudeMeters>14.575</AltitudeMeters><HeartRateBpm><Value>76</Value></HeartRateBpm></Trackpoint><Trackpoint><Time>2026-05-02T08:33:10.811Z</Time><Position><LatitudeDegrees>60.081837</LatitudeDegrees><LongitudeDegrees>18.74029</LongitudeDegrees></Position><AltitudeMeters>14.556</AltitudeMeters><HeartRateBpm><Value>76</Value></HeartRateBpm></Trackpoint><Trackpoint><Time>2026-05-02T08:33:11.818Z</Time><Position><LatitudeDegrees>60.08187</LatitudeDegrees><LongitudeDegrees>18.74027</LongitudeDegrees></Position><AltitudeMeters>14.53</AltitudeMeters><HeartRateBpm><Value>76</Value></HeartRateBpm></Trackpoint><Trackpoint><Time>2026-05-02T08:33:12.827Z</Time><Position><LatitudeDegrees>60.081905</LatitudeDegrees><LongitudeDegrees>18.740246</LongitudeDegrees></Position><AltitudeMeters>14.6</AltitudeMeters><HeartRateBpm><Value>77</Value></HeartRateBpm></Trackpoint><Trackpoint><Time>2026-05-02T08:33:13.836Z</Time><Position><LatitudeDegrees>60.08194</LatitudeDegrees><LongitudeDegrees>18.740202</LongitudeDegrees></Position><AltitudeMeters>14.574</AltitudeMeters><HeartRateBpm><Value>77</Value></HeartRateBpm></Trackpoint><Trackpoint><Time>2026-05-02T08:33:14.845Z</Time><Position><LatitudeDegrees>60.081974</LatitudeDegrees><LongitudeDegrees>18.740154</LongitudeDegrees></Position><AltitudeMeters>14.397</AltitudeMeters><HeartRateBpm><Value>78</Value></HeartRateBpm></Trackpoint><Trackpoint><Time>2026-05-02T08:33:15.853Z</Time><Position><LatitudeDegrees>60.08201</LatitudeDegrees><LongitudeDegrees>18.74009</LongitudeDegrees></Position><AltitudeMeters>14.226</AltitudeMeters><HeartRateBpm><Value>80</Value></HeartRateBpm></Trackpoint><Trackpoint><Time>2026-05-02T08:33:16.860Z</Time><Position><LatitudeDegrees>60.082024</LatitudeDegrees><LongitudeDegrees>18.740019</LongitudeDegrees></Position><AltitudeMeters>14.304</AltitudeMeters><HeartRateBpm><Value>81</Value></HeartRateBpm></Trackpoint><Trackpoint><Time>2026-05-02T08:33:17.866Z</Time><Position><LatitudeDegrees>60.08204</LatitudeDegrees><LongitudeDegrees>18.739944</LongitudeDegrees></Position><AltitudeMeters>14.378</AltitudeMeters><HeartRateBpm><Value>82</Value></HeartRateBpm></Trackpoint><Trackpoint><Time>2026-05-02T08:33:18.875Z</Time><Position><LatitudeDegrees>60.082047</LatitudeDegrees><LongitudeDegrees>18.739864</LongitudeDegrees></Position><AltitudeMeters>14.602</AltitudeMeters><HeartRateBpm><Value>83</Value></HeartRateBpm></Trackpoint><Trackpoint><Time>2026-05-02T08:33:19.884Z</Time><Position><LatitudeDegrees>60.082058</LatitudeDegrees><LongitudeDegrees>18.739784</LongitudeDegrees></Position><AltitudeMeters>14.669</AltitudeMeters><HeartRateBpm><Value>85</Value></HeartRateBpm></Trackpoint><Trackpoint><Time>2026-05-02T08:33:20.893Z</Time><Position><LatitudeDegrees>60.08207</LatitudeDegrees><LongitudeDegrees>18.739698</LongitudeDegrees></Position><AltitudeMeters>14.406</AltitudeMeters><HeartRateBpm><Value>85</Value></HeartRateBpm></Trackpoint><Trackpoint><Time>2026-05-02T08:33:21.902Z</Time><Position><LatitudeDegrees>60.08208</LatitudeDegrees><LongitudeDegrees>18.739609</LongitudeDegrees></Position><AltitudeMeters>14.907</AltitudeMeters><HeartRateBpm><Value>86</Value></HeartRateBpm></Trackpoint><Trackpoint><Time>2026-05-02T08:33:22.912Z</Time><Position><LatitudeDegrees>60.082096</LatitudeDegrees><LongitudeDegrees>18.739517</LongitudeDegrees></Position><AltitudeMeters>15.069</AltitudeMeters><HeartRateBpm><Value>87</Value></HeartRateBpm></Trackpoint><Trackpoint><Time>2026-05-02T08:33:23.919Z</Time><Position><LatitudeDegrees>60.08212</LatitudeDegrees><LongitudeDegrees>18.739431</LongitudeDegrees></Position><AltitudeMeters>14.875</AltitudeMeters><HeartRateBpm><Value>87</Value></HeartRateBpm></Trackpoint><Trackpoint><Time>2026-05-02T08:33:24.927Z</Time><Position><LatitudeDegrees>60.082146</LatitudeDegrees><LongitudeDegrees>18.73935</LongitudeDegrees></Position><AltitudeMeters>14.873</AltitudeMeters><HeartRateBpm><Value>87</Value></HeartRateBpm></Trackpoint><Trackpoint><Time>2026-05-02T08:33:25.936Z</Time><Position><LatitudeDegrees>60.082172</LatitudeDegrees><LongitudeDegrees>18.73927</LongitudeDegrees></Position><AltitudeMeters>14.67</AltitudeMeters><HeartRateBpm><Value>87</Value></HeartRateBpm></Trackpoint><Trackpoint><Time>2026-05-02T08:33:26.944Z</Time><Position><LatitudeDegrees>60.0822</LatitudeDegrees><LongitudeDegrees>18.739191</LongitudeDegrees></Position><AltitudeMeters>14.421</AltitudeMeters><HeartRateBpm><Value>87</Value></HeartRateBpm></Trackpoint><Trackpoint><Time>2026-05-02T08:33:27.954Z</Time><Position><LatitudeDegrees>60.082226</LatitudeDegrees><LongitudeDegrees>18.739117</LongitudeDegrees></Position><AltitudeMeters>14.268</AltitudeMeters><HeartRateBpm><Value>86</Value></HeartRateBpm></Trackpoint><Trackpoint><Time>2026-05-02T08:33:28.963Z</Time><Position><LatitudeDegrees>60.082253</LatitudeDegrees><LongitudeDegrees>18.739042</LongitudeDegrees></Position><AltitudeMeters>14.574</AltitudeMeters><HeartRateBpm><Value>86</Value></HeartRateBpm></Trackpoint><Trackpoint><Time>2026-05-02T08:33:29.971Z</Time><Position><LatitudeDegrees>60.08228</LatitudeDegrees><LongitudeDegrees>18.738974</LongitudeDegrees></Position><AltitudeMeters>14.781</AltitudeMeters><HeartRateBpm><Value>86</Value></HeartRateBpm></Trackpoint><Trackpoint><Time>2026-05-02T08:33:30.978Z</Time><Position><LatitudeDegrees>60.082306</LatitudeDegrees><LongitudeDegrees>18.73892</LongitudeDegrees></Position><AltitudeMeters>14.889</AltitudeMeters><HeartRateBpm><Value>86</Value></HeartRateBpm></Trackpoint><Trackpoint><Time>2026-05-02T08:33:31.986Z</Time><Position><LatitudeDegrees>60.082333</LatitudeDegrees><LongitudeDegrees>18.738857</LongitudeDegrees></Position><AltitudeMeters>14.947</AltitudeMeters><HeartRateBpm><Value>86</Value></HeartRateBpm></Trackpoint><Trackpoint><Time>2026-05-02T08:33:32.996Z</Time><Position><LatitudeDegrees>60.08236</LatitudeDegrees><LongitudeDegrees>18.738804</LongitudeDegrees></Position><AltitudeMeters>15.187</AltitudeMeters><HeartRateBpm><Value>85</Value></HeartRateBpm></Trackpoint><Trackpoint><Time>2026-05-02T08:33:34.004Z</Time><Position><LatitudeDegrees>60.082386</LatitudeDegrees><LongitudeDegrees>18.738754</LongitudeDegrees></Position><AltitudeMeters>15.384</AltitudeMeters><HeartRateBpm><Value>85</Value></HeartRateBpm></Trackpoint><Trackpoint><Time>2026-05-02T08:33:35.013Z</Time><Position><LatitudeDegrees>60.082413</LatitudeDegrees><LongitudeDegrees>18.738705</LongitudeDegrees></Position><AltitudeMeters>15.493</AltitudeMeters><HeartRateBpm><Value>85</Value></HeartRateBpm></Trackpoint><Trackpoint><Time>2026-05-02T08:33:36.018Z</Time><Position><LatitudeDegrees>60.08244</LatitudeDegrees><LongitudeDegrees>18.73866</LongitudeDegrees></Position><AltitudeMeters>15.507</AltitudeMeters><HeartRateBpm><Value>85</Value></HeartRateBpm></Trackpoint><Trackpoint><Time>2026-05-02T08:33:37.027Z</Time><Position><LatitudeDegrees>60.082466</LatitudeDegrees><LongitudeDegrees>18.738617</LongitudeDegrees></Position><AltitudeMeters>15.262</AltitudeMeters><HeartRateBpm><Value>85</Value></HeartRateBpm></Trackpoint><Trackpoint><Time>2026-05-02T08:33:38.035Z</Time><Position><LatitudeDegrees>60.082493</LatitudeDegrees><LongitudeDegrees>18.738575</LongitudeDegrees></Position><AltitudeMeters>15.195</AltitudeMeters><HeartRateBpm><Value>85</Value></HeartRateBpm></Trackpoint><Trackpoint><Time>2026-05-02T08:33:39.044Z</Time><Position><LatitudeDegrees>60.08252</LatitudeDegrees><LongitudeDegrees>18.738533</LongitudeDegrees></Position><AltitudeMeters>15.244</AltitudeMeters><HeartRateBpm><Value>85</Value></HeartRateBpm></Trackpoint><Trackpoint><Time>2026-05-02T08:33:40.053Z</Time><Position><LatitudeDegrees>60.08255</LatitudeDegrees><LongitudeDegrees>18.738497</LongitudeDegrees></Position><AltitudeMeters>15.315</AltitudeMeters><HeartRateBpm><Value>85</Value></HeartRateBpm></Trackpoint><Trackpoint><Time>2026-05-02T08:33:41.061Z</Time><Position><LatitudeDegrees>60.08258</LatitudeDegrees><LongitudeDegrees>18.73846</LongitudeDegrees></Position><AltitudeMeters>15.505</AltitudeMeters><HeartRateBpm><Value>85</Value></HeartRateBpm></Trackpoint><Trackpoint><Time>2026-05-02T08:33:42.068Z</Time><Position><LatitudeDegrees>60.082615</LatitudeDegrees><LongitudeDegrees>18.738428</LongitudeDegrees></Position><AltitudeMeters>15.485</AltitudeMeters><HeartRateBpm><Value>84</Value></HeartRateBpm></Trackpoint><Trackpoint><Time>2026-05-02T08:33:43.076Z</Time><Position><LatitudeDegrees>60.08265</LatitudeDegrees><LongitudeDegrees>18.738396</LongitudeDegrees></Position><AltitudeMeters>15.377</AltitudeMeters><HeartRateBpm><Value>84</Value></HeartRateBpm></Trackpoint><Trackpoint><Time>2026-05-02T08:33:44.085Z</Time><Position><LatitudeDegrees>60.082684</LatitudeDegrees><LongitudeDegrees>18.738369</LongitudeDegrees></Position><AltitudeMeters>15.133</AltitudeMeters><HeartRateBpm><Value>82</Value></HeartRateBpm></Trackpoint><Trackpoint><Time>2026-05-02T08:33:45.094Z</Time><Position><LatitudeDegrees>60.082718</LatitudeDegrees><LongitudeDegrees>18.73834</LongitudeDegrees></Position><AltitudeMeters>14.903</AltitudeMeters><HeartRateBpm><Value>81</Value></HeartRateBpm></Trackpoint><Trackpoint><Time>2026-05-02T08:33:46.103Z</Time><Position><LatitudeDegrees>60.08275</LatitudeDegrees><LongitudeDegrees>18.738314</LongitudeDegrees></Position><AltitudeMeters>14.645</AltitudeMeters><HeartRateBpm><Value>79</Value></HeartRateBpm></Trackpoint><Trackpoint><Time>2026-05-02T08:33:47.112Z</Time><Position><LatitudeDegrees>60.082783</LatitudeDegrees><LongitudeDegrees>18.738287</LongitudeDegrees></Position><AltitudeMeters>14.548</AltitudeMeters><HeartRateBpm><Value>77</Value></HeartRateBpm></Trackpoint><Trackpoint><Time>2026-05-02T08:33:48.119Z</Time><Position><LatitudeDegrees>60.082817</LatitudeDegrees><LongitudeDegrees>18.73826</LongitudeDegrees></Position><AltitudeMeters>14.503</AltitudeMeters><HeartRateBpm><Value>75</Value></HeartRateBpm></Trackpoint><Trackpoint><Time>2026-05-02T08:33:49.128Z</Time><Position><LatitudeDegrees>60.08285</LatitudeDegrees><LongitudeDegrees>18.738228</LongitudeDegrees></Position><AltitudeMeters>14.672</AltitudeMeters><HeartRateBpm><Value>74</Value></HeartRateBpm></Trackpoint><Trackpoint><Time>2026-05-02T08:33:50.135Z</Time><Position><LatitudeDegrees>60.082886</LatitudeDegrees><LongitudeDegrees>18.738201</LongitudeDegrees></Position><AltitudeMeters>14.624</AltitudeMeters><HeartRateBpm><Value>72</Value></HeartRateBpm></Trackpoint><Trackpoint><Time>2026-05-02T08:33:51.144Z</Time><Position><LatitudeDegrees>60.082916</LatitudeDegrees><LongitudeDegrees>18.73817</LongitudeDegrees></Position><AltitudeMeters>14.517</AltitudeMeters><HeartRateBpm><Value>72</Value></HeartRateBpm></Trackpoint><Trackpoint><Time>2026-05-02T08:33:52.153Z</Time><Position><LatitudeDegrees>60.08296</LatitudeDegrees><LongitudeDegrees>18.738132</LongitudeDegrees></Position><AltitudeMeters>14.362</AltitudeMeters><HeartRateBpm><Value>72</Value></HeartRateBpm></Trackpoint><Trackpoint><Time>2026-05-02T08:33:53.162Z</Time><Position><LatitudeDegrees>60.082996</LatitudeDegrees><LongitudeDegrees>18.7381</LongitudeDegrees></Position><AltitudeMeters>14.096</AltitudeMeters><HeartRateBpm><Value>73</Value></HeartRateBpm></Trackpoint><Trackpoint><Time>2026-05-02T08:33:54.169Z</Time><Position><LatitudeDegrees>60.083035</LatitudeDegrees><LongitudeDegrees>18.738062</LongitudeDegrees></Position><AltitudeMeters>14.028</AltitudeMeters><HeartRateBpm><Value>75</Value></HeartRateBpm></Trackpoint><Trackpoint><Time>2026-05-02T08:33:55.177Z</Time><Position><LatitudeDegrees>60.08308</LatitudeDegrees><LongitudeDegrees>18.738022</LongitudeDegrees></Position><AltitudeMeters>13.908</AltitudeMeters><HeartRateBpm><Value>76</Value></HeartRateBpm></Trackpoint><Trackpoint><Time>2026-05-02T08:33:56.184Z</Time><Position><LatitudeDegrees>60.083122</LatitudeDegrees><LongitudeDegrees>18.737984</LongitudeDegrees></Position><AltitudeMeters>13.773</AltitudeMeters><HeartRateBpm><Value>76</Value></HeartRateBpm></Trackpoint><Trackpoint><Time>2026-05-02T08:33:57.192Z</Time><Position><LatitudeDegrees>60.083164</LatitudeDegrees><LongitudeDegrees>18.73795</LongitudeDegrees></Position><AltitudeMeters>13.239</AltitudeMeters><HeartRateBpm><Value>77</Value></HeartRateBpm></Trackpoint><Trackpoint><Time>2026-05-02T08:33:58.200Z</Time><Position><LatitudeDegrees>60.083202</LatitudeDegrees><LongitudeDegrees>18.737917</LongitudeDegrees></Position><AltitudeMeters>12.931</AltitudeMeters><HeartRateBpm><Value>77</Value></HeartRateBpm></Trackpoint><Trackpoint><Time>2026-05-02T08:33:59.207Z</Time><Position><LatitudeDegrees>60.08324</LatitudeDegrees><LongitudeDegrees>18.737886</LongitudeDegrees></Position><AltitudeMeters>13.262</AltitudeMeters><HeartRateBpm><Value>77</Value></HeartRateBpm></Trackpoint><Trackpoint><Time>2026-05-02T08:34:00.215Z</Time><Position><LatitudeDegrees>60.083282</LatitudeDegrees><LongitudeDegrees>18.737862</LongitudeDegrees></Position><AltitudeMeters>13.503</AltitudeMeters><HeartRateBpm><Value>76</Value></HeartRateBpm></Trackpoint><Trackpoint><Time>2026-05-02T08:34:01.224Z</Time><Position><LatitudeDegrees>60.083324</LatitudeDegrees><LongitudeDegrees>18.737843</LongitudeDegrees></Position><AltitudeMeters>13.529</AltitudeMeters><HeartRateBpm><Value>76</Value></HeartRateBpm></Trackpoint><Trackpoint><Time>2026-05-02T08:34:02.232Z</Time><Position><LatitudeDegrees>60.083374</LatitudeDegrees><LongitudeDegrees>18.737827</LongitudeDegrees></Position><AltitudeMeters>13.618</AltitudeMeters><HeartRateBpm><Value>76</Value></HeartRateBpm></Trackpoint><Trackpoint><Time>2026-05-02T08:34:03.241Z</Time><Position><LatitudeDegrees>60.083416</LatitudeDegrees><LongitudeDegrees>18.737808</LongitudeDegrees></Position><AltitudeMeters>13.404</AltitudeMeters><HeartRateBpm><Value>77</Value></HeartRateBpm></Trackpoint><Trackpoint><Time>2026-05-02T08:34:04.247Z</Time><Position><LatitudeDegrees>60.083458</LatitudeDegrees><LongitudeDegrees>18.737785</LongitudeDegrees></Position><AltitudeMeters>13.248</AltitudeMeters><HeartRateBpm><Value>79</Value></HeartRateBpm></Trackpoint><Trackpoint><Time>2026-05-02T08:34:05.256Z</Time><Position><LatitudeDegrees>60.083496</LatitudeDegrees><LongitudeDegrees>18.73776</LongitudeDegrees></Position><AltitudeMeters>13.152</AltitudeMeters><HeartRateBpm><Value>81</Value></HeartRateBpm></Trackpoint><Trackpoint><Time>2026-05-02T08:34:06.265Z</Time><Position><LatitudeDegrees>60.083538</LatitudeDegrees><LongitudeDegrees>18.737738</LongitudeDegrees></Position><AltitudeMeters>12.875</AltitudeMeters><HeartRateBpm><Value>83</Value></HeartRateBpm></Trackpoint><Trackpoint><Time>2026-05-02T08:34:07.274Z</Time><Position><LatitudeDegrees>60.083584</LatitudeDegrees><LongitudeDegrees>18.737717</LongitudeDegrees></Position><AltitudeMeters>12.553</AltitudeMeters><HeartRateBpm><Value>83</Value></HeartRateBpm></Trackpoint><Trackpoint><Time>2026-05-02T08:34:08.283Z</Time><Position><LatitudeDegrees>60.083626</LatitudeDegrees><LongitudeDegrees>18.737692</LongitudeDegrees></Position><AltitudeMeters>12.554</AltitudeMeters><HeartRateBpm><Value>83</Value></HeartRateBpm></Trackpoint><Trackpoint><Time>2026-05-02T08:34:09.292Z</Time><Position><LatitudeDegrees>60.083675</LatitudeDegrees><LongitudeDegrees>18.737663</LongitudeDegrees></Position><AltitudeMeters>12.507</AltitudeMeters><HeartRateBpm><Value>83</Value></HeartRateBpm></Trackpoint><Trackpoint><Time>2026-05-02T08:34:10.299Z</Time><Position><LatitudeDegrees>60.08372</LatitudeDegrees><LongitudeDegrees>18.73763</LongitudeDegrees></Position><AltitudeMeters>12.545</AltitudeMeters><HeartRateBpm><Value>82</Value></HeartRateBpm></Trackpoint><Trackpoint><Time>2026-05-02T08:34:11.308Z</Time><Position><LatitudeDegrees>60.08377</LatitudeDegrees><LongitudeDegrees>18.737595</LongitudeDegrees></Position><AltitudeMeters>12.476</AltitudeMeters><HeartRateBpm><Value>81</Value></HeartRateBpm></Trackpoint><Trackpoint><Time>2026-05-02T08:34:12.316Z</Time><Position><LatitudeDegrees>60.083817</LatitudeDegrees><LongitudeDegrees>18.73756</LongitudeDegrees></Position><AltitudeMeters>12.404</AltitudeMeters><HeartRateBpm><Value>81</Value></HeartRateBpm></Trackpoint><Trackpoint><Time>2026-05-02T08:34:13.324Z</Time><Position><LatitudeDegrees>60.083862</LatitudeDegrees><LongitudeDegrees>18.737532</LongitudeDegrees></Position><AltitudeMeters>11.933</AltitudeMeters><HeartRateBpm><Value>81</Value></HeartRateBpm></Trackpoint><Trackpoint><Time>2026-05-02T08:34:14.333Z</Time><Position><LatitudeDegrees>60.083904</LatitudeDegrees><LongitudeDegrees>18.737503</LongitudeDegrees></Position><AltitudeMeters>11.362</AltitudeMeters><HeartRateBpm><Value>82</Value></HeartRateBpm></Trackpoint><Trackpoint><Time>2026-05-02T08:34:15.342Z</Time><Position><LatitudeDegrees>60.083946</LatitudeDegrees><LongitudeDegrees>18.73744</LongitudeDegrees></Position><AltitudeMeters>11.1</AltitudeMeters><HeartRateBpm><Value>82</Value></HeartRateBpm></Trackpoint><Trackpoint><Time>2026-05-02T08:34:16.351Z</Time><Position><LatitudeDegrees>60.083996</LatitudeDegrees><LongitudeDegrees>18.73738</LongitudeDegrees></Position><AltitudeMeters>10.717</AltitudeMeters><HeartRateBpm><Value>82</Value></HeartRateBpm></Trackpoint><Trackpoint><Time>2026-05-02T08:34:17.359Z</Time><Position><LatitudeDegrees>60.084045</LatitudeDegrees><LongitudeDegrees>18.737314</LongitudeDegrees></Position><AltitudeMeters>10.479</AltitudeMeters><HeartRateBpm><Value>82</Value></HeartRateBpm></Trackpoint><Trackpoint><Time>2026-05-02T08:34:18.367Z</Time><Position><LatitudeDegrees>60.08409</LatitudeDegrees><LongitudeDegrees>18.737251</LongitudeDegrees></Position><AltitudeMeters>10.056</AltitudeMeters><HeartRateBpm><Value>82</Value></HeartRateBpm></Trackpoint><Trackpoint><Time>2026-05-02T08:34:19.375Z</Time><Position><LatitudeDegrees>60.084133</LatitudeDegrees><LongitudeDegrees>18.737183</LongitudeDegrees></Position><AltitudeMeters>9.995</AltitudeMeters><HeartRateBpm><Value>82</Value></HeartRateBpm></Trackpoint><Trackpoint><Time>2026-05-02T08:34:20.382Z</Time><Position><LatitudeDegrees>60.08418</LatitudeDegrees><LongitudeDegrees>18.737112</LongitudeDegrees></Position><AltitudeMeters>9.443</AltitudeMeters><HeartRateBpm><Value>82</Value></HeartRateBpm></Trackpoint><Trackpoint><Time>2026-05-02T08:34:21.389Z</Time><Position><LatitudeDegrees>60.08423</LatitudeDegrees><LongitudeDegrees>18.737041</LongitudeDegrees></Position><AltitudeMeters>9.283</AltitudeMeters><HeartRateBpm><Value>82</Value></HeartRateBpm></Trackpoint><Trackpoint><Time>2026-05-02T08:34:22.397Z</Time><Position><LatitudeDegrees>60.084274</LatitudeDegrees><LongitudeDegrees>18.736973</LongitudeDegrees></Position><AltitudeMeters>9.238</AltitudeMeters><HeartRateBpm><Value>81</Value></HeartRateBpm></Trackpoint><Trackpoint><Time>2026-05-02T08:34:23.407Z</Time><Position><LatitudeDegrees>60.084324</LatitudeDegrees><LongitudeDegrees>18.736906</LongitudeDegrees></Position><AltitudeMeters>8.846</AltitudeMeters><HeartRateBpm><Value>80</Value></HeartRateBpm></Trackpoint><Trackpoint><Time>2026-05-02T08:34:24.413Z</Time><Position><LatitudeDegrees>60.084377</LatitudeDegrees><LongitudeDegrees>18.736837</LongitudeDegrees></Position><AltitudeMeters>8.863</AltitudeMeters><HeartRateBpm><Value>79</Value></HeartRateBpm></Trackpoint><Trackpoint><Time>2026-05-02T08:34:25.420Z</Time><Position><LatitudeDegrees>60.08443</LatitudeDegrees><LongitudeDegrees>18.736776</LongitudeDegrees></Position><AltitudeMeters>9.165</AltitudeMeters><HeartRateBpm><Value>79</Value></HeartRateBpm></Trackpoint><Trackpoint><Time>2026-05-02T08:34:26.428Z</Time><Position><LatitudeDegrees>60.084484</LatitudeDegrees><LongitudeDegrees>18.736729</LongitudeDegrees></Position><AltitudeMeters>9.3</AltitudeMeters><HeartRateBpm><Value>79</Value></HeartRateBpm></Trackpoint><Trackpoint><Time>2026-05-02T08:34:27.435Z</Time><Position><LatitudeDegrees>60.084545</LatitudeDegrees><LongitudeDegrees>18.736702</LongitudeDegrees></Position><AltitudeMeters>9.488</AltitudeMeters><HeartRateBpm><Value>81</Value></HeartRateBpm></Trackpoint><Trackpoint><Time>2026-05-02T08:34:28.444Z</Time><Position><LatitudeDegrees>60.084606</LatitudeDegrees><LongitudeDegrees>18.736685</LongitudeDegrees></Position><AltitudeMeters>9.116</AltitudeMeters><HeartRateBpm><Value>83</Value></HeartRateBpm></Trackpoint><Trackpoint><Time>2026-05-02T08:34:29.452Z</Time><Position><LatitudeDegrees>60.084663</LatitudeDegrees><LongitudeDegrees>18.736658</LongitudeDegrees></Position><AltitudeMeters>8.9</AltitudeMeters><HeartRateBpm><Value>83</Value></HeartRateBpm></Trackpoint><Trackpoint><Time>2026-05-02T08:34:30.459Z</Time><Position><LatitudeDegrees>60.084713</LatitudeDegrees><LongitudeDegrees>18.736643</LongitudeDegrees></Position><AltitudeMeters>8.501</AltitudeMeters><HeartRateBpm><Value>82</Value></HeartRateBpm></Trackpoint><Trackpoint><Time>2026-05-02T08:34:31.467Z</Time><Position><LatitudeDegrees>60.084766</LatitudeDegrees><LongitudeDegrees>18.73665</LongitudeDegrees></Position><AltitudeMeters>8.468</AltitudeMeters><HeartRateBpm><Value>81</Value></HeartRateBpm></Trackpoint><Trackpoint><Time>2026-05-02T08:34:32.476Z</Time><Position><LatitudeDegrees>60.08483</LatitudeDegrees><LongitudeDegrees>18.736656</LongitudeDegrees></Position><AltitudeMeters>8.775</AltitudeMeters><HeartRateBpm><Value>81</Value></HeartRateBpm></Trackpoint><Trackpoint><Time>2026-05-02T08:34:33.485Z</Time><Position><LatitudeDegrees>60.084896</LatitudeDegrees><LongitudeDegrees>18.736658</LongitudeDegrees></Position><AltitudeMeters>8.218</AltitudeMeters><HeartRateBpm><Value>80</Value></HeartRateBpm></Trackpoint><Trackpoint><Time>2026-05-02T08:34:34.494Z</Time><Position><LatitudeDegrees>60.084957</LatitudeDegrees><LongitudeDegrees>18.736654</LongitudeDegrees></Position><AltitudeMeters>7.283</AltitudeMeters><HeartRateBpm><Value>80</Value></HeartRateBpm></Trackpoint><Trackpoint><Time>2026-05-02T08:34:35.502Z</Time><Position><LatitudeDegrees>60.085022</LatitudeDegrees><LongitudeDegrees>18.736666</LongitudeDegrees></Position><AltitudeMeters>7.09</AltitudeMeters><HeartRateBpm><Value>80</Value></HeartRateBpm></Trackpoint><Trackpoint><Time>2026-05-02T08:34:36.509Z</Time><Position><LatitudeDegrees>60.08508</LatitudeDegrees><LongitudeDegrees>18.736689</LongitudeDegrees></Position><AltitudeMeters>7.276</AltitudeMeters><HeartRateBpm><Value>81</Value></HeartRateBpm></Trackpoint><Trackpoint><Time>2026-05-02T08:34:37.517Z</Time><Position><LatitudeDegrees>60.085133</LatitudeDegrees><LongitudeDegrees>18.73672</LongitudeDegrees></Position><AltitudeMeters>7.696</AltitudeMeters><HeartRateBpm><Value>83</Value></HeartRateBpm></Trackpoint><Trackpoint><Time>2026-05-02T08:34:38.525Z</Time><Position><LatitudeDegrees>60.085182</LatitudeDegrees><LongitudeDegrees>18.73675</LongitudeDegrees></Position><AltitudeMeters>8.153</AltitudeMeters><HeartRateBpm><Value>85</Value></HeartRateBpm></Trackpoint><Trackpoint><Time>2026-05-02T08:34:39.534Z</Time><Position><LatitudeDegrees>60.08524</LatitudeDegrees><LongitudeDegrees>18.736782</LongitudeDegrees></Position><AltitudeMeters>7.67</AltitudeMeters><HeartRateBpm><Value>86</Value></HeartRateBpm></Trackpoint><Trackpoint><Time>2026-05-02T08:34:40.542Z</Time><Position><LatitudeDegrees>60.0853</LatitudeDegrees><LongitudeDegrees>18.736822</LongitudeDegrees></Position><AltitudeMeters>7.155</AltitudeMeters><HeartRateBpm><Value>86</Value></HeartRateBpm></Trackpoint><Trackpoint><Time>2026-05-02T08:34:41.552Z</Time><Position><LatitudeDegrees>60.08535</LatitudeDegrees><LongitudeDegrees>18.736866</LongitudeDegrees></Position><AltitudeMeters>7.315</AltitudeMeters><HeartRateBpm><Value>85</Value></HeartRateBpm></Trackpoint><Trackpoint><Time>2026-05-02T08:34:42.557Z</Time><Position><LatitudeDegrees>60.085403</LatitudeDegrees><LongitudeDegrees>18.736908</LongitudeDegrees></Position><AltitudeMeters>7.111</AltitudeMeters><HeartRateBpm><Value>85</Value></HeartRateBpm></Trackpoint><Trackpoint><Time>2026-05-02T08:34:43.566Z</Time><Position><LatitudeDegrees>60.085453</LatitudeDegrees><LongitudeDegrees>18.736942</LongitudeDegrees></Position><AltitudeMeters>6.982</AltitudeMeters><HeartRateBpm><Value>84</Value></HeartRateBpm></Trackpoint><Trackpoint><Time>2026-05-02T08:34:44.575Z</Time><Position><LatitudeDegrees>60.0855</LatitudeDegrees><LongitudeDegrees>18.736977</LongitudeDegrees></Position><AltitudeMeters>7.079</AltitudeMeters><HeartRateBpm><Value>85</Value></HeartRateBpm></Trackpoint><Trackpoint><Time>2026-05-02T08:34:45.583Z</Time><Position><LatitudeDegrees>60.08555</LatitudeDegrees><LongitudeDegrees>18.737011</LongitudeDegrees></Position><AltitudeMeters>7.42</AltitudeMeters><HeartRateBpm><Value>86</Value></HeartRateBpm></Trackpoint><Trackpoint><Time>2026-05-02T08:34:46.593Z</Time><Position><LatitudeDegrees>60.085598</LatitudeDegrees><LongitudeDegrees>18.73705</LongitudeDegrees></Position><AltitudeMeters>7.503</AltitudeMeters><HeartRateBpm><Value>86</Value></HeartRateBpm></Trackpoint><Trackpoint><Time>2026-05-02T08:34:47.602Z</Time><Position><LatitudeDegrees>60.085648</LatitudeDegrees><LongitudeDegrees>18.737087</LongitudeDegrees></Position><AltitudeMeters>7.635</AltitudeMeters><HeartRateBpm><Value>86</Value></HeartRateBpm></Trackpoint><Trackpoint><Time>2026-05-02T08:34:48.607Z</Time><Position><LatitudeDegrees>60.085697</LatitudeDegrees><LongitudeDegrees>18.737118</LongitudeDegrees></Position><AltitudeMeters>7.532</AltitudeMeters><HeartRateBpm><Value>85</Value></HeartRateBpm></Trackpoint><Trackpoint><Time>2026-05-02T08:34:49.615Z</Time><Position><LatitudeDegrees>60.085743</LatitudeDegrees><LongitudeDegrees>18.737143</LongitudeDegrees></Position><AltitudeMeters>7.697</AltitudeMeters><HeartRateBpm><Value>85</Value></HeartRateBpm></Trackpoint><Trackpoint><Time>2026-05-02T08:34:50.623Z</Time><Position><LatitudeDegrees>60.08579</LatitudeDegrees><LongitudeDegrees>18.73716</LongitudeDegrees></Position><AltitudeMeters>7.461</AltitudeMeters><HeartRateBpm><Value>84</Value></HeartRateBpm></Trackpoint><Trackpoint><Time>2026-05-02T08:34:51.630Z</Time><Position><LatitudeDegrees>60.08584</LatitudeDegrees><LongitudeDegrees>18.737175</LongitudeDegrees></Position><AltitudeMeters>6.963</AltitudeMeters><HeartRateBpm><Value>84</Value></HeartRateBpm></Trackpoint><Trackpoint><Time>2026-05-02T08:34:52.638Z</Time><Position><LatitudeDegrees>60.085888</LatitudeDegrees><LongitudeDegrees>18.737194</LongitudeDegrees></Position><AltitudeMeters>6.976</AltitudeMeters><HeartRateBpm><Value>83</Value></HeartRateBpm></Trackpoint><Trackpoint><Time>2026-05-02T08:34:53.645Z</Time><Position><LatitudeDegrees>60.08594</LatitudeDegrees><LongitudeDegrees>18.737211</LongitudeDegrees></Position><AltitudeMeters>7.105</AltitudeMeters><HeartRateBpm><Value>84</Value></HeartRateBpm></Trackpoint><Trackpoint><Time>2026-05-02T08:34:54.654Z</Time><Position><LatitudeDegrees>60.085995</LatitudeDegrees><LongitudeDegrees>18.737226</LongitudeDegrees></Position><AltitudeMeters>7.389</AltitudeMeters><HeartRateBpm><Value>84</Value></HeartRateBpm></Trackpoint><Trackpoint><Time>2026-05-02T08:34:55.662Z</Time><Position><LatitudeDegrees>60.08605</LatitudeDegrees><LongitudeDegrees>18.73724</LongitudeDegrees></Position><AltitudeMeters>7.893</AltitudeMeters><HeartRateBpm><Value>84</Value></HeartRateBpm></Trackpoint><Trackpoint><Time>2026-05-02T08:34:56.671Z</Time><Position><LatitudeDegrees>60.0861</LatitudeDegrees><LongitudeDegrees>18.737253</LongitudeDegrees></Position><AltitudeMeters>8.314</AltitudeMeters><HeartRateBpm><Value>85</Value></HeartRateBpm></Trackpoint><Trackpoint><Time>2026-05-02T08:34:57.678Z</Time><Position><LatitudeDegrees>60.08615</LatitudeDegrees><LongitudeDegrees>18.737265</LongitudeDegrees></Position><AltitudeMeters>8.654</AltitudeMeters><HeartRateBpm><Value>86</Value></HeartRateBpm></Trackpoint><Trackpoint><Time>2026-05-02T08:34:58.687Z</Time><Position><LatitudeDegrees>60.086205</LatitudeDegrees><LongitudeDegrees>18.737276</LongitudeDegrees></Position><AltitudeMeters>8.989</AltitudeMeters><HeartRateBpm><Value>86</Value></HeartRateBpm></Trackpoint><Trackpoint><Time>2026-05-02T08:34:59.696Z</Time><Position><LatitudeDegrees>60.086254</LatitudeDegrees><LongitudeDegrees>18.73729</LongitudeDegrees></Position><AltitudeMeters>9.085</AltitudeMeters><HeartRateBpm><Value>87</Value></HeartRateBpm></Trackpoint><Trackpoint><Time>2026-05-02T08:35:00.701Z</Time><Position><LatitudeDegrees>60.0863</LatitudeDegrees><LongitudeDegrees>18.737303</LongitudeDegrees></Position><AltitudeMeters>9.149</AltitudeMeters><HeartRateBpm><Value>87</Value></HeartRateBpm></Trackpoint><Trackpoint><Time>2026-05-02T08:35:01.706Z</Time><Position><LatitudeDegrees>60.08635</LatitudeDegrees><LongitudeDegrees>18.737324</LongitudeDegrees></Position><AltitudeMeters>9.1</AltitudeMeters><HeartRateBpm><Value>87</Value></HeartRateBpm></Trackpoint><Trackpoint><Time>2026-05-02T08:35:02.715Z</Time><Position><LatitudeDegrees>60.086395</LatitudeDegrees><LongitudeDegrees>18.73735</LongitudeDegrees></Position><AltitudeMeters>9.025</AltitudeMeters><HeartRateBpm><Value>87</Value></HeartRateBpm></Trackpoint><Trackpoint><Time>2026-05-02T08:35:03.723Z</Time><Position><LatitudeDegrees>60.086445</LatitudeDegrees><LongitudeDegrees>18.737381</LongitudeDegrees></Position><AltitudeMeters>8.971</AltitudeMeters><HeartRateBpm><Value>87</Value></HeartRateBpm></Trackpoint><Trackpoint><Time>2026-05-02T08:35:04.733Z</Time><Position><LatitudeDegrees>60.086487</LatitudeDegrees><LongitudeDegrees>18.737413</LongitudeDegrees></Position><AltitudeMeters>8.977</AltitudeMeters><HeartRateBpm><Value>87</Value></HeartRateBpm></Trackpoint><Trackpoint><Time>2026-05-02T08:35:05.741Z</Time><Position><LatitudeDegrees>60.086533</LatitudeDegrees><LongitudeDegrees>18.737444</LongitudeDegrees></Position><AltitudeMeters>8.97</AltitudeMeters><HeartRateBpm><Value>88</Value></HeartRateBpm></Trackpoint><Trackpoint><Time>2026-05-02T08:35:06.743Z</Time><Position><LatitudeDegrees>60.08658</LatitudeDegrees><LongitudeDegrees>18.737476</LongitudeDegrees></Position><AltitudeMeters>9.06</AltitudeMeters><HeartRateBpm><Value>88</Value></HeartRateBpm></Trackpoint><Trackpoint><Time>2026-05-02T08:35:07.751Z</Time><Position><LatitudeDegrees>60.08662</LatitudeDegrees><LongitudeDegrees>18.737513</LongitudeDegrees></Position><AltitudeMeters>9.137</AltitudeMeters><HeartRateBpm><Value>89</Value></HeartRateBpm></Trackpoint><Trackpoint><Time>2026-05-02T08:35:08.757Z</Time><Position><LatitudeDegrees>60.086666</LatitudeDegrees><LongitudeDegrees>18.737549</LongitudeDegrees></Position><AltitudeMeters>9.366</AltitudeMeters><HeartRateBpm><Value>89</Value></HeartRateBpm></Trackpoint><Trackpoint><Time>2026-05-02T08:35:09.765Z</Time><Position><LatitudeDegrees>60.086708</LatitudeDegrees><LongitudeDegrees>18.737587</LongitudeDegrees></Position><AltitudeMeters>9.666</AltitudeMeters><HeartRateBpm><Value>90</Value></HeartRateBpm></Trackpoint><Trackpoint><Time>2026-05-02T08:35:10.774Z</Time><Position><LatitudeDegrees>60.086754</LatitudeDegrees><LongitudeDegrees>18.737625</LongitudeDegrees></Position><AltitudeMeters>9.914</AltitudeMeters><HeartRateBpm><Value>91</Value></HeartRateBpm></Trackpoint><Trackpoint><Time>2026-05-02T08:35:11.783Z</Time><Position><LatitudeDegrees>60.086796</LatitudeDegrees><LongitudeDegrees>18.737663</LongitudeDegrees></Position><AltitudeMeters>9.985</AltitudeMeters><HeartRateBpm><Value>91</Value></HeartRateBpm></Trackpoint><Trackpoint><Time>2026-05-02T08:35:12.788Z</Time><Position><LatitudeDegrees>60.08684</LatitudeDegrees><LongitudeDegrees>18.7377</LongitudeDegrees></Position><AltitudeMeters>9.967</AltitudeMeters><HeartRateBpm><Value>92</Value></HeartRateBpm></Trackpoint><Trackpoint><Time>2026-05-02T08:35:13.787Z</Time><Position><LatitudeDegrees>60.08688</LatitudeDegrees><LongitudeDegrees>18.73773</LongitudeDegrees></Position><AltitudeMeters>9.947</AltitudeMeters><HeartRateBpm><Value>93</Value></HeartRateBpm></Trackpoint><Trackpoint><Time>2026-05-02T08:35:14.786Z</Time><Position><LatitudeDegrees>60.086918</LatitudeDegrees><LongitudeDegrees>18.737757</LongitudeDegrees></Position><AltitudeMeters>9.88</AltitudeMeters><HeartRateBpm><Value>94</Value></HeartRateBpm></Trackpoint><Trackpoint><Time>2026-05-02T08:35:15.795Z</Time><Position><LatitudeDegrees>60.086964</LatitudeDegrees><LongitudeDegrees>18.737778</LongitudeDegrees></Position><AltitudeMeters>9.694</AltitudeMeters><HeartRateBpm><Value>97</Value></HeartRateBpm></Trackpoint><Trackpoint><Time>2026-05-02T08:35:16.804Z</Time><Position><LatitudeDegrees>60.08701</LatitudeDegrees><LongitudeDegrees>18.7378</LongitudeDegrees></Position><AltitudeMeters>9.643</AltitudeMeters><HeartRateBpm><Value>98</Value></HeartRateBpm></Trackpoint><Trackpoint><Time>2026-05-02T08:35:17.812Z</Time><Position><LatitudeDegrees>60.08706</LatitudeDegrees><LongitudeDegrees>18.737825</LongitudeDegrees></Position><AltitudeMeters>9.427</AltitudeMeters><HeartRateBpm><Value>100</Value></HeartRateBpm></Trackpoint><Trackpoint><Time>2026-05-02T08:35:18.821Z</Time><Position><LatitudeDegrees>60.087116</LatitudeDegrees><LongitudeDegrees>18.737848</LongitudeDegrees></Position><AltitudeMeters>9.032</AltitudeMeters><HeartRateBpm><Value>101</Value></HeartRateBpm></Trackpoint><Trackpoint><Time>2026-05-02T08:35:19.828Z</Time><Position><LatitudeDegrees>60.087173</LatitudeDegrees><LongitudeDegrees>18.737875</LongitudeDegrees></Position><AltitudeMeters>8.932</AltitudeMeters><HeartRateBpm><Value>102</Value></HeartRateBpm></Trackpoint><Trackpoint><Time>2026-05-02T08:35:20.836Z</Time><Position><LatitudeDegrees>60.08723</LatitudeDegrees><LongitudeDegrees>18.737902</LongitudeDegrees></Position><AltitudeMeters>8.718</AltitudeMeters><HeartRateBpm><Value>102</Value></HeartRateBpm></Trackpoint><Trackpoint><Time>2026-05-02T08:35:21.844Z</Time><Position><LatitudeDegrees>60.087276</LatitudeDegrees><LongitudeDegrees>18.73795</LongitudeDegrees></Position><AltitudeMeters>8.665</AltitudeMeters><HeartRateBpm><Value>101</Value></HeartRateBpm></Trackpoint><Trackpoint><Time>2026-05-02T08:35:22.852Z</Time><Position><LatitudeDegrees>60.087322</LatitudeDegrees><LongitudeDegrees>18.738</LongitudeDegrees></Position><AltitudeMeters>8.794</AltitudeMeters><HeartRateBpm><Value>100</Value></HeartRateBpm></Trackpoint><Trackpoint><Time>2026-05-02T08:35:23.861Z</Time><Position><LatitudeDegrees>60.08736</LatitudeDegrees><LongitudeDegrees>18.73806</LongitudeDegrees></Position><AltitudeMeters>8.78</AltitudeMeters><HeartRateBpm><Value>98</Value></HeartRateBpm></Trackpoint><Trackpoint><Time>2026-05-02T08:35:24.866Z</Time><Position><LatitudeDegrees>60.0874</LatitudeDegrees><LongitudeDegrees>18.738123</LongitudeDegrees></Position><AltitudeMeters>8.714</AltitudeMeters><HeartRateBpm><Value>97</Value></HeartRateBpm></Trackpoint><Trackpoint><Time>2026-05-02T08:35:25.875Z</Time><Position><LatitudeDegrees>60.087437</LatitudeDegrees><LongitudeDegrees>18.738192</LongitudeDegrees></Position><AltitudeMeters>8.847</AltitudeMeters><HeartRateBpm><Value>96</Value></HeartRateBpm></Trackpoint><Trackpoint><Time>2026-05-02T08:35:26.884Z</Time><Position><LatitudeDegrees>60.08747</LatitudeDegrees><LongitudeDegrees>18.738266</LongitudeDegrees></Position><AltitudeMeters>9.018</AltitudeMeters><HeartRateBpm><Value>94</Value></HeartRateBpm></Trackpoint><Trackpoint><Time>2026-05-02T08:35:27.893Z</Time><Position><LatitudeDegrees>60.0875</LatitudeDegrees><LongitudeDegrees>18.73835</LongitudeDegrees></Position><AltitudeMeters>9.191</AltitudeMeters><HeartRateBpm><Value>92</Value></HeartRateBpm></Trackpoint><Trackpoint><Time>2026-05-02T08:35:28.902Z</Time><Position><LatitudeDegrees>60.08753</LatitudeDegrees><LongitudeDegrees>18.738441</LongitudeDegrees></Position><AltitudeMeters>9.5</AltitudeMeters><HeartRateBpm><Value>90</Value></HeartRateBpm></Trackpoint><Trackpoint><Time>2026-05-02T08:35:29.912Z</Time><Position><LatitudeDegrees>60.08755</LatitudeDegrees><LongitudeDegrees>18.738535</LongitudeDegrees></Position><AltitudeMeters>9.748</AltitudeMeters><HeartRateBpm><Value>89</Value></HeartRateBpm></Trackpoint><Trackpoint><Time>2026-05-02T08:35:30.920Z</Time><Position><LatitudeDegrees>60.087574</LatitudeDegrees><LongitudeDegrees>18.738628</LongitudeDegrees></Position><AltitudeMeters>10.098</AltitudeMeters><HeartRateBpm><Value>87</Value></HeartRateBpm></Trackpoint><Trackpoint><Time>2026-05-02T08:35:31.927Z</Time><Position><LatitudeDegrees>60.087593</LatitudeDegrees><LongitudeDegrees>18.738724</LongitudeDegrees></Position><AltitudeMeters>10.524</AltitudeMeters><HeartRateBpm><Value>86</Value></HeartRateBpm></Trackpoint><Trackpoint><Time>2026-05-02T08:35:32.935Z</Time><Position><LatitudeDegrees>60.0876</LatitudeDegrees><LongitudeDegrees>18.738821</LongitudeDegrees></Position><AltitudeMeters>10.468</AltitudeMeters><HeartRateBpm><Value>85</Value></HeartRateBpm></Trackpoint><Trackpoint><Time>2026-05-02T08:35:33.944Z</Time><Position><LatitudeDegrees>60.087612</LatitudeDegrees><LongitudeDegrees>18.738913</LongitudeDegrees></Position><AltitudeMeters>10.232</AltitudeMeters><HeartRateBpm><Value>84</Value></HeartRateBpm></Trackpoint><Trackpoint><Time>2026-05-02T08:35:34.951Z</Time><Position><LatitudeDegrees>60.08762</LatitudeDegrees><LongitudeDegrees>18.739</LongitudeDegrees></Position><AltitudeMeters>9.996</AltitudeMeters><HeartRateBpm><Value>83</Value></HeartRateBpm></Trackpoint><Trackpoint><Time>2026-05-02T08:35:35.955Z</Time><Position><LatitudeDegrees>60.08764</LatitudeDegrees><LongitudeDegrees>18.73908</LongitudeDegrees></Position><AltitudeMeters>10.053</AltitudeMeters><HeartRateBpm><Value>82</Value></HeartRateBpm></Trackpoint><Trackpoint><Time>2026-05-02T08:35:36.964Z</Time><Position><LatitudeDegrees>60.087658</LatitudeDegrees><LongitudeDegrees>18.739166</LongitudeDegrees></Position><AltitudeMeters>10.045</AltitudeMeters><HeartRateBpm><Value>82</Value></HeartRateBpm></Trackpoint><Trackpoint><Time>2026-05-02T08:35:37.972Z</Time><Position><LatitudeDegrees>60.08768</LatitudeDegrees><LongitudeDegrees>18.739239</LongitudeDegrees></Position><AltitudeMeters>9.97</AltitudeMeters><HeartRateBpm><Value>82</Value></HeartRateBpm></Trackpoint><Trackpoint><Time>2026-05-02T08:35:38.979Z</Time><Position><LatitudeDegrees>60.08771</LatitudeDegrees><LongitudeDegrees>18.739305</LongitudeDegrees></Position><AltitudeMeters>9.904</AltitudeMeters><HeartRateBpm><Value>81</Value></HeartRateBpm></Trackpoint><Trackpoint><Time>2026-05-02T08:35:39.987Z</Time><Position><LatitudeDegrees>60.08774</LatitudeDegrees><LongitudeDegrees>18.739363</LongitudeDegrees></Position><AltitudeMeters>9.878</AltitudeMeters><HeartRateBpm><Value>81</Value></HeartRateBpm></Trackpoint><Trackpoint><Time>2026-05-02T08:35:40.996Z</Time><Position><LatitudeDegrees>60.087776</LatitudeDegrees><LongitudeDegrees>18.739391</LongitudeDegrees></Position><AltitudeMeters>10.059</AltitudeMeters><HeartRateBpm><Value>80</Value></HeartRateBpm></Trackpoint><Trackpoint><Time>2026-05-02T08:35:42.005Z</Time><Position><LatitudeDegrees>60.08781</LatitudeDegrees><LongitudeDegrees>18.739408</LongitudeDegrees></Position><AltitudeMeters>9.985</AltitudeMeters><HeartRateBpm><Value>79</Value></HeartRateBpm></Trackpoint><Trackpoint><Time>2026-05-02T08:35:43.014Z</Time><Position><LatitudeDegrees>60.087845</LatitudeDegrees><LongitudeDegrees>18.739416</LongitudeDegrees></Position><AltitudeMeters>10.165</AltitudeMeters><HeartRateBpm><Value>79</Value></HeartRateBpm></Trackpoint><Trackpoint><Time>2026-05-02T08:35:44.024Z</Time><Position><LatitudeDegrees>60.08788</LatitudeDegrees><LongitudeDegrees>18.739428</LongitudeDegrees></Position><AltitudeMeters>10.22</AltitudeMeters><HeartRateBpm><Value>78</Value></HeartRateBpm></Trackpoint><Trackpoint><Time>2026-05-02T08:35:45.032Z</Time><Position><LatitudeDegrees>60.08791</LatitudeDegrees><LongitudeDegrees>18.739437</LongitudeDegrees></Position><AltitudeMeters>10.275</AltitudeMeters><HeartRateBpm><Value>77</Value></HeartRateBpm></Trackpoint><Trackpoint><Time>2026-05-02T08:35:46.043Z</Time><Position><LatitudeDegrees>60.08794</LatitudeDegrees><LongitudeDegrees>18.739445</LongitudeDegrees></Position><AltitudeMeters>10.665</AltitudeMeters><HeartRateBpm><Value>76</Value></HeartRateBpm></Trackpoint><Trackpoint><Time>2026-05-02T08:35:47.052Z</Time><Position><LatitudeDegrees>60.08797</LatitudeDegrees><LongitudeDegrees>18.739452</LongitudeDegrees></Position><AltitudeMeters>11.053</AltitudeMeters><HeartRateBpm><Value>76</Value></HeartRateBpm></Trackpoint><Trackpoint><Time>2026-05-02T08:35:48.058Z</Time><Position><LatitudeDegrees>60.087997</LatitudeDegrees><LongitudeDegrees>18.739452</LongitudeDegrees></Position><AltitudeMeters>11.358</AltitudeMeters><HeartRateBpm><Value>75</Value></HeartRateBpm></Trackpoint><Trackpoint><Time>2026-05-02T08:35:49.066Z</Time><Position><LatitudeDegrees>60.088028</LatitudeDegrees><LongitudeDegrees>18.739454</LongitudeDegrees></Position><AltitudeMeters>11.673</AltitudeMeters><HeartRateBpm><Value>75</Value></HeartRateBpm></Trackpoint><Trackpoint><Time>2026-05-02T08:35:50.075Z</Time><Position><LatitudeDegrees>60.08805</LatitudeDegrees><LongitudeDegrees>18.739452</LongitudeDegrees></Position><AltitudeMeters>11.961</AltitudeMeters><HeartRateBpm><Value>75</Value></HeartRateBpm></Trackpoint><Trackpoint><Time>2026-05-02T08:35:51.084Z</Time><Position><LatitudeDegrees>60.088074</LatitudeDegrees><LongitudeDegrees>18.739454</LongitudeDegrees></Position><AltitudeMeters>12.342</AltitudeMeters><HeartRateBpm><Value>75</Value></HeartRateBpm></Trackpoint><Trackpoint><Time>2026-05-02T08:35:52.092Z</Time><Position><LatitudeDegrees>60.088097</LatitudeDegrees><LongitudeDegrees>18.739458</LongitudeDegrees></Position><AltitudeMeters>12.648</AltitudeMeters><HeartRateBpm><Value>74</Value></HeartRateBpm></Trackpoint><Trackpoint><Time>2026-05-02T08:35:53.099Z</Time><Position><LatitudeDegrees>60.088123</LatitudeDegrees><LongitudeDegrees>18.73946</LongitudeDegrees></Position><AltitudeMeters>12.932</AltitudeMeters><HeartRateBpm><Value>75</Value></HeartRateBpm></Trackpoint><Trackpoint><Time>2026-05-02T08:35:54.107Z</Time><Position><LatitudeDegrees>60.088146</LatitudeDegrees><LongitudeDegrees>18.739464</LongitudeDegrees></Position><AltitudeMeters>13.324</AltitudeMeters><HeartRateBpm><Value>76</Value></HeartRateBpm></Trackpoint><Trackpoint><Time>2026-05-02T08:35:55.117Z</Time><Position><LatitudeDegrees>60.088173</LatitudeDegrees><LongitudeDegrees>18.739468</LongitudeDegrees></Position><AltitudeMeters>13.581</AltitudeMeters><HeartRateBpm><Value>78</Value></HeartRateBpm></Trackpoint><Trackpoint><Time>2026-05-02T08:35:56.124Z</Time><Position><LatitudeDegrees>60.088196</LatitudeDegrees><LongitudeDegrees>18.73947</LongitudeDegrees></Position><AltitudeMeters>13.845</AltitudeMeters><HeartRateBpm><Value>80</Value></HeartRateBpm></Trackpoint><Trackpoint><Time>2026-05-02T08:35:57.133Z</Time><Position><LatitudeDegrees>60.08822</LatitudeDegrees><LongitudeDegrees>18.739471</LongitudeDegrees></Position><AltitudeMeters>14.163</AltitudeMeters><HeartRateBpm><Value>83</Value></HeartRateBpm></Trackpoint><Trackpoint><Time>2026-05-02T08:35:58.141Z</Time><Position><LatitudeDegrees>60.08824</LatitudeDegrees><LongitudeDegrees>18.739475</LongitudeDegrees></Position><AltitudeMeters>14.493</AltitudeMeters><HeartRateBpm><Value>84</Value></HeartRateBpm></Trackpoint><Trackpoint><Time>2026-05-02T08:35:59.148Z</Time><Position><LatitudeDegrees>60.088264</LatitudeDegrees><LongitudeDegrees>18.739481</LongitudeDegrees></Position><AltitudeMeters>14.867</AltitudeMeters><HeartRateBpm><Value>85</Value></HeartRateBpm></Trackpoint><Trackpoint><Time>2026-05-02T08:36:00.156Z</Time><Position><LatitudeDegrees>60.088287</LatitudeDegrees><LongitudeDegrees>18.739487</LongitudeDegrees></Position><AltitudeMeters>15.013</AltitudeMeters><HeartRateBpm><Value>85</Value></HeartRateBpm></Trackpoint><Trackpoint><Time>2026-05-02T08:36:01.165Z</Time><Position><LatitudeDegrees>60.088306</LatitudeDegrees><LongitudeDegrees>18.739494</LongitudeDegrees></Position><AltitudeMeters>15.1</AltitudeMeters><HeartRateBpm><Value>85</Value></HeartRateBpm></Trackpoint><Trackpoint><Time>2026-05-02T08:36:02.174Z</Time><Position><LatitudeDegrees>60.088326</LatitudeDegrees><LongitudeDegrees>18.739502</LongitudeDegrees></Position><AltitudeMeters>15.187</AltitudeMeters><HeartRateBpm><Value>85</Value></HeartRateBpm></Trackpoint><Trackpoint><Time>2026-05-02T08:36:03.182Z</Time><Position><LatitudeDegrees>60.08835</LatitudeDegrees><LongitudeDegrees>18.739513</LongitudeDegrees></Position><AltitudeMeters>15.345</AltitudeMeters><HeartRateBpm><Value>85</Value></HeartRateBpm></Trackpoint><Trackpoint><Time>2026-05-02T08:36:04.191Z</Time><Position><LatitudeDegrees>60.088367</LatitudeDegrees><LongitudeDegrees>18.739525</LongitudeDegrees></Position><AltitudeMeters>15.516</AltitudeMeters><HeartRateBpm><Value>84</Value></HeartRateBpm></Trackpoint><Trackpoint><Time>2026-05-02T08:36:05.198Z</Time><Position><LatitudeDegrees>60.08839</LatitudeDegrees><LongitudeDegrees>18.739534</LongitudeDegrees></Position><AltitudeMeters>15.61</AltitudeMeters><HeartRateBpm><Value>84</Value></HeartRateBpm></Trackpoint><Trackpoint><Time>2026-05-02T08:36:06.207Z</Time><Position><LatitudeDegrees>60.088413</LatitudeDegrees><LongitudeDegrees>18.73955</LongitudeDegrees></Position><AltitudeMeters>15.722</AltitudeMeters><HeartRateBpm><Value>85</Value></HeartRateBpm></Trackpoint><Trackpoint><Time>2026-05-02T08:36:07.216Z</Time><Position><LatitudeDegrees>60.088436</LatitudeDegrees><LongitudeDegrees>18.739569</LongitudeDegrees></Position><AltitudeMeters>15.969</AltitudeMeters><HeartRateBpm><Value>85</Value></HeartRateBpm></Trackpoint><Trackpoint><Time>2026-05-02T08:36:08.225Z</Time><Position><LatitudeDegrees>60.088455</LatitudeDegrees><LongitudeDegrees>18.739584</LongitudeDegrees></Position><AltitudeMeters>16.082</AltitudeMeters><HeartRateBpm><Value>85</Value></HeartRateBpm></Trackpoint><Trackpoint><Time>2026-05-02T08:36:09.234Z</Time><Position><LatitudeDegrees>60.08848</LatitudeDegrees><LongitudeDegrees>18.739603</LongitudeDegrees></Position><AltitudeMeters>16.095</AltitudeMeters><HeartRateBpm><Value>86</Value></HeartRateBpm></Trackpoint><Trackpoint><Time>2026-05-02T08:36:10.243Z</Time><Position><LatitudeDegrees>60.088505</LatitudeDegrees><LongitudeDegrees>18.739624</LongitudeDegrees></Position><AltitudeMeters>15.889</AltitudeMeters><HeartRateBpm><Value>86</Value></HeartRateBpm></Trackpoint><Trackpoint><Time>2026-05-02T08:36:11.252Z</Time><Position><LatitudeDegrees>60.088528</LatitudeDegrees><LongitudeDegrees>18.739647</LongitudeDegrees></Position><AltitudeMeters>15.692</AltitudeMeters><HeartRateBpm><Value>86</Value></HeartRateBpm></Trackpoint><Trackpoint><Time>2026-05-02T08:36:12.261Z</Time><Position><LatitudeDegrees>60.088554</LatitudeDegrees><LongitudeDegrees>18.739672</LongitudeDegrees></Position><AltitudeMeters>15.635</AltitudeMeters><HeartRateBpm><Value>86</Value></HeartRateBpm></Trackpoint><Trackpoint><Time>2026-05-02T08:36:13.268Z</Time><Position><LatitudeDegrees>60.088577</LatitudeDegrees><LongitudeDegrees>18.739697</LongitudeDegrees></Position><AltitudeMeters>15.866</AltitudeMeters><HeartRateBpm><Value>86</Value></HeartRateBpm></Trackpoint><Trackpoint><Time>2026-05-02T08:36:14.277Z</Time><Position><LatitudeDegrees>60.088604</LatitudeDegrees><LongitudeDegrees>18.739723</LongitudeDegrees></Position><AltitudeMeters>15.835</AltitudeMeters><HeartRateBpm><Value>85</Value></HeartRateBpm></Trackpoint><Trackpoint><Time>2026-05-02T08:36:15.286Z</Time><Position><LatitudeDegrees>60.088627</LatitudeDegrees><LongitudeDegrees>18.739752</LongitudeDegrees></Position><AltitudeMeters>15.698</AltitudeMeters><HeartRateBpm><Value>85</Value></HeartRateBpm></Trackpoint><Trackpoint><Time>2026-05-02T08:36:16.294Z</Time><Position><LatitudeDegrees>60.088654</LatitudeDegrees><LongitudeDegrees>18.739779</LongitudeDegrees></Position><AltitudeMeters>15.583</AltitudeMeters><HeartRateBpm><Value>85</Value></HeartRateBpm></Trackpoint><Trackpoint><Time>2026-05-02T08:36:17.303Z</Time><Position><LatitudeDegrees>60.088676</LatitudeDegrees><LongitudeDegrees>18.739807</LongitudeDegrees></Position><AltitudeMeters>15.383</AltitudeMeters><HeartRateBpm><Value>85</Value></HeartRateBpm></Trackpoint><Trackpoint><Time>2026-05-02T08:36:18.312Z</Time><Position><LatitudeDegrees>60.088696</LatitudeDegrees><LongitudeDegrees>18.739836</LongitudeDegrees></Position><AltitudeMeters>15.382</AltitudeMeters><HeartRateBpm><Value>84</Value></HeartRateBpm></Trackpoint><Trackpoint><Time>2026-05-02T08:36:19.321Z</Time><Position><LatitudeDegrees>60.08872</LatitudeDegrees><LongitudeDegrees>18.739862</LongitudeDegrees></Position><AltitudeMeters>15.164</AltitudeMeters><HeartRateBpm><Value>84</Value></HeartRateBpm></Trackpoint><Trackpoint><Time>2026-05-02T08:36:20.330Z</Time><Position><LatitudeDegrees>60.08874</LatitudeDegrees><LongitudeDegrees>18.73989</LongitudeDegrees></Position><AltitudeMeters>15.101</AltitudeMeters><HeartRateBpm><Value>84</Value></HeartRateBpm></Trackpoint><Trackpoint><Time>2026-05-02T08:36:21.337Z</Time><Position><LatitudeDegrees>60.088757</LatitudeDegrees><LongitudeDegrees>18.739912</LongitudeDegrees></Position><AltitudeMeters>15.121</AltitudeMeters><HeartRateBpm><Value>84</Value></HeartRateBpm></Trackpoint><Trackpoint><Time>2026-05-02T08:36:22.345Z</Time><Position><LatitudeDegrees>60.08878</LatitudeDegrees><LongitudeDegrees>18.739937</LongitudeDegrees></Position><AltitudeMeters>15.137</AltitudeMeters><HeartRateBpm><Value>84</Value></HeartRateBpm></Trackpoint><Trackpoint><Time>2026-05-02T08:36:23.354Z</Time><Position><LatitudeDegrees>60.0888</LatitudeDegrees><LongitudeDegrees>18.73996</LongitudeDegrees></Position><AltitudeMeters>15.124</AltitudeMeters><HeartRateBpm><Value>84</Value></HeartRateBpm></Trackpoint><Trackpoint><Time>2026-05-02T08:36:24.363Z</Time><Position><LatitudeDegrees>60.088818</LatitudeDegrees><LongitudeDegrees>18.739986</LongitudeDegrees></Position><AltitudeMeters>15.22</AltitudeMeters><HeartRateBpm><Value>84</Value></HeartRateBpm></Trackpoint><Trackpoint><Time>2026-05-02T08:36:25.372Z</Time><Position><LatitudeDegrees>60.08884</LatitudeDegrees><LongitudeDegrees>18.740011</LongitudeDegrees></Position><AltitudeMeters>15.374</AltitudeMeters><HeartRateBpm><Value>83</Value></HeartRateBpm></Trackpoint><Trackpoint><Time>2026-05-02T08:36:26.379Z</Time><Position><LatitudeDegrees>60.08886</LatitudeDegrees><LongitudeDegrees>18.740038</LongitudeDegrees></Position><AltitudeMeters>15.381</AltitudeMeters><HeartRateBpm><Value>82</Value></HeartRateBpm></Trackpoint><Trackpoint><Time>2026-05-02T08:36:27.389Z</Time><Position><LatitudeDegrees>60.08888</LatitudeDegrees><LongitudeDegrees>18.740063</LongitudeDegrees></Position><AltitudeMeters>15.441</AltitudeMeters><HeartRateBpm><Value>81</Value></HeartRateBpm></Trackpoint><Trackpoint><Time>2026-05-02T08:36:28.396Z</Time><Position><LatitudeDegrees>60.088898</LatitudeDegrees><LongitudeDegrees>18.740086</LongitudeDegrees></Position><AltitudeMeters>15.436</AltitudeMeters><HeartRateBpm><Value>79</Value></HeartRateBpm></Trackpoint><Trackpoint><Time>2026-05-02T08:36:29.404Z</Time><Position><LatitudeDegrees>60.088917</LatitudeDegrees><LongitudeDegrees>18.740108</LongitudeDegrees></Position><AltitudeMeters>15.395</AltitudeMeters><HeartRateBpm><Value>77</Value></HeartRateBpm></Trackpoint><Trackpoint><Time>2026-05-02T08:36:30.413Z</Time><Position><LatitudeDegrees>60.088932</LatitudeDegrees><LongitudeDegrees>18.740128</LongitudeDegrees></Position><AltitudeMeters>15.571</AltitudeMeters><HeartRateBpm><Value>76</Value></HeartRateBpm></Trackpoint><Trackpoint><Time>2026-05-02T08:36:31.421Z</Time><Position><LatitudeDegrees>60.088955</LatitudeDegrees><LongitudeDegrees>18.740152</LongitudeDegrees></Position><AltitudeMeters>15.759</AltitudeMeters><HeartRateBpm><Value>75</Value></HeartRateBpm></Trackpoint><Trackpoint><Time>2026-05-02T08:36:32.428Z</Time><Position><LatitudeDegrees>60.088974</LatitudeDegrees><LongitudeDegrees>18.740177</LongitudeDegrees></Position><AltitudeMeters>15.811</AltitudeMeters><HeartRateBpm><Value>75</Value></HeartRateBpm></Trackpoint><Trackpoint><Time>2026-05-02T08:36:33.436Z</Time><Position><LatitudeDegrees>60.088997</LatitudeDegrees><LongitudeDegrees>18.740202</LongitudeDegrees></Position><AltitudeMeters>15.87</AltitudeMeters><HeartRateBpm><Value>74</Value></HeartRateBpm></Trackpoint><Trackpoint><Time>2026-05-02T08:36:34.445Z</Time><Position><LatitudeDegrees>60.08902</LatitudeDegrees><LongitudeDegrees>18.740234</LongitudeDegrees></Position><AltitudeMeters>16.004</AltitudeMeters><HeartRateBpm><Value>74</Value></HeartRateBpm></Trackpoint><Trackpoint><Time>2026-05-02T08:36:35.454Z</Time><Position><LatitudeDegrees>60.089046</LatitudeDegrees><LongitudeDegrees>18.740269</LongitudeDegrees></Position><AltitudeMeters>16.074</AltitudeMeters><HeartRateBpm><Value>75</Value></HeartRateBpm></Trackpoint><Trackpoint><Time>2026-05-02T08:36:36.462Z</Time><Position><LatitudeDegrees>60.08907</LatitudeDegrees><LongitudeDegrees>18.740307</LongitudeDegrees></Position><AltitudeMeters>16.168</AltitudeMeters><HeartRateBpm><Value>74</Value></HeartRateBpm></Trackpoint><Trackpoint><Time>2026-05-02T08:36:37.468Z</Time><Position><LatitudeDegrees>60.0891</LatitudeDegrees><LongitudeDegrees>18.74035</LongitudeDegrees></Position><AltitudeMeters>16.23</AltitudeMeters><HeartRateBpm><Value>73</Value></HeartRateBpm></Trackpoint><Trackpoint><Time>2026-05-02T08:36:38.477Z</Time><Position><LatitudeDegrees>60.089127</LatitudeDegrees><LongitudeDegrees>18.740398</LongitudeDegrees></Position><AltitudeMeters>16.151</AltitudeMeters><HeartRateBpm><Value>73</Value></HeartRateBpm></Trackpoint><Trackpoint><Time>2026-05-02T08:36:39.486Z</Time><Position><LatitudeDegrees>60.089153</LatitudeDegrees><LongitudeDegrees>18.740448</LongitudeDegrees></Position><AltitudeMeters>15.931</AltitudeMeters><HeartRateBpm><Value>72</Value></HeartRateBpm></Trackpoint><Trackpoint><Time>2026-05-02T08:36:40.495Z</Time><Position><LatitudeDegrees>60.089176</LatitudeDegrees><LongitudeDegrees>18.740505</LongitudeDegrees></Position><AltitudeMeters>15.726</AltitudeMeters><HeartRateBpm><Value>72</Value></HeartRateBpm></Trackpoint><Trackpoint><Time>2026-05-02T08:36:41.503Z</Time><Position><LatitudeDegrees>60.089195</LatitudeDegrees><LongitudeDegrees>18.740568</LongitudeDegrees></Position><AltitudeMeters>15.535</AltitudeMeters><HeartRateBpm><Value>72</Value></HeartRateBpm></Trackpoint><Trackpoint><Time>2026-05-02T08:36:42.511Z</Time><Position><LatitudeDegrees>60.08921</LatitudeDegrees><LongitudeDegrees>18.740637</LongitudeDegrees></Position><AltitudeMeters>15.376</AltitudeMeters><HeartRateBpm><Value>72</Value></HeartRateBpm></Trackpoint><Trackpoint><Time>2026-05-02T08:36:43.513Z</Time><Position><LatitudeDegrees>60.089226</LatitudeDegrees><LongitudeDegrees>18.740717</LongitudeDegrees></Position><AltitudeMeters>15.265</AltitudeMeters><HeartRateBpm><Value>71</Value></HeartRateBpm></Trackpoint><Trackpoint><Time>2026-05-02T08:36:44.515Z</Time><Position><LatitudeDegrees>60.08924</LatitudeDegrees><LongitudeDegrees>18.7408</LongitudeDegrees></Position><AltitudeMeters>15.201</AltitudeMeters><HeartRateBpm><Value>72</Value></HeartRateBpm></Trackpoint><Trackpoint><Time>2026-05-02T08:36:45.516Z</Time><Position><LatitudeDegrees>60.089256</LatitudeDegrees><LongitudeDegrees>18.740889</LongitudeDegrees></Position><AltitudeMeters>15.13</AltitudeMeters><HeartRateBpm><Value>73</Value></HeartRateBpm></Trackpoint><Trackpoint><Time>2026-05-02T08:36:46.520Z</Time><Position><LatitudeDegrees>60.08927</LatitudeDegrees><LongitudeDegrees>18.740974</LongitudeDegrees></Position><AltitudeMeters>15.074</AltitudeMeters><HeartRateBpm><Value>73</Value></HeartRateBpm></Trackpoint><Trackpoint><Time>2026-05-02T08:36:47.527Z</Time><Position><LatitudeDegrees>60.089287</LatitudeDegrees><LongitudeDegrees>18.741062</LongitudeDegrees></Position><AltitudeMeters>14.921</AltitudeMeters><HeartRateBpm><Value>74</Value></HeartRateBpm></Trackpoint><Trackpoint><Time>2026-05-02T08:36:48.535Z</Time><Position><LatitudeDegrees>60.089302</LatitudeDegrees><LongitudeDegrees>18.74115</LongitudeDegrees></Position><AltitudeMeters>14.708</AltitudeMeters><HeartRateBpm><Value>75</Value></HeartRateBpm></Trackpoint><Trackpoint><Time>2026-05-02T08:36:49.545Z</Time><Position><LatitudeDegrees>60.08932</LatitudeDegrees><LongitudeDegrees>18.74124</LongitudeDegrees></Position><AltitudeMeters>14.708</AltitudeMeters><HeartRateBpm><Value>76</Value></HeartRateBpm></Trackpoint><Trackpoint><Time>2026-05-02T08:36:50.553Z</Time><Position><LatitudeDegrees>60.089336</LatitudeDegrees><LongitudeDegrees>18.74133</LongitudeDegrees></Position><AltitudeMeters>14.624</AltitudeMeters><HeartRateBpm><Value>77</Value></HeartRateBpm></Trackpoint><Trackpoint><Time>2026-05-02T08:36:51.562Z</Time><Position><LatitudeDegrees>60.089355</LatitudeDegrees><LongitudeDegrees>18.74142</LongitudeDegrees></Position><AltitudeMeters>14.656</AltitudeMeters><HeartRateBpm><Value>79</Value></HeartRateBpm></Trackpoint><Trackpoint><Time>2026-05-02T08:36:52.569Z</Time><Position><LatitudeDegrees>60.089375</LatitudeDegrees><LongitudeDegrees>18.741514</LongitudeDegrees></Position><AltitudeMeters>14.969</AltitudeMeters><HeartRateBpm><Value>80</Value></HeartRateBpm></Trackpoint><Trackpoint><Time>2026-05-02T08:36:53.577Z</Time><Position><LatitudeDegrees>60.0894</LatitudeDegrees><LongitudeDegrees>18.741592</LongitudeDegrees></Position><AltitudeMeters>15.093</AltitudeMeters><HeartRateBpm><Value>81</Value></HeartRateBpm></Trackpoint><Trackpoint><Time>2026-05-02T08:36:54.587Z</Time><Position><LatitudeDegrees>60.08943</LatitudeDegrees><LongitudeDegrees>18.741673</LongitudeDegrees></Position><AltitudeMeters>15.033</AltitudeMeters><HeartRateBpm><Value>81</Value></HeartRateBpm></Trackpoint><Trackpoint><Time>2026-05-02T08:36:55.596Z</Time><Position><LatitudeDegrees>60.089466</LatitudeDegrees><LongitudeDegrees>18.741755</LongitudeDegrees></Position><AltitudeMeters>15.049</AltitudeMeters><HeartRateBpm><Value>80</Value></HeartRateBpm></Trackpoint><Trackpoint><Time>2026-05-02T08:36:56.605Z</Time><Position><LatitudeDegrees>60.089493</LatitudeDegrees><LongitudeDegrees>18.741829</LongitudeDegrees></Position><AltitudeMeters>14.892</AltitudeMeters><HeartRateBpm><Value>79</Value></HeartRateBpm></Trackpoint><Trackpoint><Time>2026-05-02T08:36:57.613Z</Time><Position><LatitudeDegrees>60.08952</LatitudeDegrees><LongitudeDegrees>18.741898</LongitudeDegrees></Position><AltitudeMeters>14.739</AltitudeMeters><HeartRateBpm><Value>78</Value></HeartRateBpm></Trackpoint><Trackpoint><Time>2026-05-02T08:36:58.622Z</Time><Position><LatitudeDegrees>60.08955</LatitudeDegrees><LongitudeDegrees>18.741966</LongitudeDegrees></Position><AltitudeMeters>14.6</AltitudeMeters><HeartRateBpm><Value>78</Value></HeartRateBpm></Trackpoint><Trackpoint><Time>2026-05-02T08:36:59.629Z</Time><Position><LatitudeDegrees>60.089584</LatitudeDegrees><LongitudeDegrees>18.742033</LongitudeDegrees></Position><AltitudeMeters>14.398</AltitudeMeters><HeartRateBpm><Value>78</Value></HeartRateBpm></Trackpoint><Trackpoint><Time>2026-05-02T08:37:00.637Z</Time><Position><LatitudeDegrees>60.089615</LatitudeDegrees><LongitudeDegrees>18.7421</LongitudeDegrees></Position><AltitudeMeters>14.379</AltitudeMeters><HeartRateBpm><Value>78</Value></HeartRateBpm></Trackpoint><Trackpoint><Time>2026-05-02T08:37:01.644Z</Time><Position><LatitudeDegrees>60.089653</LatitudeDegrees><LongitudeDegrees>18.742167</LongitudeDegrees></Position><AltitudeMeters>14.453</AltitudeMeters><HeartRateBpm><Value>78</Value></HeartRateBpm></Trackpoint><Trackpoint><Time>2026-05-02T08:37:02.652Z</Time><Position><LatitudeDegrees>60.08969</LatitudeDegrees><LongitudeDegrees>18.742228</LongitudeDegrees></Position><AltitudeMeters>14.25</AltitudeMeters><HeartRateBpm><Value>79</Value></HeartRateBpm></Trackpoint><Trackpoint><Time>2026-05-02T08:37:03.661Z</Time><Position><LatitudeDegrees>60.08973</LatitudeDegrees><LongitudeDegrees>18.742292</LongitudeDegrees></Position><AltitudeMeters>14.005</AltitudeMeters><HeartRateBpm><Value>78</Value></HeartRateBpm></Trackpoint><Trackpoint><Time>2026-05-02T08:37:04.668Z</Time><Position><LatitudeDegrees>60.089764</LatitudeDegrees><LongitudeDegrees>18.742352</LongitudeDegrees></Position><AltitudeMeters>13.923</AltitudeMeters><HeartRateBpm><Value>79</Value></HeartRateBpm></Trackpoint><Trackpoint><Time>2026-05-02T08:37:05.675Z</Time><Position><LatitudeDegrees>60.0898</LatitudeDegrees><LongitudeDegrees>18.74241</LongitudeDegrees></Position><AltitudeMeters>13.839</AltitudeMeters><HeartRateBpm><Value>78</Value></HeartRateBpm></Trackpoint><Trackpoint><Time>2026-05-02T08:37:06.682Z</Time><Position><LatitudeDegrees>60.089836</LatitudeDegrees><LongitudeDegrees>18.742468</LongitudeDegrees></Position><AltitudeMeters>13.914</AltitudeMeters><HeartRateBpm><Value>78</Value></HeartRateBpm></Trackpoint><Trackpoint><Time>2026-05-02T08:37:07.691Z</Time><Position><LatitudeDegrees>60.08987</LatitudeDegrees><LongitudeDegrees>18.742527</LongitudeDegrees></Position><AltitudeMeters>13.951</AltitudeMeters><HeartRateBpm><Value>78</Value></HeartRateBpm></Trackpoint><Trackpoint><Time>2026-05-02T08:37:08.699Z</Time><Position><LatitudeDegrees>60.08991</LatitudeDegrees><LongitudeDegrees>18.742586</LongitudeDegrees></Position><AltitudeMeters>13.928</AltitudeMeters><HeartRateBpm><Value>77</Value></HeartRateBpm></Trackpoint><Trackpoint><Time>2026-05-02T08:37:09.710Z</Time><Position><LatitudeDegrees>60.089943</LatitudeDegrees><LongitudeDegrees>18.742653</LongitudeDegrees></Position><AltitudeMeters>14.117</AltitudeMeters><HeartRateBpm><Value>78</Value></HeartRateBpm></Trackpoint><Trackpoint><Time>2026-05-02T08:37:10.718Z</Time><Position><LatitudeDegrees>60.08998</LatitudeDegrees><LongitudeDegrees>18.742718</LongitudeDegrees></Position><AltitudeMeters>14.332</AltitudeMeters><HeartRateBpm><Value>78</Value></HeartRateBpm></Trackpoint><Trackpoint><Time>2026-05-02T08:37:11.726Z</Time><Position><LatitudeDegrees>60.090015</LatitudeDegrees><LongitudeDegrees>18.742783</LongitudeDegrees></Position><AltitudeMeters>14.486</AltitudeMeters><HeartRateBpm><Value>79</Value></HeartRateBpm></Trackpoint><Trackpoint><Time>2026-05-02T08:37:12.735Z</Time><Position><LatitudeDegrees>60.090042</LatitudeDegrees><LongitudeDegrees>18.74285</LongitudeDegrees></Position><AltitudeMeters>14.769</AltitudeMeters><HeartRateBpm><Value>80</Value></HeartRateBpm></Trackpoint><Trackpoint><Time>2026-05-02T08:37:13.743Z</Time><Position><LatitudeDegrees>60.090073</LatitudeDegrees><LongitudeDegrees>18.742918</LongitudeDegrees></Position><AltitudeMeters>15.018</AltitudeMeters><HeartRateBpm><Value>81</Value></HeartRateBpm></Trackpoint><Trackpoint><Time>2026-05-02T08:37:14.752Z</Time><Position><LatitudeDegrees>60.0901</LatitudeDegrees><LongitudeDegrees>18.742989</LongitudeDegrees></Position><AltitudeMeters>15.223</AltitudeMeters><HeartRateBpm><Value>81</Value></HeartRateBpm></Trackpoint><Trackpoint><Time>2026-05-02T08:37:15.761Z</Time><Position><LatitudeDegrees>60.090126</LatitudeDegrees><LongitudeDegrees>18.743055</LongitudeDegrees></Position><AltitudeMeters>15.63</AltitudeMeters><HeartRateBpm><Value>81</Value></HeartRateBpm></Trackpoint><Trackpoint><Time>2026-05-02T08:37:16.770Z</Time><Position><LatitudeDegrees>60.090153</LatitudeDegrees><LongitudeDegrees>18.743118</LongitudeDegrees></Position><AltitudeMeters>15.942</AltitudeMeters><HeartRateBpm><Value>81</Value></HeartRateBpm></Trackpoint><Trackpoint><Time>2026-05-02T08:37:17.777Z</Time><Position><LatitudeDegrees>60.09018</LatitudeDegrees><LongitudeDegrees>18.743189</LongitudeDegrees></Position><AltitudeMeters>16.388</AltitudeMeters><HeartRateBpm><Value>82</Value></HeartRateBpm></Trackpoint><Trackpoint><Time>2026-05-02T08:37:18.786Z</Time><Position><LatitudeDegrees>60.090206</LatitudeDegrees><LongitudeDegrees>18.743252</LongitudeDegrees></Position><AltitudeMeters>16.64</AltitudeMeters><HeartRateBpm><Value>83</Value></HeartRateBpm></Trackpoint><Trackpoint><Time>2026-05-02T08:37:19.794Z</Time><Position><LatitudeDegrees>60.09023</LatitudeDegrees><LongitudeDegrees>18.74331</LongitudeDegrees></Position><AltitudeMeters>16.83</AltitudeMeters><HeartRateBpm><Value>84</Value></HeartRateBpm></Trackpoint><Trackpoint><Time>2026-05-02T08:37:20.803Z</Time><Position><LatitudeDegrees>60.090256</LatitudeDegrees><LongitudeDegrees>18.743372</LongitudeDegrees></Position><AltitudeMeters>16.98</AltitudeMeters><HeartRateBpm><Value>85</Value></HeartRateBpm></Trackpoint><Trackpoint><Time>2026-05-02T08:37:21.811Z</Time><Position><LatitudeDegrees>60.09028</LatitudeDegrees><LongitudeDegrees>18.74341</LongitudeDegrees></Position><AltitudeMeters>17.131</AltitudeMeters><HeartRateBpm><Value>85</Value></HeartRateBpm></Trackpoint><Trackpoint><Time>2026-05-02T08:37:22.818Z</Time><Position><LatitudeDegrees>60.090305</LatitudeDegrees><LongitudeDegrees>18.743443</LongitudeDegrees></Position><AltitudeMeters>17.194</AltitudeMeters><HeartRateBpm><Value>86</Value></HeartRateBpm></Trackpoint><Trackpoint><Time>2026-05-02T08:37:23.828Z</Time><Position><LatitudeDegrees>60.090332</LatitudeDegrees><LongitudeDegrees>18.743473</LongitudeDegrees></Position><AltitudeMeters>17.193</AltitudeMeters><HeartRateBpm><Value>86</Value></HeartRateBpm></Trackpoint><Trackpoint><Time>2026-05-02T08:37:24.836Z</Time><Position><LatitudeDegrees>60.090363</LatitudeDegrees><LongitudeDegrees>18.743494</LongitudeDegrees></Position><AltitudeMeters>17.264</AltitudeMeters><HeartRateBpm><Value>86</Value></HeartRateBpm></Trackpoint><Trackpoint><Time>2026-05-02T08:37:25.845Z</Time><Position><LatitudeDegrees>60.09039</LatitudeDegrees><LongitudeDegrees>18.743517</LongitudeDegrees></Position><AltitudeMeters>17.373</AltitudeMeters><HeartRateBpm><Value>86</Value></HeartRateBpm></Trackpoint><Trackpoint><Time>2026-05-02T08:37:26.853Z</Time><Position><LatitudeDegrees>60.09042</LatitudeDegrees><LongitudeDegrees>18.743536</LongitudeDegrees></Position><AltitudeMeters>17.457</AltitudeMeters><HeartRateBpm><Value>86</Value></HeartRateBpm></Trackpoint><Trackpoint><Time>2026-05-02T08:37:27.862Z</Time><Position><LatitudeDegrees>60.09045</LatitudeDegrees><LongitudeDegrees>18.743547</LongitudeDegrees></Position><AltitudeMeters>17.502</AltitudeMeters><HeartRateBpm><Value>85</Value></HeartRateBpm></Trackpoint><Trackpoint><Time>2026-05-02T08:37:28.871Z</Time><Position><LatitudeDegrees>60.09048</LatitudeDegrees><LongitudeDegrees>18.743553</LongitudeDegrees></Position><AltitudeMeters>17.628</AltitudeMeters><HeartRateBpm><Value>84</Value></HeartRateBpm></Trackpoint><Trackpoint><Time>2026-05-02T08:37:29.878Z</Time><Position><LatitudeDegrees>60.09051</LatitudeDegrees><LongitudeDegrees>18.743557</LongitudeDegrees></Position><AltitudeMeters>17.879</AltitudeMeters><HeartRateBpm><Value>83</Value></HeartRateBpm></Trackpoint><Trackpoint><Time>2026-05-02T08:37:30.888Z</Time><Position><LatitudeDegrees>60.09054</LatitudeDegrees><LongitudeDegrees>18.743559</LongitudeDegrees></Position><AltitudeMeters>18.028</AltitudeMeters><HeartRateBpm><Value>83</Value></HeartRateBpm></Trackpoint><Trackpoint><Time>2026-05-02T08:37:31.896Z</Time><Position><LatitudeDegrees>60.090572</LatitudeDegrees><LongitudeDegrees>18.74356</LongitudeDegrees></Position><AltitudeMeters>18.098</AltitudeMeters><HeartRateBpm><Value>83</Value></HeartRateBpm></Trackpoint><Trackpoint><Time>2026-05-02T08:37:32.905Z</Time><Position><LatitudeDegrees>60.090607</LatitudeDegrees><LongitudeDegrees>18.743565</LongitudeDegrees></Position><AltitudeMeters>18.151</AltitudeMeters><HeartRateBpm><Value>83</Value></HeartRateBpm></Trackpoint><Trackpoint><Time>2026-05-02T08:37:33.913Z</Time><Position><LatitudeDegrees>60.090637</LatitudeDegrees><LongitudeDegrees>18.743568</LongitudeDegrees></Position><AltitudeMeters>18.192</AltitudeMeters><HeartRateBpm><Value>83</Value></HeartRateBpm></Trackpoint><Trackpoint><Time>2026-05-02T08:37:34.922Z</Time><Position><LatitudeDegrees>60.090664</LatitudeDegrees><LongitudeDegrees>18.743574</LongitudeDegrees></Position><AltitudeMeters>18.274</AltitudeMeters><HeartRateBpm><Value>83</Value></HeartRateBpm></Trackpoint><Trackpoint><Time>2026-05-02T08:37:35.927Z</Time><Position><LatitudeDegrees>60.09069</LatitudeDegrees><LongitudeDegrees>18.743582</LongitudeDegrees></Position><AltitudeMeters>18.477</AltitudeMeters><HeartRateBpm><Value>83</Value></HeartRateBpm></Trackpoint><Trackpoint><Time>2026-05-02T08:37:36.936Z</Time><Position><LatitudeDegrees>60.09072</LatitudeDegrees><LongitudeDegrees>18.74359</LongitudeDegrees></Position><AltitudeMeters>18.679</AltitudeMeters><HeartRateBpm><Value>83</Value></HeartRateBpm></Trackpoint><Trackpoint><Time>2026-05-02T08:37:37.944Z</Time><Position><LatitudeDegrees>60.09075</LatitudeDegrees><LongitudeDegrees>18.743595</LongitudeDegrees></Position><AltitudeMeters>18.686</AltitudeMeters><HeartRateBpm><Value>84</Value></HeartRateBpm></Trackpoint><Trackpoint><Time>2026-05-02T08:37:38.952Z</Time><Position><LatitudeDegrees>60.090786</LatitudeDegrees><LongitudeDegrees>18.743597</LongitudeDegrees></Position><AltitudeMeters>18.479</AltitudeMeters><HeartRateBpm><Value>84</Value></HeartRateBpm></Trackpoint><Trackpoint><Time>2026-05-02T08:37:39.958Z</Time><Position><LatitudeDegrees>60.090828</LatitudeDegrees><LongitudeDegrees>18.743593</LongitudeDegrees></Position><AltitudeMeters>18.356</AltitudeMeters><HeartRateBpm><Value>84</Value></HeartRateBpm></Trackpoint><Trackpoint><Time>2026-05-02T08:37:40.967Z</Time><Position><LatitudeDegrees>60.090866</LatitudeDegrees><LongitudeDegrees>18.743586</LongitudeDegrees></Position><AltitudeMeters>18.295</AltitudeMeters><HeartRateBpm><Value>83</Value></HeartRateBpm></Trackpoint><Trackpoint><Time>2026-05-02T08:37:41.975Z</Time><Position><LatitudeDegrees>60.0909</LatitudeDegrees><LongitudeDegrees>18.743572</LongitudeDegrees></Position><AltitudeMeters>18.32</AltitudeMeters><HeartRateBpm><Value>83</Value></HeartRateBpm></Trackpoint><Trackpoint><Time>2026-05-02T08:37:42.983Z</Time><Position><LatitudeDegrees>60.09093</LatitudeDegrees><LongitudeDegrees>18.743557</LongitudeDegrees></Position><AltitudeMeters>18.183</AltitudeMeters><HeartRateBpm><Value>84</Value></HeartRateBpm></Trackpoint><Trackpoint><Time>2026-05-02T08:37:43.992Z</Time><Position><LatitudeDegrees>60.090958</LatitudeDegrees><LongitudeDegrees>18.743532</LongitudeDegrees></Position><AltitudeMeters>18.059</AltitudeMeters><HeartRateBpm><Value>85</Value></HeartRateBpm></Trackpoint><Trackpoint><Time>2026-05-02T08:37:45.002Z</Time><Position><LatitudeDegrees>60.090984</LatitudeDegrees><LongitudeDegrees>18.743496</LongitudeDegrees></Position><AltitudeMeters>18.064</AltitudeMeters><HeartRateBpm><Value>85</Value></HeartRateBpm></Trackpoint><Trackpoint><Time>2026-05-02T08:37:46.007Z</Time><Position><LatitudeDegrees>60.091015</LatitudeDegrees><LongitudeDegrees>18.74346</LongitudeDegrees></Position><AltitudeMeters>17.939</AltitudeMeters><HeartRateBpm><Value>86</Value></HeartRateBpm></Trackpoint><Trackpoint><Time>2026-05-02T08:37:47.015Z</Time><Position><LatitudeDegrees>60.09104</LatitudeDegrees><LongitudeDegrees>18.743423</LongitudeDegrees></Position><AltitudeMeters>17.964</AltitudeMeters><HeartRateBpm><Value>86</Value></HeartRateBpm></Trackpoint><Trackpoint><Time>2026-05-02T08:37:48.023Z</Time><Position><LatitudeDegrees>60.091072</LatitudeDegrees><LongitudeDegrees>18.743391</LongitudeDegrees></Position><AltitudeMeters>17.923</AltitudeMeters><HeartRateBpm><Value>85</Value></HeartRateBpm></Trackpoint><Trackpoint><Time>2026-05-02T08:37:49.033Z</Time><Position><LatitudeDegrees>60.091103</LatitudeDegrees><LongitudeDegrees>18.743359</LongitudeDegrees></Position><AltitudeMeters>18.153</AltitudeMeters><HeartRateBpm><Value>85</Value></HeartRateBpm></Trackpoint><Trackpoint><Time>2026-05-02T08:37:50.040Z</Time><Position><LatitudeDegrees>60.091133</LatitudeDegrees><LongitudeDegrees>18.743324</LongitudeDegrees></Position><AltitudeMeters>18.422</AltitudeMeters><HeartRateBpm><Value>84</Value></HeartRateBpm></Trackpoint><Trackpoint><Time>2026-05-02T08:37:51.048Z</Time><Position><LatitudeDegrees>60.091164</LatitudeDegrees><LongitudeDegrees>18.74329</LongitudeDegrees></Position><AltitudeMeters>18.653</AltitudeMeters><HeartRateBpm><Value>83</Value></HeartRateBpm></Trackpoint><Trackpoint><Time>2026-05-02T08:37:52.057Z</Time><Position><LatitudeDegrees>60.091194</LatitudeDegrees><LongitudeDegrees>18.743254</LongitudeDegrees></Position><AltitudeMeters>18.848</AltitudeMeters><HeartRateBpm><Value>83</Value></HeartRateBpm></Trackpoint><Trackpoint><Time>2026-05-02T08:37:53.066Z</Time><Position><LatitudeDegrees>60.091225</LatitudeDegrees><LongitudeDegrees>18.743212</LongitudeDegrees></Position><AltitudeMeters>18.923</AltitudeMeters><HeartRateBpm><Value>84</Value></HeartRateBpm></Trackpoint><Trackpoint><Time>2026-05-02T08:37:54.075Z</Time><Position><LatitudeDegrees>60.091255</LatitudeDegrees><LongitudeDegrees>18.743168</LongitudeDegrees></Position><AltitudeMeters>18.901</AltitudeMeters><HeartRateBpm><Value>84</Value></HeartRateBpm></Trackpoint><Trackpoint><Time>2026-05-02T08:37:55.083Z</Time><Position><LatitudeDegrees>60.091286</LatitudeDegrees><LongitudeDegrees>18.74313</LongitudeDegrees></Position><AltitudeMeters>18.83</AltitudeMeters><HeartRateBpm><Value>85</Value></HeartRateBpm></Trackpoint><Trackpoint><Time>2026-05-02T08:37:56.091Z</Time><Position><LatitudeDegrees>60.091316</LatitudeDegrees><LongitudeDegrees>18.74308</LongitudeDegrees></Position><AltitudeMeters>18.577</AltitudeMeters><HeartRateBpm><Value>86</Value></HeartRateBpm></Trackpoint><Trackpoint><Time>2026-05-02T08:37:57.098Z</Time><Position><LatitudeDegrees>60.091343</LatitudeDegrees><LongitudeDegrees>18.743038</LongitudeDegrees></Position><AltitudeMeters>18.267</AltitudeMeters><HeartRateBpm><Value>86</Value></HeartRateBpm></Trackpoint><Trackpoint><Time>2026-05-02T08:37:58.108Z</Time><Position><LatitudeDegrees>60.091373</LatitudeDegrees><LongitudeDegrees>18.742992</LongitudeDegrees></Position><AltitudeMeters>17.982</AltitudeMeters><HeartRateBpm><Value>87</Value></HeartRateBpm></Trackpoint><Trackpoint><Time>2026-05-02T08:37:59.117Z</Time><Position><LatitudeDegrees>60.091408</LatitudeDegrees><LongitudeDegrees>18.742939</LongitudeDegrees></Position><AltitudeMeters>17.702</AltitudeMeters><HeartRateBpm><Value>87</Value></HeartRateBpm></Trackpoint><Trackpoint><Time>2026-05-02T08:38:00.124Z</Time><Position><LatitudeDegrees>60.09144</LatitudeDegrees><LongitudeDegrees>18.742887</LongitudeDegrees></Position><AltitudeMeters>17.611</AltitudeMeters><HeartRateBpm><Value>87</Value></HeartRateBpm></Trackpoint><Trackpoint><Time>2026-05-02T08:38:01.133Z</Time><Position><LatitudeDegrees>60.091473</LatitudeDegrees><LongitudeDegrees>18.742834</LongitudeDegrees></Position><AltitudeMeters>17.475</AltitudeMeters><HeartRateBpm><Value>86</Value></HeartRateBpm></Trackpoint><Trackpoint><Time>2026-05-02T08:38:02.138Z</Time><Position><LatitudeDegrees>60.091507</LatitudeDegrees><LongitudeDegrees>18.74278</LongitudeDegrees></Position><AltitudeMeters>17.205</AltitudeMeters><HeartRateBpm><Value>86</Value></HeartRateBpm></Trackpoint><Trackpoint><Time>2026-05-02T08:38:03.146Z</Time><Position><LatitudeDegrees>60.09154</LatitudeDegrees><LongitudeDegrees>18.742725</LongitudeDegrees></Position><AltitudeMeters>16.868</AltitudeMeters><HeartRateBpm><Value>85</Value></HeartRateBpm></Trackpoint><Trackpoint><Time>2026-05-02T08:38:04.155Z</Time><Position><LatitudeDegrees>60.09158</LatitudeDegrees><LongitudeDegrees>18.74267</LongitudeDegrees></Position><AltitudeMeters>16.506</AltitudeMeters><HeartRateBpm><Value>85</Value></HeartRateBpm></Trackpoint><Trackpoint><Time>2026-05-02T08:38:05.163Z</Time><Position><LatitudeDegrees>60.091618</LatitudeDegrees><LongitudeDegrees>18.742617</LongitudeDegrees></Position><AltitudeMeters>16.285</AltitudeMeters><HeartRateBpm><Value>85</Value></HeartRateBpm></Trackpoint><Trackpoint><Time>2026-05-02T08:38:06.171Z</Time><Position><LatitudeDegrees>60.09166</LatitudeDegrees><LongitudeDegrees>18.742561</LongitudeDegrees></Position><AltitudeMeters>15.926</AltitudeMeters><HeartRateBpm><Value>85</Value></HeartRateBpm></Trackpoint><Trackpoint><Time>2026-05-02T08:38:07.179Z</Time><Position><LatitudeDegrees>60.091698</LatitudeDegrees><LongitudeDegrees>18.742506</LongitudeDegrees></Position><AltitudeMeters>15.741</AltitudeMeters><HeartRateBpm><Value>85</Value></HeartRateBpm></Trackpoint><Trackpoint><Time>2026-05-02T08:38:08.181Z</Time><Position><LatitudeDegrees>60.09174</LatitudeDegrees><LongitudeDegrees>18.742447</LongitudeDegrees></Position><AltitudeMeters>15.571</AltitudeMeters><HeartRateBpm><Value>85</Value></HeartRateBpm></Trackpoint><Trackpoint><Time>2026-05-02T08:38:09.190Z</Time><Position><LatitudeDegrees>60.091793</LatitudeDegrees><LongitudeDegrees>18.742384</LongitudeDegrees></Position><AltitudeMeters>15.522</AltitudeMeters><HeartRateBpm><Value>85</Value></HeartRateBpm></Trackpoint><Trackpoint><Time>2026-05-02T08:38:10.197Z</Time><Position><LatitudeDegrees>60.091843</LatitudeDegrees><LongitudeDegrees>18.742321</LongitudeDegrees></Position><AltitudeMeters>15.474</AltitudeMeters><HeartRateBpm><Value>86</Value></HeartRateBpm></Trackpoint><Trackpoint><Time>2026-05-02T08:38:11.206Z</Time><Position><LatitudeDegrees>60.091892</LatitudeDegrees><LongitudeDegrees>18.74226</LongitudeDegrees></Position><AltitudeMeters>15.308</AltitudeMeters><HeartRateBpm><Value>87</Value></HeartRateBpm></Trackpoint><Trackpoint><Time>2026-05-02T08:38:12.214Z</Time><Position><LatitudeDegrees>60.091946</LatitudeDegrees><LongitudeDegrees>18.742203</LongitudeDegrees></Position><AltitudeMeters>15.093</AltitudeMeters><HeartRateBpm><Value>88</Value></HeartRateBpm></Trackpoint><Trackpoint><Time>2026-05-02T08:38:13.222Z</Time><Position><LatitudeDegrees>60.092003</LatitudeDegrees><LongitudeDegrees>18.742146</LongitudeDegrees></Position><AltitudeMeters>14.942</AltitudeMeters><HeartRateBpm><Value>89</Value></HeartRateBpm></Trackpoint><Trackpoint><Time>2026-05-02T08:38:14.229Z</Time><Position><LatitudeDegrees>60.092064</LatitudeDegrees><LongitudeDegrees>18.74209</LongitudeDegrees></Position><AltitudeMeters>14.76</AltitudeMeters><HeartRateBpm><Value>88</Value></HeartRateBpm></Trackpoint><Trackpoint><Time>2026-05-02T08:38:15.239Z</Time><Position><LatitudeDegrees>60.09212</LatitudeDegrees><LongitudeDegrees>18.742065</LongitudeDegrees></Position><AltitudeMeters>14.616</AltitudeMeters><HeartRateBpm><Value>87</Value></HeartRateBpm></Trackpoint><Trackpoint><Time>2026-05-02T08:38:16.246Z</Time><Position><LatitudeDegrees>60.092186</LatitudeDegrees><LongitudeDegrees>18.74205</LongitudeDegrees></Position><AltitudeMeters>14.576</AltitudeMeters><HeartRateBpm><Value>87</Value></HeartRateBpm></Trackpoint><Trackpoint><Time>2026-05-02T08:38:17.255Z</Time><Position><LatitudeDegrees>60.092255</LatitudeDegrees><LongitudeDegrees>18.742035</LongitudeDegrees></Position><AltitudeMeters>14.416</AltitudeMeters><HeartRateBpm><Value>87</Value></HeartRateBpm></Trackpoint><Trackpoint><Time>2026-05-02T08:38:18.264Z</Time><Position><LatitudeDegrees>60.092323</LatitudeDegrees><LongitudeDegrees>18.742023</LongitudeDegrees></Position><AltitudeMeters>14.172</AltitudeMeters><HeartRateBpm><Value>87</Value></HeartRateBpm></Trackpoint><Trackpoint><Time>2026-05-02T08:38:19.273Z</Time><Position><LatitudeDegrees>60.092392</LatitudeDegrees><LongitudeDegrees>18.742018</LongitudeDegrees></Position><AltitudeMeters>13.961</AltitudeMeters><HeartRateBpm><Value>86</Value></HeartRateBpm></Trackpoint><Trackpoint><Time>2026-05-02T08:38:20.282Z</Time><Position><LatitudeDegrees>60.092457</LatitudeDegrees><LongitudeDegrees>18.742018</LongitudeDegrees></Position><AltitudeMeters>13.751</AltitudeMeters><HeartRateBpm><Value>86</Value></HeartRateBpm></Trackpoint><Trackpoint><Time>2026-05-02T08:38:21.291Z</Time><Position><LatitudeDegrees>60.09253</LatitudeDegrees><LongitudeDegrees>18.742023</LongitudeDegrees></Position><AltitudeMeters>13.582</AltitudeMeters><HeartRateBpm><Value>86</Value></HeartRateBpm></Trackpoint><Trackpoint><Time>2026-05-02T08:38:22.298Z</Time><Position><LatitudeDegrees>60.092606</LatitudeDegrees><LongitudeDegrees>18.742039</LongitudeDegrees></Position><AltitudeMeters>13.568</AltitudeMeters><HeartRateBpm><Value>85</Value></HeartRateBpm></Trackpoint><Trackpoint><Time>2026-05-02T08:38:23.307Z</Time><Position><LatitudeDegrees>60.09268</LatitudeDegrees><LongitudeDegrees>18.742088</LongitudeDegrees></Position><AltitudeMeters>13.653</AltitudeMeters><HeartRateBpm><Value>85</Value></HeartRateBpm></Trackpoint><Trackpoint><Time>2026-05-02T08:38:24.316Z</Time><Position><LatitudeDegrees>60.09275</LatitudeDegrees><LongitudeDegrees>18.74215</LongitudeDegrees></Position><AltitudeMeters>13.562</AltitudeMeters><HeartRateBpm><Value>86</Value></HeartRateBpm></Trackpoint><Trackpoint><Time>2026-05-02T08:38:25.325Z</Time><Position><LatitudeDegrees>60.092804</LatitudeDegrees><LongitudeDegrees>18.742222</LongitudeDegrees></Position><AltitudeMeters>13.335</AltitudeMeters><HeartRateBpm><Value>86</Value></HeartRateBpm></Trackpoint><Trackpoint><Time>2026-05-02T08:38:26.334Z</Time><Position><LatitudeDegrees>60.09285</LatitudeDegrees><LongitudeDegrees>18.742304</LongitudeDegrees></Position><AltitudeMeters>13.393</AltitudeMeters><HeartRateBpm><Value>88</Value></HeartRateBpm></Trackpoint><Trackpoint><Time>2026-05-02T08:38:27.344Z</Time><Position><LatitudeDegrees>60.092896</LatitudeDegrees><LongitudeDegrees>18.742373</LongitudeDegrees></Position><AltitudeMeters>13.336</AltitudeMeters><HeartRateBpm><Value>93</Value></HeartRateBpm></Trackpoint><Trackpoint><Time>2026-05-02T08:38:28.352Z</Time><Position><LatitudeDegrees>60.09294</LatitudeDegrees><LongitudeDegrees>18.74244</LongitudeDegrees></Position><AltitudeMeters>13.275</AltitudeMeters><HeartRateBpm><Value>98</Value></HeartRateBpm></Trackpoint><Trackpoint><Time>2026-05-02T08:38:29.361Z</Time><Position><LatitudeDegrees>60.092995</LatitudeDegrees><LongitudeDegrees>18.742504</LongitudeDegrees></Position><AltitudeMeters>13.185</AltitudeMeters><HeartRateBpm><Value>103</Value></HeartRateBpm></Trackpoint><Trackpoint><Time>2026-05-02T08:38:30.368Z</Time><Position><LatitudeDegrees>60.09305</LatitudeDegrees><LongitudeDegrees>18.74257</LongitudeDegrees></Position><AltitudeMeters>12.884</AltitudeMeters><HeartRateBpm><Value>108</Value></HeartRateBpm></Trackpoint><Trackpoint><Time>2026-05-02T08:38:31.376Z</Time><Position><LatitudeDegrees>60.09311</LatitudeDegrees><LongitudeDegrees>18.742638</LongitudeDegrees></Position><AltitudeMeters>12.367</AltitudeMeters><HeartRateBpm><Value>112</Value></HeartRateBpm></Trackpoint><Trackpoint><Time>2026-05-02T08:38:32.384Z</Time><Position><LatitudeDegrees>60.09317</LatitudeDegrees><LongitudeDegrees>18.742704</LongitudeDegrees></Position><AltitudeMeters>11.907</AltitudeMeters><HeartRateBpm><Value>114</Value></HeartRateBpm></Trackpoint><Trackpoint><Time>2026-05-02T08:38:33.393Z</Time><Position><LatitudeDegrees>60.09323</LatitudeDegrees><LongitudeDegrees>18.742764</LongitudeDegrees></Position><AltitudeMeters>11.754</AltitudeMeters><HeartRateBpm><Value>117</Value></HeartRateBpm></Trackpoint><Trackpoint><Time>2026-05-02T08:38:34.402Z</Time><Position><LatitudeDegrees>60.093292</LatitudeDegrees><LongitudeDegrees>18.74282</LongitudeDegrees></Position><AltitudeMeters>11.711</AltitudeMeters><HeartRateBpm><Value>118</Value></HeartRateBpm></Trackpoint><Trackpoint><Time>2026-05-02T08:38:35.409Z</Time><Position><LatitudeDegrees>60.09335</LatitudeDegrees><LongitudeDegrees>18.742855</LongitudeDegrees></Position><AltitudeMeters>11.411</AltitudeMeters><HeartRateBpm><Value>120</Value></HeartRateBpm></Trackpoint><Trackpoint><Time>2026-05-02T08:38:36.417Z</Time><Position><LatitudeDegrees>60.093414</LatitudeDegrees><LongitudeDegrees>18.742874</LongitudeDegrees></Position><AltitudeMeters>11.312</AltitudeMeters><HeartRateBpm><Value>121</Value></HeartRateBpm></Trackpoint><Trackpoint><Time>2026-05-02T08:38:37.426Z</Time><Position><LatitudeDegrees>60.09349</LatitudeDegrees><LongitudeDegrees>18.74288</LongitudeDegrees></Position><AltitudeMeters>11.381</AltitudeMeters><HeartRateBpm><Value>121</Value></HeartRateBpm></Trackpoint><Trackpoint><Time>2026-05-02T08:38:38.434Z</Time><Position><LatitudeDegrees>60.093563</LatitudeDegrees><LongitudeDegrees>18.742887</LongitudeDegrees></Position><AltitudeMeters>11.384</AltitudeMeters><HeartRateBpm><Value>121</Value></HeartRateBpm></Trackpoint><Trackpoint><Time>2026-05-02T08:38:39.443Z</Time><Position><LatitudeDegrees>60.093628</LatitudeDegrees><LongitudeDegrees>18.742899</LongitudeDegrees></Position><AltitudeMeters>11.617</AltitudeMeters><HeartRateBpm><Value>121</Value></HeartRateBpm></Trackpoint><Trackpoint><Time>2026-05-02T08:38:40.452Z</Time><Position><LatitudeDegrees>60.09368</LatitudeDegrees><LongitudeDegrees>18.742908</LongitudeDegrees></Position><AltitudeMeters>11.585</AltitudeMeters><HeartRateBpm><Value>122</Value></HeartRateBpm></Trackpoint><Trackpoint><Time>2026-05-02T08:38:41.461Z</Time><Position><LatitudeDegrees>60.09373</LatitudeDegrees><LongitudeDegrees>18.742916</LongitudeDegrees></Position><AltitudeMeters>11.333</AltitudeMeters><HeartRateBpm><Value>123</Value></HeartRateBpm></Trackpoint><Trackpoint><Time>2026-05-02T08:38:42.469Z</Time><Position><LatitudeDegrees>60.09378</LatitudeDegrees><LongitudeDegrees>18.742922</LongitudeDegrees></Position><AltitudeMeters>11.089</AltitudeMeters><HeartRateBpm><Value>123</Value></HeartRateBpm></Trackpoint><Trackpoint><Time>2026-05-02T08:38:43.477Z</Time><Position><LatitudeDegrees>60.093834</LatitudeDegrees><LongitudeDegrees>18.742931</LongitudeDegrees></Position><AltitudeMeters>10.778</AltitudeMeters><HeartRateBpm><Value>122</Value></HeartRateBpm></Trackpoint><Trackpoint><Time>2026-05-02T08:38:44.485Z</Time><Position><LatitudeDegrees>60.0939</LatitudeDegrees><LongitudeDegrees>18.742947</LongitudeDegrees></Position><AltitudeMeters>10.504</AltitudeMeters><HeartRateBpm><Value>123</Value></HeartRateBpm></Trackpoint><Trackpoint><Time>2026-05-02T08:38:45.494Z</Time><Position><LatitudeDegrees>60.093964</LatitudeDegrees><LongitudeDegrees>18.742964</LongitudeDegrees></Position><AltitudeMeters>10.26</AltitudeMeters><HeartRateBpm><Value>123</Value></HeartRateBpm></Trackpoint><Trackpoint><Time>2026-05-02T08:38:46.502Z</Time><Position><LatitudeDegrees>60.09403</LatitudeDegrees><LongitudeDegrees>18.742989</LongitudeDegrees></Position><AltitudeMeters>10.038</AltitudeMeters><HeartRateBpm><Value>123</Value></HeartRateBpm></Trackpoint><Trackpoint><Time>2026-05-02T08:38:47.509Z</Time><Position><LatitudeDegrees>60.094093</LatitudeDegrees><LongitudeDegrees>18.743011</LongitudeDegrees></Position><AltitudeMeters>9.815</AltitudeMeters><HeartRateBpm><Value>123</Value></HeartRateBpm></Trackpoint><Trackpoint><Time>2026-05-02T08:38:48.520Z</Time><Position><LatitudeDegrees>60.094162</LatitudeDegrees><LongitudeDegrees>18.74304</LongitudeDegrees></Position><AltitudeMeters>9.489</AltitudeMeters><HeartRateBpm><Value>123</Value></HeartRateBpm></Trackpoint><Trackpoint><Time>2026-05-02T08:38:49.527Z</Time><Position><LatitudeDegrees>60.094227</LatitudeDegrees><LongitudeDegrees>18.74307</LongitudeDegrees></Position><AltitudeMeters>9.056</AltitudeMeters><HeartRateBpm><Value>123</Value></HeartRateBpm></Trackpoint><Trackpoint><Time>2026-05-02T08:38:50.536Z</Time><Position><LatitudeDegrees>60.09429</LatitudeDegrees><LongitudeDegrees>18.743105</LongitudeDegrees></Position><AltitudeMeters>8.561</AltitudeMeters><HeartRateBpm><Value>122</Value></HeartRateBpm></Trackpoint><Trackpoint><Time>2026-05-02T08:38:51.545Z</Time><Position><LatitudeDegrees>60.094357</LatitudeDegrees><LongitudeDegrees>18.743135</LongitudeDegrees></Position><AltitudeMeters>7.984</AltitudeMeters><HeartRateBpm><Value>122</Value></HeartRateBpm></Trackpoint><Trackpoint><Time>2026-05-02T08:38:52.554Z</Time><Position><LatitudeDegrees>60.094425</LatitudeDegrees><LongitudeDegrees>18.743156</LongitudeDegrees></Position><AltitudeMeters>7.602</AltitudeMeters><HeartRateBpm><Value>121</Value></HeartRateBpm></Trackpoint><Trackpoint><Time>2026-05-02T08:38:53.563Z</Time><Position><LatitudeDegrees>60.094494</LatitudeDegrees><LongitudeDegrees>18.743187</LongitudeDegrees></Position><AltitudeMeters>7.501</AltitudeMeters><HeartRateBpm><Value>121</Value></HeartRateBpm></Trackpoint><Trackpoint><Time>2026-05-02T08:38:54.572Z</Time><Position><LatitudeDegrees>60.09456</LatitudeDegrees><LongitudeDegrees>18.743223</LongitudeDegrees></Position><AltitudeMeters>7.68</AltitudeMeters><HeartRateBpm><Value>120</Value></HeartRateBpm></Trackpoint><Trackpoint><Time>2026-05-02T08:38:55.582Z</Time><Position><LatitudeDegrees>60.094624</LatitudeDegrees><LongitudeDegrees>18.743261</LongitudeDegrees></Position><AltitudeMeters>7.987</AltitudeMeters><HeartRateBpm><Value>120</Value></HeartRateBpm></Trackpoint><Trackpoint><Time>2026-05-02T08:38:56.591Z</Time><Position><LatitudeDegrees>60.09469</LatitudeDegrees><LongitudeDegrees>18.743298</LongitudeDegrees></Position><AltitudeMeters>7.993</AltitudeMeters><HeartRateBpm><Value>119</Value></HeartRateBpm></Trackpoint><Trackpoint><Time>2026-05-02T08:38:57.598Z</Time><Position><LatitudeDegrees>60.094753</LatitudeDegrees><LongitudeDegrees>18.743334</LongitudeDegrees></Position><AltitudeMeters>7.643</AltitudeMeters><HeartRateBpm><Value>119</Value></HeartRateBpm></Trackpoint><Trackpoint><Time>2026-05-02T08:38:58.605Z</Time><Position><LatitudeDegrees>60.09482</LatitudeDegrees><LongitudeDegrees>18.74337</LongitudeDegrees></Position><AltitudeMeters>7.34</AltitudeMeters><HeartRateBpm><Value>119</Value></HeartRateBpm></Trackpoint><Trackpoint><Time>2026-05-02T08:38:59.614Z</Time><Position><LatitudeDegrees>60.094883</LatitudeDegrees><LongitudeDegrees>18.74341</LongitudeDegrees></Position><AltitudeMeters>6.878</AltitudeMeters><HeartRateBpm><Value>119</Value></HeartRateBpm></Trackpoint><Trackpoint><Time>2026-05-02T08:39:00.623Z</Time><Position><LatitudeDegrees>60.094955</LatitudeDegrees><LongitudeDegrees>18.74346</LongitudeDegrees></Position><AltitudeMeters>6.401</AltitudeMeters><HeartRateBpm><Value>118</Value></HeartRateBpm></Trackpoint><Trackpoint><Time>2026-05-02T08:39:01.624Z</Time><Position><LatitudeDegrees>60.095016</LatitudeDegrees><LongitudeDegrees>18.743528</LongitudeDegrees></Position><AltitudeMeters>6.32</AltitudeMeters><HeartRateBpm><Value>117</Value></HeartRateBpm></Trackpoint><Trackpoint><Time>2026-05-02T08:39:02.623Z</Time><Position><LatitudeDegrees>60.09508</LatitudeDegrees><LongitudeDegrees>18.743591</LongitudeDegrees></Position><AltitudeMeters>6.217</AltitudeMeters><HeartRateBpm><Value>116</Value></HeartRateBpm></Trackpoint><Trackpoint><Time>2026-05-02T08:39:03.622Z</Time><Position><LatitudeDegrees>60.095135</LatitudeDegrees><LongitudeDegrees>18.743645</LongitudeDegrees></Position><AltitudeMeters>6.321</AltitudeMeters><HeartRateBpm><Value>116</Value></HeartRateBpm></Trackpoint><Trackpoint><Time>2026-05-02T08:39:04.622Z</Time><Position><LatitudeDegrees>60.095196</LatitudeDegrees><LongitudeDegrees>18.743681</LongitudeDegrees></Position><AltitudeMeters>6.768</AltitudeMeters><HeartRateBpm><Value>117</Value></HeartRateBpm></Trackpoint><Trackpoint><Time>2026-05-02T08:39:05.621Z</Time><Position><LatitudeDegrees>60.09526</LatitudeDegrees><LongitudeDegrees>18.743723</LongitudeDegrees></Position><AltitudeMeters>6.787</AltitudeMeters><HeartRateBpm><Value>117</Value></HeartRateBpm></Trackpoint><Trackpoint><Time>2026-05-02T08:39:06.623Z</Time><Position><LatitudeDegrees>60.095318</LatitudeDegrees><LongitudeDegrees>18.743776</LongitudeDegrees></Position><AltitudeMeters>6.527</AltitudeMeters><HeartRateBpm><Value>117</Value></HeartRateBpm></Trackpoint><Trackpoint><Time>2026-05-02T08:39:07.621Z</Time><Position><LatitudeDegrees>60.09537</LatitudeDegrees><LongitudeDegrees>18.743841</LongitudeDegrees></Position><AltitudeMeters>6.082</AltitudeMeters><HeartRateBpm><Value>117</Value></HeartRateBpm></Trackpoint><Trackpoint><Time>2026-05-02T08:39:08.620Z</Time><Position><LatitudeDegrees>60.09542</LatitudeDegrees><LongitudeDegrees>18.74391</LongitudeDegrees></Position><AltitudeMeters>5.67</AltitudeMeters><HeartRateBpm><Value>117</Value></HeartRateBpm></Trackpoint><Trackpoint><Time>2026-05-02T08:39:09.620Z</Time><Position><LatitudeDegrees>60.095478</LatitudeDegrees><LongitudeDegrees>18.74398</LongitudeDegrees></Position><AltitudeMeters>5.64</AltitudeMeters><HeartRateBpm><Value>117</Value></HeartRateBpm></Trackpoint><Trackpoint><Time>2026-05-02T08:39:10.622Z</Time><Position><LatitudeDegrees>60.095543</LatitudeDegrees><LongitudeDegrees>18.744043</LongitudeDegrees></Position><AltitudeMeters>5.527</AltitudeMeters><HeartRateBpm><Value>117</Value></HeartRateBpm></Trackpoint><Trackpoint><Time>2026-05-02T08:39:11.620Z</Time><Position><LatitudeDegrees>60.095604</LatitudeDegrees><LongitudeDegrees>18.744112</LongitudeDegrees></Position><AltitudeMeters>5.353</AltitudeMeters><HeartRateBpm><Value>117</Value></HeartRateBpm></Trackpoint><Trackpoint><Time>2026-05-02T08:39:12.620Z</Time><Position><LatitudeDegrees>60.095654</LatitudeDegrees><LongitudeDegrees>18.744207</LongitudeDegrees></Position><AltitudeMeters>5.212</AltitudeMeters><HeartRateBpm><Value>117</Value></HeartRateBpm></Trackpoint><Trackpoint><Time>2026-05-02T08:39:13.620Z</Time><Position><LatitudeDegrees>60.0957</LatitudeDegrees><LongitudeDegrees>18.7443</LongitudeDegrees></Position><AltitudeMeters>4.909</AltitudeMeters><HeartRateBpm><Value>117</Value></HeartRateBpm></Trackpoint><Trackpoint><Time>2026-05-02T08:39:14.619Z</Time><Position><LatitudeDegrees>60.095745</LatitudeDegrees><LongitudeDegrees>18.744385</LongitudeDegrees></Position><AltitudeMeters>4.486</AltitudeMeters><HeartRateBpm><Value>117</Value></HeartRateBpm></Trackpoint><Trackpoint><Time>2026-05-02T08:39:15.619Z</Time><Position><LatitudeDegrees>60.09579</LatitudeDegrees><LongitudeDegrees>18.74446</LongitudeDegrees></Position><AltitudeMeters>4.509</AltitudeMeters><HeartRateBpm><Value>117</Value></HeartRateBpm></Trackpoint><Trackpoint><Time>2026-05-02T08:39:16.620Z</Time><Position><LatitudeDegrees>60.095837</LatitudeDegrees><LongitudeDegrees>18.744528</LongitudeDegrees></Position><AltitudeMeters>4.166</AltitudeMeters><HeartRateBpm><Value>117</Value></HeartRateBpm></Trackpoint><Trackpoint><Time>2026-05-02T08:39:17.621Z</Time><Position><LatitudeDegrees>60.095886</LatitudeDegrees><LongitudeDegrees>18.744598</LongitudeDegrees></Position><AltitudeMeters>3.895</AltitudeMeters><HeartRateBpm><Value>117</Value></HeartRateBpm></Trackpoint><Trackpoint><Time>2026-05-02T08:39:18.621Z</Time><Position><LatitudeDegrees>60.095932</LatitudeDegrees><LongitudeDegrees>18.744652</LongitudeDegrees></Position><AltitudeMeters>3.709</AltitudeMeters><HeartRateBpm><Value>117</Value></HeartRateBpm></Trackpoint><Trackpoint><Time>2026-05-02T08:39:19.628Z</Time><Position><LatitudeDegrees>60.095974</LatitudeDegrees><LongitudeDegrees>18.744686</LongitudeDegrees></Position><AltitudeMeters>3.727</AltitudeMeters><HeartRateBpm><Value>117</Value></HeartRateBpm></Trackpoint><Trackpoint><Time>2026-05-02T08:39:20.637Z</Time><Position><LatitudeDegrees>60.09602</LatitudeDegrees><LongitudeDegrees>18.744715</LongitudeDegrees></Position><AltitudeMeters>3.78</AltitudeMeters><HeartRateBpm><Value>117</Value></HeartRateBpm></Trackpoint><Trackpoint><Time>2026-05-02T08:39:21.645Z</Time><Position><LatitudeDegrees>60.09606</LatitudeDegrees><LongitudeDegrees>18.744741</LongitudeDegrees></Position><AltitudeMeters>3.891</AltitudeMeters><HeartRateBpm><Value>117</Value></HeartRateBpm></Trackpoint><Trackpoint><Time>2026-05-02T08:39:22.655Z</Time><Position><LatitudeDegrees>60.096104</LatitudeDegrees><LongitudeDegrees>18.744768</LongitudeDegrees></Position><AltitudeMeters>4.05</AltitudeMeters><HeartRateBpm><Value>117</Value></HeartRateBpm></Trackpoint><Trackpoint><Time>2026-05-02T08:39:23.663Z</Time><Position><LatitudeDegrees>60.096138</LatitudeDegrees><LongitudeDegrees>18.744799</LongitudeDegrees></Position><AltitudeMeters>4.132</AltitudeMeters><HeartRateBpm><Value>117</Value></HeartRateBpm></Trackpoint><Trackpoint><Time>2026-05-02T08:39:24.672Z</Time><Position><LatitudeDegrees>60.096172</LatitudeDegrees><LongitudeDegrees>18.744833</LongitudeDegrees></Position><AltitudeMeters>4.018</AltitudeMeters><HeartRateBpm><Value>117</Value></HeartRateBpm></Trackpoint><Trackpoint><Time>2026-05-02T08:39:25.680Z</Time><Position><LatitudeDegrees>60.0962</LatitudeDegrees><LongitudeDegrees>18.744873</LongitudeDegrees></Position><AltitudeMeters>3.926</AltitudeMeters><HeartRateBpm><Value>116</Value></HeartRateBpm></Trackpoint><Trackpoint><Time>2026-05-02T08:39:26.688Z</Time><Position><LatitudeDegrees>60.09622</LatitudeDegrees><LongitudeDegrees>18.744917</LongitudeDegrees></Position><AltitudeMeters>3.778</AltitudeMeters><HeartRateBpm><Value>116</Value></HeartRateBpm></Trackpoint><Trackpoint><Time>2026-05-02T08:39:27.696Z</Time><Position><LatitudeDegrees>60.096233</LatitudeDegrees><LongitudeDegrees>18.74496</LongitudeDegrees></Position><AltitudeMeters>3.67</AltitudeMeters><HeartRateBpm><Value>116</Value></HeartRateBpm></Trackpoint><Trackpoint><Time>2026-05-02T08:39:28.705Z</Time><Position><LatitudeDegrees>60.096237</LatitudeDegrees><LongitudeDegrees>18.745007</LongitudeDegrees></Position><AltitudeMeters>3.593</AltitudeMeters><HeartRateBpm><Value>115</Value></HeartRateBpm></Trackpoint><Trackpoint><Time>2026-05-02T08:39:29.713Z</Time><Position><LatitudeDegrees>60.09624</LatitudeDegrees><LongitudeDegrees>18.74505</LongitudeDegrees></Position><AltitudeMeters>3.496</AltitudeMeters><HeartRateBpm><Value>115</Value></HeartRateBpm></Trackpoint><Trackpoint><Time>2026-05-02T08:39:30.722Z</Time><Position><LatitudeDegrees>60.096237</LatitudeDegrees><LongitudeDegrees>18.745094</LongitudeDegrees></Position><AltitudeMeters>3.421</AltitudeMeters><HeartRateBpm><Value>114</Value></HeartRateBpm></Trackpoint><Trackpoint><Time>2026-05-02T08:39:31.732Z</Time><Position><LatitudeDegrees>60.096233</LatitudeDegrees><LongitudeDegrees>18.74514</LongitudeDegrees></Position><AltitudeMeters>3.399</AltitudeMeters><HeartRateBpm><Value>114</Value></HeartRateBpm></Trackpoint><Trackpoint><Time>2026-05-02T08:39:32.738Z</Time><Position><LatitudeDegrees>60.09623</LatitudeDegrees><LongitudeDegrees>18.745192</LongitudeDegrees></Position><AltitudeMeters>3.212</AltitudeMeters><HeartRateBpm><Value>113</Value></HeartRateBpm></Trackpoint><Trackpoint><Time>2026-05-02T08:39:33.747Z</Time><Position><LatitudeDegrees>60.096222</LatitudeDegrees><LongitudeDegrees>18.745247</LongitudeDegrees></Position><AltitudeMeters>3.157</AltitudeMeters><HeartRateBpm><Value>113</Value></HeartRateBpm></Trackpoint><Trackpoint><Time>2026-05-02T08:39:34.756Z</Time><Position><LatitudeDegrees>60.096214</LatitudeDegrees><LongitudeDegrees>18.745312</LongitudeDegrees></Position><AltitudeMeters>3.017</AltitudeMeters><HeartRateBpm><Value>113</Value></HeartRateBpm></Trackpoint><Trackpoint><Time>2026-05-02T08:39:35.763Z</Time><Position><LatitudeDegrees>60.096207</LatitudeDegrees><LongitudeDegrees>18.745382</LongitudeDegrees></Position><AltitudeMeters>3.014</AltitudeMeters><HeartRateBpm><Value>114</Value></HeartRateBpm></Trackpoint><Trackpoint><Time>2026-05-02T08:39:36.772Z</Time><Position><LatitudeDegrees>60.096203</LatitudeDegrees><LongitudeDegrees>18.745457</LongitudeDegrees></Position><AltitudeMeters>3.011</AltitudeMeters><HeartRateBpm><Value>114</Value></HeartRateBpm></Trackpoint><Trackpoint><Time>2026-05-02T08:39:37.778Z</Time><Position><LatitudeDegrees>60.0962</LatitudeDegrees><LongitudeDegrees>18.745543</LongitudeDegrees></Position><AltitudeMeters>2.946</AltitudeMeters><HeartRateBpm><Value>114</Value></HeartRateBpm></Trackpoint><Trackpoint><Time>2026-05-02T08:39:38.785Z</Time><Position><LatitudeDegrees>60.09619</LatitudeDegrees><LongitudeDegrees>18.745625</LongitudeDegrees></Position><AltitudeMeters>2.588</AltitudeMeters><HeartRateBpm><Value>114</Value></HeartRateBpm></Trackpoint><Trackpoint><Time>2026-05-02T08:39:39.794Z</Time><Position><LatitudeDegrees>60.096188</LatitudeDegrees><LongitudeDegrees>18.745708</LongitudeDegrees></Position><AltitudeMeters>2.164</AltitudeMeters><HeartRateBpm><Value>114</Value></HeartRateBpm></Trackpoint><Trackpoint><Time>2026-05-02T08:39:40.802Z</Time><Position><LatitudeDegrees>60.096188</LatitudeDegrees><LongitudeDegrees>18.74578</LongitudeDegrees></Position><AltitudeMeters>1.917</AltitudeMeters><HeartRateBpm><Value>114</Value></HeartRateBpm></Trackpoint><Trackpoint><Time>2026-05-02T08:39:41.809Z</Time><Position><LatitudeDegrees>60.096184</LatitudeDegrees><LongitudeDegrees>18.745852</LongitudeDegrees></Position><AltitudeMeters>1.887</AltitudeMeters><HeartRateBpm><Value>114</Value></HeartRateBpm></Trackpoint><Trackpoint><Time>2026-05-02T08:39:42.816Z</Time><Position><LatitudeDegrees>60.096184</LatitudeDegrees><LongitudeDegrees>18.745916</LongitudeDegrees></Position><AltitudeMeters>1.853</AltitudeMeters><HeartRateBpm><Value>115</Value></HeartRateBpm></Trackpoint><Trackpoint><Time>2026-05-02T08:39:43.825Z</Time><Position><LatitudeDegrees>60.09618</LatitudeDegrees><LongitudeDegrees>18.74598</LongitudeDegrees></Position><AltitudeMeters>1.673</AltitudeMeters><HeartRateBpm><Value>115</Value></HeartRateBpm></Trackpoint><Trackpoint><Time>2026-05-02T08:39:44.834Z</Time><Position><LatitudeDegrees>60.09618</LatitudeDegrees><LongitudeDegrees>18.746042</LongitudeDegrees></Position><AltitudeMeters>1.618</AltitudeMeters><HeartRateBpm><Value>115</Value></HeartRateBpm></Trackpoint><Trackpoint><Time>2026-05-02T08:39:45.843Z</Time><Position><LatitudeDegrees>60.096176</LatitudeDegrees><LongitudeDegrees>18.746103</LongitudeDegrees></Position><AltitudeMeters>1.545</AltitudeMeters><HeartRateBpm><Value>115</Value></HeartRateBpm></Trackpoint><Trackpoint><Time>2026-05-02T08:39:46.852Z</Time><Position><LatitudeDegrees>60.096172</LatitudeDegrees><LongitudeDegrees>18.746164</LongitudeDegrees></Position><AltitudeMeters>1.502</AltitudeMeters><HeartRateBpm><Value>115</Value></HeartRateBpm></Trackpoint><Trackpoint><Time>2026-05-02T08:39:47.861Z</Time><Position><LatitudeDegrees>60.09617</LatitudeDegrees><LongitudeDegrees>18.746225</LongitudeDegrees></Position><AltitudeMeters>1.483</AltitudeMeters><HeartRateBpm><Value>115</Value></HeartRateBpm></Trackpoint><Trackpoint><Time>2026-05-02T08:39:48.868Z</Time><Position><LatitudeDegrees>60.09617</LatitudeDegrees><LongitudeDegrees>18.74629</LongitudeDegrees></Position><AltitudeMeters>1.461</AltitudeMeters><HeartRateBpm><Value>116</Value></HeartRateBpm></Trackpoint><Trackpoint><Time>2026-05-02T08:39:49.877Z</Time><Position><LatitudeDegrees>60.096165</LatitudeDegrees><LongitudeDegrees>18.746351</LongitudeDegrees></Position><AltitudeMeters>1.545</AltitudeMeters><HeartRateBpm><Value>116</Value></HeartRateBpm></Trackpoint><Trackpoint><Time>2026-05-02T08:39:50.886Z</Time><Position><LatitudeDegrees>60.096165</LatitudeDegrees><LongitudeDegrees>18.746414</LongitudeDegrees></Position><AltitudeMeters>1.52</AltitudeMeters><HeartRateBpm><Value>116</Value></HeartRateBpm></Trackpoint><Trackpoint><Time>2026-05-02T08:39:51.895Z</Time><Position><LatitudeDegrees>60.09616</LatitudeDegrees><LongitudeDegrees>18.746477</LongitudeDegrees></Position><AltitudeMeters>1.341</AltitudeMeters><HeartRateBpm><Value>116</Value></HeartRateBpm></Trackpoint><Trackpoint><Time>2026-05-02T08:39:52.903Z</Time><Position><LatitudeDegrees>60.096157</LatitudeDegrees><LongitudeDegrees>18.74654</LongitudeDegrees></Position><AltitudeMeters>1.214</AltitudeMeters><HeartRateBpm><Value>116</Value></HeartRateBpm></Trackpoint><Trackpoint><Time>2026-05-02T08:39:53.912Z</Time><Position><LatitudeDegrees>60.096157</LatitudeDegrees><LongitudeDegrees>18.746603</LongitudeDegrees></Position><AltitudeMeters>0.969</AltitudeMeters><HeartRateBpm><Value>116</Value></HeartRateBpm></Trackpoint><Trackpoint><Time>2026-05-02T08:39:54.918Z</Time><Position><LatitudeDegrees>60.096153</LatitudeDegrees><LongitudeDegrees>18.746666</LongitudeDegrees></Position><AltitudeMeters>0.729</AltitudeMeters><HeartRateBpm><Value>117</Value></HeartRateBpm></Trackpoint><Trackpoint><Time>2026-05-02T08:39:55.927Z</Time><Position><LatitudeDegrees>60.096153</LatitudeDegrees><LongitudeDegrees>18.74673</LongitudeDegrees></Position><AltitudeMeters>0.658</AltitudeMeters><HeartRateBpm><Value>117</Value></HeartRateBpm></Trackpoint><Trackpoint><Time>2026-05-02T08:39:56.934Z</Time><Position><LatitudeDegrees>60.096153</LatitudeDegrees><LongitudeDegrees>18.746794</LongitudeDegrees></Position><AltitudeMeters>0.743</AltitudeMeters><HeartRateBpm><Value>116</Value></HeartRateBpm></Trackpoint><Trackpoint><Time>2026-05-02T08:39:57.942Z</Time><Position><LatitudeDegrees>60.09615</LatitudeDegrees><LongitudeDegrees>18.74686</LongitudeDegrees></Position><AltitudeMeters>0.782</AltitudeMeters><HeartRateBpm><Value>116</Value></HeartRateBpm></Trackpoint><Trackpoint><Time>2026-05-02T08:39:58.952Z</Time><Position><LatitudeDegrees>60.09615</LatitudeDegrees><LongitudeDegrees>18.746925</LongitudeDegrees></Position><AltitudeMeters>0.806</AltitudeMeters><HeartRateBpm><Value>115</Value></HeartRateBpm></Trackpoint><Trackpoint><Time>2026-05-02T08:39:59.958Z</Time><Position><LatitudeDegrees>60.096146</LatitudeDegrees><LongitudeDegrees>18.74699</LongitudeDegrees></Position><AltitudeMeters>0.881</AltitudeMeters><HeartRateBpm><Value>115</Value></HeartRateBpm></Trackpoint><Trackpoint><Time>2026-05-02T08:40:00.966Z</Time><Position><LatitudeDegrees>60.09614</LatitudeDegrees><LongitudeDegrees>18.747057</LongitudeDegrees></Position><AltitudeMeters>0.842</AltitudeMeters><HeartRateBpm><Value>115</Value></HeartRateBpm></Trackpoint><Trackpoint><Time>2026-05-02T08:40:01.975Z</Time><Position><LatitudeDegrees>60.09614</LatitudeDegrees><LongitudeDegrees>18.74712</LongitudeDegrees></Position><AltitudeMeters>0.868</AltitudeMeters><HeartRateBpm><Value>115</Value></HeartRateBpm></Trackpoint><Trackpoint><Time>2026-05-02T08:40:02.983Z</Time><Position><LatitudeDegrees>60.096138</LatitudeDegrees><LongitudeDegrees>18.747192</LongitudeDegrees></Position><AltitudeMeters>0.932</AltitudeMeters><HeartRateBpm><Value>115</Value></HeartRateBpm></Trackpoint><Trackpoint><Time>2026-05-02T08:40:03.986Z</Time><Position><LatitudeDegrees>60.096138</LatitudeDegrees><LongitudeDegrees>18.74726</LongitudeDegrees></Position><AltitudeMeters>0.858</AltitudeMeters><HeartRateBpm><Value>115</Value></HeartRateBpm></Trackpoint><Trackpoint><Time>2026-05-02T08:40:04.995Z</Time><Position><LatitudeDegrees>60.096134</LatitudeDegrees><LongitudeDegrees>18.747326</LongitudeDegrees></Position><AltitudeMeters>0.9</AltitudeMeters><HeartRateBpm><Value>116</Value></HeartRateBpm></Trackpoint><Trackpoint><Time>2026-05-02T08:40:06.003Z</Time><Position><LatitudeDegrees>60.09613</LatitudeDegrees><LongitudeDegrees>18.7474</LongitudeDegrees></Position><AltitudeMeters>0.98</AltitudeMeters><HeartRateBpm><Value>116</Value></HeartRateBpm></Trackpoint><Trackpoint><Time>2026-05-02T08:40:07.012Z</Time><Position><LatitudeDegrees>60.096127</LatitudeDegrees><LongitudeDegrees>18.74747</LongitudeDegrees></Position><AltitudeMeters>0.969</AltitudeMeters><HeartRateBpm><Value>115</Value></HeartRateBpm></Trackpoint><Trackpoint><Time>2026-05-02T08:40:08.019Z</Time><Position><LatitudeDegrees>60.096127</LatitudeDegrees><LongitudeDegrees>18.747543</LongitudeDegrees></Position><AltitudeMeters>1.011</AltitudeMeters><HeartRateBpm><Value>115</Value></HeartRateBpm></Trackpoint><Trackpoint><Time>2026-05-02T08:40:09.028Z</Time><Position><LatitudeDegrees>60.096123</LatitudeDegrees><LongitudeDegrees>18.747622</LongitudeDegrees></Position><AltitudeMeters>1.029</AltitudeMeters><HeartRateBpm><Value>115</Value></HeartRateBpm></Trackpoint><Trackpoint><Time>2026-05-02T08:40:10.036Z</Time><Position><LatitudeDegrees>60.09612</LatitudeDegrees><LongitudeDegrees>18.747696</LongitudeDegrees></Position><AltitudeMeters>0.986</AltitudeMeters><HeartRateBpm><Value>115</Value></HeartRateBpm></Trackpoint><Trackpoint><Time>2026-05-02T08:40:11.044Z</Time><Position><LatitudeDegrees>60.09612</LatitudeDegrees><LongitudeDegrees>18.747774</LongitudeDegrees></Position><AltitudeMeters>0.951</AltitudeMeters><HeartRateBpm><Value>116</Value></HeartRateBpm></Trackpoint><Trackpoint><Time>2026-05-02T08:40:12.052Z</Time><Position><LatitudeDegrees>60.096115</LatitudeDegrees><LongitudeDegrees>18.747852</LongitudeDegrees></Position><AltitudeMeters>0.968</AltitudeMeters><HeartRateBpm><Value>116</Value></HeartRateBpm></Trackpoint><Trackpoint><Time>2026-05-02T08:40:13.062Z</Time><Position><LatitudeDegrees>60.096115</LatitudeDegrees><LongitudeDegrees>18.747932</LongitudeDegrees></Position><AltitudeMeters>0.812</AltitudeMeters><HeartRateBpm><Value>116</Value></HeartRateBpm></Trackpoint><Trackpoint><Time>2026-05-02T08:40:14.068Z</Time><Position><LatitudeDegrees>60.09611</LatitudeDegrees><LongitudeDegrees>18.748014</LongitudeDegrees></Position><AltitudeMeters>0.655</AltitudeMeters><HeartRateBpm><Value>117</Value></HeartRateBpm></Trackpoint><Trackpoint><Time>2026-05-02T08:40:15.077Z</Time><Position><LatitudeDegrees>60.09611</LatitudeDegrees><LongitudeDegrees>18.748095</LongitudeDegrees></Position><AltitudeMeters>0.729</AltitudeMeters><HeartRateBpm><Value>118</Value></HeartRateBpm></Trackpoint><Trackpoint><Time>2026-05-02T08:40:16.086Z</Time><Position><LatitudeDegrees>60.096107</LatitudeDegrees><LongitudeDegrees>18.748177</LongitudeDegrees></Position><AltitudeMeters>0.868</AltitudeMeters><HeartRateBpm><Value>118</Value></HeartRateBpm></Trackpoint><Trackpoint><Time>2026-05-02T08:40:17.094Z</Time><Position><LatitudeDegrees>60.096104</LatitudeDegrees><LongitudeDegrees>18.748259</LongitudeDegrees></Position><AltitudeMeters>1.137</AltitudeMeters><HeartRateBpm><Value>119</Value></HeartRateBpm></Trackpoint><Trackpoint><Time>2026-05-02T08:40:18.103Z</Time><Position><LatitudeDegrees>60.0961</LatitudeDegrees><LongitudeDegrees>18.748346</LongitudeDegrees></Position><AltitudeMeters>1.282</AltitudeMeters><HeartRateBpm><Value>119</Value></HeartRateBpm></Trackpoint><Trackpoint><Time>2026-05-02T08:40:19.113Z</Time><Position><LatitudeDegrees>60.096096</LatitudeDegrees><LongitudeDegrees>18.748432</LongitudeDegrees></Position><AltitudeMeters>1.101</AltitudeMeters><HeartRateBpm><Value>119</Value></HeartRateBpm></Trackpoint><Trackpoint><Time>2026-05-02T08:40:20.120Z</Time><Position><LatitudeDegrees>60.096096</LatitudeDegrees><LongitudeDegrees>18.74852</LongitudeDegrees></Position><AltitudeMeters>0.906</AltitudeMeters><HeartRateBpm><Value>119</Value></HeartRateBpm></Trackpoint><Trackpoint><Time>2026-05-02T08:40:21.128Z</Time><Position><LatitudeDegrees>60.096092</LatitudeDegrees><LongitudeDegrees>18.74861</LongitudeDegrees></Position><AltitudeMeters>0.877</AltitudeMeters><HeartRateBpm><Value>118</Value></HeartRateBpm></Trackpoint><Trackpoint><Time>2026-05-02T08:40:22.136Z</Time><Position><LatitudeDegrees>60.096092</LatitudeDegrees><LongitudeDegrees>18.748697</LongitudeDegrees></Position><AltitudeMeters>0.744</AltitudeMeters><HeartRateBpm><Value>118</Value></HeartRateBpm></Trackpoint><Trackpoint><Time>2026-05-02T08:40:23.145Z</Time><Position><LatitudeDegrees>60.096092</LatitudeDegrees><LongitudeDegrees>18.748795</LongitudeDegrees></Position><AltitudeMeters>0.634</AltitudeMeters><HeartRateBpm><Value>118</Value></HeartRateBpm></Trackpoint><Trackpoint><Time>2026-05-02T08:40:24.153Z</Time><Position><LatitudeDegrees>60.096092</LatitudeDegrees><LongitudeDegrees>18.748888</LongitudeDegrees></Position><AltitudeMeters>0.536</AltitudeMeters><HeartRateBpm><Value>118</Value></HeartRateBpm></Trackpoint><Trackpoint><Time>2026-05-02T08:40:25.162Z</Time><Position><LatitudeDegrees>60.09609</LatitudeDegrees><LongitudeDegrees>18.748985</LongitudeDegrees></Position><AltitudeMeters>0.593</AltitudeMeters><HeartRateBpm><Value>119</Value></HeartRateBpm></Trackpoint><Trackpoint><Time>2026-05-02T08:40:26.171Z</Time><Position><LatitudeDegrees>60.096085</LatitudeDegrees><LongitudeDegrees>18.749094</LongitudeDegrees></Position><AltitudeMeters>0.33</AltitudeMeters><HeartRateBpm><Value>119</Value></HeartRateBpm></Trackpoint><Trackpoint><Time>2026-05-02T08:40:27.178Z</Time><Position><LatitudeDegrees>60.096085</LatitudeDegrees><LongitudeDegrees>18.749203</LongitudeDegrees></Position><AltitudeMeters>-0.076</AltitudeMeters><HeartRateBpm><Value>120</Value></HeartRateBpm></Trackpoint><Trackpoint><Time>2026-05-02T08:40:28.186Z</Time><Position><LatitudeDegrees>60.09608</LatitudeDegrees><LongitudeDegrees>18.749306</LongitudeDegrees></Position><AltitudeMeters>-0.378</AltitudeMeters><HeartRateBpm><Value>120</Value></HeartRateBpm></Trackpoint><Trackpoint><Time>2026-05-02T08:40:29.196Z</Time><Position><LatitudeDegrees>60.096077</LatitudeDegrees><LongitudeDegrees>18.749405</LongitudeDegrees></Position><AltitudeMeters>-0.589</AltitudeMeters><HeartRateBpm><Value>120</Value></HeartRateBpm></Trackpoint><Trackpoint><Time>2026-05-02T08:40:30.204Z</Time><Position><LatitudeDegrees>60.096073</LatitudeDegrees><LongitudeDegrees>18.749495</LongitudeDegrees></Position><AltitudeMeters>-0.962</AltitudeMeters><HeartRateBpm><Value>120</Value></HeartRateBpm></Trackpoint><Trackpoint><Time>2026-05-02T08:40:31.213Z</Time><Position><LatitudeDegrees>60.09607</LatitudeDegrees><LongitudeDegrees>18.74959</LongitudeDegrees></Position><AltitudeMeters>-1.353</AltitudeMeters><HeartRateBpm><Value>120</Value></HeartRateBpm></Trackpoint><Trackpoint><Time>2026-05-02T08:40:32.221Z</Time><Position><LatitudeDegrees>60.096066</LatitudeDegrees><LongitudeDegrees>18.749674</LongitudeDegrees></Position><AltitudeMeters>-1.567</AltitudeMeters><HeartRateBpm><Value>120</Value></HeartRateBpm></Trackpoint><Trackpoint><Time>2026-05-02T08:40:33.228Z</Time><Position><LatitudeDegrees>60.09606</LatitudeDegrees><LongitudeDegrees>18.749754</LongitudeDegrees></Position><AltitudeMeters>-1.707</AltitudeMeters><HeartRateBpm><Value>120</Value></HeartRateBpm></Trackpoint><Trackpoint><Time>2026-05-02T08:40:34.235Z</Time><Position><LatitudeDegrees>60.096058</LatitudeDegrees><LongitudeDegrees>18.749836</LongitudeDegrees></Position><AltitudeMeters>-1.812</AltitudeMeters><HeartRateBpm><Value>120</Value></HeartRateBpm></Trackpoint><Trackpoint><Time>2026-05-02T08:40:35.237Z</Time><Position><LatitudeDegrees>60.096054</LatitudeDegrees><LongitudeDegrees>18.749912</LongitudeDegrees></Position><AltitudeMeters>-1.724</AltitudeMeters><HeartRateBpm><Value>121</Value></HeartRateBpm></Trackpoint><Trackpoint><Time>2026-05-02T08:40:36.237Z</Time><Position><LatitudeDegrees>60.09605</LatitudeDegrees><LongitudeDegrees>18.749989</LongitudeDegrees></Position><AltitudeMeters>-1.712</AltitudeMeters><HeartRateBpm><Value>122</Value></HeartRateBpm></Trackpoint><Trackpoint><Time>2026-05-02T08:40:37.236Z</Time><Position><LatitudeDegrees>60.09605</LatitudeDegrees><LongitudeDegrees>18.750061</LongitudeDegrees></Position><AltitudeMeters>-1.592</AltitudeMeters><HeartRateBpm><Value>122</Value></HeartRateBpm></Trackpoint><Trackpoint><Time>2026-05-02T08:40:38.239Z</Time><Position><LatitudeDegrees>60.096046</LatitudeDegrees><LongitudeDegrees>18.750137</LongitudeDegrees></Position><AltitudeMeters>-1.481</AltitudeMeters><HeartRateBpm><Value>122</Value></HeartRateBpm></Trackpoint><Trackpoint><Time>2026-05-02T08:40:39.236Z</Time><Position><LatitudeDegrees>60.096043</LatitudeDegrees><LongitudeDegrees>18.750208</LongitudeDegrees></Position><AltitudeMeters>-1.319</AltitudeMeters><HeartRateBpm><Value>121</Value></HeartRateBpm></Trackpoint><Trackpoint><Time>2026-05-02T08:40:40.236Z</Time><Position><LatitudeDegrees>60.09604</LatitudeDegrees><LongitudeDegrees>18.75028</LongitudeDegrees></Position><AltitudeMeters>-1.271</AltitudeMeters><HeartRateBpm><Value>120</Value></HeartRateBpm></Trackpoint><Trackpoint><Time>2026-05-02T08:40:41.239Z</Time><Position><LatitudeDegrees>60.096035</LatitudeDegrees><LongitudeDegrees>18.750349</LongitudeDegrees></Position><AltitudeMeters>-1.354</AltitudeMeters><HeartRateBpm><Value>120</Value></HeartRateBpm></Trackpoint><Trackpoint><Time>2026-05-02T08:40:42.246Z</Time><Position><LatitudeDegrees>60.09603</LatitudeDegrees><LongitudeDegrees>18.750416</LongitudeDegrees></Position><AltitudeMeters>-1.41</AltitudeMeters><HeartRateBpm><Value>120</Value></HeartRateBpm></Trackpoint><Trackpoint><Time>2026-05-02T08:40:43.254Z</Time><Position><LatitudeDegrees>60.096024</LatitudeDegrees><LongitudeDegrees>18.75048</LongitudeDegrees></Position><AltitudeMeters>-1.362</AltitudeMeters><HeartRateBpm><Value>121</Value></HeartRateBpm></Trackpoint><Trackpoint><Time>2026-05-02T08:40:44.261Z</Time><Position><LatitudeDegrees>60.09602</LatitudeDegrees><LongitudeDegrees>18.750546</LongitudeDegrees></Position><AltitudeMeters>-1.418</AltitudeMeters><HeartRateBpm><Value>122</Value></HeartRateBpm></Trackpoint><Trackpoint><Time>2026-05-02T08:40:45.270Z</Time><Position><LatitudeDegrees>60.096016</LatitudeDegrees><LongitudeDegrees>18.750612</LongitudeDegrees></Position><AltitudeMeters>-1.661</AltitudeMeters><HeartRateBpm><Value>122</Value></HeartRateBpm></Trackpoint><Trackpoint><Time>2026-05-02T08:40:46.277Z</Time><Position><LatitudeDegrees>60.096016</LatitudeDegrees><LongitudeDegrees>18.750679</LongitudeDegrees></Position><AltitudeMeters>-1.705</AltitudeMeters><HeartRateBpm><Value>121</Value></HeartRateBpm></Trackpoint><Trackpoint><Time>2026-05-02T08:40:47.286Z</Time><Position><LatitudeDegrees>60.096012</LatitudeDegrees><LongitudeDegrees>18.750748</LongitudeDegrees></Position><AltitudeMeters>-1.657</AltitudeMeters><HeartRateBpm><Value>121</Value></HeartRateBpm></Trackpoint><Trackpoint><Time>2026-05-02T08:40:48.293Z</Time><Position><LatitudeDegrees>60.096016</LatitudeDegrees><LongitudeDegrees>18.750816</LongitudeDegrees></Position><AltitudeMeters>-1.525</AltitudeMeters><HeartRateBpm><Value>120</Value></HeartRateBpm></Trackpoint><Trackpoint><Time>2026-05-02T08:40:49.302Z</Time><Position><LatitudeDegrees>60.096016</LatitudeDegrees><LongitudeDegrees>18.750885</LongitudeDegrees></Position><AltitudeMeters>-1.42</AltitudeMeters><HeartRateBpm><Value>121</Value></HeartRateBpm></Trackpoint><Trackpoint><Time>2026-05-02T08:40:50.309Z</Time><Position><LatitudeDegrees>60.096016</LatitudeDegrees><LongitudeDegrees>18.750954</LongitudeDegrees></Position><AltitudeMeters>-1.352</AltitudeMeters><HeartRateBpm><Value>121</Value></HeartRateBpm></Trackpoint><Trackpoint><Time>2026-05-02T08:40:51.317Z</Time><Position><LatitudeDegrees>60.09602</LatitudeDegrees><LongitudeDegrees>18.75102</LongitudeDegrees></Position><AltitudeMeters>-1.142</AltitudeMeters><HeartRateBpm><Value>121</Value></HeartRateBpm></Trackpoint><Trackpoint><Time>2026-05-02T08:40:52.326Z</Time><Position><LatitudeDegrees>60.096024</LatitudeDegrees><LongitudeDegrees>18.751087</LongitudeDegrees></Position><AltitudeMeters>-1.088</AltitudeMeters><HeartRateBpm><Value>121</Value></HeartRateBpm></Trackpoint><Trackpoint><Time>2026-05-02T08:40:53.334Z</Time><Position><LatitudeDegrees>60.096024</LatitudeDegrees><LongitudeDegrees>18.751152</LongitudeDegrees></Position><AltitudeMeters>-1.095</AltitudeMeters><HeartRateBpm><Value>123</Value></HeartRateBpm></Trackpoint><Trackpoint><Time>2026-05-02T08:40:54.342Z</Time><Position><LatitudeDegrees>60.09603</LatitudeDegrees><LongitudeDegrees>18.75122</LongitudeDegrees></Position><AltitudeMeters>-1.117</AltitudeMeters><HeartRateBpm><Value>124</Value></HeartRateBpm></Trackpoint><Trackpoint><Time>2026-05-02T08:40:55.351Z</Time><Position><LatitudeDegrees>60.096035</LatitudeDegrees><LongitudeDegrees>18.751287</LongitudeDegrees></Position><AltitudeMeters>-1.158</AltitudeMeters><HeartRateBpm><Value>125</Value></HeartRateBpm></Trackpoint><Trackpoint><Time>2026-05-02T08:40:56.358Z</Time><Position><LatitudeDegrees>60.09604</LatitudeDegrees><LongitudeDegrees>18.751354</LongitudeDegrees></Position><AltitudeMeters>-1.133</AltitudeMeters><HeartRateBpm><Value>125</Value></HeartRateBpm></Trackpoint><Trackpoint><Time>2026-05-02T08:40:57.369Z</Time><Position><LatitudeDegrees>60.096043</LatitudeDegrees><LongitudeDegrees>18.751423</LongitudeDegrees></Position><AltitudeMeters>-1.189</AltitudeMeters><HeartRateBpm><Value>126</Value></HeartRateBpm></Trackpoint><Trackpoint><Time>2026-05-02T08:40:58.376Z</Time><Position><LatitudeDegrees>60.09605</LatitudeDegrees><LongitudeDegrees>18.751493</LongitudeDegrees></Position><AltitudeMeters>-1.247</AltitudeMeters><HeartRateBpm><Value>126</Value></HeartRateBpm></Trackpoint><Trackpoint><Time>2026-05-02T08:40:59.384Z</Time><Position><LatitudeDegrees>60.096058</LatitudeDegrees><LongitudeDegrees>18.751564</LongitudeDegrees></Position><AltitudeMeters>-1.309</AltitudeMeters><HeartRateBpm><Value>125</Value></HeartRateBpm></Trackpoint><Trackpoint><Time>2026-05-02T08:41:00.392Z</Time><Position><LatitudeDegrees>60.096066</LatitudeDegrees><LongitudeDegrees>18.751638</LongitudeDegrees></Position><AltitudeMeters>-1.406</AltitudeMeters><HeartRateBpm><Value>125</Value></HeartRateBpm></Trackpoint><Trackpoint><Time>2026-05-02T08:41:01.399Z</Time><Position><LatitudeDegrees>60.096073</LatitudeDegrees><LongitudeDegrees>18.751713</LongitudeDegrees></Position><AltitudeMeters>-1.572</AltitudeMeters><HeartRateBpm><Value>124</Value></HeartRateBpm></Trackpoint><Trackpoint><Time>2026-05-02T08:41:02.410Z</Time><Position><LatitudeDegrees>60.09608</LatitudeDegrees><LongitudeDegrees>18.751785</LongitudeDegrees></Position><AltitudeMeters>-1.727</AltitudeMeters><HeartRateBpm><Value>125</Value></HeartRateBpm></Trackpoint><Trackpoint><Time>2026-05-02T08:41:03.417Z</Time><Position><LatitudeDegrees>60.09609</LatitudeDegrees><LongitudeDegrees>18.751858</LongitudeDegrees></Position><AltitudeMeters>-1.852</AltitudeMeters><HeartRateBpm><Value>125</Value></HeartRateBpm></Trackpoint><Trackpoint><Time>2026-05-02T08:41:04.425Z</Time><Position><LatitudeDegrees>60.096096</LatitudeDegrees><LongitudeDegrees>18.75192</LongitudeDegrees></Position><AltitudeMeters>-1.959</AltitudeMeters><HeartRateBpm><Value>125</Value></HeartRateBpm></Trackpoint><Trackpoint><Time>2026-05-02T08:41:05.434Z</Time><Position><LatitudeDegrees>60.096107</LatitudeDegrees><LongitudeDegrees>18.751984</LongitudeDegrees></Position><AltitudeMeters>-2.077</AltitudeMeters><HeartRateBpm><Value>124</Value></HeartRateBpm></Trackpoint><Trackpoint><Time>2026-05-02T08:41:06.442Z</Time><Position><LatitudeDegrees>60.09612</LatitudeDegrees><LongitudeDegrees>18.752045</LongitudeDegrees></Position><AltitudeMeters>-2.124</AltitudeMeters><HeartRateBpm><Value>124</Value></HeartRateBpm></Trackpoint><Trackpoint><Time>2026-05-02T08:41:07.451Z</Time><Position><LatitudeDegrees>60.09613</LatitudeDegrees><LongitudeDegrees>18.752108</LongitudeDegrees></Position><AltitudeMeters>-2.203</AltitudeMeters><HeartRateBpm><Value>125</Value></HeartRateBpm></Trackpoint><Trackpoint><Time>2026-05-02T08:41:08.460Z</Time><Position><LatitudeDegrees>60.09614</LatitudeDegrees><LongitudeDegrees>18.752172</LongitudeDegrees></Position><AltitudeMeters>-2.291</AltitudeMeters><HeartRateBpm><Value>125</Value></HeartRateBpm></Trackpoint><Trackpoint><Time>2026-05-02T08:41:09.467Z</Time><Position><LatitudeDegrees>60.096157</LatitudeDegrees><LongitudeDegrees>18.752241</LongitudeDegrees></Position><AltitudeMeters>-2.385</AltitudeMeters><HeartRateBpm><Value>124</Value></HeartRateBpm></Trackpoint><Trackpoint><Time>2026-05-02T08:41:10.476Z</Time><Position><LatitudeDegrees>60.09617</LatitudeDegrees><LongitudeDegrees>18.75231</LongitudeDegrees></Position><AltitudeMeters>-2.32</AltitudeMeters><HeartRateBpm><Value>125</Value></HeartRateBpm></Trackpoint><Trackpoint><Time>2026-05-02T08:41:11.485Z</Time><Position><LatitudeDegrees>60.096188</LatitudeDegrees><LongitudeDegrees>18.752378</LongitudeDegrees></Position><AltitudeMeters>-2.269</AltitudeMeters><HeartRateBpm><Value>125</Value></HeartRateBpm></Trackpoint><Trackpoint><Time>2026-05-02T08:41:12.494Z</Time><Position><LatitudeDegrees>60.096203</LatitudeDegrees><LongitudeDegrees>18.752447</LongitudeDegrees></Position><AltitudeMeters>-2.145</AltitudeMeters><HeartRateBpm><Value>125</Value></HeartRateBpm></Trackpoint><Trackpoint><Time>2026-05-02T08:41:13.503Z</Time><Position><LatitudeDegrees>60.096222</LatitudeDegrees><LongitudeDegrees>18.752516</LongitudeDegrees></Position><AltitudeMeters>-1.961</AltitudeMeters><HeartRateBpm><Value>125</Value></HeartRateBpm></Trackpoint><Trackpoint><Time>2026-05-02T08:41:14.512Z</Time><Position><LatitudeDegrees>60.096237</LatitudeDegrees><LongitudeDegrees>18.752586</LongitudeDegrees></Position><AltitudeMeters>-1.89</AltitudeMeters><HeartRateBpm><Value>125</Value></HeartRateBpm></Trackpoint><Trackpoint><Time>2026-05-02T08:41:15.519Z</Time><Position><LatitudeDegrees>60.096256</LatitudeDegrees><LongitudeDegrees>18.752655</LongitudeDegrees></Position><AltitudeMeters>-1.863</AltitudeMeters><HeartRateBpm><Value>125</Value></HeartRateBpm></Trackpoint><Trackpoint><Time>2026-05-02T08:41:16.525Z</Time><Position><LatitudeDegrees>60.096275</LatitudeDegrees><LongitudeDegrees>18.752722</LongitudeDegrees></Position><AltitudeMeters>-1.72</AltitudeMeters><HeartRateBpm><Value>125</Value></HeartRateBpm></Trackpoint><Trackpoint><Time>2026-05-02T08:41:17.534Z</Time><Position><LatitudeDegrees>60.096294</LatitudeDegrees><LongitudeDegrees>18.752792</LongitudeDegrees></Position><AltitudeMeters>-1.582</AltitudeMeters><HeartRateBpm><Value>126</Value></HeartRateBpm></Trackpoint><Trackpoint><Time>2026-05-02T08:41:18.542Z</Time><Position><LatitudeDegrees>60.09631</LatitudeDegrees><LongitudeDegrees>18.752863</LongitudeDegrees></Position><AltitudeMeters>-1.537</AltitudeMeters><HeartRateBpm><Value>126</Value></HeartRateBpm></Trackpoint><Trackpoint><Time>2026-05-02T08:41:19.547Z</Time><Position><LatitudeDegrees>60.096325</LatitudeDegrees><LongitudeDegrees>18.752926</LongitudeDegrees></Position><AltitudeMeters>-1.455</AltitudeMeters><HeartRateBpm><Value>127</Value></HeartRateBpm></Trackpoint><Trackpoint><Time>2026-05-02T08:41:20.556Z</Time><Position><LatitudeDegrees>60.09634</LatitudeDegrees><LongitudeDegrees>18.752985</LongitudeDegrees></Position><AltitudeMeters>-1.339</AltitudeMeters><HeartRateBpm><Value>127</Value></HeartRateBpm></Trackpoint><Trackpoint><Time>2026-05-02T08:41:21.565Z</Time><Position><LatitudeDegrees>60.096355</LatitudeDegrees><LongitudeDegrees>18.753042</LongitudeDegrees></Position><AltitudeMeters>-1.142</AltitudeMeters><HeartRateBpm><Value>128</Value></HeartRateBpm></Trackpoint><Trackpoint><Time>2026-05-02T08:41:22.574Z</Time><Position><LatitudeDegrees>60.096375</LatitudeDegrees><LongitudeDegrees>18.753096</LongitudeDegrees></Position><AltitudeMeters>-0.974</AltitudeMeters><HeartRateBpm><Value>128</Value></HeartRateBpm></Trackpoint><Trackpoint><Time>2026-05-02T08:41:23.578Z</Time><Position><LatitudeDegrees>60.096394</LatitudeDegrees><LongitudeDegrees>18.753145</LongitudeDegrees></Position><AltitudeMeters>-0.751</AltitudeMeters><HeartRateBpm><Value>128</Value></HeartRateBpm></Trackpoint><Trackpoint><Time>2026-05-02T08:41:24.585Z</Time><Position><LatitudeDegrees>60.096413</LatitudeDegrees><LongitudeDegrees>18.753197</LongitudeDegrees></Position><AltitudeMeters>-0.464</AltitudeMeters><HeartRateBpm><Value>128</Value></HeartRateBpm></Trackpoint><Trackpoint><Time>2026-05-02T08:41:25.594Z</Time><Position><LatitudeDegrees>60.09643</LatitudeDegrees><LongitudeDegrees>18.753248</LongitudeDegrees></Position><AltitudeMeters>-0.167</AltitudeMeters><HeartRateBpm><Value>128</Value></HeartRateBpm></Trackpoint><Trackpoint><Time>2026-05-02T08:41:26.603Z</Time><Position><LatitudeDegrees>60.09645</LatitudeDegrees><LongitudeDegrees>18.753302</LongitudeDegrees></Position><AltitudeMeters>-0.034</AltitudeMeters><HeartRateBpm><Value>128</Value></HeartRateBpm></Trackpoint><Trackpoint><Time>2026-05-02T08:41:27.611Z</Time><Position><LatitudeDegrees>60.096466</LatitudeDegrees><LongitudeDegrees>18.753355</LongitudeDegrees></Position><AltitudeMeters>0.08</AltitudeMeters><HeartRateBpm><Value>128</Value></HeartRateBpm></Trackpoint><Trackpoint><Time>2026-05-02T08:41:28.618Z</Time><Position><LatitudeDegrees>60.096485</LatitudeDegrees><LongitudeDegrees>18.753412</LongitudeDegrees></Position><AltitudeMeters>0.156</AltitudeMeters><HeartRateBpm><Value>128</Value></HeartRateBpm></Trackpoint><Trackpoint><Time>2026-05-02T08:41:29.625Z</Time><Position><LatitudeDegrees>60.096504</LatitudeDegrees><LongitudeDegrees>18.753468</LongitudeDegrees></Position><AltitudeMeters>0.307</AltitudeMeters><HeartRateBpm><Value>128</Value></HeartRateBpm></Trackpoint><Trackpoint><Time>2026-05-02T08:41:30.634Z</Time><Position><LatitudeDegrees>60.096523</LatitudeDegrees><LongitudeDegrees>18.753523</LongitudeDegrees></Position><AltitudeMeters>0.485</AltitudeMeters><HeartRateBpm><Value>127</Value></HeartRateBpm></Trackpoint><Trackpoint><Time>2026-05-02T08:41:31.642Z</Time><Position><LatitudeDegrees>60.096542</LatitudeDegrees><LongitudeDegrees>18.753576</LongitudeDegrees></Position><AltitudeMeters>0.536</AltitudeMeters><HeartRateBpm><Value>127</Value></HeartRateBpm></Trackpoint><Trackpoint><Time>2026-05-02T08:41:32.651Z</Time><Position><LatitudeDegrees>60.096558</LatitudeDegrees><LongitudeDegrees>18.753633</LongitudeDegrees></Position><AltitudeMeters>0.493</AltitudeMeters><HeartRateBpm><Value>127</Value></HeartRateBpm></Trackpoint><Trackpoint><Time>2026-05-02T08:41:33.657Z</Time><Position><LatitudeDegrees>60.096577</LatitudeDegrees><LongitudeDegrees>18.753685</LongitudeDegrees></Position><AltitudeMeters>0.643</AltitudeMeters><HeartRateBpm><Value>127</Value></HeartRateBpm></Trackpoint><Trackpoint><Time>2026-05-02T08:41:34.665Z</Time><Position><LatitudeDegrees>60.096592</LatitudeDegrees><LongitudeDegrees>18.753735</LongitudeDegrees></Position><AltitudeMeters>0.876</AltitudeMeters><HeartRateBpm><Value>128</Value></HeartRateBpm></Trackpoint><Trackpoint><Time>2026-05-02T08:41:35.674Z</Time><Position><LatitudeDegrees>60.096607</LatitudeDegrees><LongitudeDegrees>18.753788</LongitudeDegrees></Position><AltitudeMeters>0.98</AltitudeMeters><HeartRateBpm><Value>128</Value></HeartRateBpm></Trackpoint><Trackpoint><Time>2026-05-02T08:41:36.683Z</Time><Position><LatitudeDegrees>60.096622</LatitudeDegrees><LongitudeDegrees>18.75384</LongitudeDegrees></Position><AltitudeMeters>1.029</AltitudeMeters><HeartRateBpm><Value>129</Value></HeartRateBpm></Trackpoint><Trackpoint><Time>2026-05-02T08:41:37.692Z</Time><Position><LatitudeDegrees>60.096638</LatitudeDegrees><LongitudeDegrees>18.753895</LongitudeDegrees></Position><AltitudeMeters>0.74</AltitudeMeters><HeartRateBpm><Value>130</Value></HeartRateBpm></Trackpoint><Trackpoint><Time>2026-05-02T08:41:38.699Z</Time><Position><LatitudeDegrees>60.096653</LatitudeDegrees><LongitudeDegrees>18.753952</LongitudeDegrees></Position><AltitudeMeters>0.851</AltitudeMeters><HeartRateBpm><Value>130</Value></HeartRateBpm></Trackpoint><Trackpoint><Time>2026-05-02T08:41:39.710Z</Time><Position><LatitudeDegrees>60.096664</LatitudeDegrees><LongitudeDegrees>18.754015</LongitudeDegrees></Position><AltitudeMeters>1.03</AltitudeMeters><HeartRateBpm><Value>130</Value></HeartRateBpm></Trackpoint><Trackpoint><Time>2026-05-02T08:41:40.717Z</Time><Position><LatitudeDegrees>60.096676</LatitudeDegrees><LongitudeDegrees>18.754078</LongitudeDegrees></Position><AltitudeMeters>0.769</AltitudeMeters><HeartRateBpm><Value>130</Value></HeartRateBpm></Trackpoint><Trackpoint><Time>2026-05-02T08:41:41.728Z</Time><Position><LatitudeDegrees>60.09669</LatitudeDegrees><LongitudeDegrees>18.754143</LongitudeDegrees></Position><AltitudeMeters>0.538</AltitudeMeters><HeartRateBpm><Value>130</Value></HeartRateBpm></Trackpoint><Trackpoint><Time>2026-05-02T08:41:42.737Z</Time><Position><LatitudeDegrees>60.096706</LatitudeDegrees><LongitudeDegrees>18.754208</LongitudeDegrees></Position><AltitudeMeters>0.41</AltitudeMeters><HeartRateBpm><Value>131</Value></HeartRateBpm></Trackpoint><Trackpoint><Time>2026-05-02T08:41:43.745Z</Time><Position><LatitudeDegrees>60.09673</LatitudeDegrees><LongitudeDegrees>18.754276</LongitudeDegrees></Position><AltitudeMeters>0.364</AltitudeMeters><HeartRateBpm><Value>131</Value></HeartRateBpm></Trackpoint><Trackpoint><Time>2026-05-02T08:41:44.747Z</Time><Position><LatitudeDegrees>60.096756</LatitudeDegrees><LongitudeDegrees>18.754349</LongitudeDegrees></Position><AltitudeMeters>0.257</AltitudeMeters><HeartRateBpm><Value>131</Value></HeartRateBpm></Trackpoint><Trackpoint><Time>2026-05-02T08:41:45.751Z</Time><Position><LatitudeDegrees>60.096775</LatitudeDegrees><LongitudeDegrees>18.754421</LongitudeDegrees></Position><AltitudeMeters>0.151</AltitudeMeters><HeartRateBpm><Value>132</Value></HeartRateBpm></Trackpoint><Trackpoint><Time>2026-05-02T08:41:46.754Z</Time><Position><LatitudeDegrees>60.096798</LatitudeDegrees><LongitudeDegrees>18.754498</LongitudeDegrees></Position><AltitudeMeters>-0.062</AltitudeMeters><HeartRateBpm><Value>132</Value></HeartRateBpm></Trackpoint><Trackpoint><Time>2026-05-02T08:41:47.756Z</Time><Position><LatitudeDegrees>60.09682</LatitudeDegrees><LongitudeDegrees>18.754576</LongitudeDegrees></Position><AltitudeMeters>-0.165</AltitudeMeters><HeartRateBpm><Value>132</Value></HeartRateBpm></Trackpoint><Trackpoint><Time>2026-05-02T08:41:48.765Z</Time><Position><LatitudeDegrees>60.096844</LatitudeDegrees><LongitudeDegrees>18.75465</LongitudeDegrees></Position><AltitudeMeters>-0.35</AltitudeMeters><HeartRateBpm><Value>133</Value></HeartRateBpm></Trackpoint><Trackpoint><Time>2026-05-02T08:41:49.773Z</Time><Position><LatitudeDegrees>60.09686</LatitudeDegrees><LongitudeDegrees>18.754726</LongitudeDegrees></Position><AltitudeMeters>-0.282</AltitudeMeters><HeartRateBpm><Value>133</Value></HeartRateBpm></Trackpoint><Trackpoint><Time>2026-05-02T08:41:50.782Z</Time><Position><LatitudeDegrees>60.09688</LatitudeDegrees><LongitudeDegrees>18.754799</LongitudeDegrees></Position><AltitudeMeters>-0.217</AltitudeMeters><HeartRateBpm><Value>132</Value></HeartRateBpm></Trackpoint><Trackpoint><Time>2026-05-02T08:41:51.791Z</Time><Position><LatitudeDegrees>60.096897</LatitudeDegrees><LongitudeDegrees>18.754873</LongitudeDegrees></Position><AltitudeMeters>-0.135</AltitudeMeters><HeartRateBpm><Value>132</Value></HeartRateBpm></Trackpoint><Trackpoint><Time>2026-05-02T08:41:52.798Z</Time><Position><LatitudeDegrees>60.096916</LatitudeDegrees><LongitudeDegrees>18.75494</LongitudeDegrees></Position><AltitudeMeters>0.09</AltitudeMeters><HeartRateBpm><Value>132</Value></HeartRateBpm></Trackpoint><Trackpoint><Time>2026-05-02T08:41:53.806Z</Time><Position><LatitudeDegrees>60.09693</LatitudeDegrees><LongitudeDegrees>18.755014</LongitudeDegrees></Position><AltitudeMeters>0.093</AltitudeMeters><HeartRateBpm><Value>132</Value></HeartRateBpm></Trackpoint><Trackpoint><Time>2026-05-02T08:41:54.816Z</Time><Position><LatitudeDegrees>60.09695</LatitudeDegrees><LongitudeDegrees>18.755077</LongitudeDegrees></Position><AltitudeMeters>0.095</AltitudeMeters><HeartRateBpm><Value>132</Value></HeartRateBpm></Trackpoint><Trackpoint><Time>2026-05-02T08:41:55.825Z</Time><Position><LatitudeDegrees>60.096966</LatitudeDegrees><LongitudeDegrees>18.755148</LongitudeDegrees></Position><AltitudeMeters>0.078</AltitudeMeters><HeartRateBpm><Value>132</Value></HeartRateBpm></Trackpoint><Trackpoint><Time>2026-05-02T08:41:56.834Z</Time><Position><LatitudeDegrees>60.09698</LatitudeDegrees><LongitudeDegrees>18.75521</LongitudeDegrees></Position><AltitudeMeters>0.202</AltitudeMeters><HeartRateBpm><Value>133</Value></HeartRateBpm></Trackpoint><Trackpoint><Time>2026-05-02T08:41:57.843Z</Time><Position><LatitudeDegrees>60.097</LatitudeDegrees><LongitudeDegrees>18.755274</LongitudeDegrees></Position><AltitudeMeters>0.423</AltitudeMeters><HeartRateBpm><Value>134</Value></HeartRateBpm></Trackpoint><Trackpoint><Time>2026-05-02T08:41:58.852Z</Time><Position><LatitudeDegrees>60.097015</LatitudeDegrees><LongitudeDegrees>18.755337</LongitudeDegrees></Position><AltitudeMeters>0.611</AltitudeMeters><HeartRateBpm><Value>134</Value></HeartRateBpm></Trackpoint><Trackpoint><Time>2026-05-02T08:41:59.859Z</Time><Position><LatitudeDegrees>60.09703</LatitudeDegrees><LongitudeDegrees>18.7554</LongitudeDegrees></Position><AltitudeMeters>0.71</AltitudeMeters><HeartRateBpm><Value>135</Value></HeartRateBpm></Trackpoint><Trackpoint><Time>2026-05-02T08:42:00.867Z</Time><Position><LatitudeDegrees>60.097046</LatitudeDegrees><LongitudeDegrees>18.755465</LongitudeDegrees></Position><AltitudeMeters>0.838</AltitudeMeters><HeartRateBpm><Value>135</Value></HeartRateBpm></Trackpoint><Trackpoint><Time>2026-05-02T08:42:01.876Z</Time><Position><LatitudeDegrees>60.097065</LatitudeDegrees><LongitudeDegrees>18.755527</LongitudeDegrees></Position><AltitudeMeters>1.008</AltitudeMeters><HeartRateBpm><Value>136</Value></HeartRateBpm></Trackpoint><Trackpoint><Time>2026-05-02T08:42:02.885Z</Time><Position><LatitudeDegrees>60.097076</LatitudeDegrees><LongitudeDegrees>18.75559</LongitudeDegrees></Position><AltitudeMeters>1.032</AltitudeMeters><HeartRateBpm><Value>136</Value></HeartRateBpm></Trackpoint><Trackpoint><Time>2026-05-02T08:42:03.894Z</Time><Position><LatitudeDegrees>60.09709</LatitudeDegrees><LongitudeDegrees>18.755655</LongitudeDegrees></Position><AltitudeMeters>1.131</AltitudeMeters><HeartRateBpm><Value>137</Value></HeartRateBpm></Trackpoint><Trackpoint><Time>2026-05-02T08:42:04.903Z</Time><Position><LatitudeDegrees>60.097107</LatitudeDegrees><LongitudeDegrees>18.755718</LongitudeDegrees></Position><AltitudeMeters>1.206</AltitudeMeters><HeartRateBpm><Value>136</Value></HeartRateBpm></Trackpoint><Trackpoint><Time>2026-05-02T08:42:05.912Z</Time><Position><LatitudeDegrees>60.097122</LatitudeDegrees><LongitudeDegrees>18.755781</LongitudeDegrees></Position><AltitudeMeters>1.319</AltitudeMeters><HeartRateBpm><Value>135</Value></HeartRateBpm></Trackpoint><Trackpoint><Time>2026-05-02T08:42:06.917Z</Time><Position><LatitudeDegrees>60.097137</LatitudeDegrees><LongitudeDegrees>18.755842</LongitudeDegrees></Position><AltitudeMeters>1.422</AltitudeMeters><HeartRateBpm><Value>135</Value></HeartRateBpm></Trackpoint><Trackpoint><Time>2026-05-02T08:42:07.926Z</Time><Position><LatitudeDegrees>60.09715</LatitudeDegrees><LongitudeDegrees>18.755903</LongitudeDegrees></Position><AltitudeMeters>1.525</AltitudeMeters><HeartRateBpm><Value>134</Value></HeartRateBpm></Trackpoint><Trackpoint><Time>2026-05-02T08:42:08.935Z</Time><Position><LatitudeDegrees>60.097164</LatitudeDegrees><LongitudeDegrees>18.755966</LongitudeDegrees></Position><AltitudeMeters>1.529</AltitudeMeters><HeartRateBpm><Value>134</Value></HeartRateBpm></Trackpoint><Trackpoint><Time>2026-05-02T08:42:09.944Z</Time><Position><LatitudeDegrees>60.09718</LatitudeDegrees><LongitudeDegrees>18.756027</LongitudeDegrees></Position><AltitudeMeters>1.509</AltitudeMeters><HeartRateBpm><Value>135</Value></HeartRateBpm></Trackpoint><Trackpoint><Time>2026-05-02T08:42:10.952Z</Time><Position><LatitudeDegrees>60.097195</LatitudeDegrees><LongitudeDegrees>18.756088</LongitudeDegrees></Position><AltitudeMeters>1.579</AltitudeMeters><HeartRateBpm><Value>136</Value></HeartRateBpm></Trackpoint><Trackpoint><Time>2026-05-02T08:42:11.961Z</Time><Position><LatitudeDegrees>60.097206</LatitudeDegrees><LongitudeDegrees>18.756147</LongitudeDegrees></Position><AltitudeMeters>1.675</AltitudeMeters><HeartRateBpm><Value>137</Value></HeartRateBpm></Trackpoint><Trackpoint><Time>2026-05-02T08:42:12.968Z</Time><Position><LatitudeDegrees>60.09722</LatitudeDegrees><LongitudeDegrees>18.756207</LongitudeDegrees></Position><AltitudeMeters>1.831</AltitudeMeters><HeartRateBpm><Value>138</Value></HeartRateBpm></Trackpoint><Trackpoint><Time>2026-05-02T08:42:13.977Z</Time><Position><LatitudeDegrees>60.097237</LatitudeDegrees><LongitudeDegrees>18.756264</LongitudeDegrees></Position><AltitudeMeters>2.026</AltitudeMeters><HeartRateBpm><Value>138</Value></HeartRateBpm></Trackpoint><Trackpoint><Time>2026-05-02T08:42:14.985Z</Time><Position><LatitudeDegrees>60.09725</LatitudeDegrees><LongitudeDegrees>18.756323</LongitudeDegrees></Position><AltitudeMeters>2.42</AltitudeMeters><HeartRateBpm><Value>138</Value></HeartRateBpm></Trackpoint><Trackpoint><Time>2026-05-02T08:42:15.993Z</Time><Position><LatitudeDegrees>60.097267</LatitudeDegrees><LongitudeDegrees>18.756382</LongitudeDegrees></Position><AltitudeMeters>2.671</AltitudeMeters><HeartRateBpm><Value>138</Value></HeartRateBpm></Trackpoint><Trackpoint><Time>2026-05-02T08:42:17.003Z</Time><Position><LatitudeDegrees>60.097286</LatitudeDegrees><LongitudeDegrees>18.756441</LongitudeDegrees></Position><AltitudeMeters>2.787</AltitudeMeters><HeartRateBpm><Value>138</Value></HeartRateBpm></Trackpoint><Trackpoint><Time>2026-05-02T08:42:18.005Z</Time><Position><LatitudeDegrees>60.0973</LatitudeDegrees><LongitudeDegrees>18.756495</LongitudeDegrees></Position><AltitudeMeters>2.977</AltitudeMeters><HeartRateBpm><Value>138</Value></HeartRateBpm></Trackpoint><Trackpoint><Time>2026-05-02T08:42:19.001Z</Time><Position><LatitudeDegrees>60.09732</LatitudeDegrees><LongitudeDegrees>18.756544</LongitudeDegrees></Position><AltitudeMeters>3.307</AltitudeMeters><HeartRateBpm><Value>138</Value></HeartRateBpm></Trackpoint><Trackpoint><Time>2026-05-02T08:42:20.002Z</Time><Position><LatitudeDegrees>60.09734</LatitudeDegrees><LongitudeDegrees>18.756594</LongitudeDegrees></Position><AltitudeMeters>3.571</AltitudeMeters><HeartRateBpm><Value>138</Value></HeartRateBpm></Trackpoint><Trackpoint><Time>2026-05-02T08:42:21.007Z</Time><Position><LatitudeDegrees>60.097355</LatitudeDegrees><LongitudeDegrees>18.756645</LongitudeDegrees></Position><AltitudeMeters>3.78</AltitudeMeters><HeartRateBpm><Value>139</Value></HeartRateBpm></Trackpoint><Trackpoint><Time>2026-05-02T08:42:22.016Z</Time><Position><LatitudeDegrees>60.097374</LatitudeDegrees><LongitudeDegrees>18.756697</LongitudeDegrees></Position><AltitudeMeters>4.153</AltitudeMeters><HeartRateBpm><Value>139</Value></HeartRateBpm></Trackpoint><Trackpoint><Time>2026-05-02T08:42:23.025Z</Time><Position><LatitudeDegrees>60.09739</LatitudeDegrees><LongitudeDegrees>18.756756</LongitudeDegrees></Position><AltitudeMeters>4.431</AltitudeMeters><HeartRateBpm><Value>139</Value></HeartRateBpm></Trackpoint><Trackpoint><Time>2026-05-02T08:42:24.034Z</Time><Position><LatitudeDegrees>60.09741</LatitudeDegrees><LongitudeDegrees>18.756813</LongitudeDegrees></Position><AltitudeMeters>4.655</AltitudeMeters><HeartRateBpm><Value>141</Value></HeartRateBpm></Trackpoint><Trackpoint><Time>2026-05-02T08:42:25.044Z</Time><Position><LatitudeDegrees>60.09742</LatitudeDegrees><LongitudeDegrees>18.756876</LongitudeDegrees></Position><AltitudeMeters>4.666</AltitudeMeters><HeartRateBpm><Value>141</Value></HeartRateBpm></Trackpoint><Trackpoint><Time>2026-05-02T08:42:26.052Z</Time><Position><LatitudeDegrees>60.09743</LatitudeDegrees><LongitudeDegrees>18.756939</LongitudeDegrees></Position><AltitudeMeters>4.608</AltitudeMeters><HeartRateBpm><Value>141</Value></HeartRateBpm></Trackpoint><Trackpoint><Time>2026-05-02T08:42:27.061Z</Time><Position><LatitudeDegrees>60.09744</LatitudeDegrees><LongitudeDegrees>18.756998</LongitudeDegrees></Position><AltitudeMeters>4.681</AltitudeMeters><HeartRateBpm><Value>141</Value></HeartRateBpm></Trackpoint><Trackpoint><Time>2026-05-02T08:42:28.068Z</Time><Position><LatitudeDegrees>60.09745</LatitudeDegrees><LongitudeDegrees>18.757057</LongitudeDegrees></Position><AltitudeMeters>4.707</AltitudeMeters><HeartRateBpm><Value>141</Value></HeartRateBpm></Trackpoint><Trackpoint><Time>2026-05-02T08:42:29.077Z</Time><Position><LatitudeDegrees>60.09746</LatitudeDegrees><LongitudeDegrees>18.757116</LongitudeDegrees></Position><AltitudeMeters>4.713</AltitudeMeters><HeartRateBpm><Value>141</Value></HeartRateBpm></Trackpoint><Trackpoint><Time>2026-05-02T08:42:30.085Z</Time><Position><LatitudeDegrees>60.09747</LatitudeDegrees><LongitudeDegrees>18.757177</LongitudeDegrees></Position><AltitudeMeters>4.76</AltitudeMeters><HeartRateBpm><Value>141</Value></HeartRateBpm></Trackpoint><Trackpoint><Time>2026-05-02T08:42:31.094Z</Time><Position><LatitudeDegrees>60.09748</LatitudeDegrees><LongitudeDegrees>18.757238</LongitudeDegrees></Position><AltitudeMeters>4.747</AltitudeMeters><HeartRateBpm><Value>140</Value></HeartRateBpm></Trackpoint><Trackpoint><Time>2026-05-02T08:42:32.103Z</Time><Position><LatitudeDegrees>60.097492</LatitudeDegrees><LongitudeDegrees>18.757305</LongitudeDegrees></Position><AltitudeMeters>4.735</AltitudeMeters><HeartRateBpm><Value>139</Value></HeartRateBpm></Trackpoint><Trackpoint><Time>2026-05-02T08:42:33.112Z</Time><Position><LatitudeDegrees>60.097504</LatitudeDegrees><LongitudeDegrees>18.75737</LongitudeDegrees></Position><AltitudeMeters>4.661</AltitudeMeters><HeartRateBpm><Value>139</Value></HeartRateBpm></Trackpoint><Trackpoint><Time>2026-05-02T08:42:34.119Z</Time><Position><LatitudeDegrees>60.097515</LatitudeDegrees><LongitudeDegrees>18.757439</LongitudeDegrees></Position><AltitudeMeters>4.581</AltitudeMeters><HeartRateBpm><Value>139</Value></HeartRateBpm></Trackpoint><Trackpoint><Time>2026-05-02T08:42:35.128Z</Time><Position><LatitudeDegrees>60.097527</LatitudeDegrees><LongitudeDegrees>18.757504</LongitudeDegrees></Position><AltitudeMeters>4.449</AltitudeMeters><HeartRateBpm><Value>139</Value></HeartRateBpm></Trackpoint><Trackpoint><Time>2026-05-02T08:42:36.137Z</Time><Position><LatitudeDegrees>60.097538</LatitudeDegrees><LongitudeDegrees>18.75757</LongitudeDegrees></Position><AltitudeMeters>4.311</AltitudeMeters><HeartRateBpm><Value>140</Value></HeartRateBpm></Trackpoint><Trackpoint><Time>2026-05-02T08:42:37.145Z</Time><Position><LatitudeDegrees>60.09755</LatitudeDegrees><LongitudeDegrees>18.757639</LongitudeDegrees></Position><AltitudeMeters>4.165</AltitudeMeters><HeartRateBpm><Value>140</Value></HeartRateBpm></Trackpoint><Trackpoint><Time>2026-05-02T08:42:38.154Z</Time><Position><LatitudeDegrees>60.09757</LatitudeDegrees><LongitudeDegrees>18.75771</LongitudeDegrees></Position><AltitudeMeters>4.084</AltitudeMeters><HeartRateBpm><Value>141</Value></HeartRateBpm></Trackpoint><Trackpoint><Time>2026-05-02T08:42:39.164Z</Time><Position><LatitudeDegrees>60.097584</LatitudeDegrees><LongitudeDegrees>18.75778</LongitudeDegrees></Position><AltitudeMeters>3.99</AltitudeMeters><HeartRateBpm><Value>142</Value></HeartRateBpm></Trackpoint><Trackpoint><Time>2026-05-02T08:42:40.173Z</Time><Position><LatitudeDegrees>60.097603</LatitudeDegrees><LongitudeDegrees>18.75785</LongitudeDegrees></Position><AltitudeMeters>3.807</AltitudeMeters><HeartRateBpm><Value>141</Value></HeartRateBpm></Trackpoint><Trackpoint><Time>2026-05-02T08:42:41.181Z</Time><Position><LatitudeDegrees>60.097622</LatitudeDegrees><LongitudeDegrees>18.757921</LongitudeDegrees></Position><AltitudeMeters>3.631</AltitudeMeters><HeartRateBpm><Value>141</Value></HeartRateBpm></Trackpoint><Trackpoint><Time>2026-05-02T08:42:42.190Z</Time><Position><LatitudeDegrees>60.097645</LatitudeDegrees><LongitudeDegrees>18.757986</LongitudeDegrees></Position><AltitudeMeters>3.441</AltitudeMeters><HeartRateBpm><Value>140</Value></HeartRateBpm></Trackpoint><Trackpoint><Time>2026-05-02T08:42:43.200Z</Time><Position><LatitudeDegrees>60.09767</LatitudeDegrees><LongitudeDegrees>18.758049</LongitudeDegrees></Position><AltitudeMeters>3.206</AltitudeMeters><HeartRateBpm><Value>140</Value></HeartRateBpm></Trackpoint><Trackpoint><Time>2026-05-02T08:42:44.207Z</Time><Position><LatitudeDegrees>60.0977</LatitudeDegrees><LongitudeDegrees>18.758114</LongitudeDegrees></Position><AltitudeMeters>3.01</AltitudeMeters><HeartRateBpm><Value>140</Value></HeartRateBpm></Trackpoint><Trackpoint><Time>2026-05-02T08:42:45.216Z</Time><Position><LatitudeDegrees>60.097725</LatitudeDegrees><LongitudeDegrees>18.758183</LongitudeDegrees></Position><AltitudeMeters>2.69</AltitudeMeters><HeartRateBpm><Value>141</Value></HeartRateBpm></Trackpoint><Trackpoint><Time>2026-05-02T08:42:46.225Z</Time><Position><LatitudeDegrees>60.09776</LatitudeDegrees><LongitudeDegrees>18.75825</LongitudeDegrees></Position><AltitudeMeters>2.499</AltitudeMeters><HeartRateBpm><Value>140</Value></HeartRateBpm></Trackpoint><Trackpoint><Time>2026-05-02T08:42:47.234Z</Time><Position><LatitudeDegrees>60.09779</LatitudeDegrees><LongitudeDegrees>18.758305</LongitudeDegrees></Position><AltitudeMeters>2.529</AltitudeMeters><HeartRateBpm><Value>140</Value></HeartRateBpm></Trackpoint><Trackpoint><Time>2026-05-02T08:42:48.242Z</Time><Position><LatitudeDegrees>60.09782</LatitudeDegrees><LongitudeDegrees>18.758347</LongitudeDegrees></Position><AltitudeMeters>2.561</AltitudeMeters><HeartRateBpm><Value>139</Value></HeartRateBpm></Trackpoint><Trackpoint><Time>2026-05-02T08:42:49.251Z</Time><Position><LatitudeDegrees>60.097847</LatitudeDegrees><LongitudeDegrees>18.758383</LongitudeDegrees></Position><AltitudeMeters>2.501</AltitudeMeters><HeartRateBpm><Value>138</Value></HeartRateBpm></Trackpoint><Trackpoint><Time>2026-05-02T08:42:50.259Z</Time><Position><LatitudeDegrees>60.097878</LatitudeDegrees><LongitudeDegrees>18.758413</LongitudeDegrees></Position><AltitudeMeters>2.505</AltitudeMeters><HeartRateBpm><Value>138</Value></HeartRateBpm></Trackpoint><Trackpoint><Time>2026-05-02T08:42:51.266Z</Time><Position><LatitudeDegrees>60.09791</LatitudeDegrees><LongitudeDegrees>18.75844</LongitudeDegrees></Position><AltitudeMeters>2.68</AltitudeMeters><HeartRateBpm><Value>137</Value></HeartRateBpm></Trackpoint><Trackpoint><Time>2026-05-02T08:42:52.275Z</Time><Position><LatitudeDegrees>60.097942</LatitudeDegrees><LongitudeDegrees>18.75847</LongitudeDegrees></Position><AltitudeMeters>2.592</AltitudeMeters><HeartRateBpm><Value>137</Value></HeartRateBpm></Trackpoint><Trackpoint><Time>2026-05-02T08:42:53.284Z</Time><Position><LatitudeDegrees>60.097977</LatitudeDegrees><LongitudeDegrees>18.7585</LongitudeDegrees></Position><AltitudeMeters>2.09</AltitudeMeters><HeartRateBpm><Value>137</Value></HeartRateBpm></Trackpoint><Trackpoint><Time>2026-05-02T08:42:54.293Z</Time><Position><LatitudeDegrees>60.09801</LatitudeDegrees><LongitudeDegrees>18.758528</LongitudeDegrees></Position><AltitudeMeters>1.73</AltitudeMeters><HeartRateBpm><Value>137</Value></HeartRateBpm></Trackpoint><Trackpoint><Time>2026-05-02T08:42:55.302Z</Time><Position><LatitudeDegrees>60.098053</LatitudeDegrees><LongitudeDegrees>18.758554</LongitudeDegrees></Position><AltitudeMeters>1.57</AltitudeMeters><HeartRateBpm><Value>136</Value></HeartRateBpm></Trackpoint><Trackpoint><Time>2026-05-02T08:42:56.311Z</Time><Position><LatitudeDegrees>60.09809</LatitudeDegrees><LongitudeDegrees>18.758577</LongitudeDegrees></Position><AltitudeMeters>1.865</AltitudeMeters><HeartRateBpm><Value>136</Value></HeartRateBpm></Trackpoint><Trackpoint><Time>2026-05-02T08:42:57.318Z</Time><Position><LatitudeDegrees>60.09813</LatitudeDegrees><LongitudeDegrees>18.7586</LongitudeDegrees></Position><AltitudeMeters>2.103</AltitudeMeters><HeartRateBpm><Value>137</Value></HeartRateBpm></Trackpoint><Trackpoint><Time>2026-05-02T08:42:58.327Z</Time><Position><LatitudeDegrees>60.098167</LatitudeDegrees><LongitudeDegrees>18.758623</LongitudeDegrees></Position><AltitudeMeters>2.311</AltitudeMeters><HeartRateBpm><Value>136</Value></HeartRateBpm></Trackpoint><Trackpoint><Time>2026-05-02T08:42:59.336Z</Time><Position><LatitudeDegrees>60.0982</LatitudeDegrees><LongitudeDegrees>18.758648</LongitudeDegrees></Position><AltitudeMeters>2.31</AltitudeMeters><HeartRateBpm><Value>136</Value></HeartRateBpm></Trackpoint><Trackpoint><Time>2026-05-02T08:43:00.345Z</Time><Position><LatitudeDegrees>60.098244</LatitudeDegrees><LongitudeDegrees>18.758673</LongitudeDegrees></Position><AltitudeMeters>2.214</AltitudeMeters><HeartRateBpm><Value>137</Value></HeartRateBpm></Trackpoint><Trackpoint><Time>2026-05-02T08:43:01.354Z</Time><Position><LatitudeDegrees>60.09828</LatitudeDegrees><LongitudeDegrees>18.758696</LongitudeDegrees></Position><AltitudeMeters>2.084</AltitudeMeters><HeartRateBpm><Value>137</Value></HeartRateBpm></Trackpoint><Trackpoint><Time>2026-05-02T08:43:02.363Z</Time><Position><LatitudeDegrees>60.098324</LatitudeDegrees><LongitudeDegrees>18.758713</LongitudeDegrees></Position><AltitudeMeters>1.984</AltitudeMeters><HeartRateBpm><Value>137</Value></HeartRateBpm></Trackpoint><Trackpoint><Time>2026-05-02T08:43:03.371Z</Time><Position><LatitudeDegrees>60.098366</LatitudeDegrees><LongitudeDegrees>18.758732</LongitudeDegrees></Position><AltitudeMeters>1.949</AltitudeMeters><HeartRateBpm><Value>137</Value></HeartRateBpm></Trackpoint><Trackpoint><Time>2026-05-02T08:43:04.378Z</Time><Position><LatitudeDegrees>60.098408</LatitudeDegrees><LongitudeDegrees>18.758747</LongitudeDegrees></Position><AltitudeMeters>1.883</AltitudeMeters><HeartRateBpm><Value>138</Value></HeartRateBpm></Trackpoint><Trackpoint><Time>2026-05-02T08:43:05.387Z</Time><Position><LatitudeDegrees>60.098446</LatitudeDegrees><LongitudeDegrees>18.758766</LongitudeDegrees></Position><AltitudeMeters>2.004</AltitudeMeters><HeartRateBpm><Value>139</Value></HeartRateBpm></Trackpoint><Trackpoint><Time>2026-05-02T08:43:06.395Z</Time><Position><LatitudeDegrees>60.098488</LatitudeDegrees><LongitudeDegrees>18.758781</LongitudeDegrees></Position><AltitudeMeters>2.383</AltitudeMeters><HeartRateBpm><Value>139</Value></HeartRateBpm></Trackpoint><Trackpoint><Time>2026-05-02T08:43:07.403Z</Time><Position><LatitudeDegrees>60.09853</LatitudeDegrees><LongitudeDegrees>18.758797</LongitudeDegrees></Position><AltitudeMeters>2.686</AltitudeMeters><HeartRateBpm><Value>138</Value></HeartRateBpm></Trackpoint><Trackpoint><Time>2026-05-02T08:43:08.412Z</Time><Position><LatitudeDegrees>60.098568</LatitudeDegrees><LongitudeDegrees>18.758812</LongitudeDegrees></Position><AltitudeMeters>2.703</AltitudeMeters><HeartRateBpm><Value>138</Value></HeartRateBpm></Trackpoint><Trackpoint><Time>2026-05-02T08:43:09.421Z</Time><Position><LatitudeDegrees>60.098606</LatitudeDegrees><LongitudeDegrees>18.758827</LongitudeDegrees></Position><AltitudeMeters>2.688</AltitudeMeters><HeartRateBpm><Value>138</Value></HeartRateBpm></Trackpoint><Trackpoint><Time>2026-05-02T08:43:10.428Z</Time><Position><LatitudeDegrees>60.098644</LatitudeDegrees><LongitudeDegrees>18.758842</LongitudeDegrees></Position><AltitudeMeters>2.564</AltitudeMeters><HeartRateBpm><Value>138</Value></HeartRateBpm></Trackpoint><Trackpoint><Time>2026-05-02T08:43:11.439Z</Time><Position><LatitudeDegrees>60.098682</LatitudeDegrees><LongitudeDegrees>18.758858</LongitudeDegrees></Position><AltitudeMeters>2.241</AltitudeMeters><HeartRateBpm><Value>138</Value></HeartRateBpm></Trackpoint><Trackpoint><Time>2026-05-02T08:43:12.446Z</Time><Position><LatitudeDegrees>60.09872</LatitudeDegrees><LongitudeDegrees>18.758875</LongitudeDegrees></Position><AltitudeMeters>2.177</AltitudeMeters><HeartRateBpm><Value>137</Value></HeartRateBpm></Trackpoint><Trackpoint><Time>2026-05-02T08:43:13.453Z</Time><Position><LatitudeDegrees>60.09876</LatitudeDegrees><LongitudeDegrees>18.758892</LongitudeDegrees></Position><AltitudeMeters>2.153</AltitudeMeters><HeartRateBpm><Value>137</Value></HeartRateBpm></Trackpoint><Trackpoint><Time>2026-05-02T08:43:14.461Z</Time><Position><LatitudeDegrees>60.098797</LatitudeDegrees><LongitudeDegrees>18.75891</LongitudeDegrees></Position><AltitudeMeters>1.995</AltitudeMeters><HeartRateBpm><Value>136</Value></HeartRateBpm></Trackpoint><Trackpoint><Time>2026-05-02T08:43:15.469Z</Time><Position><LatitudeDegrees>60.098835</LatitudeDegrees><LongitudeDegrees>18.758924</LongitudeDegrees></Position><AltitudeMeters>1.825</AltitudeMeters><HeartRateBpm><Value>135</Value></HeartRateBpm></Trackpoint><Trackpoint><Time>2026-05-02T08:43:16.477Z</Time><Position><LatitudeDegrees>60.098873</LatitudeDegrees><LongitudeDegrees>18.758942</LongitudeDegrees></Position><AltitudeMeters>1.836</AltitudeMeters><HeartRateBpm><Value>135</Value></HeartRateBpm></Trackpoint><Trackpoint><Time>2026-05-02T08:43:17.484Z</Time><Position><LatitudeDegrees>60.098907</LatitudeDegrees><LongitudeDegrees>18.758957</LongitudeDegrees></Position><AltitudeMeters>1.903</AltitudeMeters><HeartRateBpm><Value>134</Value></HeartRateBpm></Trackpoint><Trackpoint><Time>2026-05-02T08:43:18.492Z</Time><Position><LatitudeDegrees>60.098946</LatitudeDegrees><LongitudeDegrees>18.758972</LongitudeDegrees></Position><AltitudeMeters>2.039</AltitudeMeters><HeartRateBpm><Value>134</Value></HeartRateBpm></Trackpoint><Trackpoint><Time>2026-05-02T08:43:19.499Z</Time><Position><LatitudeDegrees>60.09898</LatitudeDegrees><LongitudeDegrees>18.758987</LongitudeDegrees></Position><AltitudeMeters>2.211</AltitudeMeters><HeartRateBpm><Value>133</Value></HeartRateBpm></Trackpoint><Trackpoint><Time>2026-05-02T08:43:20.509Z</Time><Position><LatitudeDegrees>60.099014</LatitudeDegrees><LongitudeDegrees>18.759005</LongitudeDegrees></Position><AltitudeMeters>2.355</AltitudeMeters><HeartRateBpm><Value>133</Value></HeartRateBpm></Trackpoint><Trackpoint><Time>2026-05-02T08:43:21.517Z</Time><Position><LatitudeDegrees>60.09905</LatitudeDegrees><LongitudeDegrees>18.759022</LongitudeDegrees></Position><AltitudeMeters>2.447</AltitudeMeters><HeartRateBpm><Value>133</Value></HeartRateBpm></Trackpoint><Trackpoint><Time>2026-05-02T08:43:22.524Z</Time><Position><LatitudeDegrees>60.099087</LatitudeDegrees><LongitudeDegrees>18.759039</LongitudeDegrees></Position><AltitudeMeters>2.505</AltitudeMeters><HeartRateBpm><Value>132</Value></HeartRateBpm></Trackpoint><Trackpoint><Time>2026-05-02T08:43:23.533Z</Time><Position><LatitudeDegrees>60.09912</LatitudeDegrees><LongitudeDegrees>18.759056</LongitudeDegrees></Position><AltitudeMeters>2.439</AltitudeMeters><HeartRateBpm><Value>132</Value></HeartRateBpm></Trackpoint><Trackpoint><Time>2026-05-02T08:43:24.542Z</Time><Position><LatitudeDegrees>60.099155</LatitudeDegrees><LongitudeDegrees>18.759071</LongitudeDegrees></Position><AltitudeMeters>2.356</AltitudeMeters><HeartRateBpm><Value>131</Value></HeartRateBpm></Trackpoint><Trackpoint><Time>2026-05-02T08:43:25.551Z</Time><Position><LatitudeDegrees>60.09919</LatitudeDegrees><LongitudeDegrees>18.759092</LongitudeDegrees></Position><AltitudeMeters>2.319</AltitudeMeters><HeartRateBpm><Value>130</Value></HeartRateBpm></Trackpoint><Trackpoint><Time>2026-05-02T08:43:26.558Z</Time><Position><LatitudeDegrees>60.099224</LatitudeDegrees><LongitudeDegrees>18.759115</LongitudeDegrees></Position><AltitudeMeters>2.251</AltitudeMeters><HeartRateBpm><Value>129</Value></HeartRateBpm></Trackpoint><Trackpoint><Time>2026-05-02T08:43:27.567Z</Time><Position><LatitudeDegrees>60.099266</LatitudeDegrees><LongitudeDegrees>18.759138</LongitudeDegrees></Position><AltitudeMeters>2.122</AltitudeMeters><HeartRateBpm><Value>128</Value></HeartRateBpm></Trackpoint><Trackpoint><Time>2026-05-02T08:43:28.577Z</Time><Position><LatitudeDegrees>60.099304</LatitudeDegrees><LongitudeDegrees>18.759161</LongitudeDegrees></Position><AltitudeMeters>1.957</AltitudeMeters><HeartRateBpm><Value>128</Value></HeartRateBpm></Trackpoint><Trackpoint><Time>2026-05-02T08:43:29.586Z</Time><Position><LatitudeDegrees>60.099346</LatitudeDegrees><LongitudeDegrees>18.759182</LongitudeDegrees></Position><AltitudeMeters>1.894</AltitudeMeters><HeartRateBpm><Value>128</Value></HeartRateBpm></Trackpoint><Trackpoint><Time>2026-05-02T08:43:30.594Z</Time><Position><LatitudeDegrees>60.099396</LatitudeDegrees><LongitudeDegrees>18.75921</LongitudeDegrees></Position><AltitudeMeters>2.005</AltitudeMeters><HeartRateBpm><Value>127</Value></HeartRateBpm></Trackpoint><Trackpoint><Time>2026-05-02T08:43:31.604Z</Time><Position><LatitudeDegrees>60.099445</LatitudeDegrees><LongitudeDegrees>18.759245</LongitudeDegrees></Position><AltitudeMeters>1.754</AltitudeMeters><HeartRateBpm><Value>127</Value></HeartRateBpm></Trackpoint><Trackpoint><Time>2026-05-02T08:43:32.613Z</Time><Position><LatitudeDegrees>60.099495</LatitudeDegrees><LongitudeDegrees>18.759287</LongitudeDegrees></Position><AltitudeMeters>1.111</AltitudeMeters><HeartRateBpm><Value>127</Value></HeartRateBpm></Trackpoint><Trackpoint><Time>2026-05-02T08:43:33.622Z</Time><Position><LatitudeDegrees>60.09954</LatitudeDegrees><LongitudeDegrees>18.759329</LongitudeDegrees></Position><AltitudeMeters>0.812</AltitudeMeters><HeartRateBpm><Value>127</Value></HeartRateBpm></Trackpoint><Trackpoint><Time>2026-05-02T08:43:34.630Z</Time><Position><LatitudeDegrees>60.099583</LatitudeDegrees><LongitudeDegrees>18.759373</LongitudeDegrees></Position><AltitudeMeters>0.746</AltitudeMeters><HeartRateBpm><Value>127</Value></HeartRateBpm></Trackpoint><Trackpoint><Time>2026-05-02T08:43:35.637Z</Time><Position><LatitudeDegrees>60.09962</LatitudeDegrees><LongitudeDegrees>18.759405</LongitudeDegrees></Position><AltitudeMeters>0.475</AltitudeMeters><HeartRateBpm><Value>126</Value></HeartRateBpm></Trackpoint><Trackpoint><Time>2026-05-02T08:43:36.647Z</Time><Position><LatitudeDegrees>60.099655</LatitudeDegrees><LongitudeDegrees>18.759434</LongitudeDegrees></Position><AltitudeMeters>-0.022</AltitudeMeters><HeartRateBpm><Value>126</Value></HeartRateBpm></Trackpoint><Trackpoint><Time>2026-05-02T08:43:37.655Z</Time><Position><LatitudeDegrees>60.09969</LatitudeDegrees><LongitudeDegrees>18.759462</LongitudeDegrees></Position><AltitudeMeters>-0.11</AltitudeMeters><HeartRateBpm><Value>126</Value></HeartRateBpm></Trackpoint><Trackpoint><Time>2026-05-02T08:43:38.664Z</Time><Position><LatitudeDegrees>60.09972</LatitudeDegrees><LongitudeDegrees>18.759487</LongitudeDegrees></Position><AltitudeMeters>-0.11</AltitudeMeters><HeartRateBpm><Value>126</Value></HeartRateBpm></Trackpoint><Trackpoint><Time>2026-05-02T08:43:39.673Z</Time><Position><LatitudeDegrees>60.099747</LatitudeDegrees><LongitudeDegrees>18.75951</LongitudeDegrees></Position><AltitudeMeters>-0.168</AltitudeMeters><HeartRateBpm><Value>126</Value></HeartRateBpm></Trackpoint><Trackpoint><Time>2026-05-02T08:43:40.681Z</Time><Position><LatitudeDegrees>60.099773</LatitudeDegrees><LongitudeDegrees>18.759533</LongitudeDegrees></Position><AltitudeMeters>-0.422</AltitudeMeters><HeartRateBpm><Value>126</Value></HeartRateBpm></Trackpoint><Trackpoint><Time>2026-05-02T08:43:41.691Z</Time><Position><LatitudeDegrees>60.0998</LatitudeDegrees><LongitudeDegrees>18.75956</LongitudeDegrees></Position><AltitudeMeters>-0.635</AltitudeMeters><HeartRateBpm><Value>126</Value></HeartRateBpm></Trackpoint><Trackpoint><Time>2026-05-02T08:43:42.698Z</Time><Position><LatitudeDegrees>60.099823</LatitudeDegrees><LongitudeDegrees>18.759584</LongitudeDegrees></Position><AltitudeMeters>-0.938</AltitudeMeters><HeartRateBpm><Value>125</Value></HeartRateBpm></Trackpoint><Trackpoint><Time>2026-05-02T08:43:43.706Z</Time><Position><LatitudeDegrees>60.099846</LatitudeDegrees><LongitudeDegrees>18.759611</LongitudeDegrees></Position><AltitudeMeters>-1.278</AltitudeMeters><HeartRateBpm><Value>125</Value></HeartRateBpm></Trackpoint><Trackpoint><Time>2026-05-02T08:43:44.714Z</Time><Position><LatitudeDegrees>60.099873</LatitudeDegrees><LongitudeDegrees>18.759645</LongitudeDegrees></Position><AltitudeMeters>-1.721</AltitudeMeters><HeartRateBpm><Value>124</Value></HeartRateBpm></Trackpoint><Trackpoint><Time>2026-05-02T08:43:45.723Z</Time><Position><LatitudeDegrees>60.0999</LatitudeDegrees><LongitudeDegrees>18.759687</LongitudeDegrees></Position><AltitudeMeters>-2.034</AltitudeMeters><HeartRateBpm><Value>123</Value></HeartRateBpm></Trackpoint><Trackpoint><Time>2026-05-02T08:43:46.732Z</Time><Position><LatitudeDegrees>60.09993</LatitudeDegrees><LongitudeDegrees>18.75974</LongitudeDegrees></Position><AltitudeMeters>-2.382</AltitudeMeters><HeartRateBpm><Value>122</Value></HeartRateBpm></Trackpoint><Trackpoint><Time>2026-05-02T08:43:47.741Z</Time><Position><LatitudeDegrees>60.099957</LatitudeDegrees><LongitudeDegrees>18.759796</LongitudeDegrees></Position><AltitudeMeters>-2.508</AltitudeMeters><HeartRateBpm><Value>121</Value></HeartRateBpm></Trackpoint><Trackpoint><Time>2026-05-02T08:43:48.750Z</Time><Position><LatitudeDegrees>60.099987</LatitudeDegrees><LongitudeDegrees>18.759853</LongitudeDegrees></Position><AltitudeMeters>-2.954</AltitudeMeters><HeartRateBpm><Value>119</Value></HeartRateBpm></Trackpoint><Trackpoint><Time>2026-05-02T08:43:49.759Z</Time><Position><LatitudeDegrees>60.100018</LatitudeDegrees><LongitudeDegrees>18.759905</LongitudeDegrees></Position><AltitudeMeters>-3.219</AltitudeMeters><HeartRateBpm><Value>119</Value></HeartRateBpm></Trackpoint><Trackpoint><Time>2026-05-02T08:43:50.768Z</Time><Position><LatitudeDegrees>60.100048</LatitudeDegrees><LongitudeDegrees>18.759954</LongitudeDegrees></Position><AltitudeMeters>-3.253</AltitudeMeters><HeartRateBpm><Value>119</Value></HeartRateBpm></Trackpoint><Trackpoint><Time>2026-05-02T08:43:51.777Z</Time><Position><LatitudeDegrees>60.10008</LatitudeDegrees><LongitudeDegrees>18.760002</LongitudeDegrees></Position><AltitudeMeters>-3.684</AltitudeMeters><HeartRateBpm><Value>119</Value></HeartRateBpm></Trackpoint><Trackpoint><Time>2026-05-02T08:43:52.786Z</Time><Position><LatitudeDegrees>60.10011</LatitudeDegrees><LongitudeDegrees>18.760042</LongitudeDegrees></Position><AltitudeMeters>-3.836</AltitudeMeters><HeartRateBpm><Value>119</Value></HeartRateBpm></Trackpoint><Trackpoint><Time>2026-05-02T08:43:53.794Z</Time><Position><LatitudeDegrees>60.10014</LatitudeDegrees><LongitudeDegrees>18.760078</LongitudeDegrees></Position><AltitudeMeters>-3.863</AltitudeMeters><HeartRateBpm><Value>120</Value></HeartRateBpm></Trackpoint><Trackpoint><Time>2026-05-02T08:43:54.803Z</Time><Position><LatitudeDegrees>60.10017</LatitudeDegrees><LongitudeDegrees>18.760103</LongitudeDegrees></Position><AltitudeMeters>-3.757</AltitudeMeters><HeartRateBpm><Value>119</Value></HeartRateBpm></Trackpoint><Trackpoint><Time>2026-05-02T08:43:55.812Z</Time><Position><LatitudeDegrees>60.100197</LatitudeDegrees><LongitudeDegrees>18.760124</LongitudeDegrees></Position><AltitudeMeters>-3.763</AltitudeMeters><HeartRateBpm><Value>119</Value></HeartRateBpm></Trackpoint><Trackpoint><Time>2026-05-02T08:43:56.818Z</Time><Position><LatitudeDegrees>60.100227</LatitudeDegrees><LongitudeDegrees>18.760141</LongitudeDegrees></Position><AltitudeMeters>-3.948</AltitudeMeters><HeartRateBpm><Value>119</Value></HeartRateBpm></Trackpoint><Trackpoint><Time>2026-05-02T08:43:57.827Z</Time><Position><LatitudeDegrees>60.100254</LatitudeDegrees><LongitudeDegrees>18.760155</LongitudeDegrees></Position><AltitudeMeters>-4.061</AltitudeMeters><HeartRateBpm><Value>119</Value></HeartRateBpm></Trackpoint><Trackpoint><Time>2026-05-02T08:43:58.836Z</Time><Position><LatitudeDegrees>60.10028</LatitudeDegrees><LongitudeDegrees>18.760166</LongitudeDegrees></Position><AltitudeMeters>-4.221</AltitudeMeters><HeartRateBpm><Value>118</Value></HeartRateBpm></Trackpoint><Trackpoint><Time>2026-05-02T08:43:59.845Z</Time><Position><LatitudeDegrees>60.1003</LatitudeDegrees><LongitudeDegrees>18.76017</LongitudeDegrees></Position><AltitudeMeters>-4.473</AltitudeMeters><HeartRateBpm><Value>118</Value></HeartRateBpm></Trackpoint><Trackpoint><Time>2026-05-02T08:44:00.855Z</Time><Position><LatitudeDegrees>60.10032</LatitudeDegrees><LongitudeDegrees>18.76017</LongitudeDegrees></Position><AltitudeMeters>-4.612</AltitudeMeters><HeartRateBpm><Value>118</Value></HeartRateBpm></Trackpoint><Trackpoint><Time>2026-05-02T08:44:01.863Z</Time><Position><LatitudeDegrees>60.100338</LatitudeDegrees><LongitudeDegrees>18.760168</LongitudeDegrees></Position><AltitudeMeters>-4.528</AltitudeMeters><HeartRateBpm><Value>118</Value></HeartRateBpm></Trackpoint><Trackpoint><Time>2026-05-02T08:44:02.872Z</Time><Position><LatitudeDegrees>60.10035</LatitudeDegrees><LongitudeDegrees>18.760168</LongitudeDegrees></Position><AltitudeMeters>-4.486</AltitudeMeters><HeartRateBpm><Value>120</Value></HeartRateBpm></Trackpoint><Trackpoint><Time>2026-05-02T08:44:03.882Z</Time><Position><LatitudeDegrees>60.10036</LatitudeDegrees><LongitudeDegrees>18.760168</LongitudeDegrees></Position><AltitudeMeters>-4.53</AltitudeMeters><HeartRateBpm><Value>122</Value></HeartRateBpm></Trackpoint><Trackpoint><Time>2026-05-02T08:44:04.889Z</Time><Position><LatitudeDegrees>60.100365</LatitudeDegrees><LongitudeDegrees>18.760166</LongitudeDegrees></Position><AltitudeMeters>-4.408</AltitudeMeters><HeartRateBpm><Value>122</Value></HeartRateBpm></Trackpoint><Trackpoint><Time>2026-05-02T08:44:05.900Z</Time><Position><LatitudeDegrees>60.10036</LatitudeDegrees><LongitudeDegrees>18.760162</LongitudeDegrees></Position><AltitudeMeters>-4.505</AltitudeMeters><HeartRateBpm><Value>122</Value></HeartRateBpm></Trackpoint><Trackpoint><Time>2026-05-02T08:44:06.907Z</Time><Position><LatitudeDegrees>60.100353</LatitudeDegrees><LongitudeDegrees>18.760157</LongitudeDegrees></Position><AltitudeMeters>-4.643</AltitudeMeters><HeartRateBpm><Value>121</Value></HeartRateBpm></Trackpoint><Trackpoint><Time>2026-05-02T08:44:07.915Z</Time><Position><LatitudeDegrees>60.100338</LatitudeDegrees><LongitudeDegrees>18.760149</LongitudeDegrees></Position><AltitudeMeters>-4.66</AltitudeMeters><HeartRateBpm><Value>121</Value></HeartRateBpm></Trackpoint><Trackpoint><Time>2026-05-02T08:52:33.715Z</Time><Position><LatitudeDegrees>60.100327</LatitudeDegrees><LongitudeDegrees>18.760141</LongitudeDegrees></Position><AltitudeMeters>-4.159</AltitudeMeters><HeartRateBpm><Value>116</Value></HeartRateBpm></Trackpoint><Trackpoint><Time>2026-05-02T08:52:34.716Z</Time><Position><LatitudeDegrees>60.100307</LatitudeDegrees><LongitudeDegrees>18.760132</LongitudeDegrees></Position><AltitudeMeters>-4.258</AltitudeMeters><HeartRateBpm><Value>116</Value></HeartRateBpm></Trackpoint><Trackpoint><Time>2026-05-02T08:52:35.716Z</Time><Position><LatitudeDegrees>60.100285</LatitudeDegrees><LongitudeDegrees>18.760122</LongitudeDegrees></Position><AltitudeMeters>-4.292</AltitudeMeters><HeartRateBpm><Value>116</Value></HeartRateBpm></Trackpoint><Trackpoint><Time>2026-05-02T08:52:36.718Z</Time><Position><LatitudeDegrees>60.100266</LatitudeDegrees><LongitudeDegrees>18.76011</LongitudeDegrees></Position><AltitudeMeters>-4.275</AltitudeMeters><HeartRateBpm><Value>116</Value></HeartRateBpm></Trackpoint><Trackpoint><Time>2026-05-02T08:52:37.718Z</Time><Position><LatitudeDegrees>60.100243</LatitudeDegrees><LongitudeDegrees>18.7601</LongitudeDegrees></Position><AltitudeMeters>-4.275</AltitudeMeters><HeartRateBpm><Value>116</Value></HeartRateBpm></Trackpoint><Trackpoint><Time>2026-05-02T08:52:38.727Z</Time><Position><LatitudeDegrees>60.100224</LatitudeDegrees><LongitudeDegrees>18.76009</LongitudeDegrees></Position><AltitudeMeters>-4.358</AltitudeMeters><HeartRateBpm><Value>116</Value></HeartRateBpm></Trackpoint><Trackpoint><Time>2026-05-02T08:52:39.735Z</Time><Position><LatitudeDegrees>60.100204</LatitudeDegrees><LongitudeDegrees>18.760078</LongitudeDegrees></Position><AltitudeMeters>-4.379</AltitudeMeters><HeartRateBpm><Value>116</Value></HeartRateBpm></Trackpoint><Trackpoint><Time>2026-05-02T08:52:40.744Z</Time><Position><LatitudeDegrees>60.10018</LatitudeDegrees><LongitudeDegrees>18.760067</LongitudeDegrees></Position><AltitudeMeters>-4.256</AltitudeMeters><HeartRateBpm><Value>116</Value></HeartRateBpm></Trackpoint><Trackpoint><Time>2026-05-02T08:52:41.754Z</Time><Position><LatitudeDegrees>60.100163</LatitudeDegrees><LongitudeDegrees>18.760054</LongitudeDegrees></Position><AltitudeMeters>-4.262</AltitudeMeters><HeartRateBpm><Value>116</Value></HeartRateBpm></Trackpoint><Trackpoint><Time>2026-05-02T08:52:42.763Z</Time><Position><LatitudeDegrees>60.10014</LatitudeDegrees><LongitudeDegrees>18.760038</LongitudeDegrees></Position><AltitudeMeters>-4.254</AltitudeMeters><HeartRateBpm><Value>117</Value></HeartRateBpm></Trackpoint><Trackpoint><Time>2026-05-02T08:52:43.773Z</Time><Position><LatitudeDegrees>60.10012</LatitudeDegrees><LongitudeDegrees>18.76002</LongitudeDegrees></Position><AltitudeMeters>-4.173</AltitudeMeters><HeartRateBpm><Value>117</Value></HeartRateBpm></Trackpoint><Trackpoint><Time>2026-05-02T08:52:44.779Z</Time><Position><LatitudeDegrees>60.1001</LatitudeDegrees><LongitudeDegrees>18.76</LongitudeDegrees></Position><AltitudeMeters>-3.828</AltitudeMeters><HeartRateBpm><Value>117</Value></HeartRateBpm></Trackpoint><Trackpoint><Time>2026-05-02T08:52:45.788Z</Time><Position><LatitudeDegrees>60.10008</LatitudeDegrees><LongitudeDegrees>18.75998</LongitudeDegrees></Position><AltitudeMeters>-3.643</AltitudeMeters><HeartRateBpm><Value>117</Value></HeartRateBpm></Trackpoint><Trackpoint><Time>2026-05-02T08:52:46.797Z</Time><Position><LatitudeDegrees>60.10006</LatitudeDegrees><LongitudeDegrees>18.759954</LongitudeDegrees></Position><AltitudeMeters>-3.583</AltitudeMeters><HeartRateBpm><Value>118</Value></HeartRateBpm></Trackpoint><Trackpoint><Time>2026-05-02T08:52:47.805Z</Time><Position><LatitudeDegrees>60.10004</LatitudeDegrees><LongitudeDegrees>18.75993</LongitudeDegrees></Position><AltitudeMeters>-3.677</AltitudeMeters><HeartRateBpm><Value>118</Value></HeartRateBpm></Trackpoint><Trackpoint><Time>2026-05-02T08:52:48.814Z</Time><Position><LatitudeDegrees>60.10002</LatitudeDegrees><LongitudeDegrees>18.759901</LongitudeDegrees></Position><AltitudeMeters>-3.812</AltitudeMeters><HeartRateBpm><Value>118</Value></HeartRateBpm></Trackpoint><Trackpoint><Time>2026-05-02T08:52:49.823Z</Time><Position><LatitudeDegrees>60.100002</LatitudeDegrees><LongitudeDegrees>18.75987</LongitudeDegrees></Position><AltitudeMeters>-3.826</AltitudeMeters><HeartRateBpm><Value>119</Value></HeartRateBpm></Trackpoint><Trackpoint><Time>2026-05-02T08:52:50.832Z</Time><Position><LatitudeDegrees>60.099983</LatitudeDegrees><LongitudeDegrees>18.75984</LongitudeDegrees></Position><AltitudeMeters>-3.804</AltitudeMeters><HeartRateBpm><Value>119</Value></HeartRateBpm></Trackpoint><Trackpoint><Time>2026-05-02T08:52:51.839Z</Time><Position><LatitudeDegrees>60.099964</LatitudeDegrees><LongitudeDegrees>18.75981</LongitudeDegrees></Position><AltitudeMeters>-3.524</AltitudeMeters><HeartRateBpm><Value>119</Value></HeartRateBpm></Trackpoint><Trackpoint><Time>2026-05-02T08:52:52.847Z</Time><Position><LatitudeDegrees>60.099945</LatitudeDegrees><LongitudeDegrees>18.759783</LongitudeDegrees></Position><AltitudeMeters>-3.124</AltitudeMeters><HeartRateBpm><Value>120</Value></HeartRateBpm></Trackpoint><Trackpoint><Time>2026-05-02T08:52:53.857Z</Time><Position><LatitudeDegrees>60.09993</LatitudeDegrees><LongitudeDegrees>18.759756</LongitudeDegrees></Position><AltitudeMeters>-2.859</AltitudeMeters><HeartRateBpm><Value>119</Value></HeartRateBpm></Trackpoint><Trackpoint><Time>2026-05-02T08:52:54.866Z</Time><Position><LatitudeDegrees>60.099915</LatitudeDegrees><LongitudeDegrees>18.759726</LongitudeDegrees></Position><AltitudeMeters>-2.697</AltitudeMeters><HeartRateBpm><Value>119</Value></HeartRateBpm></Trackpoint><Trackpoint><Time>2026-05-02T08:52:55.873Z</Time><Position><LatitudeDegrees>60.0999</LatitudeDegrees><LongitudeDegrees>18.759693</LongitudeDegrees></Position><AltitudeMeters>-2.671</AltitudeMeters><HeartRateBpm><Value>120</Value></HeartRateBpm></Trackpoint><Trackpoint><Time>2026-05-02T08:52:56.875Z</Time><Position><LatitudeDegrees>60.099884</LatitudeDegrees><LongitudeDegrees>18.759663</LongitudeDegrees></Position><AltitudeMeters>-2.72</AltitudeMeters><HeartRateBpm><Value>120</Value></HeartRateBpm></Trackpoint><Trackpoint><Time>2026-05-02T08:52:57.878Z</Time><Position><LatitudeDegrees>60.09987</LatitudeDegrees><LongitudeDegrees>18.75963</LongitudeDegrees></Position><AltitudeMeters>-2.53</AltitudeMeters><HeartRateBpm><Value>120</Value></HeartRateBpm></Trackpoint><Trackpoint><Time>2026-05-02T08:52:58.881Z</Time><Position><LatitudeDegrees>60.09985</LatitudeDegrees><LongitudeDegrees>18.759602</LongitudeDegrees></Position><AltitudeMeters>-2.249</AltitudeMeters><HeartRateBpm><Value>119</Value></HeartRateBpm></Trackpoint><Trackpoint><Time>2026-05-02T08:52:59.889Z</Time><Position><LatitudeDegrees>60.09983</LatitudeDegrees><LongitudeDegrees>18.759577</LongitudeDegrees></Position><AltitudeMeters>-1.898</AltitudeMeters><HeartRateBpm><Value>119</Value></HeartRateBpm></Trackpoint><Trackpoint><Time>2026-05-02T08:53:00.899Z</Time><Position><LatitudeDegrees>60.099808</LatitudeDegrees><LongitudeDegrees>18.759554</LongitudeDegrees></Position><AltitudeMeters>-1.482</AltitudeMeters><HeartRateBpm><Value>119</Value></HeartRateBpm></Trackpoint><Trackpoint><Time>2026-05-02T08:53:01.906Z</Time><Position><LatitudeDegrees>60.09979</LatitudeDegrees><LongitudeDegrees>18.759533</LongitudeDegrees></Position><AltitudeMeters>-1.18</AltitudeMeters><HeartRateBpm><Value>120</Value></HeartRateBpm></Trackpoint><Trackpoint><Time>2026-05-02T08:53:02.914Z</Time><Position><LatitudeDegrees>60.099766</LatitudeDegrees><LongitudeDegrees>18.759514</LongitudeDegrees></Position><AltitudeMeters>-0.999</AltitudeMeters><HeartRateBpm><Value>120</Value></HeartRateBpm></Trackpoint><Trackpoint><Time>2026-05-02T08:53:03.924Z</Time><Position><LatitudeDegrees>60.099747</LatitudeDegrees><LongitudeDegrees>18.759497</LongitudeDegrees></Position><AltitudeMeters>-0.836</AltitudeMeters><HeartRateBpm><Value>121</Value></HeartRateBpm></Trackpoint><Trackpoint><Time>2026-05-02T08:53:04.932Z</Time><Position><LatitudeDegrees>60.099728</LatitudeDegrees><LongitudeDegrees>18.759481</LongitudeDegrees></Position><AltitudeMeters>-0.789</AltitudeMeters><HeartRateBpm><Value>123</Value></HeartRateBpm></Trackpoint><Trackpoint><Time>2026-05-02T08:53:05.939Z</Time><Position><LatitudeDegrees>60.099712</LatitudeDegrees><LongitudeDegrees>18.759466</LongitudeDegrees></Position><AltitudeMeters>-0.689</AltitudeMeters><HeartRateBpm><Value>126</Value></HeartRateBpm></Trackpoint><Trackpoint><Time>2026-05-02T08:53:06.946Z</Time><Position><LatitudeDegrees>60.099693</LatitudeDegrees><LongitudeDegrees>18.75945</LongitudeDegrees></Position><AltitudeMeters>-0.647</AltitudeMeters><HeartRateBpm><Value>129</Value></HeartRateBpm></Trackpoint><Trackpoint><Time>2026-05-02T08:53:07.954Z</Time><Position><LatitudeDegrees>60.099674</LatitudeDegrees><LongitudeDegrees>18.759436</LongitudeDegrees></Position><AltitudeMeters>-0.726</AltitudeMeters><HeartRateBpm><Value>132</Value></HeartRateBpm></Trackpoint><Trackpoint><Time>2026-05-02T08:53:08.963Z</Time><Position><LatitudeDegrees>60.09966</LatitudeDegrees><LongitudeDegrees>18.75942</LongitudeDegrees></Position><AltitudeMeters>-0.808</AltitudeMeters><HeartRateBpm><Value>133</Value></HeartRateBpm></Trackpoint><Trackpoint><Time>2026-05-02T08:53:09.972Z</Time><Position><LatitudeDegrees>60.09964</LatitudeDegrees><LongitudeDegrees>18.759407</LongitudeDegrees></Position><AltitudeMeters>-0.935</AltitudeMeters><HeartRateBpm><Value>134</Value></HeartRateBpm></Trackpoint><Trackpoint><Time>2026-05-02T08:53:10.979Z</Time><Position><LatitudeDegrees>60.099625</LatitudeDegrees><LongitudeDegrees>18.759392</LongitudeDegrees></Position><AltitudeMeters>-0.894</AltitudeMeters><HeartRateBpm><Value>134</Value></HeartRateBpm></Trackpoint><Trackpoint><Time>2026-05-02T08:53:11.988Z</Time><Position><LatitudeDegrees>60.099606</LatitudeDegrees><LongitudeDegrees>18.759377</LongitudeDegrees></Position><AltitudeMeters>-0.808</AltitudeMeters><HeartRateBpm><Value>135</Value></HeartRateBpm></Trackpoint><Trackpoint><Time>2026-05-02T08:53:12.997Z</Time><Position><LatitudeDegrees>60.099583</LatitudeDegrees><LongitudeDegrees>18.75936</LongitudeDegrees></Position><AltitudeMeters>-0.807</AltitudeMeters><HeartRateBpm><Value>135</Value></HeartRateBpm></Trackpoint><Trackpoint><Time>2026-05-02T08:53:14.005Z</Time><Position><LatitudeDegrees>60.099564</LatitudeDegrees><LongitudeDegrees>18.759342</LongitudeDegrees></Position><AltitudeMeters>-0.468</AltitudeMeters><HeartRateBpm><Value>135</Value></HeartRateBpm></Trackpoint><Trackpoint><Time>2026-05-02T08:53:15.013Z</Time><Position><LatitudeDegrees>60.099545</LatitudeDegrees><LongitudeDegrees>18.759327</LongitudeDegrees></Position><AltitudeMeters>0.067</AltitudeMeters><HeartRateBpm><Value>134</Value></HeartRateBpm></Trackpoint><Trackpoint><Time>2026-05-02T08:53:16.021Z</Time><Position><LatitudeDegrees>60.099525</LatitudeDegrees><LongitudeDegrees>18.759312</LongitudeDegrees></Position><AltitudeMeters>0.256</AltitudeMeters><HeartRateBpm><Value>134</Value></HeartRateBpm></Trackpoint><Trackpoint><Time>2026-05-02T08:53:17.029Z</Time><Position><LatitudeDegrees>60.099506</LatitudeDegrees><LongitudeDegrees>18.759296</LongitudeDegrees></Position><AltitudeMeters>0.275</AltitudeMeters><HeartRateBpm><Value>133</Value></HeartRateBpm></Trackpoint><Trackpoint><Time>2026-05-02T08:53:18.038Z</Time><Position><LatitudeDegrees>60.099487</LatitudeDegrees><LongitudeDegrees>18.759281</LongitudeDegrees></Position><AltitudeMeters>0.371</AltitudeMeters><HeartRateBpm><Value>132</Value></HeartRateBpm></Trackpoint><Trackpoint><Time>2026-05-02T08:53:19.046Z</Time><Position><LatitudeDegrees>60.09947</LatitudeDegrees><LongitudeDegrees>18.759266</LongitudeDegrees></Position><AltitudeMeters>0.418</AltitudeMeters><HeartRateBpm><Value>132</Value></HeartRateBpm></Trackpoint><Trackpoint><Time>2026-05-02T08:53:20.055Z</Time><Position><LatitudeDegrees>60.09945</LatitudeDegrees><LongitudeDegrees>18.75925</LongitudeDegrees></Position><AltitudeMeters>0.57</AltitudeMeters><HeartRateBpm><Value>131</Value></HeartRateBpm></Trackpoint><Trackpoint><Time>2026-05-02T08:53:21.064Z</Time><Position><LatitudeDegrees>60.099426</LatitudeDegrees><LongitudeDegrees>18.759235</LongitudeDegrees></Position><AltitudeMeters>0.6</AltitudeMeters><HeartRateBpm><Value>131</Value></HeartRateBpm></Trackpoint><Trackpoint><Time>2026-05-02T08:53:22.072Z</Time><Position><LatitudeDegrees>60.099407</LatitudeDegrees><LongitudeDegrees>18.75922</LongitudeDegrees></Position><AltitudeMeters>0.619</AltitudeMeters><HeartRateBpm><Value>131</Value></HeartRateBpm></Trackpoint><Trackpoint><Time>2026-05-02T08:53:23.079Z</Time><Position><LatitudeDegrees>60.09939</LatitudeDegrees><LongitudeDegrees>18.759205</LongitudeDegrees></Position><AltitudeMeters>0.652</AltitudeMeters><HeartRateBpm><Value>132</Value></HeartRateBpm></Trackpoint><Trackpoint><Time>2026-05-02T08:53:24.087Z</Time><Position><LatitudeDegrees>60.099365</LatitudeDegrees><LongitudeDegrees>18.759188</LongitudeDegrees></Position><AltitudeMeters>0.684</AltitudeMeters><HeartRateBpm><Value>132</Value></HeartRateBpm></Trackpoint><Trackpoint><Time>2026-05-02T08:53:25.097Z</Time><Position><LatitudeDegrees>60.099346</LatitudeDegrees><LongitudeDegrees>18.759172</LongitudeDegrees></Position><AltitudeMeters>0.873</AltitudeMeters><HeartRateBpm><Value>133</Value></HeartRateBpm></Trackpoint><Trackpoint><Time>2026-05-02T08:53:26.106Z</Time><Position><LatitudeDegrees>60.099327</LatitudeDegrees><LongitudeDegrees>18.75916</LongitudeDegrees></Position><AltitudeMeters>1.092</AltitudeMeters><HeartRateBpm><Value>134</Value></HeartRateBpm></Trackpoint><Trackpoint><Time>2026-05-02T08:53:27.115Z</Time><Position><LatitudeDegrees>60.099308</LatitudeDegrees><LongitudeDegrees>18.759144</LongitudeDegrees></Position><AltitudeMeters>1.423</AltitudeMeters><HeartRateBpm><Value>135</Value></HeartRateBpm></Trackpoint><Trackpoint><Time>2026-05-02T08:53:28.124Z</Time><Position><LatitudeDegrees>60.09929</LatitudeDegrees><LongitudeDegrees>18.759132</LongitudeDegrees></Position><AltitudeMeters>1.556</AltitudeMeters><HeartRateBpm><Value>136</Value></HeartRateBpm></Trackpoint><Trackpoint><Time>2026-05-02T08:53:29.134Z</Time><Position><LatitudeDegrees>60.09927</LatitudeDegrees><LongitudeDegrees>18.759119</LongitudeDegrees></Position><AltitudeMeters>1.726</AltitudeMeters><HeartRateBpm><Value>137</Value></HeartRateBpm></Trackpoint><Trackpoint><Time>2026-05-02T08:53:30.143Z</Time><Position><LatitudeDegrees>60.09925</LatitudeDegrees><LongitudeDegrees>18.759106</LongitudeDegrees></Position><AltitudeMeters>1.767</AltitudeMeters><HeartRateBpm><Value>138</Value></HeartRateBpm></Trackpoint><Trackpoint><Time>2026-05-02T08:53:31.152Z</Time><Position><LatitudeDegrees>60.09923</LatitudeDegrees><LongitudeDegrees>18.759092</LongitudeDegrees></Position><AltitudeMeters>1.843</AltitudeMeters><HeartRateBpm><Value>138</Value></HeartRateBpm></Trackpoint><Trackpoint><Time>2026-05-02T08:53:32.159Z</Time><Position><LatitudeDegrees>60.099216</LatitudeDegrees><LongitudeDegrees>18.759079</LongitudeDegrees></Position><AltitudeMeters>1.974</AltitudeMeters><HeartRateBpm><Value>139</Value></HeartRateBpm></Trackpoint><Trackpoint><Time>2026-05-02T08:53:33.170Z</Time><Position><LatitudeDegrees>60.099197</LatitudeDegrees><LongitudeDegrees>18.759066</LongitudeDegrees></Position><AltitudeMeters>2.073</AltitudeMeters><HeartRateBpm><Value>139</Value></HeartRateBpm></Trackpoint><Trackpoint><Time>2026-05-02T08:53:34.178Z</Time><Position><LatitudeDegrees>60.099174</LatitudeDegrees><LongitudeDegrees>18.759054</LongitudeDegrees></Position><AltitudeMeters>2.129</AltitudeMeters><HeartRateBpm><Value>138</Value></HeartRateBpm></Trackpoint><Trackpoint><Time>2026-05-02T08:53:35.187Z</Time><Position><LatitudeDegrees>60.099155</LatitudeDegrees><LongitudeDegrees>18.75904</LongitudeDegrees></Position><AltitudeMeters>2.154</AltitudeMeters><HeartRateBpm><Value>137</Value></HeartRateBpm></Trackpoint><Trackpoint><Time>2026-05-02T08:53:36.196Z</Time><Position><LatitudeDegrees>60.099136</LatitudeDegrees><LongitudeDegrees>18.75903</LongitudeDegrees></Position><AltitudeMeters>2.034</AltitudeMeters><HeartRateBpm><Value>136</Value></HeartRateBpm></Trackpoint><Trackpoint><Time>2026-05-02T08:53:37.205Z</Time><Position><LatitudeDegrees>60.099117</LatitudeDegrees><LongitudeDegrees>18.75902</LongitudeDegrees></Position><AltitudeMeters>1.992</AltitudeMeters><HeartRateBpm><Value>136</Value></HeartRateBpm></Trackpoint><Trackpoint><Time>2026-05-02T08:53:38.213Z</Time><Position><LatitudeDegrees>60.0991</LatitudeDegrees><LongitudeDegrees>18.759008</LongitudeDegrees></Position><AltitudeMeters>2.172</AltitudeMeters><HeartRateBpm><Value>137</Value></HeartRateBpm></Trackpoint><Trackpoint><Time>2026-05-02T08:53:39.222Z</Time><Position><LatitudeDegrees>60.099075</LatitudeDegrees><LongitudeDegrees>18.758999</LongitudeDegrees></Position><AltitudeMeters>2.375</AltitudeMeters><HeartRateBpm><Value>137</Value></HeartRateBpm></Trackpoint><Trackpoint><Time>2026-05-02T08:53:40.229Z</Time><Position><LatitudeDegrees>60.099052</LatitudeDegrees><LongitudeDegrees>18.75899</LongitudeDegrees></Position><AltitudeMeters>2.489</AltitudeMeters><HeartRateBpm><Value>137</Value></HeartRateBpm></Trackpoint><Trackpoint><Time>2026-05-02T08:53:41.238Z</Time><Position><LatitudeDegrees>60.09903</LatitudeDegrees><LongitudeDegrees>18.758982</LongitudeDegrees></Position><AltitudeMeters>2.426</AltitudeMeters><HeartRateBpm><Value>137</Value></HeartRateBpm></Trackpoint><Trackpoint><Time>2026-05-02T08:53:42.247Z</Time><Position><LatitudeDegrees>60.099007</LatitudeDegrees><LongitudeDegrees>18.758968</LongitudeDegrees></Position><AltitudeMeters>2.456</AltitudeMeters><HeartRateBpm><Value>137</Value></HeartRateBpm></Trackpoint><Trackpoint><Time>2026-05-02T08:53:43.256Z</Time><Position><LatitudeDegrees>60.098984</LatitudeDegrees><LongitudeDegrees>18.758959</LongitudeDegrees></Position><AltitudeMeters>2.435</AltitudeMeters><HeartRateBpm><Value>137</Value></HeartRateBpm></Trackpoint><Trackpoint><Time>2026-05-02T08:53:44.265Z</Time><Position><LatitudeDegrees>60.09896</LatitudeDegrees><LongitudeDegrees>18.758945</LongitudeDegrees></Position><AltitudeMeters>2.488</AltitudeMeters><HeartRateBpm><Value>137</Value></HeartRateBpm></Trackpoint><Trackpoint><Time>2026-05-02T08:53:45.273Z</Time><Position><LatitudeDegrees>60.098938</LatitudeDegrees><LongitudeDegrees>18.758932</LongitudeDegrees></Position><AltitudeMeters>2.485</AltitudeMeters><HeartRateBpm><Value>138</Value></HeartRateBpm></Trackpoint><Trackpoint><Time>2026-05-02T08:53:46.282Z</Time><Position><LatitudeDegrees>60.09892</LatitudeDegrees><LongitudeDegrees>18.758917</LongitudeDegrees></Position><AltitudeMeters>2.543</AltitudeMeters><HeartRateBpm><Value>138</Value></HeartRateBpm></Trackpoint><Trackpoint><Time>2026-05-02T08:53:47.288Z</Time><Position><LatitudeDegrees>60.098896</LatitudeDegrees><LongitudeDegrees>18.758904</LongitudeDegrees></Position><AltitudeMeters>2.495</AltitudeMeters><HeartRateBpm><Value>139</Value></HeartRateBpm></Trackpoint><Trackpoint><Time>2026-05-02T08:53:48.296Z</Time><Position><LatitudeDegrees>60.098877</LatitudeDegrees><LongitudeDegrees>18.75889</LongitudeDegrees></Position><AltitudeMeters>2.464</AltitudeMeters><HeartRateBpm><Value>140</Value></HeartRateBpm></Trackpoint><Trackpoint><Time>2026-05-02T08:53:49.305Z</Time><Position><LatitudeDegrees>60.098854</LatitudeDegrees><LongitudeDegrees>18.758879</LongitudeDegrees></Position><AltitudeMeters>2.328</AltitudeMeters><HeartRateBpm><Value>141</Value></HeartRateBpm></Trackpoint><Trackpoint><Time>2026-05-02T08:53:50.313Z</Time><Position><LatitudeDegrees>60.09883</LatitudeDegrees><LongitudeDegrees>18.758867</LongitudeDegrees></Position><AltitudeMeters>2.199</AltitudeMeters><HeartRateBpm><Value>141</Value></HeartRateBpm></Trackpoint><Trackpoint><Time>2026-05-02T08:53:51.320Z</Time><Position><LatitudeDegrees>60.09881</LatitudeDegrees><LongitudeDegrees>18.758858</LongitudeDegrees></Position><AltitudeMeters>2.163</AltitudeMeters><HeartRateBpm><Value>141</Value></HeartRateBpm></Trackpoint><Trackpoint><Time>2026-05-02T08:53:52.327Z</Time><Position><LatitudeDegrees>60.098785</LatitudeDegrees><LongitudeDegrees>18.758846</LongitudeDegrees></Position><AltitudeMeters>2.157</AltitudeMeters><HeartRateBpm><Value>141</Value></HeartRateBpm></Trackpoint><Trackpoint><Time>2026-05-02T08:53:53.337Z</Time><Position><LatitudeDegrees>60.098763</LatitudeDegrees><LongitudeDegrees>18.758837</LongitudeDegrees></Position><AltitudeMeters>2.256</AltitudeMeters><HeartRateBpm><Value>142</Value></HeartRateBpm></Trackpoint><Trackpoint><Time>2026-05-02T08:53:54.345Z</Time><Position><LatitudeDegrees>60.098736</LatitudeDegrees><LongitudeDegrees>18.758827</LongitudeDegrees></Position><AltitudeMeters>2.261</AltitudeMeters><HeartRateBpm><Value>142</Value></HeartRateBpm></Trackpoint><Trackpoint><Time>2026-05-02T08:53:55.354Z</Time><Position><LatitudeDegrees>60.098713</LatitudeDegrees><LongitudeDegrees>18.758818</LongitudeDegrees></Position><AltitudeMeters>2.337</AltitudeMeters><HeartRateBpm><Value>142</Value></HeartRateBpm></Trackpoint><Trackpoint><Time>2026-05-02T08:53:56.362Z</Time><Position><LatitudeDegrees>60.09869</LatitudeDegrees><LongitudeDegrees>18.75881</LongitudeDegrees></Position><AltitudeMeters>2.36</AltitudeMeters><HeartRateBpm><Value>142</Value></HeartRateBpm></Trackpoint><Trackpoint><Time>2026-05-02T08:53:57.372Z</Time><Position><LatitudeDegrees>60.098667</LatitudeDegrees><LongitudeDegrees>18.7588</LongitudeDegrees></Position><AltitudeMeters>2.387</AltitudeMeters><HeartRateBpm><Value>142</Value></HeartRateBpm></Trackpoint><Trackpoint><Time>2026-05-02T08:53:58.379Z</Time><Position><LatitudeDegrees>60.098644</LatitudeDegrees><LongitudeDegrees>18.758795</LongitudeDegrees></Position><AltitudeMeters>2.468</AltitudeMeters><HeartRateBpm><Value>142</Value></HeartRateBpm></Trackpoint><Trackpoint><Time>2026-05-02T08:53:59.387Z</Time><Position><LatitudeDegrees>60.098618</LatitudeDegrees><LongitudeDegrees>18.75879</LongitudeDegrees></Position><AltitudeMeters>2.424</AltitudeMeters><HeartRateBpm><Value>142</Value></HeartRateBpm></Trackpoint><Trackpoint><Time>2026-05-02T08:54:00.395Z</Time><Position><LatitudeDegrees>60.098595</LatitudeDegrees><LongitudeDegrees>18.758785</LongitudeDegrees></Position><AltitudeMeters>2.462</AltitudeMeters><HeartRateBpm><Value>142</Value></HeartRateBpm></Trackpoint><Trackpoint><Time>2026-05-02T08:54:01.404Z</Time><Position><LatitudeDegrees>60.098576</LatitudeDegrees><LongitudeDegrees>18.758781</LongitudeDegrees></Position><AltitudeMeters>2.519</AltitudeMeters><HeartRateBpm><Value>142</Value></HeartRateBpm></Trackpoint><Trackpoint><Time>2026-05-02T08:54:02.412Z</Time><Position><LatitudeDegrees>60.098553</LatitudeDegrees><LongitudeDegrees>18.758776</LongitudeDegrees></Position><AltitudeMeters>2.62</AltitudeMeters><HeartRateBpm><Value>142</Value></HeartRateBpm></Trackpoint><Trackpoint><Time>2026-05-02T08:54:03.421Z</Time><Position><LatitudeDegrees>60.09853</LatitudeDegrees><LongitudeDegrees>18.758772</LongitudeDegrees></Position><AltitudeMeters>2.656</AltitudeMeters><HeartRateBpm><Value>141</Value></HeartRateBpm></Trackpoint><Trackpoint><Time>2026-05-02T08:54:04.428Z</Time><Position><LatitudeDegrees>60.098507</LatitudeDegrees><LongitudeDegrees>18.758766</LongitudeDegrees></Position><AltitudeMeters>2.727</AltitudeMeters><HeartRateBpm><Value>141</Value></HeartRateBpm></Trackpoint><Trackpoint><Time>2026-05-02T08:54:05.436Z</Time><Position><LatitudeDegrees>60.098484</LatitudeDegrees><LongitudeDegrees>18.758762</LongitudeDegrees></Position><AltitudeMeters>2.879</AltitudeMeters><HeartRateBpm><Value>141</Value></HeartRateBpm></Trackpoint><Trackpoint><Time>2026-05-02T08:54:06.443Z</Time><Position><LatitudeDegrees>60.09846</LatitudeDegrees><LongitudeDegrees>18.758757</LongitudeDegrees></Position><AltitudeMeters>2.964</AltitudeMeters><HeartRateBpm><Value>140</Value></HeartRateBpm></Trackpoint><Trackpoint><Time>2026-05-02T08:54:07.453Z</Time><Position><LatitudeDegrees>60.09844</LatitudeDegrees><LongitudeDegrees>18.75875</LongitudeDegrees></Position><AltitudeMeters>2.984</AltitudeMeters><HeartRateBpm><Value>140</Value></HeartRateBpm></Trackpoint><Trackpoint><Time>2026-05-02T08:54:08.462Z</Time><Position><LatitudeDegrees>60.098415</LatitudeDegrees><LongitudeDegrees>18.758745</LongitudeDegrees></Position><AltitudeMeters>2.94</AltitudeMeters><HeartRateBpm><Value>139</Value></HeartRateBpm></Trackpoint><Trackpoint><Time>2026-05-02T08:54:09.469Z</Time><Position><LatitudeDegrees>60.098392</LatitudeDegrees><LongitudeDegrees>18.758738</LongitudeDegrees></Position><AltitudeMeters>2.92</AltitudeMeters><HeartRateBpm><Value>139</Value></HeartRateBpm></Trackpoint><Trackpoint><Time>2026-05-02T08:54:10.476Z</Time><Position><LatitudeDegrees>60.09837</LatitudeDegrees><LongitudeDegrees>18.758728</LongitudeDegrees></Position><AltitudeMeters>2.92</AltitudeMeters><HeartRateBpm><Value>139</Value></HeartRateBpm></Trackpoint><Trackpoint><Time>2026-05-02T08:54:11.485Z</Time><Position><LatitudeDegrees>60.098347</LatitudeDegrees><LongitudeDegrees>18.758717</LongitudeDegrees></Position><AltitudeMeters>2.991</AltitudeMeters><HeartRateBpm><Value>139</Value></HeartRateBpm></Trackpoint><Trackpoint><Time>2026-05-02T08:54:12.493Z</Time><Position><LatitudeDegrees>60.09832</LatitudeDegrees><LongitudeDegrees>18.758703</LongitudeDegrees></Position><AltitudeMeters>3.096</AltitudeMeters><HeartRateBpm><Value>138</Value></HeartRateBpm></Trackpoint><Trackpoint><Time>2026-05-02T08:54:13.502Z</Time><Position><LatitudeDegrees>60.098293</LatitudeDegrees><LongitudeDegrees>18.758688</LongitudeDegrees></Position><AltitudeMeters>3.21</AltitudeMeters><HeartRateBpm><Value>138</Value></HeartRateBpm></Trackpoint><Trackpoint><Time>2026-05-02T08:54:14.511Z</Time><Position><LatitudeDegrees>60.098267</LatitudeDegrees><LongitudeDegrees>18.758673</LongitudeDegrees></Position><AltitudeMeters>3.171</AltitudeMeters><HeartRateBpm><Value>138</Value></HeartRateBpm></Trackpoint><Trackpoint><Time>2026-05-02T08:54:15.518Z</Time><Position><LatitudeDegrees>60.098236</LatitudeDegrees><LongitudeDegrees>18.758657</LongitudeDegrees></Position><AltitudeMeters>3.021</AltitudeMeters><HeartRateBpm><Value>138</Value></HeartRateBpm></Trackpoint><Trackpoint><Time>2026-05-02T08:54:16.526Z</Time><Position><LatitudeDegrees>60.09821</LatitudeDegrees><LongitudeDegrees>18.75864</LongitudeDegrees></Position><AltitudeMeters>2.977</AltitudeMeters><HeartRateBpm><Value>138</Value></HeartRateBpm></Trackpoint><Trackpoint><Time>2026-05-02T08:54:17.535Z</Time><Position><LatitudeDegrees>60.09818</LatitudeDegrees><LongitudeDegrees>18.758623</LongitudeDegrees></Position><AltitudeMeters>2.899</AltitudeMeters><HeartRateBpm><Value>139</Value></HeartRateBpm></Trackpoint><Trackpoint><Time>2026-05-02T08:54:18.544Z</Time><Position><LatitudeDegrees>60.098152</LatitudeDegrees><LongitudeDegrees>18.758606</LongitudeDegrees></Position><AltitudeMeters>2.937</AltitudeMeters><HeartRateBpm><Value>139</Value></HeartRateBpm></Trackpoint><Trackpoint><Time>2026-05-02T08:54:19.553Z</Time><Position><LatitudeDegrees>60.098125</LatitudeDegrees><LongitudeDegrees>18.75859</LongitudeDegrees></Position><AltitudeMeters>2.977</AltitudeMeters><HeartRateBpm><Value>138</Value></HeartRateBpm></Trackpoint><Trackpoint><Time>2026-05-02T08:54:20.562Z</Time><Position><LatitudeDegrees>60.098103</LatitudeDegrees><LongitudeDegrees>18.758572</LongitudeDegrees></Position><AltitudeMeters>3.045</AltitudeMeters><HeartRateBpm><Value>137</Value></HeartRateBpm></Trackpoint><Trackpoint><Time>2026-05-02T08:54:21.568Z</Time><Position><LatitudeDegrees>60.098076</LatitudeDegrees><LongitudeDegrees>18.758553</LongitudeDegrees></Position><AltitudeMeters>3.201</AltitudeMeters><HeartRateBpm><Value>136</Value></HeartRateBpm></Trackpoint><Trackpoint><Time>2026-05-02T08:54:22.578Z</Time><Position><LatitudeDegrees>60.098053</LatitudeDegrees><LongitudeDegrees>18.758532</LongitudeDegrees></Position><AltitudeMeters>3.346</AltitudeMeters><HeartRateBpm><Value>135</Value></HeartRateBpm></Trackpoint><Trackpoint><Time>2026-05-02T08:54:23.587Z</Time><Position><LatitudeDegrees>60.098026</LatitudeDegrees><LongitudeDegrees>18.75851</LongitudeDegrees></Position><AltitudeMeters>3.417</AltitudeMeters><HeartRateBpm><Value>135</Value></HeartRateBpm></Trackpoint><Trackpoint><Time>2026-05-02T08:54:24.596Z</Time><Position><LatitudeDegrees>60.098003</LatitudeDegrees><LongitudeDegrees>18.758488</LongitudeDegrees></Position><AltitudeMeters>3.506</AltitudeMeters><HeartRateBpm><Value>135</Value></HeartRateBpm></Trackpoint><Trackpoint><Time>2026-05-02T08:54:25.604Z</Time><Position><LatitudeDegrees>60.097977</LatitudeDegrees><LongitudeDegrees>18.758465</LongitudeDegrees></Position><AltitudeMeters>3.638</AltitudeMeters><HeartRateBpm><Value>135</Value></HeartRateBpm></Trackpoint><Trackpoint><Time>2026-05-02T08:54:26.614Z</Time><Position><LatitudeDegrees>60.097954</LatitudeDegrees><LongitudeDegrees>18.75844</LongitudeDegrees></Position><AltitudeMeters>3.554</AltitudeMeters><HeartRateBpm><Value>135</Value></HeartRateBpm></Trackpoint><Trackpoint><Time>2026-05-02T08:54:27.623Z</Time><Position><LatitudeDegrees>60.097927</LatitudeDegrees><LongitudeDegrees>18.758413</LongitudeDegrees></Position><AltitudeMeters>3.421</AltitudeMeters><HeartRateBpm><Value>135</Value></HeartRateBpm></Trackpoint><Trackpoint><Time>2026-05-02T08:54:28.632Z</Time><Position><LatitudeDegrees>60.097904</LatitudeDegrees><LongitudeDegrees>18.758387</LongitudeDegrees></Position><AltitudeMeters>3.424</AltitudeMeters><HeartRateBpm><Value>135</Value></HeartRateBpm></Trackpoint><Trackpoint><Time>2026-05-02T08:54:29.639Z</Time><Position><LatitudeDegrees>60.097878</LatitudeDegrees><LongitudeDegrees>18.75836</LongitudeDegrees></Position><AltitudeMeters>3.51</AltitudeMeters><HeartRateBpm><Value>135</Value></HeartRateBpm></Trackpoint><Trackpoint><Time>2026-05-02T08:54:30.647Z</Time><Position><LatitudeDegrees>60.097855</LatitudeDegrees><LongitudeDegrees>18.758331</LongitudeDegrees></Position><AltitudeMeters>3.499</AltitudeMeters><HeartRateBpm><Value>134</Value></HeartRateBpm></Trackpoint><Trackpoint><Time>2026-05-02T08:54:31.656Z</Time><Position><LatitudeDegrees>60.09783</LatitudeDegrees><LongitudeDegrees>18.758305</LongitudeDegrees></Position><AltitudeMeters>3.561</AltitudeMeters><HeartRateBpm><Value>134</Value></HeartRateBpm></Trackpoint><Trackpoint><Time>2026-05-02T08:54:32.665Z</Time><Position><LatitudeDegrees>60.09781</LatitudeDegrees><LongitudeDegrees>18.758276</LongitudeDegrees></Position><AltitudeMeters>3.488</AltitudeMeters><HeartRateBpm><Value>135</Value></HeartRateBpm></Trackpoint><Trackpoint><Time>2026-05-02T08:54:33.675Z</Time><Position><LatitudeDegrees>60.097782</LatitudeDegrees><LongitudeDegrees>18.758244</LongitudeDegrees></Position><AltitudeMeters>3.632</AltitudeMeters><HeartRateBpm><Value>135</Value></HeartRateBpm></Trackpoint><Trackpoint><Time>2026-05-02T08:54:34.685Z</Time><Position><LatitudeDegrees>60.09776</LatitudeDegrees><LongitudeDegrees>18.758213</LongitudeDegrees></Position><AltitudeMeters>3.714</AltitudeMeters><HeartRateBpm><Value>134</Value></HeartRateBpm></Trackpoint><Trackpoint><Time>2026-05-02T08:54:35.693Z</Time><Position><LatitudeDegrees>60.097736</LatitudeDegrees><LongitudeDegrees>18.758175</LongitudeDegrees></Position><AltitudeMeters>3.808</AltitudeMeters><HeartRateBpm><Value>134</Value></HeartRateBpm></Trackpoint><Trackpoint><Time>2026-05-02T08:54:36.699Z</Time><Position><LatitudeDegrees>60.097713</LatitudeDegrees><LongitudeDegrees>18.758135</LongitudeDegrees></Position><AltitudeMeters>3.847</AltitudeMeters><HeartRateBpm><Value>134</Value></HeartRateBpm></Trackpoint><Trackpoint><Time>2026-05-02T08:54:37.704Z</Time><Position><LatitudeDegrees>60.097694</LatitudeDegrees><LongitudeDegrees>18.758097</LongitudeDegrees></Position><AltitudeMeters>3.622</AltitudeMeters><HeartRateBpm><Value>134</Value></HeartRateBpm></Trackpoint><Trackpoint><Time>2026-05-02T08:54:38.712Z</Time><Position><LatitudeDegrees>60.09767</LatitudeDegrees><LongitudeDegrees>18.758053</LongitudeDegrees></Position><AltitudeMeters>3.744</AltitudeMeters><HeartRateBpm><Value>134</Value></HeartRateBpm></Trackpoint><Trackpoint><Time>2026-05-02T08:54:39.719Z</Time><Position><LatitudeDegrees>60.097652</LatitudeDegrees><LongitudeDegrees>18.75801</LongitudeDegrees></Position><AltitudeMeters>3.871</AltitudeMeters><HeartRateBpm><Value>133</Value></HeartRateBpm></Trackpoint><Trackpoint><Time>2026-05-02T08:54:40.727Z</Time><Position><LatitudeDegrees>60.097633</LatitudeDegrees><LongitudeDegrees>18.757965</LongitudeDegrees></Position><AltitudeMeters>4.094</AltitudeMeters><HeartRateBpm><Value>133</Value></HeartRateBpm></Trackpoint><Trackpoint><Time>2026-05-02T08:54:41.735Z</Time><Position><LatitudeDegrees>60.097614</LatitudeDegrees><LongitudeDegrees>18.757921</LongitudeDegrees></Position><AltitudeMeters>4.159</AltitudeMeters><HeartRateBpm><Value>133</Value></HeartRateBpm></Trackpoint><Trackpoint><Time>2026-05-02T08:54:42.744Z</Time><Position><LatitudeDegrees>60.0976</LatitudeDegrees><LongitudeDegrees>18.757875</LongitudeDegrees></Position><AltitudeMeters>4.164</AltitudeMeters><HeartRateBpm><Value>133</Value></HeartRateBpm></Trackpoint><Trackpoint><Time>2026-05-02T08:54:43.754Z</Time><Position><LatitudeDegrees>60.097584</LatitudeDegrees><LongitudeDegrees>18.75783</LongitudeDegrees></Position><AltitudeMeters>3.944</AltitudeMeters><HeartRateBpm><Value>133</Value></HeartRateBpm></Trackpoint><Trackpoint><Time>2026-05-02T08:54:44.763Z</Time><Position><LatitudeDegrees>60.097572</LatitudeDegrees><LongitudeDegrees>18.757782</LongitudeDegrees></Position><AltitudeMeters>3.944</AltitudeMeters><HeartRateBpm><Value>133</Value></HeartRateBpm></Trackpoint><Trackpoint><Time>2026-05-02T08:54:45.771Z</Time><Position><LatitudeDegrees>60.097557</LatitudeDegrees><LongitudeDegrees>18.757736</LongitudeDegrees></Position><AltitudeMeters>4.209</AltitudeMeters><HeartRateBpm><Value>133</Value></HeartRateBpm></Trackpoint><Trackpoint><Time>2026-05-02T08:54:46.778Z</Time><Position><LatitudeDegrees>60.097546</LatitudeDegrees><LongitudeDegrees>18.75769</LongitudeDegrees></Position><AltitudeMeters>4.115</AltitudeMeters><HeartRateBpm><Value>133</Value></HeartRateBpm></Trackpoint><Trackpoint><Time>2026-05-02T08:54:47.786Z</Time><Position><LatitudeDegrees>60.09753</LatitudeDegrees><LongitudeDegrees>18.757645</LongitudeDegrees></Position><AltitudeMeters>3.969</AltitudeMeters><HeartRateBpm><Value>133</Value></HeartRateBpm></Trackpoint><Trackpoint><Time>2026-05-02T08:54:48.795Z</Time><Position><LatitudeDegrees>60.09752</LatitudeDegrees><LongitudeDegrees>18.7576</LongitudeDegrees></Position><AltitudeMeters>4.034</AltitudeMeters><HeartRateBpm><Value>134</Value></HeartRateBpm></Trackpoint><Trackpoint><Time>2026-05-02T08:54:49.802Z</Time><Position><LatitudeDegrees>60.097504</LatitudeDegrees><LongitudeDegrees>18.757559</LongitudeDegrees></Position><AltitudeMeters>4.329</AltitudeMeters><HeartRateBpm><Value>133</Value></HeartRateBpm></Trackpoint><Trackpoint><Time>2026-05-02T08:54:50.809Z</Time><Position><LatitudeDegrees>60.09749</LatitudeDegrees><LongitudeDegrees>18.757515</LongitudeDegrees></Position><AltitudeMeters>4.225</AltitudeMeters><HeartRateBpm><Value>133</Value></HeartRateBpm></Trackpoint><Trackpoint><Time>2026-05-02T08:54:51.817Z</Time><Position><LatitudeDegrees>60.097477</LatitudeDegrees><LongitudeDegrees>18.75747</LongitudeDegrees></Position><AltitudeMeters>4.253</AltitudeMeters><HeartRateBpm><Value>134</Value></HeartRateBpm></Trackpoint><Trackpoint><Time>2026-05-02T08:54:52.826Z</Time><Position><LatitudeDegrees>60.097466</LatitudeDegrees><LongitudeDegrees>18.757423</LongitudeDegrees></Position><AltitudeMeters>4.388</AltitudeMeters><HeartRateBpm><Value>134</Value></HeartRateBpm></Trackpoint><Trackpoint><Time>2026-05-02T08:54:53.835Z</Time><Position><LatitudeDegrees>60.097458</LatitudeDegrees><LongitudeDegrees>18.757376</LongitudeDegrees></Position><AltitudeMeters>4.535</AltitudeMeters><HeartRateBpm><Value>134</Value></HeartRateBpm></Trackpoint><Trackpoint><Time>2026-05-02T08:54:54.846Z</Time><Position><LatitudeDegrees>60.097446</LatitudeDegrees><LongitudeDegrees>18.757326</LongitudeDegrees></Position><AltitudeMeters>4.683</AltitudeMeters><HeartRateBpm><Value>134</Value></HeartRateBpm></Trackpoint><Trackpoint><Time>2026-05-02T08:54:55.854Z</Time><Position><LatitudeDegrees>60.09744</LatitudeDegrees><LongitudeDegrees>18.757278</LongitudeDegrees></Position><AltitudeMeters>4.652</AltitudeMeters><HeartRateBpm><Value>135</Value></HeartRateBpm></Trackpoint><Trackpoint><Time>2026-05-02T08:54:56.863Z</Time><Position><LatitudeDegrees>60.09743</LatitudeDegrees><LongitudeDegrees>18.75723</LongitudeDegrees></Position><AltitudeMeters>4.906</AltitudeMeters><HeartRateBpm><Value>135</Value></HeartRateBpm></Trackpoint><Trackpoint><Time>2026-05-02T08:54:57.872Z</Time><Position><LatitudeDegrees>60.097424</LatitudeDegrees><LongitudeDegrees>18.757185</LongitudeDegrees></Position><AltitudeMeters>4.582</AltitudeMeters><HeartRateBpm><Value>136</Value></HeartRateBpm></Trackpoint><Trackpoint><Time>2026-05-02T08:54:58.874Z</Time><Position><LatitudeDegrees>60.097416</LatitudeDegrees><LongitudeDegrees>18.75714</LongitudeDegrees></Position><AltitudeMeters>4.443</AltitudeMeters><HeartRateBpm><Value>136</Value></HeartRateBpm></Trackpoint><Trackpoint><Time>2026-05-02T08:54:59.883Z</Time><Position><LatitudeDegrees>60.09741</LatitudeDegrees><LongitudeDegrees>18.757095</LongitudeDegrees></Position><AltitudeMeters>4.736</AltitudeMeters><HeartRateBpm><Value>136</Value></HeartRateBpm></Trackpoint><Trackpoint><Time>2026-05-02T08:55:00.890Z</Time><Position><LatitudeDegrees>60.0974</LatitudeDegrees><LongitudeDegrees>18.75705</LongitudeDegrees></Position><AltitudeMeters>5.308</AltitudeMeters><HeartRateBpm><Value>136</Value></HeartRateBpm></Trackpoint><Trackpoint><Time>2026-05-02T08:55:01.900Z</Time><Position><LatitudeDegrees>60.097393</LatitudeDegrees><LongitudeDegrees>18.757004</LongitudeDegrees></Position><AltitudeMeters>5.805</AltitudeMeters><HeartRateBpm><Value>136</Value></HeartRateBpm></Trackpoint><Trackpoint><Time>2026-05-02T08:55:02.907Z</Time><Position><LatitudeDegrees>60.09738</LatitudeDegrees><LongitudeDegrees>18.756958</LongitudeDegrees></Position><AltitudeMeters>6.019</AltitudeMeters><HeartRateBpm><Value>136</Value></HeartRateBpm></Trackpoint><Trackpoint><Time>2026-05-02T08:55:03.916Z</Time><Position><LatitudeDegrees>60.097374</LatitudeDegrees><LongitudeDegrees>18.756905</LongitudeDegrees></Position><AltitudeMeters>6.046</AltitudeMeters><HeartRateBpm><Value>137</Value></HeartRateBpm></Trackpoint><Trackpoint><Time>2026-05-02T08:55:04.924Z</Time><Position><LatitudeDegrees>60.097363</LatitudeDegrees><LongitudeDegrees>18.756851</LongitudeDegrees></Position><AltitudeMeters>6.007</AltitudeMeters><HeartRateBpm><Value>137</Value></HeartRateBpm></Trackpoint><Trackpoint><Time>2026-05-02T08:55:05.933Z</Time><Position><LatitudeDegrees>60.09735</LatitudeDegrees><LongitudeDegrees>18.756794</LongitudeDegrees></Position><AltitudeMeters>5.84</AltitudeMeters><HeartRateBpm><Value>137</Value></HeartRateBpm></Trackpoint><Trackpoint><Time>2026-05-02T08:55:06.942Z</Time><Position><LatitudeDegrees>60.09734</LatitudeDegrees><LongitudeDegrees>18.756737</LongitudeDegrees></Position><AltitudeMeters>5.725</AltitudeMeters><HeartRateBpm><Value>137</Value></HeartRateBpm></Trackpoint><Trackpoint><Time>2026-05-02T08:55:07.948Z</Time><Position><LatitudeDegrees>60.09733</LatitudeDegrees><LongitudeDegrees>18.756678</LongitudeDegrees></Position><AltitudeMeters>5.592</AltitudeMeters><HeartRateBpm><Value>137</Value></HeartRateBpm></Trackpoint><Trackpoint><Time>2026-05-02T08:55:08.957Z</Time><Position><LatitudeDegrees>60.097317</LatitudeDegrees><LongitudeDegrees>18.756615</LongitudeDegrees></Position><AltitudeMeters>5.324</AltitudeMeters><HeartRateBpm><Value>137</Value></HeartRateBpm></Trackpoint><Trackpoint><Time>2026-05-02T08:55:09.965Z</Time><Position><LatitudeDegrees>60.0973</LatitudeDegrees><LongitudeDegrees>18.756552</LongitudeDegrees></Position><AltitudeMeters>5.199</AltitudeMeters><HeartRateBpm><Value>137</Value></HeartRateBpm></Trackpoint><Trackpoint><Time>2026-05-02T08:55:10.974Z</Time><Position><LatitudeDegrees>60.097282</LatitudeDegrees><LongitudeDegrees>18.756485</LongitudeDegrees></Position><AltitudeMeters>4.883</AltitudeMeters><HeartRateBpm><Value>136</Value></HeartRateBpm></Trackpoint><Trackpoint><Time>2026-05-02T08:55:11.982Z</Time><Position><LatitudeDegrees>60.09726</LatitudeDegrees><LongitudeDegrees>18.756414</LongitudeDegrees></Position><AltitudeMeters>4.253</AltitudeMeters><HeartRateBpm><Value>136</Value></HeartRateBpm></Trackpoint><Trackpoint><Time>2026-05-02T08:55:12.989Z</Time><Position><LatitudeDegrees>60.097237</LatitudeDegrees><LongitudeDegrees>18.756338</LongitudeDegrees></Position><AltitudeMeters>3.791</AltitudeMeters><HeartRateBpm><Value>136</Value></HeartRateBpm></Trackpoint><Trackpoint><Time>2026-05-02T08:55:13.998Z</Time><Position><LatitudeDegrees>60.09721</LatitudeDegrees><LongitudeDegrees>18.756264</LongitudeDegrees></Position><AltitudeMeters>3.277</AltitudeMeters><HeartRateBpm><Value>135</Value></HeartRateBpm></Trackpoint><Trackpoint><Time>2026-05-02T08:55:15.007Z</Time><Position><LatitudeDegrees>60.09719</LatitudeDegrees><LongitudeDegrees>18.75619</LongitudeDegrees></Position><AltitudeMeters>3.51</AltitudeMeters><HeartRateBpm><Value>136</Value></HeartRateBpm></Trackpoint><Trackpoint><Time>2026-05-02T08:55:16.016Z</Time><Position><LatitudeDegrees>60.097168</LatitudeDegrees><LongitudeDegrees>18.756113</LongitudeDegrees></Position><AltitudeMeters>3.196</AltitudeMeters><HeartRateBpm><Value>135</Value></HeartRateBpm></Trackpoint><Trackpoint><Time>2026-05-02T08:55:17.024Z</Time><Position><LatitudeDegrees>60.09715</LatitudeDegrees><LongitudeDegrees>18.756035</LongitudeDegrees></Position><AltitudeMeters>3.004</AltitudeMeters><HeartRateBpm><Value>135</Value></HeartRateBpm></Trackpoint><Trackpoint><Time>2026-05-02T08:55:18.033Z</Time><Position><LatitudeDegrees>60.097126</LatitudeDegrees><LongitudeDegrees>18.755953</LongitudeDegrees></Position><AltitudeMeters>2.774</AltitudeMeters><HeartRateBpm><Value>134</Value></HeartRateBpm></Trackpoint><Trackpoint><Time>2026-05-02T08:55:19.042Z</Time><Position><LatitudeDegrees>60.097107</LatitudeDegrees><LongitudeDegrees>18.755873</LongitudeDegrees></Position><AltitudeMeters>2.353</AltitudeMeters><HeartRateBpm><Value>134</Value></HeartRateBpm></Trackpoint><Trackpoint><Time>2026-05-02T08:55:20.049Z</Time><Position><LatitudeDegrees>60.097084</LatitudeDegrees><LongitudeDegrees>18.755785</LongitudeDegrees></Position><AltitudeMeters>2.45</AltitudeMeters><HeartRateBpm><Value>133</Value></HeartRateBpm></Trackpoint><Trackpoint><Time>2026-05-02T08:55:21.058Z</Time><Position><LatitudeDegrees>60.09706</LatitudeDegrees><LongitudeDegrees>18.755695</LongitudeDegrees></Position><AltitudeMeters>2.259</AltitudeMeters><HeartRateBpm><Value>132</Value></HeartRateBpm></Trackpoint><Trackpoint><Time>2026-05-02T08:55:22.066Z</Time><Position><LatitudeDegrees>60.097034</LatitudeDegrees><LongitudeDegrees>18.755604</LongitudeDegrees></Position><AltitudeMeters>1.564</AltitudeMeters><HeartRateBpm><Value>132</Value></HeartRateBpm></Trackpoint><Trackpoint><Time>2026-05-02T08:55:23.075Z</Time><Position><LatitudeDegrees>60.09701</LatitudeDegrees><LongitudeDegrees>18.755518</LongitudeDegrees></Position><AltitudeMeters>1.038</AltitudeMeters><HeartRateBpm><Value>131</Value></HeartRateBpm></Trackpoint><Trackpoint><Time>2026-05-02T08:55:24.084Z</Time><Position><LatitudeDegrees>60.09699</LatitudeDegrees><LongitudeDegrees>18.75543</LongitudeDegrees></Position><AltitudeMeters>0.655</AltitudeMeters><HeartRateBpm><Value>130</Value></HeartRateBpm></Trackpoint><Trackpoint><Time>2026-05-02T08:55:25.091Z</Time><Position><LatitudeDegrees>60.096966</LatitudeDegrees><LongitudeDegrees>18.755344</LongitudeDegrees></Position><AltitudeMeters>0.235</AltitudeMeters><HeartRateBpm><Value>129</Value></HeartRateBpm></Trackpoint><Trackpoint><Time>2026-05-02T08:55:26.094Z</Time><Position><LatitudeDegrees>60.096943</LatitudeDegrees><LongitudeDegrees>18.75526</LongitudeDegrees></Position><AltitudeMeters>0.326</AltitudeMeters><HeartRateBpm><Value>129</Value></HeartRateBpm></Trackpoint><Trackpoint><Time>2026-05-02T08:55:27.103Z</Time><Position><LatitudeDegrees>60.096924</LatitudeDegrees><LongitudeDegrees>18.755177</LongitudeDegrees></Position><AltitudeMeters>0.46</AltitudeMeters><HeartRateBpm><Value>128</Value></HeartRateBpm></Trackpoint><Trackpoint><Time>2026-05-02T08:55:28.112Z</Time><Position><LatitudeDegrees>60.0969</LatitudeDegrees><LongitudeDegrees>18.755096</LongitudeDegrees></Position><AltitudeMeters>0.585</AltitudeMeters><HeartRateBpm><Value>128</Value></HeartRateBpm></Trackpoint><Trackpoint><Time>2026-05-02T08:55:29.119Z</Time><Position><LatitudeDegrees>60.09688</LatitudeDegrees><LongitudeDegrees>18.755018</LongitudeDegrees></Position><AltitudeMeters>0.708</AltitudeMeters><HeartRateBpm><Value>127</Value></HeartRateBpm></Trackpoint><Trackpoint><Time>2026-05-02T08:55:30.128Z</Time><Position><LatitudeDegrees>60.09686</LatitudeDegrees><LongitudeDegrees>18.754938</LongitudeDegrees></Position><AltitudeMeters>0.707</AltitudeMeters><HeartRateBpm><Value>126</Value></HeartRateBpm></Trackpoint><Trackpoint><Time>2026-05-02T08:55:31.135Z</Time><Position><LatitudeDegrees>60.09684</LatitudeDegrees><LongitudeDegrees>18.754858</LongitudeDegrees></Position><AltitudeMeters>0.616</AltitudeMeters><HeartRateBpm><Value>126</Value></HeartRateBpm></Trackpoint><Trackpoint><Time>2026-05-02T08:55:32.144Z</Time><Position><LatitudeDegrees>60.09682</LatitudeDegrees><LongitudeDegrees>18.75478</LongitudeDegrees></Position><AltitudeMeters>0.82</AltitudeMeters><HeartRateBpm><Value>126</Value></HeartRateBpm></Trackpoint><Trackpoint><Time>2026-05-02T08:55:33.153Z</Time><Position><LatitudeDegrees>60.0968</LatitudeDegrees><LongitudeDegrees>18.754698</LongitudeDegrees></Position><AltitudeMeters>0.538</AltitudeMeters><HeartRateBpm><Value>126</Value></HeartRateBpm></Trackpoint><Trackpoint><Time>2026-05-02T08:55:34.162Z</Time><Position><LatitudeDegrees>60.096783</LatitudeDegrees><LongitudeDegrees>18.754622</LongitudeDegrees></Position><AltitudeMeters>0.412</AltitudeMeters><HeartRateBpm><Value>126</Value></HeartRateBpm></Trackpoint><Trackpoint><Time>2026-05-02T08:55:35.169Z</Time><Position><LatitudeDegrees>60.096764</LatitudeDegrees><LongitudeDegrees>18.754541</LongitudeDegrees></Position><AltitudeMeters>0.57</AltitudeMeters><HeartRateBpm><Value>126</Value></HeartRateBpm></Trackpoint><Trackpoint><Time>2026-05-02T08:55:36.179Z</Time><Position><LatitudeDegrees>60.09675</LatitudeDegrees><LongitudeDegrees>18.754469</LongitudeDegrees></Position><AltitudeMeters>0.559</AltitudeMeters><HeartRateBpm><Value>126</Value></HeartRateBpm></Trackpoint><Trackpoint><Time>2026-05-02T08:55:37.186Z</Time><Position><LatitudeDegrees>60.096733</LatitudeDegrees><LongitudeDegrees>18.754395</LongitudeDegrees></Position><AltitudeMeters>0.191</AltitudeMeters><HeartRateBpm><Value>126</Value></HeartRateBpm></Trackpoint><Trackpoint><Time>2026-05-02T08:55:38.189Z</Time><Position><LatitudeDegrees>60.096714</LatitudeDegrees><LongitudeDegrees>18.75432</LongitudeDegrees></Position><AltitudeMeters>0.679</AltitudeMeters><HeartRateBpm><Value>126</Value></HeartRateBpm></Trackpoint><Trackpoint><Time>2026-05-02T08:55:39.197Z</Time><Position><LatitudeDegrees>60.0967</LatitudeDegrees><LongitudeDegrees>18.75425</LongitudeDegrees></Position><AltitudeMeters>1.333</AltitudeMeters><HeartRateBpm><Value>126</Value></HeartRateBpm></Trackpoint><Trackpoint><Time>2026-05-02T08:55:40.205Z</Time><Position><LatitudeDegrees>60.096684</LatitudeDegrees><LongitudeDegrees>18.754179</LongitudeDegrees></Position><AltitudeMeters>1.41</AltitudeMeters><HeartRateBpm><Value>125</Value></HeartRateBpm></Trackpoint><Trackpoint><Time>2026-05-02T08:55:41.214Z</Time><Position><LatitudeDegrees>60.09667</LatitudeDegrees><LongitudeDegrees>18.75411</LongitudeDegrees></Position><AltitudeMeters>1.547</AltitudeMeters><HeartRateBpm><Value>125</Value></HeartRateBpm></Trackpoint><Trackpoint><Time>2026-05-02T08:55:42.222Z</Time><Position><LatitudeDegrees>60.09665</LatitudeDegrees><LongitudeDegrees>18.754036</LongitudeDegrees></Position><AltitudeMeters>1.609</AltitudeMeters><HeartRateBpm><Value>126</Value></HeartRateBpm></Trackpoint><Trackpoint><Time>2026-05-02T08:55:43.229Z</Time><Position><LatitudeDegrees>60.096626</LatitudeDegrees><LongitudeDegrees>18.753962</LongitudeDegrees></Position><AltitudeMeters>1.485</AltitudeMeters><HeartRateBpm><Value>125</Value></HeartRateBpm></Trackpoint><Trackpoint><Time>2026-05-02T08:55:44.237Z</Time><Position><LatitudeDegrees>60.096603</LatitudeDegrees><LongitudeDegrees>18.753881</LongitudeDegrees></Position><AltitudeMeters>1.254</AltitudeMeters><HeartRateBpm><Value>126</Value></HeartRateBpm></Trackpoint><Trackpoint><Time>2026-05-02T08:55:45.246Z</Time><Position><LatitudeDegrees>60.096584</LatitudeDegrees><LongitudeDegrees>18.753803</LongitudeDegrees></Position><AltitudeMeters>1.355</AltitudeMeters><HeartRateBpm><Value>126</Value></HeartRateBpm></Trackpoint><Trackpoint><Time>2026-05-02T08:55:46.255Z</Time><Position><LatitudeDegrees>60.096565</LatitudeDegrees><LongitudeDegrees>18.753727</LongitudeDegrees></Position><AltitudeMeters>1.449</AltitudeMeters><HeartRateBpm><Value>126</Value></HeartRateBpm></Trackpoint><Trackpoint><Time>2026-05-02T08:55:47.264Z</Time><Position><LatitudeDegrees>60.09655</LatitudeDegrees><LongitudeDegrees>18.753662</LongitudeDegrees></Position><AltitudeMeters>1.326</AltitudeMeters><HeartRateBpm><Value>126</Value></HeartRateBpm></Trackpoint><Trackpoint><Time>2026-05-02T08:55:48.273Z</Time><Position><LatitudeDegrees>60.09653</LatitudeDegrees><LongitudeDegrees>18.753593</LongitudeDegrees></Position><AltitudeMeters>1.139</AltitudeMeters><HeartRateBpm><Value>126</Value></HeartRateBpm></Trackpoint><Trackpoint><Time>2026-05-02T08:55:49.282Z</Time><Position><LatitudeDegrees>60.096508</LatitudeDegrees><LongitudeDegrees>18.753525</LongitudeDegrees></Position><AltitudeMeters>1.287</AltitudeMeters><HeartRateBpm><Value>125</Value></HeartRateBpm></Trackpoint><Trackpoint><Time>2026-05-02T08:55:50.291Z</Time><Position><LatitudeDegrees>60.096485</LatitudeDegrees><LongitudeDegrees>18.753447</LongitudeDegrees></Position><AltitudeMeters>1.343</AltitudeMeters><HeartRateBpm><Value>125</Value></HeartRateBpm></Trackpoint><Trackpoint><Time>2026-05-02T08:55:51.298Z</Time><Position><LatitudeDegrees>60.096466</LatitudeDegrees><LongitudeDegrees>18.753372</LongitudeDegrees></Position><AltitudeMeters>1.138</AltitudeMeters><HeartRateBpm><Value>125</Value></HeartRateBpm></Trackpoint><Trackpoint><Time>2026-05-02T08:55:52.307Z</Time><Position><LatitudeDegrees>60.096443</LatitudeDegrees><LongitudeDegrees>18.7533</LongitudeDegrees></Position><AltitudeMeters>0.94</AltitudeMeters><HeartRateBpm><Value>125</Value></HeartRateBpm></Trackpoint><Trackpoint><Time>2026-05-02T08:55:53.315Z</Time><Position><LatitudeDegrees>60.096416</LatitudeDegrees><LongitudeDegrees>18.753218</LongitudeDegrees></Position><AltitudeMeters>0.632</AltitudeMeters><HeartRateBpm><Value>125</Value></HeartRateBpm></Trackpoint><Trackpoint><Time>2026-05-02T08:55:54.324Z</Time><Position><LatitudeDegrees>60.096394</LatitudeDegrees><LongitudeDegrees>18.753136</LongitudeDegrees></Position><AltitudeMeters>0.46</AltitudeMeters><HeartRateBpm><Value>125</Value></HeartRateBpm></Trackpoint><Trackpoint><Time>2026-05-02T08:55:55.333Z</Time><Position><LatitudeDegrees>60.09637</LatitudeDegrees><LongitudeDegrees>18.75305</LongitudeDegrees></Position><AltitudeMeters>0.548</AltitudeMeters><HeartRateBpm><Value>126</Value></HeartRateBpm></Trackpoint><Trackpoint><Time>2026-05-02T08:55:56.342Z</Time><Position><LatitudeDegrees>60.096348</LatitudeDegrees><LongitudeDegrees>18.752964</LongitudeDegrees></Position><AltitudeMeters>0.843</AltitudeMeters><HeartRateBpm><Value>126</Value></HeartRateBpm></Trackpoint><Trackpoint><Time>2026-05-02T08:55:57.352Z</Time><Position><LatitudeDegrees>60.09633</LatitudeDegrees><LongitudeDegrees>18.752886</LongitudeDegrees></Position><AltitudeMeters>1.127</AltitudeMeters><HeartRateBpm><Value>126</Value></HeartRateBpm></Trackpoint><Trackpoint><Time>2026-05-02T08:55:58.362Z</Time><Position><LatitudeDegrees>60.09631</LatitudeDegrees><LongitudeDegrees>18.75281</LongitudeDegrees></Position><AltitudeMeters>1.864</AltitudeMeters><HeartRateBpm><Value>126</Value></HeartRateBpm></Trackpoint><Trackpoint><Time>2026-05-02T08:55:59.369Z</Time><Position><LatitudeDegrees>60.096287</LatitudeDegrees><LongitudeDegrees>18.75273</LongitudeDegrees></Position><AltitudeMeters>2.602</AltitudeMeters><HeartRateBpm><Value>126</Value></HeartRateBpm></Trackpoint><Trackpoint><Time>2026-05-02T08:56:00.375Z</Time><Position><LatitudeDegrees>60.096268</LatitudeDegrees><LongitudeDegrees>18.752657</LongitudeDegrees></Position><AltitudeMeters>2.842</AltitudeMeters><HeartRateBpm><Value>126</Value></HeartRateBpm></Trackpoint><Trackpoint><Time>2026-05-02T08:56:01.385Z</Time><Position><LatitudeDegrees>60.096252</LatitudeDegrees><LongitudeDegrees>18.752584</LongitudeDegrees></Position><AltitudeMeters>2.784</AltitudeMeters><HeartRateBpm><Value>126</Value></HeartRateBpm></Trackpoint><Trackpoint><Time>2026-05-02T08:56:02.394Z</Time><Position><LatitudeDegrees>60.096233</LatitudeDegrees><LongitudeDegrees>18.752516</LongitudeDegrees></Position><AltitudeMeters>2.078</AltitudeMeters><HeartRateBpm><Value>126</Value></HeartRateBpm></Trackpoint><Trackpoint><Time>2026-05-02T08:56:03.399Z</Time><Position><LatitudeDegrees>60.096214</LatitudeDegrees><LongitudeDegrees>18.752443</LongitudeDegrees></Position><AltitudeMeters>1.976</AltitudeMeters><HeartRateBpm><Value>126</Value></HeartRateBpm></Trackpoint><Trackpoint><Time>2026-05-02T08:56:04.407Z</Time><Position><LatitudeDegrees>60.096195</LatitudeDegrees><LongitudeDegrees>18.752373</LongitudeDegrees></Position><AltitudeMeters>1.639</AltitudeMeters><HeartRateBpm><Value>126</Value></HeartRateBpm></Trackpoint><Trackpoint><Time>2026-05-02T08:56:05.415Z</Time><Position><LatitudeDegrees>60.096176</LatitudeDegrees><LongitudeDegrees>18.752308</LongitudeDegrees></Position><AltitudeMeters>0.981</AltitudeMeters><HeartRateBpm><Value>127</Value></HeartRateBpm></Trackpoint><Trackpoint><Time>2026-05-02T08:56:06.425Z</Time><Position><LatitudeDegrees>60.09616</LatitudeDegrees><LongitudeDegrees>18.752245</LongitudeDegrees></Position><AltitudeMeters>0.773</AltitudeMeters><HeartRateBpm><Value>126</Value></HeartRateBpm></Trackpoint><Trackpoint><Time>2026-05-02T08:56:07.434Z</Time><Position><LatitudeDegrees>60.09614</LatitudeDegrees><LongitudeDegrees>18.75218</LongitudeDegrees></Position><AltitudeMeters>1.074</AltitudeMeters><HeartRateBpm><Value>126</Value></HeartRateBpm></Trackpoint><Trackpoint><Time>2026-05-02T08:56:08.443Z</Time><Position><LatitudeDegrees>60.096123</LatitudeDegrees><LongitudeDegrees>18.752111</LongitudeDegrees></Position><AltitudeMeters>1.402</AltitudeMeters><HeartRateBpm><Value>126</Value></HeartRateBpm></Trackpoint><Trackpoint><Time>2026-05-02T08:56:09.452Z</Time><Position><LatitudeDegrees>60.096107</LatitudeDegrees><LongitudeDegrees>18.75204</LongitudeDegrees></Position><AltitudeMeters>1.541</AltitudeMeters><HeartRateBpm><Value>125</Value></HeartRateBpm></Trackpoint><Trackpoint><Time>2026-05-02T08:56:10.458Z</Time><Position><LatitudeDegrees>60.096092</LatitudeDegrees><LongitudeDegrees>18.751968</LongitudeDegrees></Position><AltitudeMeters>1.399</AltitudeMeters><HeartRateBpm><Value>125</Value></HeartRateBpm></Trackpoint><Trackpoint><Time>2026-05-02T08:56:11.467Z</Time><Position><LatitudeDegrees>60.09608</LatitudeDegrees><LongitudeDegrees>18.751894</LongitudeDegrees></Position><AltitudeMeters>0.837</AltitudeMeters><HeartRateBpm><Value>125</Value></HeartRateBpm></Trackpoint><Trackpoint><Time>2026-05-02T08:56:12.475Z</Time><Position><LatitudeDegrees>60.09607</LatitudeDegrees><LongitudeDegrees>18.75182</LongitudeDegrees></Position><AltitudeMeters>0.448</AltitudeMeters><HeartRateBpm><Value>125</Value></HeartRateBpm></Trackpoint><Trackpoint><Time>2026-05-02T08:56:13.483Z</Time><Position><LatitudeDegrees>60.09606</LatitudeDegrees><LongitudeDegrees>18.75175</LongitudeDegrees></Position><AltitudeMeters>-0.075</AltitudeMeters><HeartRateBpm><Value>124</Value></HeartRateBpm></Trackpoint><Trackpoint><Time>2026-05-02T08:56:14.491Z</Time><Position><LatitudeDegrees>60.096054</LatitudeDegrees><LongitudeDegrees>18.751688</LongitudeDegrees></Position><AltitudeMeters>-0.551</AltitudeMeters><HeartRateBpm><Value>123</Value></HeartRateBpm></Trackpoint><Trackpoint><Time>2026-05-02T08:56:15.498Z</Time><Position><LatitudeDegrees>60.096046</LatitudeDegrees><LongitudeDegrees>18.751627</LongitudeDegrees></Position><AltitudeMeters>-1.063</AltitudeMeters><HeartRateBpm><Value>123</Value></HeartRateBpm></Trackpoint><Trackpoint><Time>2026-05-02T08:56:16.507Z</Time><Position><LatitudeDegrees>60.096043</LatitudeDegrees><LongitudeDegrees>18.751568</LongitudeDegrees></Position><AltitudeMeters>-1.127</AltitudeMeters><HeartRateBpm><Value>123</Value></HeartRateBpm></Trackpoint><Trackpoint><Time>2026-05-02T08:56:17.516Z</Time><Position><LatitudeDegrees>60.096035</LatitudeDegrees><LongitudeDegrees>18.751507</LongitudeDegrees></Position><AltitudeMeters>-0.89</AltitudeMeters><HeartRateBpm><Value>122</Value></HeartRateBpm></Trackpoint><Trackpoint><Time>2026-05-02T08:56:18.525Z</Time><Position><LatitudeDegrees>60.096027</LatitudeDegrees><LongitudeDegrees>18.75144</LongitudeDegrees></Position><AltitudeMeters>-0.39</AltitudeMeters><HeartRateBpm><Value>122</Value></HeartRateBpm></Trackpoint><Trackpoint><Time>2026-05-02T08:56:19.535Z</Time><Position><LatitudeDegrees>60.096024</LatitudeDegrees><LongitudeDegrees>18.751371</LongitudeDegrees></Position><AltitudeMeters>0.028</AltitudeMeters><HeartRateBpm><Value>123</Value></HeartRateBpm></Trackpoint><Trackpoint><Time>2026-05-02T08:56:20.544Z</Time><Position><LatitudeDegrees>60.09602</LatitudeDegrees><LongitudeDegrees>18.7513</LongitudeDegrees></Position><AltitudeMeters>-0.183</AltitudeMeters><HeartRateBpm><Value>123</Value></HeartRateBpm></Trackpoint><Trackpoint><Time>2026-05-02T08:56:21.554Z</Time><Position><LatitudeDegrees>60.096016</LatitudeDegrees><LongitudeDegrees>18.751226</LongitudeDegrees></Position><AltitudeMeters>-0.945</AltitudeMeters><HeartRateBpm><Value>123</Value></HeartRateBpm></Trackpoint><Trackpoint><Time>2026-05-02T08:56:22.562Z</Time><Position><LatitudeDegrees>60.096012</LatitudeDegrees><LongitudeDegrees>18.75115</LongitudeDegrees></Position><AltitudeMeters>-1.208</AltitudeMeters><HeartRateBpm><Value>123</Value></HeartRateBpm></Trackpoint><Trackpoint><Time>2026-05-02T08:56:23.570Z</Time><Position><LatitudeDegrees>60.096004</LatitudeDegrees><LongitudeDegrees>18.751074</LongitudeDegrees></Position><AltitudeMeters>-0.598</AltitudeMeters><HeartRateBpm><Value>122</Value></HeartRateBpm></Trackpoint><Trackpoint><Time>2026-05-02T08:56:24.578Z</Time><Position><LatitudeDegrees>60.096</LatitudeDegrees><LongitudeDegrees>18.750998</LongitudeDegrees></Position><AltitudeMeters>0.311</AltitudeMeters><HeartRateBpm><Value>122</Value></HeartRateBpm></Trackpoint><Trackpoint><Time>2026-05-02T08:56:25.587Z</Time><Position><LatitudeDegrees>60.095997</LatitudeDegrees><LongitudeDegrees>18.750921</LongitudeDegrees></Position><AltitudeMeters>0.747</AltitudeMeters><HeartRateBpm><Value>122</Value></HeartRateBpm></Trackpoint><Trackpoint><Time>2026-05-02T08:56:26.595Z</Time><Position><LatitudeDegrees>60.095993</LatitudeDegrees><LongitudeDegrees>18.750847</LongitudeDegrees></Position><AltitudeMeters>0.722</AltitudeMeters><HeartRateBpm><Value>121</Value></HeartRateBpm></Trackpoint><Trackpoint><Time>2026-05-02T08:56:27.604Z</Time><Position><LatitudeDegrees>60.095993</LatitudeDegrees><LongitudeDegrees>18.750778</LongitudeDegrees></Position><AltitudeMeters>0.63</AltitudeMeters><HeartRateBpm><Value>122</Value></HeartRateBpm></Trackpoint><Trackpoint><Time>2026-05-02T08:56:28.612Z</Time><Position><LatitudeDegrees>60.095993</LatitudeDegrees><LongitudeDegrees>18.75071</LongitudeDegrees></Position><AltitudeMeters>0.54</AltitudeMeters><HeartRateBpm><Value>122</Value></HeartRateBpm></Trackpoint><Trackpoint><Time>2026-05-02T08:56:29.622Z</Time><Position><LatitudeDegrees>60.095997</LatitudeDegrees><LongitudeDegrees>18.750645</LongitudeDegrees></Position><AltitudeMeters>-0.46</AltitudeMeters><HeartRateBpm><Value>123</Value></HeartRateBpm></Trackpoint><Trackpoint><Time>2026-05-02T08:56:30.631Z</Time><Position><LatitudeDegrees>60.096</LatitudeDegrees><LongitudeDegrees>18.75058</LongitudeDegrees></Position><AltitudeMeters>-0.582</AltitudeMeters><HeartRateBpm><Value>123</Value></HeartRateBpm></Trackpoint><Trackpoint><Time>2026-05-02T08:56:31.638Z</Time><Position><LatitudeDegrees>60.096012</LatitudeDegrees><LongitudeDegrees>18.750519</LongitudeDegrees></Position><AltitudeMeters>-0.846</AltitudeMeters><HeartRateBpm><Value>124</Value></HeartRateBpm></Trackpoint><Trackpoint><Time>2026-05-02T08:56:32.647Z</Time><Position><LatitudeDegrees>60.096016</LatitudeDegrees><LongitudeDegrees>18.750454</LongitudeDegrees></Position><AltitudeMeters>-0.739</AltitudeMeters><HeartRateBpm><Value>125</Value></HeartRateBpm></Trackpoint><Trackpoint><Time>2026-05-02T08:56:33.655Z</Time><Position><LatitudeDegrees>60.096027</LatitudeDegrees><LongitudeDegrees>18.750391</LongitudeDegrees></Position><AltitudeMeters>-0.994</AltitudeMeters><HeartRateBpm><Value>126</Value></HeartRateBpm></Trackpoint><Trackpoint><Time>2026-05-02T08:56:34.664Z</Time><Position><LatitudeDegrees>60.096035</LatitudeDegrees><LongitudeDegrees>18.750326</LongitudeDegrees></Position><AltitudeMeters>-0.6</AltitudeMeters><HeartRateBpm><Value>126</Value></HeartRateBpm></Trackpoint><Trackpoint><Time>2026-05-02T08:56:35.674Z</Time><Position><LatitudeDegrees>60.096046</LatitudeDegrees><LongitudeDegrees>18.750263</LongitudeDegrees></Position><AltitudeMeters>0.138</AltitudeMeters><HeartRateBpm><Value>125</Value></HeartRateBpm></Trackpoint><Trackpoint><Time>2026-05-02T08:56:36.682Z</Time><Position><LatitudeDegrees>60.096054</LatitudeDegrees><LongitudeDegrees>18.750198</LongitudeDegrees></Position><AltitudeMeters>0.437</AltitudeMeters><HeartRateBpm><Value>125</Value></HeartRateBpm></Trackpoint><Trackpoint><Time>2026-05-02T08:56:37.689Z</Time><Position><LatitudeDegrees>60.09606</LatitudeDegrees><LongitudeDegrees>18.750132</LongitudeDegrees></Position><AltitudeMeters>0.517</AltitudeMeters><HeartRateBpm><Value>125</Value></HeartRateBpm></Trackpoint><Trackpoint><Time>2026-05-02T08:56:38.696Z</Time><Position><LatitudeDegrees>60.09607</LatitudeDegrees><LongitudeDegrees>18.75006</LongitudeDegrees></Position><AltitudeMeters>0.566</AltitudeMeters><HeartRateBpm><Value>125</Value></HeartRateBpm></Trackpoint><Trackpoint><Time>2026-05-02T08:56:39.706Z</Time><Position><LatitudeDegrees>60.096073</LatitudeDegrees><LongitudeDegrees>18.749987</LongitudeDegrees></Position><AltitudeMeters>0.487</AltitudeMeters><HeartRateBpm><Value>125</Value></HeartRateBpm></Trackpoint><Trackpoint><Time>2026-05-02T08:56:40.715Z</Time><Position><LatitudeDegrees>60.096077</LatitudeDegrees><LongitudeDegrees>18.749908</LongitudeDegrees></Position><AltitudeMeters>0.275</AltitudeMeters><HeartRateBpm><Value>125</Value></HeartRateBpm></Trackpoint><Trackpoint><Time>2026-05-02T08:56:41.724Z</Time><Position><LatitudeDegrees>60.096077</LatitudeDegrees><LongitudeDegrees>18.749828</LongitudeDegrees></Position><AltitudeMeters>-0.293</AltitudeMeters><HeartRateBpm><Value>126</Value></HeartRateBpm></Trackpoint><Trackpoint><Time>2026-05-02T08:56:42.733Z</Time><Position><LatitudeDegrees>60.096073</LatitudeDegrees><LongitudeDegrees>18.749748</LongitudeDegrees></Position><AltitudeMeters>-0.877</AltitudeMeters><HeartRateBpm><Value>126</Value></HeartRateBpm></Trackpoint><Trackpoint><Time>2026-05-02T08:56:43.742Z</Time><Position><LatitudeDegrees>60.09607</LatitudeDegrees><LongitudeDegrees>18.749666</LongitudeDegrees></Position><AltitudeMeters>-1.483</AltitudeMeters><HeartRateBpm><Value>127</Value></HeartRateBpm></Trackpoint><Trackpoint><Time>2026-05-02T08:56:44.750Z</Time><Position><LatitudeDegrees>60.096066</LatitudeDegrees><LongitudeDegrees>18.74958</LongitudeDegrees></Position><AltitudeMeters>-1.52</AltitudeMeters><HeartRateBpm><Value>127</Value></HeartRateBpm></Trackpoint><Trackpoint><Time>2026-05-02T08:56:45.757Z</Time><Position><LatitudeDegrees>60.096066</LatitudeDegrees><LongitudeDegrees>18.749498</LongitudeDegrees></Position><AltitudeMeters>-1.561</AltitudeMeters><HeartRateBpm><Value>127</Value></HeartRateBpm></Trackpoint><Trackpoint><Time>2026-05-02T08:56:46.766Z</Time><Position><LatitudeDegrees>60.09607</LatitudeDegrees><LongitudeDegrees>18.749426</LongitudeDegrees></Position><AltitudeMeters>-1.408</AltitudeMeters><HeartRateBpm><Value>126</Value></HeartRateBpm></Trackpoint><Trackpoint><Time>2026-05-02T08:56:47.772Z</Time><Position><LatitudeDegrees>60.09607</LatitudeDegrees><LongitudeDegrees>18.749363</LongitudeDegrees></Position><AltitudeMeters>-1.082</AltitudeMeters><HeartRateBpm><Value>127</Value></HeartRateBpm></Trackpoint><Trackpoint><Time>2026-05-02T08:56:48.774Z</Time><Position><LatitudeDegrees>60.09607</LatitudeDegrees><LongitudeDegrees>18.749294</LongitudeDegrees></Position><AltitudeMeters>-0.884</AltitudeMeters><HeartRateBpm><Value>127</Value></HeartRateBpm></Trackpoint><Trackpoint><Time>2026-05-02T08:56:49.777Z</Time><Position><LatitudeDegrees>60.096073</LatitudeDegrees><LongitudeDegrees>18.749228</LongitudeDegrees></Position><AltitudeMeters>-0.85</AltitudeMeters><HeartRateBpm><Value>127</Value></HeartRateBpm></Trackpoint><Trackpoint><Time>2026-05-02T08:56:50.781Z</Time><Position><LatitudeDegrees>60.096073</LatitudeDegrees><LongitudeDegrees>18.749157</LongitudeDegrees></Position><AltitudeMeters>-0.785</AltitudeMeters><HeartRateBpm><Value>127</Value></HeartRateBpm></Trackpoint><Trackpoint><Time>2026-05-02T08:56:51.788Z</Time><Position><LatitudeDegrees>60.096077</LatitudeDegrees><LongitudeDegrees>18.74909</LongitudeDegrees></Position><AltitudeMeters>-0.936</AltitudeMeters><HeartRateBpm><Value>127</Value></HeartRateBpm></Trackpoint><Trackpoint><Time>2026-05-02T08:56:52.797Z</Time><Position><LatitudeDegrees>60.096077</LatitudeDegrees><LongitudeDegrees>18.749022</LongitudeDegrees></Position><AltitudeMeters>-1.433</AltitudeMeters><HeartRateBpm><Value>127</Value></HeartRateBpm></Trackpoint><Trackpoint><Time>2026-05-02T08:56:53.806Z</Time><Position><LatitudeDegrees>60.096077</LatitudeDegrees><LongitudeDegrees>18.748957</LongitudeDegrees></Position><AltitudeMeters>-1.712</AltitudeMeters><HeartRateBpm><Value>127</Value></HeartRateBpm></Trackpoint><Trackpoint><Time>2026-05-02T08:56:54.813Z</Time><Position><LatitudeDegrees>60.096077</LatitudeDegrees><LongitudeDegrees>18.748888</LongitudeDegrees></Position><AltitudeMeters>-1.711</AltitudeMeters><HeartRateBpm><Value>127</Value></HeartRateBpm></Trackpoint><Trackpoint><Time>2026-05-02T08:56:55.821Z</Time><Position><LatitudeDegrees>60.096077</LatitudeDegrees><LongitudeDegrees>18.748821</LongitudeDegrees></Position><AltitudeMeters>-1.562</AltitudeMeters><HeartRateBpm><Value>127</Value></HeartRateBpm></Trackpoint><Trackpoint><Time>2026-05-02T08:56:56.831Z</Time><Position><LatitudeDegrees>60.09608</LatitudeDegrees><LongitudeDegrees>18.748753</LongitudeDegrees></Position><AltitudeMeters>-1.112</AltitudeMeters><HeartRateBpm><Value>127</Value></HeartRateBpm></Trackpoint><Trackpoint><Time>2026-05-02T08:56:57.838Z</Time><Position><LatitudeDegrees>60.09608</LatitudeDegrees><LongitudeDegrees>18.748682</LongitudeDegrees></Position><AltitudeMeters>-0.749</AltitudeMeters><HeartRateBpm><Value>127</Value></HeartRateBpm></Trackpoint><Trackpoint><Time>2026-05-02T08:56:58.847Z</Time><Position><LatitudeDegrees>60.09608</LatitudeDegrees><LongitudeDegrees>18.748613</LongitudeDegrees></Position><AltitudeMeters>-0.649</AltitudeMeters><HeartRateBpm><Value>127</Value></HeartRateBpm></Trackpoint><Trackpoint><Time>2026-05-02T08:56:59.856Z</Time><Position><LatitudeDegrees>60.096077</LatitudeDegrees><LongitudeDegrees>18.748543</LongitudeDegrees></Position><AltitudeMeters>-0.473</AltitudeMeters><HeartRateBpm><Value>127</Value></HeartRateBpm></Trackpoint><Trackpoint><Time>2026-05-02T08:57:00.864Z</Time><Position><LatitudeDegrees>60.096077</LatitudeDegrees><LongitudeDegrees>18.748476</LongitudeDegrees></Position><AltitudeMeters>-0.529</AltitudeMeters><HeartRateBpm><Value>127</Value></HeartRateBpm></Trackpoint><Trackpoint><Time>2026-05-02T08:57:01.872Z</Time><Position><LatitudeDegrees>60.096073</LatitudeDegrees><LongitudeDegrees>18.748411</LongitudeDegrees></Position><AltitudeMeters>-0.517</AltitudeMeters><HeartRateBpm><Value>128</Value></HeartRateBpm></Trackpoint><Trackpoint><Time>2026-05-02T08:57:02.881Z</Time><Position><LatitudeDegrees>60.09607</LatitudeDegrees><LongitudeDegrees>18.748344</LongitudeDegrees></Position><AltitudeMeters>-0.629</AltitudeMeters><HeartRateBpm><Value>129</Value></HeartRateBpm></Trackpoint><Trackpoint><Time>2026-05-02T08:57:03.887Z</Time><Position><LatitudeDegrees>60.09607</LatitudeDegrees><LongitudeDegrees>18.748281</LongitudeDegrees></Position><AltitudeMeters>-0.365</AltitudeMeters><HeartRateBpm><Value>129</Value></HeartRateBpm></Trackpoint><Trackpoint><Time>2026-05-02T08:57:04.894Z</Time><Position><LatitudeDegrees>60.096066</LatitudeDegrees><LongitudeDegrees>18.748219</LongitudeDegrees></Position><AltitudeMeters>0.054</AltitudeMeters><HeartRateBpm><Value>130</Value></HeartRateBpm></Trackpoint><Trackpoint><Time>2026-05-02T08:57:05.902Z</Time><Position><LatitudeDegrees>60.096066</LatitudeDegrees><LongitudeDegrees>18.748156</LongitudeDegrees></Position><AltitudeMeters>0.106</AltitudeMeters><HeartRateBpm><Value>131</Value></HeartRateBpm></Trackpoint><Trackpoint><Time>2026-05-02T08:57:06.911Z</Time><Position><LatitudeDegrees>60.09607</LatitudeDegrees><LongitudeDegrees>18.748095</LongitudeDegrees></Position><AltitudeMeters>-0.134</AltitudeMeters><HeartRateBpm><Value>131</Value></HeartRateBpm></Trackpoint><Trackpoint><Time>2026-05-02T08:57:07.919Z</Time><Position><LatitudeDegrees>60.096073</LatitudeDegrees><LongitudeDegrees>18.748034</LongitudeDegrees></Position><AltitudeMeters>-0.045</AltitudeMeters><HeartRateBpm><Value>132</Value></HeartRateBpm></Trackpoint><Trackpoint><Time>2026-05-02T08:57:08.930Z</Time><Position><LatitudeDegrees>60.096077</LatitudeDegrees><LongitudeDegrees>18.747972</LongitudeDegrees></Position><AltitudeMeters>0.112</AltitudeMeters><HeartRateBpm><Value>133</Value></HeartRateBpm></Trackpoint><Trackpoint><Time>2026-05-02T08:57:09.937Z</Time><Position><LatitudeDegrees>60.09608</LatitudeDegrees><LongitudeDegrees>18.747911</LongitudeDegrees></Position><AltitudeMeters>0.393</AltitudeMeters><HeartRateBpm><Value>134</Value></HeartRateBpm></Trackpoint><Trackpoint><Time>2026-05-02T08:57:10.944Z</Time><Position><LatitudeDegrees>60.096085</LatitudeDegrees><LongitudeDegrees>18.747849</LongitudeDegrees></Position><AltitudeMeters>0.687</AltitudeMeters><HeartRateBpm><Value>135</Value></HeartRateBpm></Trackpoint><Trackpoint><Time>2026-05-02T08:57:11.954Z</Time><Position><LatitudeDegrees>60.096085</LatitudeDegrees><LongitudeDegrees>18.747784</LongitudeDegrees></Position><AltitudeMeters>1.044</AltitudeMeters><HeartRateBpm><Value>135</Value></HeartRateBpm></Trackpoint><Trackpoint><Time>2026-05-02T08:57:12.962Z</Time><Position><LatitudeDegrees>60.09609</LatitudeDegrees><LongitudeDegrees>18.747717</LongitudeDegrees></Position><AltitudeMeters>1.494</AltitudeMeters><HeartRateBpm><Value>135</Value></HeartRateBpm></Trackpoint><Trackpoint><Time>2026-05-02T08:57:13.969Z</Time><Position><LatitudeDegrees>60.096096</LatitudeDegrees><LongitudeDegrees>18.747648</LongitudeDegrees></Position><AltitudeMeters>1.708</AltitudeMeters><HeartRateBpm><Value>136</Value></HeartRateBpm></Trackpoint><Trackpoint><Time>2026-05-02T08:57:14.978Z</Time><Position><LatitudeDegrees>60.096096</LatitudeDegrees><LongitudeDegrees>18.747581</LongitudeDegrees></Position><AltitudeMeters>1.718</AltitudeMeters><HeartRateBpm><Value>136</Value></HeartRateBpm></Trackpoint><Trackpoint><Time>2026-05-02T08:57:15.987Z</Time><Position><LatitudeDegrees>60.0961</LatitudeDegrees><LongitudeDegrees>18.747519</LongitudeDegrees></Position><AltitudeMeters>1.847</AltitudeMeters><HeartRateBpm><Value>136</Value></HeartRateBpm></Trackpoint><Trackpoint><Time>2026-05-02T08:57:16.994Z</Time><Position><LatitudeDegrees>60.0961</LatitudeDegrees><LongitudeDegrees>18.747454</LongitudeDegrees></Position><AltitudeMeters>1.907</AltitudeMeters><HeartRateBpm><Value>137</Value></HeartRateBpm></Trackpoint><Trackpoint><Time>2026-05-02T08:57:18.003Z</Time><Position><LatitudeDegrees>60.0961</LatitudeDegrees><LongitudeDegrees>18.74739</LongitudeDegrees></Position><AltitudeMeters>1.771</AltitudeMeters><HeartRateBpm><Value>137</Value></HeartRateBpm></Trackpoint><Trackpoint><Time>2026-05-02T08:57:19.012Z</Time><Position><LatitudeDegrees>60.096104</LatitudeDegrees><LongitudeDegrees>18.747326</LongitudeDegrees></Position><AltitudeMeters>1.752</AltitudeMeters><HeartRateBpm><Value>137</Value></HeartRateBpm></Trackpoint><Trackpoint><Time>2026-05-02T08:57:20.019Z</Time><Position><LatitudeDegrees>60.096104</LatitudeDegrees><LongitudeDegrees>18.747261</LongitudeDegrees></Position><AltitudeMeters>1.606</AltitudeMeters><HeartRateBpm><Value>137</Value></HeartRateBpm></Trackpoint><Trackpoint><Time>2026-05-02T08:57:21.030Z</Time><Position><LatitudeDegrees>60.096104</LatitudeDegrees><LongitudeDegrees>18.747196</LongitudeDegrees></Position><AltitudeMeters>1.288</AltitudeMeters><HeartRateBpm><Value>137</Value></HeartRateBpm></Trackpoint><Trackpoint><Time>2026-05-02T08:57:22.037Z</Time><Position><LatitudeDegrees>60.096107</LatitudeDegrees><LongitudeDegrees>18.747131</LongitudeDegrees></Position><AltitudeMeters>1.286</AltitudeMeters><HeartRateBpm><Value>137</Value></HeartRateBpm></Trackpoint><Trackpoint><Time>2026-05-02T08:57:23.045Z</Time><Position><LatitudeDegrees>60.096107</LatitudeDegrees><LongitudeDegrees>18.747066</LongitudeDegrees></Position><AltitudeMeters>1.332</AltitudeMeters><HeartRateBpm><Value>138</Value></HeartRateBpm></Trackpoint><Trackpoint><Time>2026-05-02T08:57:24.054Z</Time><Position><LatitudeDegrees>60.096107</LatitudeDegrees><LongitudeDegrees>18.747004</LongitudeDegrees></Position><AltitudeMeters>1.531</AltitudeMeters><HeartRateBpm><Value>138</Value></HeartRateBpm></Trackpoint><Trackpoint><Time>2026-05-02T08:57:25.064Z</Time><Position><LatitudeDegrees>60.096107</LatitudeDegrees><LongitudeDegrees>18.746939</LongitudeDegrees></Position><AltitudeMeters>1.394</AltitudeMeters><HeartRateBpm><Value>139</Value></HeartRateBpm></Trackpoint><Trackpoint><Time>2026-05-02T08:57:26.073Z</Time><Position><LatitudeDegrees>60.09611</LatitudeDegrees><LongitudeDegrees>18.746878</LongitudeDegrees></Position><AltitudeMeters>1.415</AltitudeMeters><HeartRateBpm><Value>140</Value></HeartRateBpm></Trackpoint><Trackpoint><Time>2026-05-02T08:57:27.081Z</Time><Position><LatitudeDegrees>60.09611</LatitudeDegrees><LongitudeDegrees>18.746817</LongitudeDegrees></Position><AltitudeMeters>1.577</AltitudeMeters><HeartRateBpm><Value>140</Value></HeartRateBpm></Trackpoint><Trackpoint><Time>2026-05-02T08:57:28.088Z</Time><Position><LatitudeDegrees>60.096115</LatitudeDegrees><LongitudeDegrees>18.74676</LongitudeDegrees></Position><AltitudeMeters>2.013</AltitudeMeters><HeartRateBpm><Value>140</Value></HeartRateBpm></Trackpoint><Trackpoint><Time>2026-05-02T08:57:29.097Z</Time><Position><LatitudeDegrees>60.09612</LatitudeDegrees><LongitudeDegrees>18.746696</LongitudeDegrees></Position><AltitudeMeters>2.176</AltitudeMeters><HeartRateBpm><Value>140</Value></HeartRateBpm></Trackpoint><Trackpoint><Time>2026-05-02T08:57:30.106Z</Time><Position><LatitudeDegrees>60.096123</LatitudeDegrees><LongitudeDegrees>18.74664</LongitudeDegrees></Position><AltitudeMeters>2.063</AltitudeMeters><HeartRateBpm><Value>140</Value></HeartRateBpm></Trackpoint><Trackpoint><Time>2026-05-02T08:57:31.115Z</Time><Position><LatitudeDegrees>60.096123</LatitudeDegrees><LongitudeDegrees>18.746588</LongitudeDegrees></Position><AltitudeMeters>1.866</AltitudeMeters><HeartRateBpm><Value>140</Value></HeartRateBpm></Trackpoint><Trackpoint><Time>2026-05-02T08:57:32.125Z</Time><Position><LatitudeDegrees>60.096127</LatitudeDegrees><LongitudeDegrees>18.746534</LongitudeDegrees></Position><AltitudeMeters>1.725</AltitudeMeters><HeartRateBpm><Value>140</Value></HeartRateBpm></Trackpoint><Trackpoint><Time>2026-05-02T08:57:33.134Z</Time><Position><LatitudeDegrees>60.09613</LatitudeDegrees><LongitudeDegrees>18.746485</LongitudeDegrees></Position><AltitudeMeters>1.659</AltitudeMeters><HeartRateBpm><Value>140</Value></HeartRateBpm></Trackpoint><Trackpoint><Time>2026-05-02T08:57:34.142Z</Time><Position><LatitudeDegrees>60.096134</LatitudeDegrees><LongitudeDegrees>18.74643</LongitudeDegrees></Position><AltitudeMeters>1.54</AltitudeMeters><HeartRateBpm><Value>140</Value></HeartRateBpm></Trackpoint><Trackpoint><Time>2026-05-02T08:57:35.151Z</Time><Position><LatitudeDegrees>60.096134</LatitudeDegrees><LongitudeDegrees>18.746382</LongitudeDegrees></Position><AltitudeMeters>1.44</AltitudeMeters><HeartRateBpm><Value>139</Value></HeartRateBpm></Trackpoint><Trackpoint><Time>2026-05-02T08:57:36.158Z</Time><Position><LatitudeDegrees>60.096138</LatitudeDegrees><LongitudeDegrees>18.74633</LongitudeDegrees></Position><AltitudeMeters>1.525</AltitudeMeters><HeartRateBpm><Value>139</Value></HeartRateBpm></Trackpoint><Trackpoint><Time>2026-05-02T08:57:37.166Z</Time><Position><LatitudeDegrees>60.09614</LatitudeDegrees><LongitudeDegrees>18.74628</LongitudeDegrees></Position><AltitudeMeters>1.874</AltitudeMeters><HeartRateBpm><Value>138</Value></HeartRateBpm></Trackpoint><Trackpoint><Time>2026-05-02T08:57:38.173Z</Time><Position><LatitudeDegrees>60.096146</LatitudeDegrees><LongitudeDegrees>18.746231</LongitudeDegrees></Position><AltitudeMeters>1.971</AltitudeMeters><HeartRateBpm><Value>138</Value></HeartRateBpm></Trackpoint><Trackpoint><Time>2026-05-02T08:57:39.181Z</Time><Position><LatitudeDegrees>60.096146</LatitudeDegrees><LongitudeDegrees>18.746181</LongitudeDegrees></Position><AltitudeMeters>1.952</AltitudeMeters><HeartRateBpm><Value>137</Value></HeartRateBpm></Trackpoint><Trackpoint><Time>2026-05-02T08:57:40.187Z</Time><Position><LatitudeDegrees>60.09615</LatitudeDegrees><LongitudeDegrees>18.74613</LongitudeDegrees></Position><AltitudeMeters>1.861</AltitudeMeters><HeartRateBpm><Value>137</Value></HeartRateBpm></Trackpoint><Trackpoint><Time>2026-05-02T08:57:41.196Z</Time><Position><LatitudeDegrees>60.096153</LatitudeDegrees><LongitudeDegrees>18.74608</LongitudeDegrees></Position><AltitudeMeters>1.706</AltitudeMeters><HeartRateBpm><Value>137</Value></HeartRateBpm></Trackpoint><Trackpoint><Time>2026-05-02T08:57:42.204Z</Time><Position><LatitudeDegrees>60.096153</LatitudeDegrees><LongitudeDegrees>18.746033</LongitudeDegrees></Position><AltitudeMeters>1.748</AltitudeMeters><HeartRateBpm><Value>137</Value></HeartRateBpm></Trackpoint><Trackpoint><Time>2026-05-02T08:57:43.214Z</Time><Position><LatitudeDegrees>60.096157</LatitudeDegrees><LongitudeDegrees>18.745977</LongitudeDegrees></Position><AltitudeMeters>1.831</AltitudeMeters><HeartRateBpm><Value>136</Value></HeartRateBpm></Trackpoint><Trackpoint><Time>2026-05-02T08:57:44.223Z</Time><Position><LatitudeDegrees>60.096157</LatitudeDegrees><LongitudeDegrees>18.745924</LongitudeDegrees></Position><AltitudeMeters>2.388</AltitudeMeters><HeartRateBpm><Value>136</Value></HeartRateBpm></Trackpoint><Trackpoint><Time>2026-05-02T08:57:45.232Z</Time><Position><LatitudeDegrees>60.09616</LatitudeDegrees><LongitudeDegrees>18.74587</LongitudeDegrees></Position><AltitudeMeters>2.847</AltitudeMeters><HeartRateBpm><Value>136</Value></HeartRateBpm></Trackpoint><Trackpoint><Time>2026-05-02T08:57:46.239Z</Time><Position><LatitudeDegrees>60.09616</LatitudeDegrees><LongitudeDegrees>18.745817</LongitudeDegrees></Position><AltitudeMeters>3.087</AltitudeMeters><HeartRateBpm><Value>136</Value></HeartRateBpm></Trackpoint><Trackpoint><Time>2026-05-02T08:57:47.247Z</Time><Position><LatitudeDegrees>60.096165</LatitudeDegrees><LongitudeDegrees>18.745762</LongitudeDegrees></Position><AltitudeMeters>3.064</AltitudeMeters><HeartRateBpm><Value>136</Value></HeartRateBpm></Trackpoint><Trackpoint><Time>2026-05-02T08:57:48.255Z</Time><Position><LatitudeDegrees>60.096165</LatitudeDegrees><LongitudeDegrees>18.745708</LongitudeDegrees></Position><AltitudeMeters>2.991</AltitudeMeters><HeartRateBpm><Value>135</Value></HeartRateBpm></Trackpoint><Trackpoint><Time>2026-05-02T08:57:49.264Z</Time><Position><LatitudeDegrees>60.09617</LatitudeDegrees><LongitudeDegrees>18.745653</LongitudeDegrees></Position><AltitudeMeters>3.071</AltitudeMeters><HeartRateBpm><Value>135</Value></HeartRateBpm></Trackpoint><Trackpoint><Time>2026-05-02T08:57:50.273Z</Time><Position><LatitudeDegrees>60.09617</LatitudeDegrees><LongitudeDegrees>18.7456</LongitudeDegrees></Position><AltitudeMeters>2.98</AltitudeMeters><HeartRateBpm><Value>136</Value></HeartRateBpm></Trackpoint><Trackpoint><Time>2026-05-02T08:57:51.281Z</Time><Position><LatitudeDegrees>60.096172</LatitudeDegrees><LongitudeDegrees>18.745546</LongitudeDegrees></Position><AltitudeMeters>3.03</AltitudeMeters><HeartRateBpm><Value>136</Value></HeartRateBpm></Trackpoint><Trackpoint><Time>2026-05-02T08:57:52.289Z</Time><Position><LatitudeDegrees>60.096172</LatitudeDegrees><LongitudeDegrees>18.745491</LongitudeDegrees></Position><AltitudeMeters>3.171</AltitudeMeters><HeartRateBpm><Value>137</Value></HeartRateBpm></Trackpoint><Trackpoint><Time>2026-05-02T08:57:53.296Z</Time><Position><LatitudeDegrees>60.096176</LatitudeDegrees><LongitudeDegrees>18.745436</LongitudeDegrees></Position><AltitudeMeters>3.379</AltitudeMeters><HeartRateBpm><Value>138</Value></HeartRateBpm></Trackpoint><Trackpoint><Time>2026-05-02T08:57:54.305Z</Time><Position><LatitudeDegrees>60.096176</LatitudeDegrees><LongitudeDegrees>18.74538</LongitudeDegrees></Position><AltitudeMeters>3.384</AltitudeMeters><HeartRateBpm><Value>138</Value></HeartRateBpm></Trackpoint><Trackpoint><Time>2026-05-02T08:57:55.307Z</Time><Position><LatitudeDegrees>60.09618</LatitudeDegrees><LongitudeDegrees>18.745327</LongitudeDegrees></Position><AltitudeMeters>3.319</AltitudeMeters><HeartRateBpm><Value>138</Value></HeartRateBpm></Trackpoint><Trackpoint><Time>2026-05-02T08:57:56.310Z</Time><Position><LatitudeDegrees>60.096184</LatitudeDegrees><LongitudeDegrees>18.745277</LongitudeDegrees></Position><AltitudeMeters>3.51</AltitudeMeters><HeartRateBpm><Value>138</Value></HeartRateBpm></Trackpoint><Trackpoint><Time>2026-05-02T08:57:57.308Z</Time><Position><LatitudeDegrees>60.096184</LatitudeDegrees><LongitudeDegrees>18.74523</LongitudeDegrees></Position><AltitudeMeters>3.762</AltitudeMeters><HeartRateBpm><Value>138</Value></HeartRateBpm></Trackpoint><Trackpoint><Time>2026-05-02T08:57:58.310Z</Time><Position><LatitudeDegrees>60.096188</LatitudeDegrees><LongitudeDegrees>18.745182</LongitudeDegrees></Position><AltitudeMeters>4.122</AltitudeMeters><HeartRateBpm><Value>138</Value></HeartRateBpm></Trackpoint><Trackpoint><Time>2026-05-02T08:57:59.311Z</Time><Position><LatitudeDegrees>60.096188</LatitudeDegrees><LongitudeDegrees>18.745138</LongitudeDegrees></Position><AltitudeMeters>4.439</AltitudeMeters><HeartRateBpm><Value>138</Value></HeartRateBpm></Trackpoint><Trackpoint><Time>2026-05-02T08:58:00.313Z</Time><Position><LatitudeDegrees>60.096188</LatitudeDegrees><LongitudeDegrees>18.745096</LongitudeDegrees></Position><AltitudeMeters>4.385</AltitudeMeters><HeartRateBpm><Value>139</Value></HeartRateBpm></Trackpoint><Trackpoint><Time>2026-05-02T08:58:01.314Z</Time><Position><LatitudeDegrees>60.096188</LatitudeDegrees><LongitudeDegrees>18.745052</LongitudeDegrees></Position><AltitudeMeters>4.329</AltitudeMeters><HeartRateBpm><Value>139</Value></HeartRateBpm></Trackpoint><Trackpoint><Time>2026-05-02T08:58:02.317Z</Time><Position><LatitudeDegrees>60.096184</LatitudeDegrees><LongitudeDegrees>18.745008</LongitudeDegrees></Position><AltitudeMeters>4.209</AltitudeMeters><HeartRateBpm><Value>140</Value></HeartRateBpm></Trackpoint><Trackpoint><Time>2026-05-02T08:58:03.318Z</Time><Position><LatitudeDegrees>60.096176</LatitudeDegrees><LongitudeDegrees>18.74497</LongitudeDegrees></Position><AltitudeMeters>4.219</AltitudeMeters><HeartRateBpm><Value>141</Value></HeartRateBpm></Trackpoint><Trackpoint><Time>2026-05-02T08:58:04.321Z</Time><Position><LatitudeDegrees>60.09617</LatitudeDegrees><LongitudeDegrees>18.744938</LongitudeDegrees></Position><AltitudeMeters>4.212</AltitudeMeters><HeartRateBpm><Value>141</Value></HeartRateBpm></Trackpoint><Trackpoint><Time>2026-05-02T08:58:05.324Z</Time><Position><LatitudeDegrees>60.096157</LatitudeDegrees><LongitudeDegrees>18.744907</LongitudeDegrees></Position><AltitudeMeters>4.309</AltitudeMeters><HeartRateBpm><Value>141</Value></HeartRateBpm></Trackpoint><Trackpoint><Time>2026-05-02T08:58:06.333Z</Time><Position><LatitudeDegrees>60.09615</LatitudeDegrees><LongitudeDegrees>18.744877</LongitudeDegrees></Position><AltitudeMeters>4.46</AltitudeMeters><HeartRateBpm><Value>141</Value></HeartRateBpm></Trackpoint><Trackpoint><Time>2026-05-02T08:58:07.342Z</Time><Position><LatitudeDegrees>60.096134</LatitudeDegrees><LongitudeDegrees>18.74485</LongitudeDegrees></Position><AltitudeMeters>4.551</AltitudeMeters><HeartRateBpm><Value>141</Value></HeartRateBpm></Trackpoint><Trackpoint><Time>2026-05-02T08:58:08.351Z</Time><Position><LatitudeDegrees>60.096123</LatitudeDegrees><LongitudeDegrees>18.744827</LongitudeDegrees></Position><AltitudeMeters>4.686</AltitudeMeters><HeartRateBpm><Value>141</Value></HeartRateBpm></Trackpoint><Trackpoint><Time>2026-05-02T08:58:09.360Z</Time><Position><LatitudeDegrees>60.096104</LatitudeDegrees><LongitudeDegrees>18.744804</LongitudeDegrees></Position><AltitudeMeters>4.704</AltitudeMeters><HeartRateBpm><Value>142</Value></HeartRateBpm></Trackpoint><Trackpoint><Time>2026-05-02T08:58:10.368Z</Time><Position><LatitudeDegrees>60.09608</LatitudeDegrees><LongitudeDegrees>18.744781</LongitudeDegrees></Position><AltitudeMeters>4.864</AltitudeMeters><HeartRateBpm><Value>142</Value></HeartRateBpm></Trackpoint><Trackpoint><Time>2026-05-02T08:58:11.376Z</Time><Position><LatitudeDegrees>60.096058</LatitudeDegrees><LongitudeDegrees>18.74476</LongitudeDegrees></Position><AltitudeMeters>5.099</AltitudeMeters><HeartRateBpm><Value>141</Value></HeartRateBpm></Trackpoint><Trackpoint><Time>2026-05-02T08:58:12.384Z</Time><Position><LatitudeDegrees>60.096035</LatitudeDegrees><LongitudeDegrees>18.74474</LongitudeDegrees></Position><AltitudeMeters>5.282</AltitudeMeters><HeartRateBpm><Value>141</Value></HeartRateBpm></Trackpoint><Trackpoint><Time>2026-05-02T08:58:13.392Z</Time><Position><LatitudeDegrees>60.09601</LatitudeDegrees><LongitudeDegrees>18.744719</LongitudeDegrees></Position><AltitudeMeters>5.455</AltitudeMeters><HeartRateBpm><Value>141</Value></HeartRateBpm></Trackpoint><Trackpoint><Time>2026-05-02T08:58:14.403Z</Time><Position><LatitudeDegrees>60.095985</LatitudeDegrees><LongitudeDegrees>18.744698</LongitudeDegrees></Position><AltitudeMeters>5.536</AltitudeMeters><HeartRateBpm><Value>140</Value></HeartRateBpm></Trackpoint><Trackpoint><Time>2026-05-02T08:58:15.411Z</Time><Position><LatitudeDegrees>60.095963</LatitudeDegrees><LongitudeDegrees>18.744675</LongitudeDegrees></Position><AltitudeMeters>5.461</AltitudeMeters><HeartRateBpm><Value>140</Value></HeartRateBpm></Trackpoint><Trackpoint><Time>2026-05-02T08:58:16.420Z</Time><Position><LatitudeDegrees>60.095936</LatitudeDegrees><LongitudeDegrees>18.74465</LongitudeDegrees></Position><AltitudeMeters>5.389</AltitudeMeters><HeartRateBpm><Value>139</Value></HeartRateBpm></Trackpoint><Trackpoint><Time>2026-05-02T08:58:17.427Z</Time><Position><LatitudeDegrees>60.09591</LatitudeDegrees><LongitudeDegrees>18.744625</LongitudeDegrees></Position><AltitudeMeters>5.5</AltitudeMeters><HeartRateBpm><Value>139</Value></HeartRateBpm></Trackpoint><Trackpoint><Time>2026-05-02T08:58:18.437Z</Time><Position><LatitudeDegrees>60.095886</LatitudeDegrees><LongitudeDegrees>18.744598</LongitudeDegrees></Position><AltitudeMeters>5.515</AltitudeMeters><HeartRateBpm><Value>138</Value></HeartRateBpm></Trackpoint><Trackpoint><Time>2026-05-02T08:58:19.446Z</Time><Position><LatitudeDegrees>60.09586</LatitudeDegrees><LongitudeDegrees>18.744572</LongitudeDegrees></Position><AltitudeMeters>5.471</AltitudeMeters><HeartRateBpm><Value>137</Value></HeartRateBpm></Trackpoint><Trackpoint><Time>2026-05-02T08:58:20.455Z</Time><Position><LatitudeDegrees>60.095837</LatitudeDegrees><LongitudeDegrees>18.744545</LongitudeDegrees></Position><AltitudeMeters>5.591</AltitudeMeters><HeartRateBpm><Value>137</Value></HeartRateBpm></Trackpoint><Trackpoint><Time>2026-05-02T08:58:21.465Z</Time><Position><LatitudeDegrees>60.095814</LatitudeDegrees><LongitudeDegrees>18.744514</LongitudeDegrees></Position><AltitudeMeters>5.675</AltitudeMeters><HeartRateBpm><Value>137</Value></HeartRateBpm></Trackpoint><Trackpoint><Time>2026-05-02T08:58:22.473Z</Time><Position><LatitudeDegrees>60.095795</LatitudeDegrees><LongitudeDegrees>18.744484</LongitudeDegrees></Position><AltitudeMeters>5.71</AltitudeMeters><HeartRateBpm><Value>137</Value></HeartRateBpm></Trackpoint><Trackpoint><Time>2026-05-02T08:58:23.482Z</Time><Position><LatitudeDegrees>60.09577</LatitudeDegrees><LongitudeDegrees>18.74445</LongitudeDegrees></Position><AltitudeMeters>5.685</AltitudeMeters><HeartRateBpm><Value>138</Value></HeartRateBpm></Trackpoint><Trackpoint><Time>2026-05-02T08:58:24.490Z</Time><Position><LatitudeDegrees>60.095753</LatitudeDegrees><LongitudeDegrees>18.744413</LongitudeDegrees></Position><AltitudeMeters>5.695</AltitudeMeters><HeartRateBpm><Value>138</Value></HeartRateBpm></Trackpoint><Trackpoint><Time>2026-05-02T08:58:25.496Z</Time><Position><LatitudeDegrees>60.095734</LatitudeDegrees><LongitudeDegrees>18.744377</LongitudeDegrees></Position><AltitudeMeters>5.735</AltitudeMeters><HeartRateBpm><Value>139</Value></HeartRateBpm></Trackpoint><Trackpoint><Time>2026-05-02T08:58:26.505Z</Time><Position><LatitudeDegrees>60.09571</LatitudeDegrees><LongitudeDegrees>18.744339</LongitudeDegrees></Position><AltitudeMeters>5.876</AltitudeMeters><HeartRateBpm><Value>139</Value></HeartRateBpm></Trackpoint><Trackpoint><Time>2026-05-02T08:58:27.515Z</Time><Position><LatitudeDegrees>60.095688</LatitudeDegrees><LongitudeDegrees>18.744299</LongitudeDegrees></Position><AltitudeMeters>5.847</AltitudeMeters><HeartRateBpm><Value>140</Value></HeartRateBpm></Trackpoint><Trackpoint><Time>2026-05-02T08:58:28.524Z</Time><Position><LatitudeDegrees>60.095665</LatitudeDegrees><LongitudeDegrees>18.744259</LongitudeDegrees></Position><AltitudeMeters>6.0</AltitudeMeters><HeartRateBpm><Value>140</Value></HeartRateBpm></Trackpoint><Trackpoint><Time>2026-05-02T08:58:29.533Z</Time><Position><LatitudeDegrees>60.095646</LatitudeDegrees><LongitudeDegrees>18.744219</LongitudeDegrees></Position><AltitudeMeters>6.143</AltitudeMeters><HeartRateBpm><Value>141</Value></HeartRateBpm></Trackpoint><Trackpoint><Time>2026-05-02T08:58:30.543Z</Time><Position><LatitudeDegrees>60.095627</LatitudeDegrees><LongitudeDegrees>18.74418</LongitudeDegrees></Position><AltitudeMeters>6.17</AltitudeMeters><HeartRateBpm><Value>142</Value></HeartRateBpm></Trackpoint><Trackpoint><Time>2026-05-02T08:58:31.552Z</Time><Position><LatitudeDegrees>60.095608</LatitudeDegrees><LongitudeDegrees>18.744144</LongitudeDegrees></Position><AltitudeMeters>6.17</AltitudeMeters><HeartRateBpm><Value>143</Value></HeartRateBpm></Trackpoint><Trackpoint><Time>2026-05-02T08:58:32.561Z</Time><Position><LatitudeDegrees>60.09559</LatitudeDegrees><LongitudeDegrees>18.74411</LongitudeDegrees></Position><AltitudeMeters>6.172</AltitudeMeters><HeartRateBpm><Value>143</Value></HeartRateBpm></Trackpoint><Trackpoint><Time>2026-05-02T08:58:33.567Z</Time><Position><LatitudeDegrees>60.09557</LatitudeDegrees><LongitudeDegrees>18.74408</LongitudeDegrees></Position><AltitudeMeters>6.173</AltitudeMeters><HeartRateBpm><Value>144</Value></HeartRateBpm></Trackpoint><Trackpoint><Time>2026-05-02T08:58:34.575Z</Time><Position><LatitudeDegrees>60.09555</LatitudeDegrees><LongitudeDegrees>18.744047</LongitudeDegrees></Position><AltitudeMeters>6.243</AltitudeMeters><HeartRateBpm><Value>145</Value></HeartRateBpm></Trackpoint><Trackpoint><Time>2026-05-02T08:58:35.585Z</Time><Position><LatitudeDegrees>60.095528</LatitudeDegrees><LongitudeDegrees>18.74402</LongitudeDegrees></Position><AltitudeMeters>6.375</AltitudeMeters><HeartRateBpm><Value>145</Value></HeartRateBpm></Trackpoint><Trackpoint><Time>2026-05-02T08:58:36.594Z</Time><Position><LatitudeDegrees>60.095505</LatitudeDegrees><LongitudeDegrees>18.743994</LongitudeDegrees></Position><AltitudeMeters>6.501</AltitudeMeters><HeartRateBpm><Value>145</Value></HeartRateBpm></Trackpoint><Trackpoint><Time>2026-05-02T08:58:37.603Z</Time><Position><LatitudeDegrees>60.09548</LatitudeDegrees><LongitudeDegrees>18.74397</LongitudeDegrees></Position><AltitudeMeters>6.497</AltitudeMeters><HeartRateBpm><Value>145</Value></HeartRateBpm></Trackpoint><Trackpoint><Time>2026-05-02T08:58:38.612Z</Time><Position><LatitudeDegrees>60.09546</LatitudeDegrees><LongitudeDegrees>18.743948</LongitudeDegrees></Position><AltitudeMeters>6.447</AltitudeMeters><HeartRateBpm><Value>144</Value></HeartRateBpm></Trackpoint><Trackpoint><Time>2026-05-02T08:58:39.621Z</Time><Position><LatitudeDegrees>60.095432</LatitudeDegrees><LongitudeDegrees>18.743925</LongitudeDegrees></Position><AltitudeMeters>6.459</AltitudeMeters><HeartRateBpm><Value>143</Value></HeartRateBpm></Trackpoint><Trackpoint><Time>2026-05-02T08:58:40.630Z</Time><Position><LatitudeDegrees>60.09541</LatitudeDegrees><LongitudeDegrees>18.743902</LongitudeDegrees></Position><AltitudeMeters>6.553</AltitudeMeters><HeartRateBpm><Value>143</Value></HeartRateBpm></Trackpoint><Trackpoint><Time>2026-05-02T08:58:41.638Z</Time><Position><LatitudeDegrees>60.095383</LatitudeDegrees><LongitudeDegrees>18.74388</LongitudeDegrees></Position><AltitudeMeters>6.555</AltitudeMeters><HeartRateBpm><Value>142</Value></HeartRateBpm></Trackpoint><Trackpoint><Time>2026-05-02T08:58:42.646Z</Time><Position><LatitudeDegrees>60.095356</LatitudeDegrees><LongitudeDegrees>18.743855</LongitudeDegrees></Position><AltitudeMeters>6.712</AltitudeMeters><HeartRateBpm><Value>141</Value></HeartRateBpm></Trackpoint><Trackpoint><Time>2026-05-02T08:58:43.655Z</Time><Position><LatitudeDegrees>60.095333</LatitudeDegrees><LongitudeDegrees>18.74383</LongitudeDegrees></Position><AltitudeMeters>6.852</AltitudeMeters><HeartRateBpm><Value>141</Value></HeartRateBpm></Trackpoint><Trackpoint><Time>2026-05-02T08:58:44.662Z</Time><Position><LatitudeDegrees>60.09531</LatitudeDegrees><LongitudeDegrees>18.743805</LongitudeDegrees></Position><AltitudeMeters>6.868</AltitudeMeters><HeartRateBpm><Value>141</Value></HeartRateBpm></Trackpoint><Trackpoint><Time>2026-05-02T08:58:45.669Z</Time><Position><LatitudeDegrees>60.095287</LatitudeDegrees><LongitudeDegrees>18.74378</LongitudeDegrees></Position><AltitudeMeters>6.985</AltitudeMeters><HeartRateBpm><Value>140</Value></HeartRateBpm></Trackpoint><Trackpoint><Time>2026-05-02T08:58:46.678Z</Time><Position><LatitudeDegrees>60.095264</LatitudeDegrees><LongitudeDegrees>18.743755</LongitudeDegrees></Position><AltitudeMeters>7.101</AltitudeMeters><HeartRateBpm><Value>140</Value></HeartRateBpm></Trackpoint><Trackpoint><Time>2026-05-02T08:58:47.687Z</Time><Position><LatitudeDegrees>60.09524</LatitudeDegrees><LongitudeDegrees>18.74373</LongitudeDegrees></Position><AltitudeMeters>7.255</AltitudeMeters><HeartRateBpm><Value>139</Value></HeartRateBpm></Trackpoint><Trackpoint><Time>2026-05-02T08:58:48.695Z</Time><Position><LatitudeDegrees>60.095222</LatitudeDegrees><LongitudeDegrees>18.743706</LongitudeDegrees></Position><AltitudeMeters>7.36</AltitudeMeters><HeartRateBpm><Value>139</Value></HeartRateBpm></Trackpoint><Trackpoint><Time>2026-05-02T08:58:49.706Z</Time><Position><LatitudeDegrees>60.0952</LatitudeDegrees><LongitudeDegrees>18.743683</LongitudeDegrees></Position><AltitudeMeters>7.443</AltitudeMeters><HeartRateBpm><Value>138</Value></HeartRateBpm></Trackpoint><Trackpoint><Time>2026-05-02T08:58:50.714Z</Time><Position><LatitudeDegrees>60.095177</LatitudeDegrees><LongitudeDegrees>18.74366</LongitudeDegrees></Position><AltitudeMeters>7.484</AltitudeMeters><HeartRateBpm><Value>138</Value></HeartRateBpm></Trackpoint><Trackpoint><Time>2026-05-02T08:58:51.723Z</Time><Position><LatitudeDegrees>60.09515</LatitudeDegrees><LongitudeDegrees>18.743637</LongitudeDegrees></Position><AltitudeMeters>7.476</AltitudeMeters><HeartRateBpm><Value>137</Value></HeartRateBpm></Trackpoint><Trackpoint><Time>2026-05-02T08:58:52.732Z</Time><Position><LatitudeDegrees>60.095127</LatitudeDegrees><LongitudeDegrees>18.743614</LongitudeDegrees></Position><AltitudeMeters>7.437</AltitudeMeters><HeartRateBpm><Value>137</Value></HeartRateBpm></Trackpoint><Trackpoint><Time>2026-05-02T08:58:53.742Z</Time><Position><LatitudeDegrees>60.095104</LatitudeDegrees><LongitudeDegrees>18.743587</LongitudeDegrees></Position><AltitudeMeters>7.338</AltitudeMeters><HeartRateBpm><Value>136</Value></HeartRateBpm></Trackpoint><Trackpoint><Time>2026-05-02T08:58:54.750Z</Time><Position><LatitudeDegrees>60.095085</LatitudeDegrees><LongitudeDegrees>18.74356</LongitudeDegrees></Position><AltitudeMeters>7.27</AltitudeMeters><HeartRateBpm><Value>136</Value></HeartRateBpm></Trackpoint><Trackpoint><Time>2026-05-02T08:58:55.757Z</Time><Position><LatitudeDegrees>60.095062</LatitudeDegrees><LongitudeDegrees>18.743532</LongitudeDegrees></Position><AltitudeMeters>7.237</AltitudeMeters><HeartRateBpm><Value>136</Value></HeartRateBpm></Trackpoint><Trackpoint><Time>2026-05-02T08:58:56.766Z</Time><Position><LatitudeDegrees>60.09504</LatitudeDegrees><LongitudeDegrees>18.743504</LongitudeDegrees></Position><AltitudeMeters>7.275</AltitudeMeters><HeartRateBpm><Value>136</Value></HeartRateBpm></Trackpoint><Trackpoint><Time>2026-05-02T08:58:57.775Z</Time><Position><LatitudeDegrees>60.095013</LatitudeDegrees><LongitudeDegrees>18.743479</LongitudeDegrees></Position><AltitudeMeters>7.417</AltitudeMeters><HeartRateBpm><Value>136</Value></HeartRateBpm></Trackpoint><Trackpoint><Time>2026-05-02T08:58:58.784Z</Time><Position><LatitudeDegrees>60.094986</LatitudeDegrees><LongitudeDegrees>18.743458</LongitudeDegrees></Position><AltitudeMeters>7.397</AltitudeMeters><HeartRateBpm><Value>136</Value></HeartRateBpm></Trackpoint><Trackpoint><Time>2026-05-02T08:58:59.794Z</Time><Position><LatitudeDegrees>60.09496</LatitudeDegrees><LongitudeDegrees>18.743435</LongitudeDegrees></Position><AltitudeMeters>7.186</AltitudeMeters><HeartRateBpm><Value>136</Value></HeartRateBpm></Trackpoint><Trackpoint><Time>2026-05-02T08:59:00.801Z</Time><Position><LatitudeDegrees>60.094933</LatitudeDegrees><LongitudeDegrees>18.743416</LongitudeDegrees></Position><AltitudeMeters>7.245</AltitudeMeters><HeartRateBpm><Value>135</Value></HeartRateBpm></Trackpoint><Trackpoint><Time>2026-05-02T08:59:01.808Z</Time><Position><LatitudeDegrees>60.094906</LatitudeDegrees><LongitudeDegrees>18.743399</LongitudeDegrees></Position><AltitudeMeters>7.407</AltitudeMeters><HeartRateBpm><Value>134</Value></HeartRateBpm></Trackpoint><Trackpoint><Time>2026-05-02T08:59:02.817Z</Time><Position><LatitudeDegrees>60.09488</LatitudeDegrees><LongitudeDegrees>18.743382</LongitudeDegrees></Position><AltitudeMeters>7.368</AltitudeMeters><HeartRateBpm><Value>133</Value></HeartRateBpm></Trackpoint><Trackpoint><Time>2026-05-02T08:59:03.826Z</Time><Position><LatitudeDegrees>60.094852</LatitudeDegrees><LongitudeDegrees>18.743366</LongitudeDegrees></Position><AltitudeMeters>7.55</AltitudeMeters><HeartRateBpm><Value>132</Value></HeartRateBpm></Trackpoint><Trackpoint><Time>2026-05-02T08:59:04.833Z</Time><Position><LatitudeDegrees>60.094826</LatitudeDegrees><LongitudeDegrees>18.743351</LongitudeDegrees></Position><AltitudeMeters>7.606</AltitudeMeters><HeartRateBpm><Value>132</Value></HeartRateBpm></Trackpoint><Trackpoint><Time>2026-05-02T08:59:05.842Z</Time><Position><LatitudeDegrees>60.0948</LatitudeDegrees><LongitudeDegrees>18.743334</LongitudeDegrees></Position><AltitudeMeters>7.637</AltitudeMeters><HeartRateBpm><Value>133</Value></HeartRateBpm></Trackpoint><Trackpoint><Time>2026-05-02T08:59:06.848Z</Time><Position><LatitudeDegrees>60.094776</LatitudeDegrees><LongitudeDegrees>18.743319</LongitudeDegrees></Position><AltitudeMeters>7.696</AltitudeMeters><HeartRateBpm><Value>135</Value></HeartRateBpm></Trackpoint><Trackpoint><Time>2026-05-02T08:59:07.855Z</Time><Position><LatitudeDegrees>60.09475</LatitudeDegrees><LongitudeDegrees>18.743303</LongitudeDegrees></Position><AltitudeMeters>7.795</AltitudeMeters><HeartRateBpm><Value>136</Value></HeartRateBpm></Trackpoint><Trackpoint><Time>2026-05-02T08:59:08.863Z</Time><Position><LatitudeDegrees>60.09472</LatitudeDegrees><LongitudeDegrees>18.743288</LongitudeDegrees></Position><AltitudeMeters>7.939</AltitudeMeters><HeartRateBpm><Value>137</Value></HeartRateBpm></Trackpoint><Trackpoint><Time>2026-05-02T08:59:09.872Z</Time><Position><LatitudeDegrees>60.094692</LatitudeDegrees><LongitudeDegrees>18.743273</LongitudeDegrees></Position><AltitudeMeters>8.088</AltitudeMeters><HeartRateBpm><Value>138</Value></HeartRateBpm></Trackpoint><Trackpoint><Time>2026-05-02T08:59:10.881Z</Time><Position><LatitudeDegrees>60.094666</LatitudeDegrees><LongitudeDegrees>18.743258</LongitudeDegrees></Position><AltitudeMeters>8.169</AltitudeMeters><HeartRateBpm><Value>138</Value></HeartRateBpm></Trackpoint><Trackpoint><Time>2026-05-02T08:59:11.888Z</Time><Position><LatitudeDegrees>60.09464</LatitudeDegrees><LongitudeDegrees>18.74324</LongitudeDegrees></Position><AltitudeMeters>8.291</AltitudeMeters><HeartRateBpm><Value>139</Value></HeartRateBpm></Trackpoint><Trackpoint><Time>2026-05-02T08:59:12.897Z</Time><Position><LatitudeDegrees>60.094612</LatitudeDegrees><LongitudeDegrees>18.743225</LongitudeDegrees></Position><AltitudeMeters>8.338</AltitudeMeters><HeartRateBpm><Value>139</Value></HeartRateBpm></Trackpoint><Trackpoint><Time>2026-05-02T08:59:13.907Z</Time><Position><LatitudeDegrees>60.094585</LatitudeDegrees><LongitudeDegrees>18.74321</LongitudeDegrees></Position><AltitudeMeters>8.426</AltitudeMeters><HeartRateBpm><Value>139</Value></HeartRateBpm></Trackpoint><Trackpoint><Time>2026-05-02T08:59:14.914Z</Time><Position><LatitudeDegrees>60.094555</LatitudeDegrees><LongitudeDegrees>18.743195</LongitudeDegrees></Position><AltitudeMeters>8.459</AltitudeMeters><HeartRateBpm><Value>139</Value></HeartRateBpm></Trackpoint><Trackpoint><Time>2026-05-02T08:59:15.923Z</Time><Position><LatitudeDegrees>60.09453</LatitudeDegrees><LongitudeDegrees>18.74318</LongitudeDegrees></Position><AltitudeMeters>8.553</AltitudeMeters><HeartRateBpm><Value>138</Value></HeartRateBpm></Trackpoint><Trackpoint><Time>2026-05-02T08:59:16.929Z</Time><Position><LatitudeDegrees>60.0945</LatitudeDegrees><LongitudeDegrees>18.743164</LongitudeDegrees></Position><AltitudeMeters>8.588</AltitudeMeters><HeartRateBpm><Value>139</Value></HeartRateBpm></Trackpoint><Trackpoint><Time>2026-05-02T08:59:17.937Z</Time><Position><LatitudeDegrees>60.09447</LatitudeDegrees><LongitudeDegrees>18.743149</LongitudeDegrees></Position><AltitudeMeters>8.776</AltitudeMeters><HeartRateBpm><Value>139</Value></HeartRateBpm></Trackpoint><Trackpoint><Time>2026-05-02T08:59:18.946Z</Time><Position><LatitudeDegrees>60.094444</LatitudeDegrees><LongitudeDegrees>18.743134</LongitudeDegrees></Position><AltitudeMeters>8.901</AltitudeMeters><HeartRateBpm><Value>139</Value></HeartRateBpm></Trackpoint><Trackpoint><Time>2026-05-02T08:59:19.954Z</Time><Position><LatitudeDegrees>60.094418</LatitudeDegrees><LongitudeDegrees>18.743118</LongitudeDegrees></Position><AltitudeMeters>9.001</AltitudeMeters><HeartRateBpm><Value>139</Value></HeartRateBpm></Trackpoint><Trackpoint><Time>2026-05-02T08:59:20.964Z</Time><Position><LatitudeDegrees>60.094387</LatitudeDegrees><LongitudeDegrees>18.743101</LongitudeDegrees></Position><AltitudeMeters>9.203</AltitudeMeters><HeartRateBpm><Value>139</Value></HeartRateBpm></Trackpoint><Trackpoint><Time>2026-05-02T08:59:21.973Z</Time><Position><LatitudeDegrees>60.09436</LatitudeDegrees><LongitudeDegrees>18.743086</LongitudeDegrees></Position><AltitudeMeters>9.292</AltitudeMeters><HeartRateBpm><Value>138</Value></HeartRateBpm></Trackpoint><Trackpoint><Time>2026-05-02T08:59:22.983Z</Time><Position><LatitudeDegrees>60.09433</LatitudeDegrees><LongitudeDegrees>18.74307</LongitudeDegrees></Position><AltitudeMeters>9.423</AltitudeMeters><HeartRateBpm><Value>139</Value></HeartRateBpm></Trackpoint><Trackpoint><Time>2026-05-02T08:59:23.991Z</Time><Position><LatitudeDegrees>60.094303</LatitudeDegrees><LongitudeDegrees>18.743055</LongitudeDegrees></Position><AltitudeMeters>9.637</AltitudeMeters><HeartRateBpm><Value>140</Value></HeartRateBpm></Trackpoint><Trackpoint><Time>2026-05-02T08:59:25.001Z</Time><Position><LatitudeDegrees>60.094276</LatitudeDegrees><LongitudeDegrees>18.743042</LongitudeDegrees></Position><AltitudeMeters>9.844</AltitudeMeters><HeartRateBpm><Value>140</Value></HeartRateBpm></Trackpoint><Trackpoint><Time>2026-05-02T08:59:26.011Z</Time><Position><LatitudeDegrees>60.09425</LatitudeDegrees><LongitudeDegrees>18.743027</LongitudeDegrees></Position><AltitudeMeters>9.854</AltitudeMeters><HeartRateBpm><Value>140</Value></HeartRateBpm></Trackpoint><Trackpoint><Time>2026-05-02T08:59:27.020Z</Time><Position><LatitudeDegrees>60.09422</LatitudeDegrees><LongitudeDegrees>18.743011</LongitudeDegrees></Position><AltitudeMeters>10.019</AltitudeMeters><HeartRateBpm><Value>140</Value></HeartRateBpm></Trackpoint><Trackpoint><Time>2026-05-02T08:59:28.027Z</Time><Position><LatitudeDegrees>60.094193</LatitudeDegrees><LongitudeDegrees>18.742996</LongitudeDegrees></Position><AltitudeMeters>10.287</AltitudeMeters><HeartRateBpm><Value>140</Value></HeartRateBpm></Trackpoint><Trackpoint><Time>2026-05-02T08:59:29.036Z</Time><Position><LatitudeDegrees>60.094162</LatitudeDegrees><LongitudeDegrees>18.742983</LongitudeDegrees></Position><AltitudeMeters>10.278</AltitudeMeters><HeartRateBpm><Value>140</Value></HeartRateBpm></Trackpoint><Trackpoint><Time>2026-05-02T08:59:30.044Z</Time><Position><LatitudeDegrees>60.094135</LatitudeDegrees><LongitudeDegrees>18.742968</LongitudeDegrees></Position><AltitudeMeters>10.268</AltitudeMeters><HeartRateBpm><Value>141</Value></HeartRateBpm></Trackpoint><Trackpoint><Time>2026-05-02T08:59:31.053Z</Time><Position><LatitudeDegrees>60.09411</LatitudeDegrees><LongitudeDegrees>18.742954</LongitudeDegrees></Position><AltitudeMeters>10.263</AltitudeMeters><HeartRateBpm><Value>141</Value></HeartRateBpm></Trackpoint><Trackpoint><Time>2026-05-02T08:59:32.063Z</Time><Position><LatitudeDegrees>60.09408</LatitudeDegrees><LongitudeDegrees>18.742943</LongitudeDegrees></Position><AltitudeMeters>10.497</AltitudeMeters><HeartRateBpm><Value>141</Value></HeartRateBpm></Trackpoint><Trackpoint><Time>2026-05-02T08:59:33.072Z</Time><Position><LatitudeDegrees>60.094055</LatitudeDegrees><LongitudeDegrees>18.74293</LongitudeDegrees></Position><AltitudeMeters>10.714</AltitudeMeters><HeartRateBpm><Value>141</Value></HeartRateBpm></Trackpoint><Trackpoint><Time>2026-05-02T08:59:34.081Z</Time><Position><LatitudeDegrees>60.09403</LatitudeDegrees><LongitudeDegrees>18.742922</LongitudeDegrees></Position><AltitudeMeters>11.018</AltitudeMeters><HeartRateBpm><Value>141</Value></HeartRateBpm></Trackpoint><Trackpoint><Time>2026-05-02T08:59:35.087Z</Time><Position><LatitudeDegrees>60.094006</LatitudeDegrees><LongitudeDegrees>18.742914</LongitudeDegrees></Position><AltitudeMeters>11.09</AltitudeMeters><HeartRateBpm><Value>142</Value></HeartRateBpm></Trackpoint><Trackpoint><Time>2026-05-02T08:59:36.097Z</Time><Position><LatitudeDegrees>60.09398</LatitudeDegrees><LongitudeDegrees>18.742912</LongitudeDegrees></Position><AltitudeMeters>11.245</AltitudeMeters><HeartRateBpm><Value>142</Value></HeartRateBpm></Trackpoint><Trackpoint><Time>2026-05-02T08:59:37.106Z</Time><Position><LatitudeDegrees>60.093956</LatitudeDegrees><LongitudeDegrees>18.742914</LongitudeDegrees></Position><AltitudeMeters>11.431</AltitudeMeters><HeartRateBpm><Value>143</Value></HeartRateBpm></Trackpoint><Trackpoint><Time>2026-05-02T08:59:38.115Z</Time><Position><LatitudeDegrees>60.09393</LatitudeDegrees><LongitudeDegrees>18.742916</LongitudeDegrees></Position><AltitudeMeters>11.515</AltitudeMeters><HeartRateBpm><Value>144</Value></HeartRateBpm></Trackpoint><Trackpoint><Time>2026-05-02T08:59:39.125Z</Time><Position><LatitudeDegrees>60.093906</LatitudeDegrees><LongitudeDegrees>18.742926</LongitudeDegrees></Position><AltitudeMeters>11.739</AltitudeMeters><HeartRateBpm><Value>145</Value></HeartRateBpm></Trackpoint><Trackpoint><Time>2026-05-02T08:59:40.133Z</Time><Position><LatitudeDegrees>60.093884</LatitudeDegrees><LongitudeDegrees>18.742935</LongitudeDegrees></Position><AltitudeMeters>11.908</AltitudeMeters><HeartRateBpm><Value>145</Value></HeartRateBpm></Trackpoint><Trackpoint><Time>2026-05-02T08:59:41.142Z</Time><Position><LatitudeDegrees>60.093857</LatitudeDegrees><LongitudeDegrees>18.742945</LongitudeDegrees></Position><AltitudeMeters>12.083</AltitudeMeters><HeartRateBpm><Value>144</Value></HeartRateBpm></Trackpoint><Trackpoint><Time>2026-05-02T08:59:42.151Z</Time><Position><LatitudeDegrees>60.09383</LatitudeDegrees><LongitudeDegrees>18.74295</LongitudeDegrees></Position><AltitudeMeters>12.271</AltitudeMeters><HeartRateBpm><Value>144</Value></HeartRateBpm></Trackpoint><Trackpoint><Time>2026-05-02T08:59:43.158Z</Time><Position><LatitudeDegrees>60.093803</LatitudeDegrees><LongitudeDegrees>18.742954</LongitudeDegrees></Position><AltitudeMeters>12.381</AltitudeMeters><HeartRateBpm><Value>144</Value></HeartRateBpm></Trackpoint><Trackpoint><Time>2026-05-02T08:59:44.167Z</Time><Position><LatitudeDegrees>60.093777</LatitudeDegrees><LongitudeDegrees>18.74296</LongitudeDegrees></Position><AltitudeMeters>12.275</AltitudeMeters><HeartRateBpm><Value>144</Value></HeartRateBpm></Trackpoint><Trackpoint><Time>2026-05-02T08:59:45.176Z</Time><Position><LatitudeDegrees>60.09375</LatitudeDegrees><LongitudeDegrees>18.742962</LongitudeDegrees></Position><AltitudeMeters>12.16</AltitudeMeters><HeartRateBpm><Value>144</Value></HeartRateBpm></Trackpoint><Trackpoint><Time>2026-05-02T08:59:46.184Z</Time><Position><LatitudeDegrees>60.093716</LatitudeDegrees><LongitudeDegrees>18.742958</LongitudeDegrees></Position><AltitudeMeters>12.056</AltitudeMeters><HeartRateBpm><Value>144</Value></HeartRateBpm></Trackpoint><Trackpoint><Time>2026-05-02T08:59:47.193Z</Time><Position><LatitudeDegrees>60.093685</LatitudeDegrees><LongitudeDegrees>18.742954</LongitudeDegrees></Position><AltitudeMeters>12.039</AltitudeMeters><HeartRateBpm><Value>145</Value></HeartRateBpm></Trackpoint><Trackpoint><Time>2026-05-02T08:59:48.202Z</Time><Position><LatitudeDegrees>60.09365</LatitudeDegrees><LongitudeDegrees>18.742949</LongitudeDegrees></Position><AltitudeMeters>11.926</AltitudeMeters><HeartRateBpm><Value>145</Value></HeartRateBpm></Trackpoint><Trackpoint><Time>2026-05-02T08:59:49.211Z</Time><Position><LatitudeDegrees>60.093616</LatitudeDegrees><LongitudeDegrees>18.742931</LongitudeDegrees></Position><AltitudeMeters>11.959</AltitudeMeters><HeartRateBpm><Value>145</Value></HeartRateBpm></Trackpoint><Trackpoint><Time>2026-05-02T08:59:50.220Z</Time><Position><LatitudeDegrees>60.093575</LatitudeDegrees><LongitudeDegrees>18.742912</LongitudeDegrees></Position><AltitudeMeters>12.248</AltitudeMeters><HeartRateBpm><Value>146</Value></HeartRateBpm></Trackpoint><Trackpoint><Time>2026-05-02T08:59:51.227Z</Time><Position><LatitudeDegrees>60.09354</LatitudeDegrees><LongitudeDegrees>18.74289</LongitudeDegrees></Position><AltitudeMeters>12.432</AltitudeMeters><HeartRateBpm><Value>146</Value></HeartRateBpm></Trackpoint><Trackpoint><Time>2026-05-02T08:59:52.236Z</Time><Position><LatitudeDegrees>60.093506</LatitudeDegrees><LongitudeDegrees>18.742868</LongitudeDegrees></Position><AltitudeMeters>12.399</AltitudeMeters><HeartRateBpm><Value>145</Value></HeartRateBpm></Trackpoint><Trackpoint><Time>2026-05-02T08:59:53.245Z</Time><Position><LatitudeDegrees>60.09347</LatitudeDegrees><LongitudeDegrees>18.742846</LongitudeDegrees></Position><AltitudeMeters>12.359</AltitudeMeters><HeartRateBpm><Value>144</Value></HeartRateBpm></Trackpoint><Trackpoint><Time>2026-05-02T08:59:54.253Z</Time><Position><LatitudeDegrees>60.09344</LatitudeDegrees><LongitudeDegrees>18.74283</LongitudeDegrees></Position><AltitudeMeters>12.523</AltitudeMeters><HeartRateBpm><Value>144</Value></HeartRateBpm></Trackpoint><Trackpoint><Time>2026-05-02T08:59:55.262Z</Time><Position><LatitudeDegrees>60.09342</LatitudeDegrees><LongitudeDegrees>18.742817</LongitudeDegrees></Position><AltitudeMeters>12.838</AltitudeMeters><HeartRateBpm><Value>144</Value></HeartRateBpm></Trackpoint><Trackpoint><Time>2026-05-02T08:59:56.271Z</Time><Position><LatitudeDegrees>60.09339</LatitudeDegrees><LongitudeDegrees>18.742807</LongitudeDegrees></Position><AltitudeMeters>12.784</AltitudeMeters><HeartRateBpm><Value>144</Value></HeartRateBpm></Trackpoint><Trackpoint><Time>2026-05-02T08:59:57.281Z</Time><Position><LatitudeDegrees>60.093365</LatitudeDegrees><LongitudeDegrees>18.742796</LongitudeDegrees></Position><AltitudeMeters>12.886</AltitudeMeters><HeartRateBpm><Value>143</Value></HeartRateBpm></Trackpoint><Trackpoint><Time>2026-05-02T08:59:58.288Z</Time><Position><LatitudeDegrees>60.093338</LatitudeDegrees><LongitudeDegrees>18.742785</LongitudeDegrees></Position><AltitudeMeters>13.037</AltitudeMeters><HeartRateBpm><Value>143</Value></HeartRateBpm></Trackpoint><Trackpoint><Time>2026-05-02T08:59:59.297Z</Time><Position><LatitudeDegrees>60.093307</LatitudeDegrees><LongitudeDegrees>18.742771</LongitudeDegrees></Position><AltitudeMeters>13.097</AltitudeMeters><HeartRateBpm><Value>144</Value></HeartRateBpm></Trackpoint><Trackpoint><Time>2026-05-02T09:00:00.304Z</Time><Position><LatitudeDegrees>60.093277</LatitudeDegrees><LongitudeDegrees>18.742758</LongitudeDegrees></Position><AltitudeMeters>13.118</AltitudeMeters><HeartRateBpm><Value>144</Value></HeartRateBpm></Trackpoint><Trackpoint><Time>2026-05-02T09:00:01.313Z</Time><Position><LatitudeDegrees>60.093246</LatitudeDegrees><LongitudeDegrees>18.742743</LongitudeDegrees></Position><AltitudeMeters>13.191</AltitudeMeters><HeartRateBpm><Value>144</Value></HeartRateBpm></Trackpoint><Trackpoint><Time>2026-05-02T09:00:02.315Z</Time><Position><LatitudeDegrees>60.093216</LatitudeDegrees><LongitudeDegrees>18.742727</LongitudeDegrees></Position><AltitudeMeters>13.324</AltitudeMeters><HeartRateBpm><Value>144</Value></HeartRateBpm></Trackpoint><Trackpoint><Time>2026-05-02T09:00:03.316Z</Time><Position><LatitudeDegrees>60.093185</LatitudeDegrees><LongitudeDegrees>18.742712</LongitudeDegrees></Position><AltitudeMeters>13.256</AltitudeMeters><HeartRateBpm><Value>144</Value></HeartRateBpm></Trackpoint><Trackpoint><Time>2026-05-02T09:00:04.316Z</Time><Position><LatitudeDegrees>60.093155</LatitudeDegrees><LongitudeDegrees>18.742693</LongitudeDegrees></Position><AltitudeMeters>13.006</AltitudeMeters><HeartRateBpm><Value>144</Value></HeartRateBpm></Trackpoint><Trackpoint><Time>2026-05-02T09:00:05.316Z</Time><Position><LatitudeDegrees>60.093132</LatitudeDegrees><LongitudeDegrees>18.742666</LongitudeDegrees></Position><AltitudeMeters>13.068</AltitudeMeters><HeartRateBpm><Value>144</Value></HeartRateBpm></Trackpoint><Trackpoint><Time>2026-05-02T09:00:06.325Z</Time><Position><LatitudeDegrees>60.09311</LatitudeDegrees><LongitudeDegrees>18.742638</LongitudeDegrees></Position><AltitudeMeters>12.84</AltitudeMeters><HeartRateBpm><Value>143</Value></HeartRateBpm></Trackpoint><Trackpoint><Time>2026-05-02T09:00:07.333Z</Time><Position><LatitudeDegrees>60.09309</LatitudeDegrees><LongitudeDegrees>18.742605</LongitudeDegrees></Position><AltitudeMeters>12.868</AltitudeMeters><HeartRateBpm><Value>143</Value></HeartRateBpm></Trackpoint><Trackpoint><Time>2026-05-02T09:00:08.342Z</Time><Position><LatitudeDegrees>60.093067</LatitudeDegrees><LongitudeDegrees>18.742575</LongitudeDegrees></Position><AltitudeMeters>12.851</AltitudeMeters><HeartRateBpm><Value>143</Value></HeartRateBpm></Trackpoint><Trackpoint><Time>2026-05-02T09:00:09.351Z</Time><Position><LatitudeDegrees>60.093044</LatitudeDegrees><LongitudeDegrees>18.742542</LongitudeDegrees></Position><AltitudeMeters>13.025</AltitudeMeters><HeartRateBpm><Value>143</Value></HeartRateBpm></Trackpoint><Trackpoint><Time>2026-05-02T09:00:10.358Z</Time><Position><LatitudeDegrees>60.093025</LatitudeDegrees><LongitudeDegrees>18.742512</LongitudeDegrees></Position><AltitudeMeters>13.413</AltitudeMeters><HeartRateBpm><Value>143</Value></HeartRateBpm></Trackpoint><Trackpoint><Time>2026-05-02T09:00:11.367Z</Time><Position><LatitudeDegrees>60.093002</LatitudeDegrees><LongitudeDegrees>18.74248</LongitudeDegrees></Position><AltitudeMeters>13.478</AltitudeMeters><HeartRateBpm><Value>142</Value></HeartRateBpm></Trackpoint><Trackpoint><Time>2026-05-02T09:00:12.375Z</Time><Position><LatitudeDegrees>60.092983</LatitudeDegrees><LongitudeDegrees>18.742445</LongitudeDegrees></Position><AltitudeMeters>13.608</AltitudeMeters><HeartRateBpm><Value>143</Value></HeartRateBpm></Trackpoint><Trackpoint><Time>2026-05-02T09:00:13.384Z</Time><Position><LatitudeDegrees>60.092964</LatitudeDegrees><LongitudeDegrees>18.742409</LongitudeDegrees></Position><AltitudeMeters>13.729</AltitudeMeters><HeartRateBpm><Value>143</Value></HeartRateBpm></Trackpoint><Trackpoint><Time>2026-05-02T09:00:14.393Z</Time><Position><LatitudeDegrees>60.09294</LatitudeDegrees><LongitudeDegrees>18.742374</LongitudeDegrees></Position><AltitudeMeters>13.808</AltitudeMeters><HeartRateBpm><Value>143</Value></HeartRateBpm></Trackpoint><Trackpoint><Time>2026-05-02T09:00:15.402Z</Time><Position><LatitudeDegrees>60.092922</LatitudeDegrees><LongitudeDegrees>18.742338</LongitudeDegrees></Position><AltitudeMeters>13.846</AltitudeMeters><HeartRateBpm><Value>143</Value></HeartRateBpm></Trackpoint><Trackpoint><Time>2026-05-02T09:00:16.411Z</Time><Position><LatitudeDegrees>60.0929</LatitudeDegrees><LongitudeDegrees>18.742306</LongitudeDegrees></Position><AltitudeMeters>13.92</AltitudeMeters><HeartRateBpm><Value>143</Value></HeartRateBpm></Trackpoint><Trackpoint><Time>2026-05-02T09:00:17.420Z</Time><Position><LatitudeDegrees>60.09288</LatitudeDegrees><LongitudeDegrees>18.742273</LongitudeDegrees></Position><AltitudeMeters>13.876</AltitudeMeters><HeartRateBpm><Value>143</Value></HeartRateBpm></Trackpoint><Trackpoint><Time>2026-05-02T09:00:18.427Z</Time><Position><LatitudeDegrees>60.092857</LatitudeDegrees><LongitudeDegrees>18.74224</LongitudeDegrees></Position><AltitudeMeters>13.718</AltitudeMeters><HeartRateBpm><Value>143</Value></HeartRateBpm></Trackpoint><Trackpoint><Time>2026-05-02T09:00:19.436Z</Time><Position><LatitudeDegrees>60.09284</LatitudeDegrees><LongitudeDegrees>18.74221</LongitudeDegrees></Position><AltitudeMeters>13.744</AltitudeMeters><HeartRateBpm><Value>144</Value></HeartRateBpm></Trackpoint><Trackpoint><Time>2026-05-02T09:00:20.444Z</Time><Position><LatitudeDegrees>60.092815</LatitudeDegrees><LongitudeDegrees>18.74218</LongitudeDegrees></Position><AltitudeMeters>13.961</AltitudeMeters><HeartRateBpm><Value>145</Value></HeartRateBpm></Trackpoint><Trackpoint><Time>2026-05-02T09:00:21.454Z</Time><Position><LatitudeDegrees>60.092793</LatitudeDegrees><LongitudeDegrees>18.74215</LongitudeDegrees></Position><AltitudeMeters>13.954</AltitudeMeters><HeartRateBpm><Value>146</Value></HeartRateBpm></Trackpoint><Trackpoint><Time>2026-05-02T09:00:22.463Z</Time><Position><LatitudeDegrees>60.092766</LatitudeDegrees><LongitudeDegrees>18.742123</LongitudeDegrees></Position><AltitudeMeters>14.091</AltitudeMeters><HeartRateBpm><Value>147</Value></HeartRateBpm></Trackpoint><Trackpoint><Time>2026-05-02T09:00:23.471Z</Time><Position><LatitudeDegrees>60.092743</LatitudeDegrees><LongitudeDegrees>18.742098</LongitudeDegrees></Position><AltitudeMeters>14.085</AltitudeMeters><HeartRateBpm><Value>147</Value></HeartRateBpm></Trackpoint><Trackpoint><Time>2026-05-02T09:00:24.478Z</Time><Position><LatitudeDegrees>60.092716</LatitudeDegrees><LongitudeDegrees>18.742071</LongitudeDegrees></Position><AltitudeMeters>13.825</AltitudeMeters><HeartRateBpm><Value>147</Value></HeartRateBpm></Trackpoint><Trackpoint><Time>2026-05-02T09:00:25.486Z</Time><Position><LatitudeDegrees>60.092693</LatitudeDegrees><LongitudeDegrees>18.742043</LongitudeDegrees></Position><AltitudeMeters>13.459</AltitudeMeters><HeartRateBpm><Value>146</Value></HeartRateBpm></Trackpoint><Trackpoint><Time>2026-05-02T09:00:26.491Z</Time><Position><LatitudeDegrees>60.092667</LatitudeDegrees><LongitudeDegrees>18.742014</LongitudeDegrees></Position><AltitudeMeters>13.398</AltitudeMeters><HeartRateBpm><Value>146</Value></HeartRateBpm></Trackpoint><Trackpoint><Time>2026-05-02T09:00:27.499Z</Time><Position><LatitudeDegrees>60.09264</LatitudeDegrees><LongitudeDegrees>18.74199</LongitudeDegrees></Position><AltitudeMeters>13.952</AltitudeMeters><HeartRateBpm><Value>146</Value></HeartRateBpm></Trackpoint><Trackpoint><Time>2026-05-02T09:00:28.507Z</Time><Position><LatitudeDegrees>60.092613</LatitudeDegrees><LongitudeDegrees>18.741972</LongitudeDegrees></Position><AltitudeMeters>13.835</AltitudeMeters><HeartRateBpm><Value>145</Value></HeartRateBpm></Trackpoint><Trackpoint><Time>2026-05-02T09:00:29.517Z</Time><Position><LatitudeDegrees>60.092587</LatitudeDegrees><LongitudeDegrees>18.74196</LongitudeDegrees></Position><AltitudeMeters>13.575</AltitudeMeters><HeartRateBpm><Value>145</Value></HeartRateBpm></Trackpoint><Trackpoint><Time>2026-05-02T09:00:30.526Z</Time><Position><LatitudeDegrees>60.092556</LatitudeDegrees><LongitudeDegrees>18.74195</LongitudeDegrees></Position><AltitudeMeters>13.586</AltitudeMeters><HeartRateBpm><Value>146</Value></HeartRateBpm></Trackpoint><Trackpoint><Time>2026-05-02T09:00:31.535Z</Time><Position><LatitudeDegrees>60.09253</LatitudeDegrees><LongitudeDegrees>18.741941</LongitudeDegrees></Position><AltitudeMeters>13.846</AltitudeMeters><HeartRateBpm><Value>146</Value></HeartRateBpm></Trackpoint><Trackpoint><Time>2026-05-02T09:00:32.544Z</Time><Position><LatitudeDegrees>60.0925</LatitudeDegrees><LongitudeDegrees>18.74194</LongitudeDegrees></Position><AltitudeMeters>14.004</AltitudeMeters><HeartRateBpm><Value>146</Value></HeartRateBpm></Trackpoint><Trackpoint><Time>2026-05-02T09:00:33.554Z</Time><Position><LatitudeDegrees>60.092472</LatitudeDegrees><LongitudeDegrees>18.74194</LongitudeDegrees></Position><AltitudeMeters>14.264</AltitudeMeters><HeartRateBpm><Value>145</Value></HeartRateBpm></Trackpoint><Trackpoint><Time>2026-05-02T09:00:34.562Z</Time><Position><LatitudeDegrees>60.092445</LatitudeDegrees><LongitudeDegrees>18.74194</LongitudeDegrees></Position><AltitudeMeters>14.507</AltitudeMeters><HeartRateBpm><Value>145</Value></HeartRateBpm></Trackpoint><Trackpoint><Time>2026-05-02T09:00:35.571Z</Time><Position><LatitudeDegrees>60.09242</LatitudeDegrees><LongitudeDegrees>18.74194</LongitudeDegrees></Position><AltitudeMeters>14.746</AltitudeMeters><HeartRateBpm><Value>145</Value></HeartRateBpm></Trackpoint><Trackpoint><Time>2026-05-02T09:00:36.578Z</Time><Position><LatitudeDegrees>60.09239</LatitudeDegrees><LongitudeDegrees>18.74194</LongitudeDegrees></Position><AltitudeMeters>14.863</AltitudeMeters><HeartRateBpm><Value>144</Value></HeartRateBpm></Trackpoint><Trackpoint><Time>2026-05-02T09:00:37.588Z</Time><Position><LatitudeDegrees>60.09236</LatitudeDegrees><LongitudeDegrees>18.741941</LongitudeDegrees></Position><AltitudeMeters>15.097</AltitudeMeters><HeartRateBpm><Value>144</Value></HeartRateBpm></Trackpoint><Trackpoint><Time>2026-05-02T09:00:38.596Z</Time><Position><LatitudeDegrees>60.09233</LatitudeDegrees><LongitudeDegrees>18.74195</LongitudeDegrees></Position><AltitudeMeters>15.22</AltitudeMeters><HeartRateBpm><Value>144</Value></HeartRateBpm></Trackpoint><Trackpoint><Time>2026-05-02T09:00:39.605Z</Time><Position><LatitudeDegrees>60.092297</LatitudeDegrees><LongitudeDegrees>18.741964</LongitudeDegrees></Position><AltitudeMeters>15.305</AltitudeMeters><HeartRateBpm><Value>144</Value></HeartRateBpm></Trackpoint><Trackpoint><Time>2026-05-02T09:00:40.615Z</Time><Position><LatitudeDegrees>60.092266</LatitudeDegrees><LongitudeDegrees>18.741978</LongitudeDegrees></Position><AltitudeMeters>15.325</AltitudeMeters><HeartRateBpm><Value>144</Value></HeartRateBpm></Trackpoint><Trackpoint><Time>2026-05-02T09:00:41.624Z</Time><Position><LatitudeDegrees>60.09223</LatitudeDegrees><LongitudeDegrees>18.741993</LongitudeDegrees></Position><AltitudeMeters>15.436</AltitudeMeters><HeartRateBpm><Value>144</Value></HeartRateBpm></Trackpoint><Trackpoint><Time>2026-05-02T09:00:42.633Z</Time><Position><LatitudeDegrees>60.0922</LatitudeDegrees><LongitudeDegrees>18.742004</LongitudeDegrees></Position><AltitudeMeters>15.665</AltitudeMeters><HeartRateBpm><Value>144</Value></HeartRateBpm></Trackpoint><Trackpoint><Time>2026-05-02T09:00:43.641Z</Time><Position><LatitudeDegrees>60.092167</LatitudeDegrees><LongitudeDegrees>18.742022</LongitudeDegrees></Position><AltitudeMeters>15.718</AltitudeMeters><HeartRateBpm><Value>143</Value></HeartRateBpm></Trackpoint><Trackpoint><Time>2026-05-02T09:00:44.648Z</Time><Position><LatitudeDegrees>60.092136</LatitudeDegrees><LongitudeDegrees>18.742035</LongitudeDegrees></Position><AltitudeMeters>15.877</AltitudeMeters><HeartRateBpm><Value>143</Value></HeartRateBpm></Trackpoint><Trackpoint><Time>2026-05-02T09:00:45.657Z</Time><Position><LatitudeDegrees>60.092102</LatitudeDegrees><LongitudeDegrees>18.742052</LongitudeDegrees></Position><AltitudeMeters>16.007</AltitudeMeters><HeartRateBpm><Value>143</Value></HeartRateBpm></Trackpoint><Trackpoint><Time>2026-05-02T09:00:46.667Z</Time><Position><LatitudeDegrees>60.092075</LatitudeDegrees><LongitudeDegrees>18.742071</LongitudeDegrees></Position><AltitudeMeters>16.075</AltitudeMeters><HeartRateBpm><Value>143</Value></HeartRateBpm></Trackpoint><Trackpoint><Time>2026-05-02T09:00:47.675Z</Time><Position><LatitudeDegrees>60.09205</LatitudeDegrees><LongitudeDegrees>18.742094</LongitudeDegrees></Position><AltitudeMeters>16.246</AltitudeMeters><HeartRateBpm><Value>143</Value></HeartRateBpm></Trackpoint><Trackpoint><Time>2026-05-02T09:00:48.683Z</Time><Position><LatitudeDegrees>60.092022</LatitudeDegrees><LongitudeDegrees>18.742117</LongitudeDegrees></Position><AltitudeMeters>16.279</AltitudeMeters><HeartRateBpm><Value>144</Value></HeartRateBpm></Trackpoint><Trackpoint><Time>2026-05-02T09:00:49.693Z</Time><Position><LatitudeDegrees>60.091995</LatitudeDegrees><LongitudeDegrees>18.74214</LongitudeDegrees></Position><AltitudeMeters>16.276</AltitudeMeters><HeartRateBpm><Value>143</Value></HeartRateBpm></Trackpoint><Trackpoint><Time>2026-05-02T09:00:50.702Z</Time><Position><LatitudeDegrees>60.091972</LatitudeDegrees><LongitudeDegrees>18.742168</LongitudeDegrees></Position><AltitudeMeters>16.408</AltitudeMeters><HeartRateBpm><Value>143</Value></HeartRateBpm></Trackpoint><Trackpoint><Time>2026-05-02T09:00:51.710Z</Time><Position><LatitudeDegrees>60.09195</LatitudeDegrees><LongitudeDegrees>18.742199</LongitudeDegrees></Position><AltitudeMeters>16.656</AltitudeMeters><HeartRateBpm><Value>143</Value></HeartRateBpm></Trackpoint><Trackpoint><Time>2026-05-02T09:00:52.717Z</Time><Position><LatitudeDegrees>60.091927</LatitudeDegrees><LongitudeDegrees>18.74223</LongitudeDegrees></Position><AltitudeMeters>16.932</AltitudeMeters><HeartRateBpm><Value>143</Value></HeartRateBpm></Trackpoint><Trackpoint><Time>2026-05-02T09:00:53.726Z</Time><Position><LatitudeDegrees>60.0919</LatitudeDegrees><LongitudeDegrees>18.742254</LongitudeDegrees></Position><AltitudeMeters>16.392</AltitudeMeters><HeartRateBpm><Value>143</Value></HeartRateBpm></Trackpoint><Trackpoint><Time>2026-05-02T09:00:54.733Z</Time><Position><LatitudeDegrees>60.091877</LatitudeDegrees><LongitudeDegrees>18.742281</LongitudeDegrees></Position><AltitudeMeters>16.264</AltitudeMeters><HeartRateBpm><Value>142</Value></HeartRateBpm></Trackpoint><Trackpoint><Time>2026-05-02T09:00:55.742Z</Time><Position><LatitudeDegrees>60.091854</LatitudeDegrees><LongitudeDegrees>18.742313</LongitudeDegrees></Position><AltitudeMeters>16.355</AltitudeMeters><HeartRateBpm><Value>142</Value></HeartRateBpm></Trackpoint><Trackpoint><Time>2026-05-02T09:00:56.747Z</Time><Position><LatitudeDegrees>60.091835</LatitudeDegrees><LongitudeDegrees>18.742348</LongitudeDegrees></Position><AltitudeMeters>16.425</AltitudeMeters><HeartRateBpm><Value>142</Value></HeartRateBpm></Trackpoint><Trackpoint><Time>2026-05-02T09:00:57.756Z</Time><Position><LatitudeDegrees>60.091812</LatitudeDegrees><LongitudeDegrees>18.742384</LongitudeDegrees></Position><AltitudeMeters>16.625</AltitudeMeters><HeartRateBpm><Value>143</Value></HeartRateBpm></Trackpoint><Trackpoint><Time>2026-05-02T09:00:58.764Z</Time><Position><LatitudeDegrees>60.091793</LatitudeDegrees><LongitudeDegrees>18.742422</LongitudeDegrees></Position><AltitudeMeters>16.961</AltitudeMeters><HeartRateBpm><Value>143</Value></HeartRateBpm></Trackpoint><Trackpoint><Time>2026-05-02T09:00:59.773Z</Time><Position><LatitudeDegrees>60.09177</LatitudeDegrees><LongitudeDegrees>18.742455</LongitudeDegrees></Position><AltitudeMeters>17.022</AltitudeMeters><HeartRateBpm><Value>143</Value></HeartRateBpm></Trackpoint><Trackpoint><Time>2026-05-02T09:01:00.781Z</Time><Position><LatitudeDegrees>60.091747</LatitudeDegrees><LongitudeDegrees>18.742489</LongitudeDegrees></Position><AltitudeMeters>17.117</AltitudeMeters><HeartRateBpm><Value>144</Value></HeartRateBpm></Trackpoint><Trackpoint><Time>2026-05-02T09:01:01.788Z</Time><Position><LatitudeDegrees>60.09173</LatitudeDegrees><LongitudeDegrees>18.74252</LongitudeDegrees></Position><AltitudeMeters>17.232</AltitudeMeters><HeartRateBpm><Value>144</Value></HeartRateBpm></Trackpoint><Trackpoint><Time>2026-05-02T09:01:02.797Z</Time><Position><LatitudeDegrees>60.091705</LatitudeDegrees><LongitudeDegrees>18.742552</LongitudeDegrees></Position><AltitudeMeters>17.508</AltitudeMeters><HeartRateBpm><Value>145</Value></HeartRateBpm></Trackpoint><Trackpoint><Time>2026-05-02T09:01:03.807Z</Time><Position><LatitudeDegrees>60.091682</LatitudeDegrees><LongitudeDegrees>18.742586</LongitudeDegrees></Position><AltitudeMeters>17.784</AltitudeMeters><HeartRateBpm><Value>145</Value></HeartRateBpm></Trackpoint><Trackpoint><Time>2026-05-02T09:01:04.816Z</Time><Position><LatitudeDegrees>60.09166</LatitudeDegrees><LongitudeDegrees>18.74261</LongitudeDegrees></Position><AltitudeMeters>17.981</AltitudeMeters><HeartRateBpm><Value>145</Value></HeartRateBpm></Trackpoint><Trackpoint><Time>2026-05-02T09:01:05.818Z</Time><Position><LatitudeDegrees>60.09164</LatitudeDegrees><LongitudeDegrees>18.742636</LongitudeDegrees></Position><AltitudeMeters>18.055</AltitudeMeters><HeartRateBpm><Value>145</Value></HeartRateBpm></Trackpoint><Trackpoint><Time>2026-05-02T09:01:06.828Z</Time><Position><LatitudeDegrees>60.091618</LatitudeDegrees><LongitudeDegrees>18.742659</LongitudeDegrees></Position><AltitudeMeters>18.093</AltitudeMeters><HeartRateBpm><Value>145</Value></HeartRateBpm></Trackpoint><Trackpoint><Time>2026-05-02T09:01:07.836Z</Time><Position><LatitudeDegrees>60.091595</LatitudeDegrees><LongitudeDegrees>18.742685</LongitudeDegrees></Position><AltitudeMeters>18.265</AltitudeMeters><HeartRateBpm><Value>145</Value></HeartRateBpm></Trackpoint><Trackpoint><Time>2026-05-02T09:01:08.845Z</Time><Position><LatitudeDegrees>60.09157</LatitudeDegrees><LongitudeDegrees>18.74271</LongitudeDegrees></Position><AltitudeMeters>18.511</AltitudeMeters><HeartRateBpm><Value>145</Value></HeartRateBpm></Trackpoint><Trackpoint><Time>2026-05-02T09:01:09.855Z</Time><Position><LatitudeDegrees>60.091553</LatitudeDegrees><LongitudeDegrees>18.742735</LongitudeDegrees></Position><AltitudeMeters>18.724</AltitudeMeters><HeartRateBpm><Value>145</Value></HeartRateBpm></Trackpoint><Trackpoint><Time>2026-05-02T09:01:10.863Z</Time><Position><LatitudeDegrees>60.09153</LatitudeDegrees><LongitudeDegrees>18.742758</LongitudeDegrees></Position><AltitudeMeters>18.799</AltitudeMeters><HeartRateBpm><Value>145</Value></HeartRateBpm></Trackpoint><Trackpoint><Time>2026-05-02T09:01:11.871Z</Time><Position><LatitudeDegrees>60.091507</LatitudeDegrees><LongitudeDegrees>18.74278</LongitudeDegrees></Position><AltitudeMeters>18.834</AltitudeMeters><HeartRateBpm><Value>145</Value></HeartRateBpm></Trackpoint><Trackpoint><Time>2026-05-02T09:01:12.877Z</Time><Position><LatitudeDegrees>60.091488</LatitudeDegrees><LongitudeDegrees>18.742804</LongitudeDegrees></Position><AltitudeMeters>18.881</AltitudeMeters><HeartRateBpm><Value>144</Value></HeartRateBpm></Trackpoint><Trackpoint><Time>2026-05-02T09:01:13.887Z</Time><Position><LatitudeDegrees>60.09147</LatitudeDegrees><LongitudeDegrees>18.742828</LongitudeDegrees></Position><AltitudeMeters>18.928</AltitudeMeters><HeartRateBpm><Value>143</Value></HeartRateBpm></Trackpoint><Trackpoint><Time>2026-05-02T09:01:14.897Z</Time><Position><LatitudeDegrees>60.091446</LatitudeDegrees><LongitudeDegrees>18.742855</LongitudeDegrees></Position><AltitudeMeters>19.042</AltitudeMeters><HeartRateBpm><Value>143</Value></HeartRateBpm></Trackpoint><Trackpoint><Time>2026-05-02T09:01:15.905Z</Time><Position><LatitudeDegrees>60.091423</LatitudeDegrees><LongitudeDegrees>18.742882</LongitudeDegrees></Position><AltitudeMeters>19.109</AltitudeMeters><HeartRateBpm><Value>144</Value></HeartRateBpm></Trackpoint><Trackpoint><Time>2026-05-02T09:01:16.915Z</Time><Position><LatitudeDegrees>60.0914</LatitudeDegrees><LongitudeDegrees>18.74291</LongitudeDegrees></Position><AltitudeMeters>19.266</AltitudeMeters><HeartRateBpm><Value>145</Value></HeartRateBpm></Trackpoint><Trackpoint><Time>2026-05-02T09:01:17.924Z</Time><Position><LatitudeDegrees>60.091377</LatitudeDegrees><LongitudeDegrees>18.74294</LongitudeDegrees></Position><AltitudeMeters>19.386</AltitudeMeters><HeartRateBpm><Value>146</Value></HeartRateBpm></Trackpoint><Trackpoint><Time>2026-05-02T09:01:18.934Z</Time><Position><LatitudeDegrees>60.09135</LatitudeDegrees><LongitudeDegrees>18.742975</LongitudeDegrees></Position><AltitudeMeters>19.395</AltitudeMeters><HeartRateBpm><Value>146</Value></HeartRateBpm></Trackpoint><Trackpoint><Time>2026-05-02T09:01:19.942Z</Time><Position><LatitudeDegrees>60.091328</LatitudeDegrees><LongitudeDegrees>18.743008</LongitudeDegrees></Position><AltitudeMeters>19.419</AltitudeMeters><HeartRateBpm><Value>146</Value></HeartRateBpm></Trackpoint><Trackpoint><Time>2026-05-02T09:01:20.950Z</Time><Position><LatitudeDegrees>60.0913</LatitudeDegrees><LongitudeDegrees>18.743044</LongitudeDegrees></Position><AltitudeMeters>19.526</AltitudeMeters><HeartRateBpm><Value>145</Value></HeartRateBpm></Trackpoint><Trackpoint><Time>2026-05-02T09:01:21.961Z</Time><Position><LatitudeDegrees>60.091278</LatitudeDegrees><LongitudeDegrees>18.74308</LongitudeDegrees></Position><AltitudeMeters>19.627</AltitudeMeters><HeartRateBpm><Value>145</Value></HeartRateBpm></Trackpoint><Trackpoint><Time>2026-05-02T09:01:22.968Z</Time><Position><LatitudeDegrees>60.091255</LatitudeDegrees><LongitudeDegrees>18.743114</LongitudeDegrees></Position><AltitudeMeters>19.641</AltitudeMeters><HeartRateBpm><Value>145</Value></HeartRateBpm></Trackpoint><Trackpoint><Time>2026-05-02T09:01:23.977Z</Time><Position><LatitudeDegrees>60.09123</LatitudeDegrees><LongitudeDegrees>18.74315</LongitudeDegrees></Position><AltitudeMeters>19.514</AltitudeMeters><HeartRateBpm><Value>145</Value></HeartRateBpm></Trackpoint><Trackpoint><Time>2026-05-02T09:01:24.987Z</Time><Position><LatitudeDegrees>60.091206</LatitudeDegrees><LongitudeDegrees>18.743185</LongitudeDegrees></Position><AltitudeMeters>19.451</AltitudeMeters><HeartRateBpm><Value>145</Value></HeartRateBpm></Trackpoint><Trackpoint><Time>2026-05-02T09:01:25.995Z</Time><Position><LatitudeDegrees>60.091183</LatitudeDegrees><LongitudeDegrees>18.743223</LongitudeDegrees></Position><AltitudeMeters>19.597</AltitudeMeters><HeartRateBpm><Value>146</Value></HeartRateBpm></Trackpoint><Trackpoint><Time>2026-05-02T09:01:27.004Z</Time><Position><LatitudeDegrees>60.091156</LatitudeDegrees><LongitudeDegrees>18.743258</LongitudeDegrees></Position><AltitudeMeters>19.608</AltitudeMeters><HeartRateBpm><Value>146</Value></HeartRateBpm></Trackpoint><Trackpoint><Time>2026-05-02T09:01:28.014Z</Time><Position><LatitudeDegrees>60.09113</LatitudeDegrees><LongitudeDegrees>18.743292</LongitudeDegrees></Position><AltitudeMeters>19.657</AltitudeMeters><HeartRateBpm><Value>146</Value></HeartRateBpm></Trackpoint><Trackpoint><Time>2026-05-02T09:01:29.023Z</Time><Position><LatitudeDegrees>60.091106</LatitudeDegrees><LongitudeDegrees>18.743324</LongitudeDegrees></Position><AltitudeMeters>19.82</AltitudeMeters><HeartRateBpm><Value>146</Value></HeartRateBpm></Trackpoint><Trackpoint><Time>2026-05-02T09:01:30.032Z</Time><Position><LatitudeDegrees>60.09108</LatitudeDegrees><LongitudeDegrees>18.743355</LongitudeDegrees></Position><AltitudeMeters>19.606</AltitudeMeters><HeartRateBpm><Value>146</Value></HeartRateBpm></Trackpoint><Trackpoint><Time>2026-05-02T09:01:31.041Z</Time><Position><LatitudeDegrees>60.091053</LatitudeDegrees><LongitudeDegrees>18.743387</LongitudeDegrees></Position><AltitudeMeters>19.387</AltitudeMeters><HeartRateBpm><Value>146</Value></HeartRateBpm></Trackpoint><Trackpoint><Time>2026-05-02T09:01:32.047Z</Time><Position><LatitudeDegrees>60.091022</LatitudeDegrees><LongitudeDegrees>18.743416</LongitudeDegrees></Position><AltitudeMeters>19.319</AltitudeMeters><HeartRateBpm><Value>146</Value></HeartRateBpm></Trackpoint><Trackpoint><Time>2026-05-02T09:01:33.053Z</Time><Position><LatitudeDegrees>60.090992</LatitudeDegrees><LongitudeDegrees>18.743446</LongitudeDegrees></Position><AltitudeMeters>19.195</AltitudeMeters><HeartRateBpm><Value>147</Value></HeartRateBpm></Trackpoint><Trackpoint><Time>2026-05-02T09:01:34.061Z</Time><Position><LatitudeDegrees>60.090958</LatitudeDegrees><LongitudeDegrees>18.74347</LongitudeDegrees></Position><AltitudeMeters>19.22</AltitudeMeters><HeartRateBpm><Value>146</Value></HeartRateBpm></Trackpoint><Trackpoint><Time>2026-05-02T09:01:35.067Z</Time><Position><LatitudeDegrees>60.090927</LatitudeDegrees><LongitudeDegrees>18.74349</LongitudeDegrees></Position><AltitudeMeters>19.2</AltitudeMeters><HeartRateBpm><Value>146</Value></HeartRateBpm></Trackpoint><Trackpoint><Time>2026-05-02T09:01:36.075Z</Time><Position><LatitudeDegrees>60.090893</LatitudeDegrees><LongitudeDegrees>18.743502</LongitudeDegrees></Position><AltitudeMeters>19.231</AltitudeMeters><HeartRateBpm><Value>146</Value></HeartRateBpm></Trackpoint><Trackpoint><Time>2026-05-02T09:01:37.084Z</Time><Position><LatitudeDegrees>60.09086</LatitudeDegrees><LongitudeDegrees>18.743515</LongitudeDegrees></Position><AltitudeMeters>19.282</AltitudeMeters><HeartRateBpm><Value>145</Value></HeartRateBpm></Trackpoint><Trackpoint><Time>2026-05-02T09:01:38.094Z</Time><Position><LatitudeDegrees>60.090824</LatitudeDegrees><LongitudeDegrees>18.74352</LongitudeDegrees></Position><AltitudeMeters>19.219</AltitudeMeters><HeartRateBpm><Value>144</Value></HeartRateBpm></Trackpoint><Trackpoint><Time>2026-05-02T09:01:39.103Z</Time><Position><LatitudeDegrees>60.09079</LatitudeDegrees><LongitudeDegrees>18.74352</LongitudeDegrees></Position><AltitudeMeters>19.462</AltitudeMeters><HeartRateBpm><Value>144</Value></HeartRateBpm></Trackpoint><Trackpoint><Time>2026-05-02T09:01:40.112Z</Time><Position><LatitudeDegrees>60.09076</LatitudeDegrees><LongitudeDegrees>18.74352</LongitudeDegrees></Position><AltitudeMeters>19.565</AltitudeMeters><HeartRateBpm><Value>143</Value></HeartRateBpm></Trackpoint><Trackpoint><Time>2026-05-02T09:01:41.119Z</Time><Position><LatitudeDegrees>60.090725</LatitudeDegrees><LongitudeDegrees>18.743517</LongitudeDegrees></Position><AltitudeMeters>19.605</AltitudeMeters><HeartRateBpm><Value>142</Value></HeartRateBpm></Trackpoint><Trackpoint><Time>2026-05-02T09:01:42.128Z</Time><Position><LatitudeDegrees>60.090694</LatitudeDegrees><LongitudeDegrees>18.743513</LongitudeDegrees></Position><AltitudeMeters>19.75</AltitudeMeters><HeartRateBpm><Value>142</Value></HeartRateBpm></Trackpoint><Trackpoint><Time>2026-05-02T09:01:43.137Z</Time><Position><LatitudeDegrees>60.09066</LatitudeDegrees><LongitudeDegrees>18.74351</LongitudeDegrees></Position><AltitudeMeters>19.763</AltitudeMeters><HeartRateBpm><Value>142</Value></HeartRateBpm></Trackpoint><Trackpoint><Time>2026-05-02T09:01:44.146Z</Time><Position><LatitudeDegrees>60.090626</LatitudeDegrees><LongitudeDegrees>18.743507</LongitudeDegrees></Position><AltitudeMeters>19.624</AltitudeMeters><HeartRateBpm><Value>141</Value></HeartRateBpm></Trackpoint><Trackpoint><Time>2026-05-02T09:01:45.154Z</Time><Position><LatitudeDegrees>60.090588</LatitudeDegrees><LongitudeDegrees>18.743507</LongitudeDegrees></Position><AltitudeMeters>19.448</AltitudeMeters><HeartRateBpm><Value>141</Value></HeartRateBpm></Trackpoint><Trackpoint><Time>2026-05-02T09:01:46.163Z</Time><Position><LatitudeDegrees>60.090553</LatitudeDegrees><LongitudeDegrees>18.743507</LongitudeDegrees></Position><AltitudeMeters>19.015</AltitudeMeters><HeartRateBpm><Value>141</Value></HeartRateBpm></Trackpoint><Trackpoint><Time>2026-05-02T09:01:47.172Z</Time><Position><LatitudeDegrees>60.09051</LatitudeDegrees><LongitudeDegrees>18.743505</LongitudeDegrees></Position><AltitudeMeters>18.771</AltitudeMeters><HeartRateBpm><Value>140</Value></HeartRateBpm></Trackpoint><Trackpoint><Time>2026-05-02T09:01:48.181Z</Time><Position><LatitudeDegrees>60.09047</LatitudeDegrees><LongitudeDegrees>18.743505</LongitudeDegrees></Position><AltitudeMeters>18.568</AltitudeMeters><HeartRateBpm><Value>140</Value></HeartRateBpm></Trackpoint><Trackpoint><Time>2026-05-02T09:01:49.183Z</Time><Position><LatitudeDegrees>60.090427</LatitudeDegrees><LongitudeDegrees>18.743492</LongitudeDegrees></Position><AltitudeMeters>18.434</AltitudeMeters><HeartRateBpm><Value>140</Value></HeartRateBpm></Trackpoint><Trackpoint><Time>2026-05-02T09:01:50.186Z</Time><Position><LatitudeDegrees>60.09038</LatitudeDegrees><LongitudeDegrees>18.743456</LongitudeDegrees></Position><AltitudeMeters>18.448</AltitudeMeters><HeartRateBpm><Value>140</Value></HeartRateBpm></Trackpoint><Trackpoint><Time>2026-05-02T09:01:51.191Z</Time><Position><LatitudeDegrees>60.090332</LatitudeDegrees><LongitudeDegrees>18.74341</LongitudeDegrees></Position><AltitudeMeters>18.126</AltitudeMeters><HeartRateBpm><Value>140</Value></HeartRateBpm></Trackpoint><Trackpoint><Time>2026-05-02T09:01:52.194Z</Time><Position><LatitudeDegrees>60.090282</LatitudeDegrees><LongitudeDegrees>18.743353</LongitudeDegrees></Position><AltitudeMeters>17.758</AltitudeMeters><HeartRateBpm><Value>139</Value></HeartRateBpm></Trackpoint><Trackpoint><Time>2026-05-02T09:01:53.203Z</Time><Position><LatitudeDegrees>60.090237</LatitudeDegrees><LongitudeDegrees>18.743298</LongitudeDegrees></Position><AltitudeMeters>17.331</AltitudeMeters><HeartRateBpm><Value>139</Value></HeartRateBpm></Trackpoint><Trackpoint><Time>2026-05-02T09:01:54.212Z</Time><Position><LatitudeDegrees>60.09021</LatitudeDegrees><LongitudeDegrees>18.743217</LongitudeDegrees></Position><AltitudeMeters>16.987</AltitudeMeters><HeartRateBpm><Value>139</Value></HeartRateBpm></Trackpoint><Trackpoint><Time>2026-05-02T09:01:55.219Z</Time><Position><LatitudeDegrees>60.09018</LatitudeDegrees><LongitudeDegrees>18.74311</LongitudeDegrees></Position><AltitudeMeters>16.532</AltitudeMeters><HeartRateBpm><Value>139</Value></HeartRateBpm></Trackpoint><Trackpoint><Time>2026-05-02T09:01:56.226Z</Time><Position><LatitudeDegrees>60.090103</LatitudeDegrees><LongitudeDegrees>18.74294</LongitudeDegrees></Position><AltitudeMeters>15.913</AltitudeMeters><HeartRateBpm><Value>138</Value></HeartRateBpm></Trackpoint><Trackpoint><Time>2026-05-02T09:01:57.234Z</Time><Position><LatitudeDegrees>60.090096</LatitudeDegrees><LongitudeDegrees>18.742926</LongitudeDegrees></Position><AltitudeMeters>15.277</AltitudeMeters><HeartRateBpm><Value>138</Value></HeartRateBpm></Trackpoint><Trackpoint><Time>2026-05-02T09:01:58.243Z</Time><Position><LatitudeDegrees>60.09001</LatitudeDegrees><LongitudeDegrees>18.742731</LongitudeDegrees></Position><AltitudeMeters>14.599</AltitudeMeters><HeartRateBpm><Value>137</Value></HeartRateBpm></Trackpoint><Trackpoint><Time>2026-05-02T09:01:59.249Z</Time><Position><LatitudeDegrees>60.089954</LatitudeDegrees><LongitudeDegrees>18.74264</LongitudeDegrees></Position><AltitudeMeters>14.342</AltitudeMeters><HeartRateBpm><Value>138</Value></HeartRateBpm></Trackpoint><Trackpoint><Time>2026-05-02T09:02:00.257Z</Time><Position><LatitudeDegrees>60.0899</LatitudeDegrees><LongitudeDegrees>18.74255</LongitudeDegrees></Position><AltitudeMeters>14.161</AltitudeMeters><HeartRateBpm><Value>137</Value></HeartRateBpm></Trackpoint><Trackpoint><Time>2026-05-02T09:02:01.265Z</Time><Position><LatitudeDegrees>60.08985</LatitudeDegrees><LongitudeDegrees>18.742456</LongitudeDegrees></Position><AltitudeMeters>13.431</AltitudeMeters><HeartRateBpm><Value>137</Value></HeartRateBpm></Trackpoint><Trackpoint><Time>2026-05-02T09:02:02.274Z</Time><Position><LatitudeDegrees>60.089806</LatitudeDegrees><LongitudeDegrees>18.74237</LongitudeDegrees></Position><AltitudeMeters>12.763</AltitudeMeters><HeartRateBpm><Value>137</Value></HeartRateBpm></Trackpoint><Trackpoint><Time>2026-05-02T09:02:03.283Z</Time><Position><LatitudeDegrees>60.08976</LatitudeDegrees><LongitudeDegrees>18.74229</LongitudeDegrees></Position><AltitudeMeters>12.882</AltitudeMeters><HeartRateBpm><Value>136</Value></HeartRateBpm></Trackpoint><Trackpoint><Time>2026-05-02T09:02:04.292Z</Time><Position><LatitudeDegrees>60.089714</LatitudeDegrees><LongitudeDegrees>18.742216</LongitudeDegrees></Position><AltitudeMeters>13.781</AltitudeMeters><HeartRateBpm><Value>136</Value></HeartRateBpm></Trackpoint><Trackpoint><Time>2026-05-02T09:02:05.296Z</Time><Position><LatitudeDegrees>60.089672</LatitudeDegrees><LongitudeDegrees>18.742142</LongitudeDegrees></Position><AltitudeMeters>14.049</AltitudeMeters><HeartRateBpm><Value>135</Value></HeartRateBpm></Trackpoint><Trackpoint><Time>2026-05-02T09:02:06.304Z</Time><Position><LatitudeDegrees>60.089634</LatitudeDegrees><LongitudeDegrees>18.742064</LongitudeDegrees></Position><AltitudeMeters>14.526</AltitudeMeters><HeartRateBpm><Value>134</Value></HeartRateBpm></Trackpoint><Trackpoint><Time>2026-05-02T09:02:07.313Z</Time><Position><LatitudeDegrees>60.0896</LatitudeDegrees><LongitudeDegrees>18.741983</LongitudeDegrees></Position><AltitudeMeters>14.658</AltitudeMeters><HeartRateBpm><Value>134</Value></HeartRateBpm></Trackpoint><Trackpoint><Time>2026-05-02T09:02:08.322Z</Time><Position><LatitudeDegrees>60.08957</LatitudeDegrees><LongitudeDegrees>18.741909</LongitudeDegrees></Position><AltitudeMeters>14.9</AltitudeMeters><HeartRateBpm><Value>133</Value></HeartRateBpm></Trackpoint><Trackpoint><Time>2026-05-02T09:02:09.330Z</Time><Position><LatitudeDegrees>60.089542</LatitudeDegrees><LongitudeDegrees>18.741838</LongitudeDegrees></Position><AltitudeMeters>15.143</AltitudeMeters><HeartRateBpm><Value>133</Value></HeartRateBpm></Trackpoint><Trackpoint><Time>2026-05-02T09:02:10.336Z</Time><Position><LatitudeDegrees>60.089516</LatitudeDegrees><LongitudeDegrees>18.741764</LongitudeDegrees></Position><AltitudeMeters>14.992</AltitudeMeters><HeartRateBpm><Value>134</Value></HeartRateBpm></Trackpoint><Trackpoint><Time>2026-05-02T09:02:11.345Z</Time><Position><LatitudeDegrees>60.089485</LatitudeDegrees><LongitudeDegrees>18.74169</LongitudeDegrees></Position><AltitudeMeters>14.77</AltitudeMeters><HeartRateBpm><Value>134</Value></HeartRateBpm></Trackpoint><Trackpoint><Time>2026-05-02T09:02:12.354Z</Time><Position><LatitudeDegrees>60.08946</LatitudeDegrees><LongitudeDegrees>18.741617</LongitudeDegrees></Position><AltitudeMeters>14.642</AltitudeMeters><HeartRateBpm><Value>135</Value></HeartRateBpm></Trackpoint><Trackpoint><Time>2026-05-02T09:02:13.363Z</Time><Position><LatitudeDegrees>60.08943</LatitudeDegrees><LongitudeDegrees>18.741543</LongitudeDegrees></Position><AltitudeMeters>14.505</AltitudeMeters><HeartRateBpm><Value>135</Value></HeartRateBpm></Trackpoint><Trackpoint><Time>2026-05-02T09:02:14.372Z</Time><Position><LatitudeDegrees>60.0894</LatitudeDegrees><LongitudeDegrees>18.74147</LongitudeDegrees></Position><AltitudeMeters>15.263</AltitudeMeters><HeartRateBpm><Value>136</Value></HeartRateBpm></Trackpoint><Trackpoint><Time>2026-05-02T09:02:15.381Z</Time><Position><LatitudeDegrees>60.089375</LatitudeDegrees><LongitudeDegrees>18.741396</LongitudeDegrees></Position><AltitudeMeters>17.345</AltitudeMeters><HeartRateBpm><Value>136</Value></HeartRateBpm></Trackpoint><Trackpoint><Time>2026-05-02T09:02:16.388Z</Time><Position><LatitudeDegrees>60.08935</LatitudeDegrees><LongitudeDegrees>18.741308</LongitudeDegrees></Position><AltitudeMeters>16.544</AltitudeMeters><HeartRateBpm><Value>136</Value></HeartRateBpm></Trackpoint><Trackpoint><Time>2026-05-02T09:02:17.396Z</Time><Position><LatitudeDegrees>60.089333</LatitudeDegrees><LongitudeDegrees>18.741217</LongitudeDegrees></Position><AltitudeMeters>15.872</AltitudeMeters><HeartRateBpm><Value>137</Value></HeartRateBpm></Trackpoint><Trackpoint><Time>2026-05-02T09:02:18.405Z</Time><Position><LatitudeDegrees>60.089317</LatitudeDegrees><LongitudeDegrees>18.74113</LongitudeDegrees></Position><AltitudeMeters>16.08</AltitudeMeters><HeartRateBpm><Value>137</Value></HeartRateBpm></Trackpoint><Trackpoint><Time>2026-05-02T09:02:19.414Z</Time><Position><LatitudeDegrees>60.089302</LatitudeDegrees><LongitudeDegrees>18.741047</LongitudeDegrees></Position><AltitudeMeters>16.372</AltitudeMeters><HeartRateBpm><Value>138</Value></HeartRateBpm></Trackpoint><Trackpoint><Time>2026-05-02T09:02:20.422Z</Time><Position><LatitudeDegrees>60.08929</LatitudeDegrees><LongitudeDegrees>18.740967</LongitudeDegrees></Position><AltitudeMeters>16.419</AltitudeMeters><HeartRateBpm><Value>138</Value></HeartRateBpm></Trackpoint><Trackpoint><Time>2026-05-02T09:02:21.431Z</Time><Position><LatitudeDegrees>60.08928</LatitudeDegrees><LongitudeDegrees>18.740887</LongitudeDegrees></Position><AltitudeMeters>16.797</AltitudeMeters><HeartRateBpm><Value>139</Value></HeartRateBpm></Trackpoint><Trackpoint><Time>2026-05-02T09:02:22.440Z</Time><Position><LatitudeDegrees>60.089264</LatitudeDegrees><LongitudeDegrees>18.740807</LongitudeDegrees></Position><AltitudeMeters>17.292</AltitudeMeters><HeartRateBpm><Value>140</Value></HeartRateBpm></Trackpoint><Trackpoint><Time>2026-05-02T09:02:23.447Z</Time><Position><LatitudeDegrees>60.089256</LatitudeDegrees><LongitudeDegrees>18.740725</LongitudeDegrees></Position><AltitudeMeters>17.688</AltitudeMeters><HeartRateBpm><Value>141</Value></HeartRateBpm></Trackpoint><Trackpoint><Time>2026-05-02T09:02:24.457Z</Time><Position><LatitudeDegrees>60.089252</LatitudeDegrees><LongitudeDegrees>18.740644</LongitudeDegrees></Position><AltitudeMeters>17.762</AltitudeMeters><HeartRateBpm><Value>141</Value></HeartRateBpm></Trackpoint><Trackpoint><Time>2026-05-02T09:02:25.466Z</Time><Position><LatitudeDegrees>60.089245</LatitudeDegrees><LongitudeDegrees>18.740559</LongitudeDegrees></Position><AltitudeMeters>17.933</AltitudeMeters><HeartRateBpm><Value>142</Value></HeartRateBpm></Trackpoint><Trackpoint><Time>2026-05-02T09:02:26.474Z</Time><Position><LatitudeDegrees>60.089233</LatitudeDegrees><LongitudeDegrees>18.740477</LongitudeDegrees></Position><AltitudeMeters>18.051</AltitudeMeters><HeartRateBpm><Value>141</Value></HeartRateBpm></Trackpoint><Trackpoint><Time>2026-05-02T09:02:27.484Z</Time><Position><LatitudeDegrees>60.089214</LatitudeDegrees><LongitudeDegrees>18.740406</LongitudeDegrees></Position><AltitudeMeters>18.169</AltitudeMeters><HeartRateBpm><Value>141</Value></HeartRateBpm></Trackpoint><Trackpoint><Time>2026-05-02T09:02:28.491Z</Time><Position><LatitudeDegrees>60.089188</LatitudeDegrees><LongitudeDegrees>18.740345</LongitudeDegrees></Position><AltitudeMeters>18.024</AltitudeMeters><HeartRateBpm><Value>141</Value></HeartRateBpm></Trackpoint><Trackpoint><Time>2026-05-02T09:02:29.498Z</Time><Position><LatitudeDegrees>60.089157</LatitudeDegrees><LongitudeDegrees>18.740295</LongitudeDegrees></Position><AltitudeMeters>17.591</AltitudeMeters><HeartRateBpm><Value>140</Value></HeartRateBpm></Trackpoint><Trackpoint><Time>2026-05-02T09:02:30.505Z</Time><Position><LatitudeDegrees>60.08913</LatitudeDegrees><LongitudeDegrees>18.740253</LongitudeDegrees></Position><AltitudeMeters>17.324</AltitudeMeters><HeartRateBpm><Value>140</Value></HeartRateBpm></Trackpoint><Trackpoint><Time>2026-05-02T09:02:31.515Z</Time><Position><LatitudeDegrees>60.089104</LatitudeDegrees><LongitudeDegrees>18.740213</LongitudeDegrees></Position><AltitudeMeters>18.559</AltitudeMeters><HeartRateBpm><Value>139</Value></HeartRateBpm></Trackpoint><Trackpoint><Time>2026-05-02T09:02:32.523Z</Time><Position><LatitudeDegrees>60.089085</LatitudeDegrees><LongitudeDegrees>18.74018</LongitudeDegrees></Position><AltitudeMeters>18.762</AltitudeMeters><HeartRateBpm><Value>138</Value></HeartRateBpm></Trackpoint><Trackpoint><Time>2026-05-02T09:02:33.532Z</Time><Position><LatitudeDegrees>60.089058</LatitudeDegrees><LongitudeDegrees>18.740147</LongitudeDegrees></Position><AltitudeMeters>18.66</AltitudeMeters><HeartRateBpm><Value>137</Value></HeartRateBpm></Trackpoint><Trackpoint><Time>2026-05-02T09:02:34.540Z</Time><Position><LatitudeDegrees>60.08903</LatitudeDegrees><LongitudeDegrees>18.740112</LongitudeDegrees></Position><AltitudeMeters>18.59</AltitudeMeters><HeartRateBpm><Value>136</Value></HeartRateBpm></Trackpoint><Trackpoint><Time>2026-05-02T09:02:35.547Z</Time><Position><LatitudeDegrees>60.088997</LatitudeDegrees><LongitudeDegrees>18.740068</LongitudeDegrees></Position><AltitudeMeters>18.471</AltitudeMeters><HeartRateBpm><Value>135</Value></HeartRateBpm></Trackpoint><Trackpoint><Time>2026-05-02T09:02:36.555Z</Time><Position><LatitudeDegrees>60.08896</LatitudeDegrees><LongitudeDegrees>18.740017</LongitudeDegrees></Position><AltitudeMeters>18.361</AltitudeMeters><HeartRateBpm><Value>134</Value></HeartRateBpm></Trackpoint><Trackpoint><Time>2026-05-02T09:02:37.564Z</Time><Position><LatitudeDegrees>60.08892</LatitudeDegrees><LongitudeDegrees>18.739965</LongitudeDegrees></Position><AltitudeMeters>18.391</AltitudeMeters><HeartRateBpm><Value>134</Value></HeartRateBpm></Trackpoint><Trackpoint><Time>2026-05-02T09:02:38.573Z</Time><Position><LatitudeDegrees>60.08888</LatitudeDegrees><LongitudeDegrees>18.73991</LongitudeDegrees></Position><AltitudeMeters>18.304</AltitudeMeters><HeartRateBpm><Value>134</Value></HeartRateBpm></Trackpoint><Trackpoint><Time>2026-05-02T09:02:39.582Z</Time><Position><LatitudeDegrees>60.088837</LatitudeDegrees><LongitudeDegrees>18.739855</LongitudeDegrees></Position><AltitudeMeters>18.022</AltitudeMeters><HeartRateBpm><Value>134</Value></HeartRateBpm></Trackpoint><Trackpoint><Time>2026-05-02T09:02:40.591Z</Time><Position><LatitudeDegrees>60.0888</LatitudeDegrees><LongitudeDegrees>18.7398</LongitudeDegrees></Position><AltitudeMeters>17.851</AltitudeMeters><HeartRateBpm><Value>134</Value></HeartRateBpm></Trackpoint><Trackpoint><Time>2026-05-02T09:02:41.600Z</Time><Position><LatitudeDegrees>60.088757</LatitudeDegrees><LongitudeDegrees>18.739748</LongitudeDegrees></Position><AltitudeMeters>17.695</AltitudeMeters><HeartRateBpm><Value>135</Value></HeartRateBpm></Trackpoint><Trackpoint><Time>2026-05-02T09:02:42.606Z</Time><Position><LatitudeDegrees>60.08871</LatitudeDegrees><LongitudeDegrees>18.739695</LongitudeDegrees></Position><AltitudeMeters>17.476</AltitudeMeters><HeartRateBpm><Value>136</Value></HeartRateBpm></Trackpoint><Trackpoint><Time>2026-05-02T09:02:43.615Z</Time><Position><LatitudeDegrees>60.08867</LatitudeDegrees><LongitudeDegrees>18.739643</LongitudeDegrees></Position><AltitudeMeters>17.397</AltitudeMeters><HeartRateBpm><Value>137</Value></HeartRateBpm></Trackpoint><Trackpoint><Time>2026-05-02T09:02:44.625Z</Time><Position><LatitudeDegrees>60.088634</LatitudeDegrees><LongitudeDegrees>18.739603</LongitudeDegrees></Position><AltitudeMeters>17.047</AltitudeMeters><HeartRateBpm><Value>138</Value></HeartRateBpm></Trackpoint><Trackpoint><Time>2026-05-02T09:02:45.634Z</Time><Position><LatitudeDegrees>60.088593</LatitudeDegrees><LongitudeDegrees>18.739578</LongitudeDegrees></Position><AltitudeMeters>16.99</AltitudeMeters><HeartRateBpm><Value>138</Value></HeartRateBpm></Trackpoint><Trackpoint><Time>2026-05-02T09:02:46.645Z</Time><Position><LatitudeDegrees>60.088547</LatitudeDegrees><LongitudeDegrees>18.73956</LongitudeDegrees></Position><AltitudeMeters>17.204</AltitudeMeters><HeartRateBpm><Value>137</Value></HeartRateBpm></Trackpoint><Trackpoint><Time>2026-05-02T09:02:47.652Z</Time><Position><LatitudeDegrees>60.088497</LatitudeDegrees><LongitudeDegrees>18.739532</LongitudeDegrees></Position><AltitudeMeters>17.227</AltitudeMeters><HeartRateBpm><Value>137</Value></HeartRateBpm></Trackpoint><Trackpoint><Time>2026-05-02T09:02:48.660Z</Time><Position><LatitudeDegrees>60.08845</LatitudeDegrees><LongitudeDegrees>18.739504</LongitudeDegrees></Position><AltitudeMeters>17.101</AltitudeMeters><HeartRateBpm><Value>137</Value></HeartRateBpm></Trackpoint><Trackpoint><Time>2026-05-02T09:02:49.667Z</Time><Position><LatitudeDegrees>60.088406</LatitudeDegrees><LongitudeDegrees>18.739473</LongitudeDegrees></Position><AltitudeMeters>16.923</AltitudeMeters><HeartRateBpm><Value>137</Value></HeartRateBpm></Trackpoint><Trackpoint><Time>2026-05-02T09:02:50.676Z</Time><Position><LatitudeDegrees>60.08836</LatitudeDegrees><LongitudeDegrees>18.739454</LongitudeDegrees></Position><AltitudeMeters>16.586</AltitudeMeters><HeartRateBpm><Value>137</Value></HeartRateBpm></Trackpoint><Trackpoint><Time>2026-05-02T09:02:51.685Z</Time><Position><LatitudeDegrees>60.088314</LatitudeDegrees><LongitudeDegrees>18.73944</LongitudeDegrees></Position><AltitudeMeters>16.334</AltitudeMeters><HeartRateBpm><Value>136</Value></HeartRateBpm></Trackpoint><Trackpoint><Time>2026-05-02T09:02:52.693Z</Time><Position><LatitudeDegrees>60.08826</LatitudeDegrees><LongitudeDegrees>18.739433</LongitudeDegrees></Position><AltitudeMeters>16.104</AltitudeMeters><HeartRateBpm><Value>136</Value></HeartRateBpm></Trackpoint><Trackpoint><Time>2026-05-02T09:02:53.702Z</Time><Position><LatitudeDegrees>60.08821</LatitudeDegrees><LongitudeDegrees>18.73943</LongitudeDegrees></Position><AltitudeMeters>15.705</AltitudeMeters><HeartRateBpm><Value>136</Value></HeartRateBpm></Trackpoint><Trackpoint><Time>2026-05-02T09:02:54.710Z</Time><Position><LatitudeDegrees>60.088158</LatitudeDegrees><LongitudeDegrees>18.73943</LongitudeDegrees></Position><AltitudeMeters>15.395</AltitudeMeters><HeartRateBpm><Value>135</Value></HeartRateBpm></Trackpoint><Trackpoint><Time>2026-05-02T09:02:55.716Z</Time><Position><LatitudeDegrees>60.088097</LatitudeDegrees><LongitudeDegrees>18.739422</LongitudeDegrees></Position><AltitudeMeters>15.078</AltitudeMeters><HeartRateBpm><Value>135</Value></HeartRateBpm></Trackpoint><Trackpoint><Time>2026-05-02T09:02:56.725Z</Time><Position><LatitudeDegrees>60.08804</LatitudeDegrees><LongitudeDegrees>18.739412</LongitudeDegrees></Position><AltitudeMeters>14.537</AltitudeMeters><HeartRateBpm><Value>135</Value></HeartRateBpm></Trackpoint><Trackpoint><Time>2026-05-02T09:02:57.735Z</Time><Position><LatitudeDegrees>60.087975</LatitudeDegrees><LongitudeDegrees>18.739408</LongitudeDegrees></Position><AltitudeMeters>13.987</AltitudeMeters><HeartRateBpm><Value>134</Value></HeartRateBpm></Trackpoint><Trackpoint><Time>2026-05-02T09:02:58.745Z</Time><Position><LatitudeDegrees>60.08791</LatitudeDegrees><LongitudeDegrees>18.739391</LongitudeDegrees></Position><AltitudeMeters>13.444</AltitudeMeters><HeartRateBpm><Value>134</Value></HeartRateBpm></Trackpoint><Trackpoint><Time>2026-05-02T09:02:59.753Z</Time><Position><LatitudeDegrees>60.08785</LatitudeDegrees><LongitudeDegrees>18.739346</LongitudeDegrees></Position><AltitudeMeters>12.732</AltitudeMeters><HeartRateBpm><Value>134</Value></HeartRateBpm></Trackpoint><Trackpoint><Time>2026-05-02T09:03:00.762Z</Time><Position><LatitudeDegrees>60.087784</LatitudeDegrees><LongitudeDegrees>18.739285</LongitudeDegrees></Position><AltitudeMeters>12.406</AltitudeMeters><HeartRateBpm><Value>133</Value></HeartRateBpm></Trackpoint><Trackpoint><Time>2026-05-02T09:03:01.772Z</Time><Position><LatitudeDegrees>60.08773</LatitudeDegrees><LongitudeDegrees>18.739206</LongitudeDegrees></Position><AltitudeMeters>11.931</AltitudeMeters><HeartRateBpm><Value>133</Value></HeartRateBpm></Trackpoint><Trackpoint><Time>2026-05-02T09:03:02.778Z</Time><Position><LatitudeDegrees>60.08768</LatitudeDegrees><LongitudeDegrees>18.739101</LongitudeDegrees></Position><AltitudeMeters>11.672</AltitudeMeters><HeartRateBpm><Value>133</Value></HeartRateBpm></Trackpoint><Trackpoint><Time>2026-05-02T09:03:03.787Z</Time><Position><LatitudeDegrees>60.087658</LatitudeDegrees><LongitudeDegrees>18.738972</LongitudeDegrees></Position><AltitudeMeters>11.319</AltitudeMeters><HeartRateBpm><Value>133</Value></HeartRateBpm></Trackpoint><Trackpoint><Time>2026-05-02T09:03:04.795Z</Time><Position><LatitudeDegrees>60.08763</LatitudeDegrees><LongitudeDegrees>18.738867</LongitudeDegrees></Position><AltitudeMeters>10.861</AltitudeMeters><HeartRateBpm><Value>133</Value></HeartRateBpm></Trackpoint><Trackpoint><Time>2026-05-02T09:03:05.803Z</Time><Position><LatitudeDegrees>60.08761</LatitudeDegrees><LongitudeDegrees>18.738775</LongitudeDegrees></Position><AltitudeMeters>10.469</AltitudeMeters><HeartRateBpm><Value>133</Value></HeartRateBpm></Trackpoint><Trackpoint><Time>2026-05-02T09:03:06.813Z</Time><Position><LatitudeDegrees>60.08759</LatitudeDegrees><LongitudeDegrees>18.738678</LongitudeDegrees></Position><AltitudeMeters>10.763</AltitudeMeters><HeartRateBpm><Value>134</Value></HeartRateBpm></Trackpoint><Trackpoint><Time>2026-05-02T09:03:07.822Z</Time><Position><LatitudeDegrees>60.08757</LatitudeDegrees><LongitudeDegrees>18.73858</LongitudeDegrees></Position><AltitudeMeters>11.183</AltitudeMeters><HeartRateBpm><Value>134</Value></HeartRateBpm></Trackpoint><Trackpoint><Time>2026-05-02T09:03:08.830Z</Time><Position><LatitudeDegrees>60.08755</LatitudeDegrees><LongitudeDegrees>18.73849</LongitudeDegrees></Position><AltitudeMeters>11.737</AltitudeMeters><HeartRateBpm><Value>133</Value></HeartRateBpm></Trackpoint><Trackpoint><Time>2026-05-02T09:03:09.838Z</Time><Position><LatitudeDegrees>60.08753</LatitudeDegrees><LongitudeDegrees>18.738398</LongitudeDegrees></Position><AltitudeMeters>11.736</AltitudeMeters><HeartRateBpm><Value>133</Value></HeartRateBpm></Trackpoint><Trackpoint><Time>2026-05-02T09:03:10.845Z</Time><Position><LatitudeDegrees>60.087505</LatitudeDegrees><LongitudeDegrees>18.738308</LongitudeDegrees></Position><AltitudeMeters>11.199</AltitudeMeters><HeartRateBpm><Value>132</Value></HeartRateBpm></Trackpoint><Trackpoint><Time>2026-05-02T09:03:11.853Z</Time><Position><LatitudeDegrees>60.08748</LatitudeDegrees><LongitudeDegrees>18.738228</LongitudeDegrees></Position><AltitudeMeters>11.059</AltitudeMeters><HeartRateBpm><Value>132</Value></HeartRateBpm></Trackpoint><Trackpoint><Time>2026-05-02T09:03:12.861Z</Time><Position><LatitudeDegrees>60.08745</LatitudeDegrees><LongitudeDegrees>18.738152</LongitudeDegrees></Position><AltitudeMeters>10.938</AltitudeMeters><HeartRateBpm><Value>132</Value></HeartRateBpm></Trackpoint><Trackpoint><Time>2026-05-02T09:03:13.868Z</Time><Position><LatitudeDegrees>60.08741</LatitudeDegrees><LongitudeDegrees>18.738081</LongitudeDegrees></Position><AltitudeMeters>10.86</AltitudeMeters><HeartRateBpm><Value>132</Value></HeartRateBpm></Trackpoint><Trackpoint><Time>2026-05-02T09:03:14.876Z</Time><Position><LatitudeDegrees>60.08736</LatitudeDegrees><LongitudeDegrees>18.738007</LongitudeDegrees></Position><AltitudeMeters>10.964</AltitudeMeters><HeartRateBpm><Value>132</Value></HeartRateBpm></Trackpoint><Trackpoint><Time>2026-05-02T09:03:15.885Z</Time><Position><LatitudeDegrees>60.087315</LatitudeDegrees><LongitudeDegrees>18.737936</LongitudeDegrees></Position><AltitudeMeters>10.938</AltitudeMeters><HeartRateBpm><Value>132</Value></HeartRateBpm></Trackpoint><Trackpoint><Time>2026-05-02T09:03:16.894Z</Time><Position><LatitudeDegrees>60.087265</LatitudeDegrees><LongitudeDegrees>18.737885</LongitudeDegrees></Position><AltitudeMeters>11.011</AltitudeMeters><HeartRateBpm><Value>132</Value></HeartRateBpm></Trackpoint><Trackpoint><Time>2026-05-02T09:03:17.903Z</Time><Position><LatitudeDegrees>60.087215</LatitudeDegrees><LongitudeDegrees>18.73787</LongitudeDegrees></Position><AltitudeMeters>11.008</AltitudeMeters><HeartRateBpm><Value>131</Value></HeartRateBpm></Trackpoint><Trackpoint><Time>2026-05-02T09:03:18.912Z</Time><Position><LatitudeDegrees>60.087166</LatitudeDegrees><LongitudeDegrees>18.737856</LongitudeDegrees></Position><AltitudeMeters>10.919</AltitudeMeters><HeartRateBpm><Value>131</Value></HeartRateBpm></Trackpoint><Trackpoint><Time>2026-05-02T09:03:19.921Z</Time><Position><LatitudeDegrees>60.08712</LatitudeDegrees><LongitudeDegrees>18.73784</LongitudeDegrees></Position><AltitudeMeters>10.811</AltitudeMeters><HeartRateBpm><Value>129</Value></HeartRateBpm></Trackpoint><Trackpoint><Time>2026-05-02T09:03:20.930Z</Time><Position><LatitudeDegrees>60.08707</LatitudeDegrees><LongitudeDegrees>18.737823</LongitudeDegrees></Position><AltitudeMeters>10.768</AltitudeMeters><HeartRateBpm><Value>129</Value></HeartRateBpm></Trackpoint><Trackpoint><Time>2026-05-02T09:03:21.937Z</Time><Position><LatitudeDegrees>60.08702</LatitudeDegrees><LongitudeDegrees>18.737795</LongitudeDegrees></Position><AltitudeMeters>10.874</AltitudeMeters><HeartRateBpm><Value>129</Value></HeartRateBpm></Trackpoint><Trackpoint><Time>2026-05-02T09:03:22.945Z</Time><Position><LatitudeDegrees>60.086975</LatitudeDegrees><LongitudeDegrees>18.737766</LongitudeDegrees></Position><AltitudeMeters>11.094</AltitudeMeters><HeartRateBpm><Value>129</Value></HeartRateBpm></Trackpoint><Trackpoint><Time>2026-05-02T09:03:23.953Z</Time><Position><LatitudeDegrees>60.086933</LatitudeDegrees><LongitudeDegrees>18.737741</LongitudeDegrees></Position><AltitudeMeters>11.264</AltitudeMeters><HeartRateBpm><Value>129</Value></HeartRateBpm></Trackpoint><Trackpoint><Time>2026-05-02T09:03:24.962Z</Time><Position><LatitudeDegrees>60.086887</LatitudeDegrees><LongitudeDegrees>18.737719</LongitudeDegrees></Position><AltitudeMeters>11.241</AltitudeMeters><HeartRateBpm><Value>128</Value></HeartRateBpm></Trackpoint><Trackpoint><Time>2026-05-02T09:03:25.971Z</Time><Position><LatitudeDegrees>60.086845</LatitudeDegrees><LongitudeDegrees>18.737698</LongitudeDegrees></Position><AltitudeMeters>11.451</AltitudeMeters><HeartRateBpm><Value>128</Value></HeartRateBpm></Trackpoint><Trackpoint><Time>2026-05-02T09:03:26.977Z</Time><Position><LatitudeDegrees>60.08681</LatitudeDegrees><LongitudeDegrees>18.737673</LongitudeDegrees></Position><AltitudeMeters>11.623</AltitudeMeters><HeartRateBpm><Value>127</Value></HeartRateBpm></Trackpoint><Trackpoint><Time>2026-05-02T09:03:27.985Z</Time><Position><LatitudeDegrees>60.086777</LatitudeDegrees><LongitudeDegrees>18.737648</LongitudeDegrees></Position><AltitudeMeters>11.722</AltitudeMeters><HeartRateBpm><Value>127</Value></HeartRateBpm></Trackpoint><Trackpoint><Time>2026-05-02T09:03:28.994Z</Time><Position><LatitudeDegrees>60.086742</LatitudeDegrees><LongitudeDegrees>18.737617</LongitudeDegrees></Position><AltitudeMeters>11.508</AltitudeMeters><HeartRateBpm><Value>127</Value></HeartRateBpm></Trackpoint><Trackpoint><Time>2026-05-02T09:03:30.004Z</Time><Position><LatitudeDegrees>60.086708</LatitudeDegrees><LongitudeDegrees>18.737587</LongitudeDegrees></Position><AltitudeMeters>11.534</AltitudeMeters><HeartRateBpm><Value>128</Value></HeartRateBpm></Trackpoint><Trackpoint><Time>2026-05-02T09:03:31.013Z</Time><Position><LatitudeDegrees>60.086678</LatitudeDegrees><LongitudeDegrees>18.737555</LongitudeDegrees></Position><AltitudeMeters>11.497</AltitudeMeters><HeartRateBpm><Value>128</Value></HeartRateBpm></Trackpoint><Trackpoint><Time>2026-05-02T09:03:32.022Z</Time><Position><LatitudeDegrees>60.086643</LatitudeDegrees><LongitudeDegrees>18.737522</LongitudeDegrees></Position><AltitudeMeters>11.355</AltitudeMeters><HeartRateBpm><Value>128</Value></HeartRateBpm></Trackpoint><Trackpoint><Time>2026-05-02T09:03:33.031Z</Time><Position><LatitudeDegrees>60.086605</LatitudeDegrees><LongitudeDegrees>18.73749</LongitudeDegrees></Position><AltitudeMeters>11.079</AltitudeMeters><HeartRateBpm><Value>127</Value></HeartRateBpm></Trackpoint><Trackpoint><Time>2026-05-02T09:03:34.040Z</Time><Position><LatitudeDegrees>60.08657</LatitudeDegrees><LongitudeDegrees>18.737457</LongitudeDegrees></Position><AltitudeMeters>10.961</AltitudeMeters><HeartRateBpm><Value>127</Value></HeartRateBpm></Trackpoint><Trackpoint><Time>2026-05-02T09:03:35.048Z</Time><Position><LatitudeDegrees>60.086533</LatitudeDegrees><LongitudeDegrees>18.737425</LongitudeDegrees></Position><AltitudeMeters>11.108</AltitudeMeters><HeartRateBpm><Value>128</Value></HeartRateBpm></Trackpoint><Trackpoint><Time>2026-05-02T09:03:36.055Z</Time><Position><LatitudeDegrees>60.086487</LatitudeDegrees><LongitudeDegrees>18.737394</LongitudeDegrees></Position><AltitudeMeters>11.173</AltitudeMeters><HeartRateBpm><Value>129</Value></HeartRateBpm></Trackpoint><Trackpoint><Time>2026-05-02T09:03:37.062Z</Time><Position><LatitudeDegrees>60.08644</LatitudeDegrees><LongitudeDegrees>18.737368</LongitudeDegrees></Position><AltitudeMeters>11.086</AltitudeMeters><HeartRateBpm><Value>130</Value></HeartRateBpm></Trackpoint><Trackpoint><Time>2026-05-02T09:03:38.071Z</Time><Position><LatitudeDegrees>60.08639</LatitudeDegrees><LongitudeDegrees>18.737337</LongitudeDegrees></Position><AltitudeMeters>11.157</AltitudeMeters><HeartRateBpm><Value>130</Value></HeartRateBpm></Trackpoint><Trackpoint><Time>2026-05-02T09:03:39.076Z</Time><Position><LatitudeDegrees>60.086346</LatitudeDegrees><LongitudeDegrees>18.737316</LongitudeDegrees></Position><AltitudeMeters>11.237</AltitudeMeters><HeartRateBpm><Value>130</Value></HeartRateBpm></Trackpoint><Trackpoint><Time>2026-05-02T09:03:40.084Z</Time><Position><LatitudeDegrees>60.086304</LatitudeDegrees><LongitudeDegrees>18.737299</LongitudeDegrees></Position><AltitudeMeters>11.178</AltitudeMeters><HeartRateBpm><Value>129</Value></HeartRateBpm></Trackpoint><Trackpoint><Time>2026-05-02T09:03:41.094Z</Time><Position><LatitudeDegrees>60.08627</LatitudeDegrees><LongitudeDegrees>18.737286</LongitudeDegrees></Position><AltitudeMeters>11.337</AltitudeMeters><HeartRateBpm><Value>129</Value></HeartRateBpm></Trackpoint><Trackpoint><Time>2026-05-02T09:03:42.104Z</Time><Position><LatitudeDegrees>60.08623</LatitudeDegrees><LongitudeDegrees>18.737272</LongitudeDegrees></Position><AltitudeMeters>11.464</AltitudeMeters><HeartRateBpm><Value>130</Value></HeartRateBpm></Trackpoint><Trackpoint><Time>2026-05-02T09:03:43.113Z</Time><Position><LatitudeDegrees>60.086193</LatitudeDegrees><LongitudeDegrees>18.737255</LongitudeDegrees></Position><AltitudeMeters>11.612</AltitudeMeters><HeartRateBpm><Value>131</Value></HeartRateBpm></Trackpoint><Trackpoint><Time>2026-05-02T09:03:44.121Z</Time><Position><LatitudeDegrees>60.086155</LatitudeDegrees><LongitudeDegrees>18.73723</LongitudeDegrees></Position><AltitudeMeters>11.752</AltitudeMeters><HeartRateBpm><Value>131</Value></HeartRateBpm></Trackpoint><Trackpoint><Time>2026-05-02T09:03:45.130Z</Time><Position><LatitudeDegrees>60.086113</LatitudeDegrees><LongitudeDegrees>18.737206</LongitudeDegrees></Position><AltitudeMeters>11.769</AltitudeMeters><HeartRateBpm><Value>131</Value></HeartRateBpm></Trackpoint><Trackpoint><Time>2026-05-02T09:03:46.138Z</Time><Position><LatitudeDegrees>60.08607</LatitudeDegrees><LongitudeDegrees>18.737192</LongitudeDegrees></Position><AltitudeMeters>11.815</AltitudeMeters><HeartRateBpm><Value>130</Value></HeartRateBpm></Trackpoint><Trackpoint><Time>2026-05-02T09:03:47.146Z</Time><Position><LatitudeDegrees>60.08603</LatitudeDegrees><LongitudeDegrees>18.73718</LongitudeDegrees></Position><AltitudeMeters>11.646</AltitudeMeters><HeartRateBpm><Value>129</Value></HeartRateBpm></Trackpoint><Trackpoint><Time>2026-05-02T09:03:48.155Z</Time><Position><LatitudeDegrees>60.085987</LatitudeDegrees><LongitudeDegrees>18.737177</LongitudeDegrees></Position><AltitudeMeters>11.251</AltitudeMeters><HeartRateBpm><Value>130</Value></HeartRateBpm></Trackpoint><Trackpoint><Time>2026-05-02T09:03:49.162Z</Time><Position><LatitudeDegrees>60.085945</LatitudeDegrees><LongitudeDegrees>18.737173</LongitudeDegrees></Position><AltitudeMeters>11.25</AltitudeMeters><HeartRateBpm><Value>130</Value></HeartRateBpm></Trackpoint><Trackpoint><Time>2026-05-02T09:03:50.169Z</Time><Position><LatitudeDegrees>60.085907</LatitudeDegrees><LongitudeDegrees>18.737165</LongitudeDegrees></Position><AltitudeMeters>10.896</AltitudeMeters><HeartRateBpm><Value>130</Value></HeartRateBpm></Trackpoint><Trackpoint><Time>2026-05-02T09:03:51.176Z</Time><Position><LatitudeDegrees>60.08587</LatitudeDegrees><LongitudeDegrees>18.737158</LongitudeDegrees></Position><AltitudeMeters>10.647</AltitudeMeters><HeartRateBpm><Value>130</Value></HeartRateBpm></Trackpoint><Trackpoint><Time>2026-05-02T09:03:52.185Z</Time><Position><LatitudeDegrees>60.08583</LatitudeDegrees><LongitudeDegrees>18.737154</LongitudeDegrees></Position><AltitudeMeters>10.537</AltitudeMeters><HeartRateBpm><Value>131</Value></HeartRateBpm></Trackpoint><Trackpoint><Time>2026-05-02T09:03:53.195Z</Time><Position><LatitudeDegrees>60.085793</LatitudeDegrees><LongitudeDegrees>18.737143</LongitudeDegrees></Position><AltitudeMeters>10.577</AltitudeMeters><HeartRateBpm><Value>131</Value></HeartRateBpm></Trackpoint><Trackpoint><Time>2026-05-02T09:03:54.204Z</Time><Position><LatitudeDegrees>60.085754</LatitudeDegrees><LongitudeDegrees>18.73712</LongitudeDegrees></Position><AltitudeMeters>10.742</AltitudeMeters><HeartRateBpm><Value>132</Value></HeartRateBpm></Trackpoint><Trackpoint><Time>2026-05-02T09:03:55.213Z</Time><Position><LatitudeDegrees>60.085705</LatitudeDegrees><LongitudeDegrees>18.737085</LongitudeDegrees></Position><AltitudeMeters>10.722</AltitudeMeters><HeartRateBpm><Value>133</Value></HeartRateBpm></Trackpoint><Trackpoint><Time>2026-05-02T09:03:56.222Z</Time><Position><LatitudeDegrees>60.08565</LatitudeDegrees><LongitudeDegrees>18.73705</LongitudeDegrees></Position><AltitudeMeters>10.852</AltitudeMeters><HeartRateBpm><Value>133</Value></HeartRateBpm></Trackpoint><Trackpoint><Time>2026-05-02T09:03:57.232Z</Time><Position><LatitudeDegrees>60.085606</LatitudeDegrees><LongitudeDegrees>18.737011</LongitudeDegrees></Position><AltitudeMeters>11.251</AltitudeMeters><HeartRateBpm><Value>133</Value></HeartRateBpm></Trackpoint><Trackpoint><Time>2026-05-02T09:03:58.240Z</Time><Position><LatitudeDegrees>60.08556</LatitudeDegrees><LongitudeDegrees>18.736977</LongitudeDegrees></Position><AltitudeMeters>11.482</AltitudeMeters><HeartRateBpm><Value>134</Value></HeartRateBpm></Trackpoint><Trackpoint><Time>2026-05-02T09:03:59.247Z</Time><Position><LatitudeDegrees>60.08552</LatitudeDegrees><LongitudeDegrees>18.736946</LongitudeDegrees></Position><AltitudeMeters>11.587</AltitudeMeters><HeartRateBpm><Value>135</Value></HeartRateBpm></Trackpoint><Trackpoint><Time>2026-05-02T09:04:00.256Z</Time><Position><LatitudeDegrees>60.08548</LatitudeDegrees><LongitudeDegrees>18.736917</LongitudeDegrees></Position><AltitudeMeters>11.722</AltitudeMeters><HeartRateBpm><Value>136</Value></HeartRateBpm></Trackpoint><Trackpoint><Time>2026-05-02T09:04:01.265Z</Time><Position><LatitudeDegrees>60.085438</LatitudeDegrees><LongitudeDegrees>18.736887</LongitudeDegrees></Position><AltitudeMeters>11.715</AltitudeMeters><HeartRateBpm><Value>137</Value></HeartRateBpm></Trackpoint><Trackpoint><Time>2026-05-02T09:04:02.273Z</Time><Position><LatitudeDegrees>60.0854</LatitudeDegrees><LongitudeDegrees>18.73686</LongitudeDegrees></Position><AltitudeMeters>11.941</AltitudeMeters><HeartRateBpm><Value>137</Value></HeartRateBpm></Trackpoint><Trackpoint><Time>2026-05-02T09:04:03.282Z</Time><Position><LatitudeDegrees>60.08536</LatitudeDegrees><LongitudeDegrees>18.73683</LongitudeDegrees></Position><AltitudeMeters>11.63</AltitudeMeters><HeartRateBpm><Value>138</Value></HeartRateBpm></Trackpoint><Trackpoint><Time>2026-05-02T09:04:04.292Z</Time><Position><LatitudeDegrees>60.08532</LatitudeDegrees><LongitudeDegrees>18.736797</LongitudeDegrees></Position><AltitudeMeters>11.262</AltitudeMeters><HeartRateBpm><Value>139</Value></HeartRateBpm></Trackpoint><Trackpoint><Time>2026-05-02T09:04:05.300Z</Time><Position><LatitudeDegrees>60.08528</LatitudeDegrees><LongitudeDegrees>18.73677</LongitudeDegrees></Position><AltitudeMeters>11.144</AltitudeMeters><HeartRateBpm><Value>139</Value></HeartRateBpm></Trackpoint><Trackpoint><Time>2026-05-02T09:04:06.310Z</Time><Position><LatitudeDegrees>60.08524</LatitudeDegrees><LongitudeDegrees>18.736748</LongitudeDegrees></Position><AltitudeMeters>11.289</AltitudeMeters><HeartRateBpm><Value>140</Value></HeartRateBpm></Trackpoint><Trackpoint><Time>2026-05-02T09:04:07.313Z</Time><Position><LatitudeDegrees>60.0852</LatitudeDegrees><LongitudeDegrees>18.736729</LongitudeDegrees></Position><AltitudeMeters>11.189</AltitudeMeters><HeartRateBpm><Value>140</Value></HeartRateBpm></Trackpoint><Trackpoint><Time>2026-05-02T09:04:08.311Z</Time><Position><LatitudeDegrees>60.08516</LatitudeDegrees><LongitudeDegrees>18.73671</LongitudeDegrees></Position><AltitudeMeters>11.212</AltitudeMeters><HeartRateBpm><Value>140</Value></HeartRateBpm></Trackpoint><Trackpoint><Time>2026-05-02T09:04:09.312Z</Time><Position><LatitudeDegrees>60.085114</LatitudeDegrees><LongitudeDegrees>18.73669</LongitudeDegrees></Position><AltitudeMeters>11.389</AltitudeMeters><HeartRateBpm><Value>140</Value></HeartRateBpm></Trackpoint><Trackpoint><Time>2026-05-02T09:04:10.315Z</Time><Position><LatitudeDegrees>60.08508</LatitudeDegrees><LongitudeDegrees>18.73667</LongitudeDegrees></Position><AltitudeMeters>11.37</AltitudeMeters><HeartRateBpm><Value>140</Value></HeartRateBpm></Trackpoint><Trackpoint><Time>2026-05-02T09:04:11.323Z</Time><Position><LatitudeDegrees>60.08504</LatitudeDegrees><LongitudeDegrees>18.736654</LongitudeDegrees></Position><AltitudeMeters>11.438</AltitudeMeters><HeartRateBpm><Value>140</Value></HeartRateBpm></Trackpoint><Trackpoint><Time>2026-05-02T09:04:12.332Z</Time><Position><LatitudeDegrees>60.085003</LatitudeDegrees><LongitudeDegrees>18.736639</LongitudeDegrees></Position><AltitudeMeters>11.418</AltitudeMeters><HeartRateBpm><Value>140</Value></HeartRateBpm></Trackpoint><Trackpoint><Time>2026-05-02T09:04:13.341Z</Time><Position><LatitudeDegrees>60.08497</LatitudeDegrees><LongitudeDegrees>18.736628</LongitudeDegrees></Position><AltitudeMeters>11.342</AltitudeMeters><HeartRateBpm><Value>140</Value></HeartRateBpm></Trackpoint><Trackpoint><Time>2026-05-02T09:04:14.347Z</Time><Position><LatitudeDegrees>60.084927</LatitudeDegrees><LongitudeDegrees>18.736618</LongitudeDegrees></Position><AltitudeMeters>11.379</AltitudeMeters><HeartRateBpm><Value>141</Value></HeartRateBpm></Trackpoint><Trackpoint><Time>2026-05-02T09:04:15.355Z</Time><Position><LatitudeDegrees>60.08489</LatitudeDegrees><LongitudeDegrees>18.73661</LongitudeDegrees></Position><AltitudeMeters>11.772</AltitudeMeters><HeartRateBpm><Value>141</Value></HeartRateBpm></Trackpoint><Trackpoint><Time>2026-05-02T09:04:16.364Z</Time><Position><LatitudeDegrees>60.084846</LatitudeDegrees><LongitudeDegrees>18.736609</LongitudeDegrees></Position><AltitudeMeters>12.005</AltitudeMeters><HeartRateBpm><Value>141</Value></HeartRateBpm></Trackpoint><Trackpoint><Time>2026-05-02T09:04:17.372Z</Time><Position><LatitudeDegrees>60.084805</LatitudeDegrees><LongitudeDegrees>18.736614</LongitudeDegrees></Position><AltitudeMeters>12.138</AltitudeMeters><HeartRateBpm><Value>141</Value></HeartRateBpm></Trackpoint><Trackpoint><Time>2026-05-02T09:04:18.382Z</Time><Position><LatitudeDegrees>60.08477</LatitudeDegrees><LongitudeDegrees>18.736618</LongitudeDegrees></Position><AltitudeMeters>12.174</AltitudeMeters><HeartRateBpm><Value>142</Value></HeartRateBpm></Trackpoint><Trackpoint><Time>2026-05-02T09:04:19.391Z</Time><Position><LatitudeDegrees>60.084736</LatitudeDegrees><LongitudeDegrees>18.736626</LongitudeDegrees></Position><AltitudeMeters>12.171</AltitudeMeters><HeartRateBpm><Value>142</Value></HeartRateBpm></Trackpoint><Trackpoint><Time>2026-05-02T09:04:20.400Z</Time><Position><LatitudeDegrees>60.084694</LatitudeDegrees><LongitudeDegrees>18.736633</LongitudeDegrees></Position><AltitudeMeters>11.982</AltitudeMeters><HeartRateBpm><Value>144</Value></HeartRateBpm></Trackpoint><Trackpoint><Time>2026-05-02T09:04:21.407Z</Time><Position><LatitudeDegrees>60.084656</LatitudeDegrees><LongitudeDegrees>18.736647</LongitudeDegrees></Position><AltitudeMeters>11.937</AltitudeMeters><HeartRateBpm><Value>145</Value></HeartRateBpm></Trackpoint><Trackpoint><Time>2026-05-02T09:04:22.416Z</Time><Position><LatitudeDegrees>60.08461</LatitudeDegrees><LongitudeDegrees>18.73667</LongitudeDegrees></Position><AltitudeMeters>12.112</AltitudeMeters><HeartRateBpm><Value>146</Value></HeartRateBpm></Trackpoint><Trackpoint><Time>2026-05-02T09:04:23.423Z</Time><Position><LatitudeDegrees>60.084568</LatitudeDegrees><LongitudeDegrees>18.736696</LongitudeDegrees></Position><AltitudeMeters>12.175</AltitudeMeters><HeartRateBpm><Value>146</Value></HeartRateBpm></Trackpoint><Trackpoint><Time>2026-05-02T09:04:24.432Z</Time><Position><LatitudeDegrees>60.08453</LatitudeDegrees><LongitudeDegrees>18.736727</LongitudeDegrees></Position><AltitudeMeters>12.813</AltitudeMeters><HeartRateBpm><Value>146</Value></HeartRateBpm></Trackpoint><Trackpoint><Time>2026-05-02T09:04:25.440Z</Time><Position><LatitudeDegrees>60.084488</LatitudeDegrees><LongitudeDegrees>18.736757</LongitudeDegrees></Position><AltitudeMeters>13.355</AltitudeMeters><HeartRateBpm><Value>145</Value></HeartRateBpm></Trackpoint><Trackpoint><Time>2026-05-02T09:04:26.446Z</Time><Position><LatitudeDegrees>60.084454</LatitudeDegrees><LongitudeDegrees>18.736788</LongitudeDegrees></Position><AltitudeMeters>13.521</AltitudeMeters><HeartRateBpm><Value>144</Value></HeartRateBpm></Trackpoint><Trackpoint><Time>2026-05-02T09:04:27.455Z</Time><Position><LatitudeDegrees>60.084415</LatitudeDegrees><LongitudeDegrees>18.736816</LongitudeDegrees></Position><AltitudeMeters>13.736</AltitudeMeters><HeartRateBpm><Value>144</Value></HeartRateBpm></Trackpoint><Trackpoint><Time>2026-05-02T09:04:28.465Z</Time><Position><LatitudeDegrees>60.084377</LatitudeDegrees><LongitudeDegrees>18.736849</LongitudeDegrees></Position><AltitudeMeters>13.777</AltitudeMeters><HeartRateBpm><Value>143</Value></HeartRateBpm></Trackpoint><Trackpoint><Time>2026-05-02T09:04:29.474Z</Time><Position><LatitudeDegrees>60.084343</LatitudeDegrees><LongitudeDegrees>18.736883</LongitudeDegrees></Position><AltitudeMeters>14.365</AltitudeMeters><HeartRateBpm><Value>143</Value></HeartRateBpm></Trackpoint><Trackpoint><Time>2026-05-02T09:04:30.482Z</Time><Position><LatitudeDegrees>60.084316</LatitudeDegrees><LongitudeDegrees>18.736925</LongitudeDegrees></Position><AltitudeMeters>14.199</AltitudeMeters><HeartRateBpm><Value>143</Value></HeartRateBpm></Trackpoint><Trackpoint><Time>2026-05-02T09:04:31.491Z</Time><Position><LatitudeDegrees>60.08429</LatitudeDegrees><LongitudeDegrees>18.736965</LongitudeDegrees></Position><AltitudeMeters>13.968</AltitudeMeters><HeartRateBpm><Value>143</Value></HeartRateBpm></Trackpoint><Trackpoint><Time>2026-05-02T09:04:32.500Z</Time><Position><LatitudeDegrees>60.084263</LatitudeDegrees><LongitudeDegrees>18.737005</LongitudeDegrees></Position><AltitudeMeters>13.624</AltitudeMeters><HeartRateBpm><Value>142</Value></HeartRateBpm></Trackpoint><Trackpoint><Time>2026-05-02T09:04:33.507Z</Time><Position><LatitudeDegrees>60.084236</LatitudeDegrees><LongitudeDegrees>18.737047</LongitudeDegrees></Position><AltitudeMeters>13.649</AltitudeMeters><HeartRateBpm><Value>143</Value></HeartRateBpm></Trackpoint><Trackpoint><Time>2026-05-02T09:04:34.516Z</Time><Position><LatitudeDegrees>60.08421</LatitudeDegrees><LongitudeDegrees>18.737087</LongitudeDegrees></Position><AltitudeMeters>13.736</AltitudeMeters><HeartRateBpm><Value>143</Value></HeartRateBpm></Trackpoint><Trackpoint><Time>2026-05-02T09:04:35.525Z</Time><Position><LatitudeDegrees>60.084183</LatitudeDegrees><LongitudeDegrees>18.737123</LongitudeDegrees></Position><AltitudeMeters>13.915</AltitudeMeters><HeartRateBpm><Value>143</Value></HeartRateBpm></Trackpoint><Trackpoint><Time>2026-05-02T09:04:36.534Z</Time><Position><LatitudeDegrees>60.084156</LatitudeDegrees><LongitudeDegrees>18.73716</LongitudeDegrees></Position><AltitudeMeters>14.101</AltitudeMeters><HeartRateBpm><Value>144</Value></HeartRateBpm></Trackpoint><Trackpoint><Time>2026-05-02T09:04:37.543Z</Time><Position><LatitudeDegrees>60.08413</LatitudeDegrees><LongitudeDegrees>18.73719</LongitudeDegrees></Position><AltitudeMeters>14.054</AltitudeMeters><HeartRateBpm><Value>144</Value></HeartRateBpm></Trackpoint><Trackpoint><Time>2026-05-02T09:04:38.550Z</Time><Position><LatitudeDegrees>60.084103</LatitudeDegrees><LongitudeDegrees>18.737225</LongitudeDegrees></Position><AltitudeMeters>14.062</AltitudeMeters><HeartRateBpm><Value>145</Value></HeartRateBpm></Trackpoint><Trackpoint><Time>2026-05-02T09:04:39.558Z</Time><Position><LatitudeDegrees>60.084076</LatitudeDegrees><LongitudeDegrees>18.737257</LongitudeDegrees></Position><AltitudeMeters>14.198</AltitudeMeters><HeartRateBpm><Value>147</Value></HeartRateBpm></Trackpoint><Trackpoint><Time>2026-05-02T09:04:40.566Z</Time><Position><LatitudeDegrees>60.08405</LatitudeDegrees><LongitudeDegrees>18.737291</LongitudeDegrees></Position><AltitudeMeters>14.168</AltitudeMeters><HeartRateBpm><Value>148</Value></HeartRateBpm></Trackpoint><Trackpoint><Time>2026-05-02T09:04:41.574Z</Time><Position><LatitudeDegrees>60.084023</LatitudeDegrees><LongitudeDegrees>18.737322</LongitudeDegrees></Position><AltitudeMeters>14.249</AltitudeMeters><HeartRateBpm><Value>149</Value></HeartRateBpm></Trackpoint><Trackpoint><Time>2026-05-02T09:04:42.583Z</Time><Position><LatitudeDegrees>60.083996</LatitudeDegrees><LongitudeDegrees>18.737354</LongitudeDegrees></Position><AltitudeMeters>14.424</AltitudeMeters><HeartRateBpm><Value>149</Value></HeartRateBpm></Trackpoint><Trackpoint><Time>2026-05-02T09:04:43.593Z</Time><Position><LatitudeDegrees>60.08397</LatitudeDegrees><LongitudeDegrees>18.737387</LongitudeDegrees></Position><AltitudeMeters>14.706</AltitudeMeters><HeartRateBpm><Value>149</Value></HeartRateBpm></Trackpoint><Trackpoint><Time>2026-05-02T09:04:44.603Z</Time><Position><LatitudeDegrees>60.083942</LatitudeDegrees><LongitudeDegrees>18.737425</LongitudeDegrees></Position><AltitudeMeters>14.858</AltitudeMeters><HeartRateBpm><Value>148</Value></HeartRateBpm></Trackpoint><Trackpoint><Time>2026-05-02T09:04:45.610Z</Time><Position><LatitudeDegrees>60.083916</LatitudeDegrees><LongitudeDegrees>18.737463</LongitudeDegrees></Position><AltitudeMeters>14.971</AltitudeMeters><HeartRateBpm><Value>148</Value></HeartRateBpm></Trackpoint><Trackpoint><Time>2026-05-02T09:04:46.617Z</Time><Position><LatitudeDegrees>60.083885</LatitudeDegrees><LongitudeDegrees>18.737495</LongitudeDegrees></Position><AltitudeMeters>15.125</AltitudeMeters><HeartRateBpm><Value>148</Value></HeartRateBpm></Trackpoint><Trackpoint><Time>2026-05-02T09:04:47.627Z</Time><Position><LatitudeDegrees>60.08386</LatitudeDegrees><LongitudeDegrees>18.737528</LongitudeDegrees></Position><AltitudeMeters>15.137</AltitudeMeters><HeartRateBpm><Value>148</Value></HeartRateBpm></Trackpoint><Trackpoint><Time>2026-05-02T09:04:48.636Z</Time><Position><LatitudeDegrees>60.083828</LatitudeDegrees><LongitudeDegrees>18.737555</LongitudeDegrees></Position><AltitudeMeters>15.146</AltitudeMeters><HeartRateBpm><Value>149</Value></HeartRateBpm></Trackpoint><Trackpoint><Time>2026-05-02T09:04:49.645Z</Time><Position><LatitudeDegrees>60.083797</LatitudeDegrees><LongitudeDegrees>18.73758</LongitudeDegrees></Position><AltitudeMeters>15.294</AltitudeMeters><HeartRateBpm><Value>148</Value></HeartRateBpm></Trackpoint><Trackpoint><Time>2026-05-02T09:04:50.654Z</Time><Position><LatitudeDegrees>60.083767</LatitudeDegrees><LongitudeDegrees>18.7376</LongitudeDegrees></Position><AltitudeMeters>15.382</AltitudeMeters><HeartRateBpm><Value>148</Value></HeartRateBpm></Trackpoint><Trackpoint><Time>2026-05-02T09:04:51.664Z</Time><Position><LatitudeDegrees>60.083736</LatitudeDegrees><LongitudeDegrees>18.737621</LongitudeDegrees></Position><AltitudeMeters>15.664</AltitudeMeters><HeartRateBpm><Value>147</Value></HeartRateBpm></Trackpoint><Trackpoint><Time>2026-05-02T09:04:52.674Z</Time><Position><LatitudeDegrees>60.083702</LatitudeDegrees><LongitudeDegrees>18.737642</LongitudeDegrees></Position><AltitudeMeters>15.775</AltitudeMeters><HeartRateBpm><Value>146</Value></HeartRateBpm></Trackpoint><Trackpoint><Time>2026-05-02T09:04:53.683Z</Time><Position><LatitudeDegrees>60.083668</LatitudeDegrees><LongitudeDegrees>18.737669</LongitudeDegrees></Position><AltitudeMeters>15.948</AltitudeMeters><HeartRateBpm><Value>146</Value></HeartRateBpm></Trackpoint><Trackpoint><Time>2026-05-02T09:04:54.692Z</Time><Position><LatitudeDegrees>60.083633</LatitudeDegrees><LongitudeDegrees>18.737694</LongitudeDegrees></Position><AltitudeMeters>15.997</AltitudeMeters><HeartRateBpm><Value>147</Value></HeartRateBpm></Trackpoint><Trackpoint><Time>2026-05-02T09:04:55.701Z</Time><Position><LatitudeDegrees>60.083603</LatitudeDegrees><LongitudeDegrees>18.737715</LongitudeDegrees></Position><AltitudeMeters>16.089</AltitudeMeters><HeartRateBpm><Value>147</Value></HeartRateBpm></Trackpoint><Trackpoint><Time>2026-05-02T09:04:56.709Z</Time><Position><LatitudeDegrees>60.083572</LatitudeDegrees><LongitudeDegrees>18.737734</LongitudeDegrees></Position><AltitudeMeters>16.123</AltitudeMeters><HeartRateBpm><Value>148</Value></HeartRateBpm></Trackpoint><Trackpoint><Time>2026-05-02T09:04:57.717Z</Time><Position><LatitudeDegrees>60.083538</LatitudeDegrees><LongitudeDegrees>18.737751</LongitudeDegrees></Position><AltitudeMeters>16.33</AltitudeMeters><HeartRateBpm><Value>148</Value></HeartRateBpm></Trackpoint><Trackpoint><Time>2026-05-02T09:04:58.726Z</Time><Position><LatitudeDegrees>60.083508</LatitudeDegrees><LongitudeDegrees>18.737768</LongitudeDegrees></Position><AltitudeMeters>16.597</AltitudeMeters><HeartRateBpm><Value>148</Value></HeartRateBpm></Trackpoint><Trackpoint><Time>2026-05-02T09:04:59.733Z</Time><Position><LatitudeDegrees>60.083473</LatitudeDegrees><LongitudeDegrees>18.73778</LongitudeDegrees></Position><AltitudeMeters>16.723</AltitudeMeters><HeartRateBpm><Value>149</Value></HeartRateBpm></Trackpoint><Trackpoint><Time>2026-05-02T09:05:00.742Z</Time><Position><LatitudeDegrees>60.083447</LatitudeDegrees><LongitudeDegrees>18.737787</LongitudeDegrees></Position><AltitudeMeters>17.045</AltitudeMeters><HeartRateBpm><Value>149</Value></HeartRateBpm></Trackpoint><Trackpoint><Time>2026-05-02T09:05:01.750Z</Time><Position><LatitudeDegrees>60.083424</LatitudeDegrees><LongitudeDegrees>18.737785</LongitudeDegrees></Position><AltitudeMeters>16.829</AltitudeMeters><HeartRateBpm><Value>148</Value></HeartRateBpm></Trackpoint><Trackpoint><Time>2026-05-02T09:05:02.757Z</Time><Position><LatitudeDegrees>60.0834</LatitudeDegrees><LongitudeDegrees>18.737785</LongitudeDegrees></Position><AltitudeMeters>16.494</AltitudeMeters><HeartRateBpm><Value>148</Value></HeartRateBpm></Trackpoint><Trackpoint><Time>2026-05-02T09:05:03.767Z</Time><Position><LatitudeDegrees>60.08338</LatitudeDegrees><LongitudeDegrees>18.737793</LongitudeDegrees></Position><AltitudeMeters>16.38</AltitudeMeters><HeartRateBpm><Value>149</Value></HeartRateBpm></Trackpoint><Trackpoint><Time>2026-05-02T09:05:04.775Z</Time><Position><LatitudeDegrees>60.08336</LatitudeDegrees><LongitudeDegrees>18.737806</LongitudeDegrees></Position><AltitudeMeters>16.365</AltitudeMeters><HeartRateBpm><Value>148</Value></HeartRateBpm></Trackpoint><Trackpoint><Time>2026-05-02T09:05:05.784Z</Time><Position><LatitudeDegrees>60.083336</LatitudeDegrees><LongitudeDegrees>18.737825</LongitudeDegrees></Position><AltitudeMeters>16.316</AltitudeMeters><HeartRateBpm><Value>149</Value></HeartRateBpm></Trackpoint><Trackpoint><Time>2026-05-02T09:05:06.792Z</Time><Position><LatitudeDegrees>60.08331</LatitudeDegrees><LongitudeDegrees>18.737846</LongitudeDegrees></Position><AltitudeMeters>16.333</AltitudeMeters><HeartRateBpm><Value>149</Value></HeartRateBpm></Trackpoint><Trackpoint><Time>2026-05-02T09:05:07.800Z</Time><Position><LatitudeDegrees>60.083282</LatitudeDegrees><LongitudeDegrees>18.737871</LongitudeDegrees></Position><AltitudeMeters>16.411</AltitudeMeters><HeartRateBpm><Value>149</Value></HeartRateBpm></Trackpoint><Trackpoint><Time>2026-05-02T09:05:08.807Z</Time><Position><LatitudeDegrees>60.083256</LatitudeDegrees><LongitudeDegrees>18.737892</LongitudeDegrees></Position><AltitudeMeters>16.521</AltitudeMeters><HeartRateBpm><Value>148</Value></HeartRateBpm></Trackpoint><Trackpoint><Time>2026-05-02T09:05:09.816Z</Time><Position><LatitudeDegrees>60.083233</LatitudeDegrees><LongitudeDegrees>18.737913</LongitudeDegrees></Position><AltitudeMeters>16.671</AltitudeMeters><HeartRateBpm><Value>148</Value></HeartRateBpm></Trackpoint><Trackpoint><Time>2026-05-02T09:05:10.823Z</Time><Position><LatitudeDegrees>60.083206</LatitudeDegrees><LongitudeDegrees>18.737932</LongitudeDegrees></Position><AltitudeMeters>17.01</AltitudeMeters><HeartRateBpm><Value>147</Value></HeartRateBpm></Trackpoint><Trackpoint><Time>2026-05-02T09:05:11.832Z</Time><Position><LatitudeDegrees>60.08318</LatitudeDegrees><LongitudeDegrees>18.737953</LongitudeDegrees></Position><AltitudeMeters>17.265</AltitudeMeters><HeartRateBpm><Value>147</Value></HeartRateBpm></Trackpoint><Trackpoint><Time>2026-05-02T09:05:12.841Z</Time><Position><LatitudeDegrees>60.083153</LatitudeDegrees><LongitudeDegrees>18.737974</LongitudeDegrees></Position><AltitudeMeters>17.145</AltitudeMeters><HeartRateBpm><Value>148</Value></HeartRateBpm></Trackpoint><Trackpoint><Time>2026-05-02T09:05:13.848Z</Time><Position><LatitudeDegrees>60.083126</LatitudeDegrees><LongitudeDegrees>18.737995</LongitudeDegrees></Position><AltitudeMeters>17.034</AltitudeMeters><HeartRateBpm><Value>148</Value></HeartRateBpm></Trackpoint><Trackpoint><Time>2026-05-02T09:05:14.856Z</Time><Position><LatitudeDegrees>60.0831</LatitudeDegrees><LongitudeDegrees>18.738016</LongitudeDegrees></Position><AltitudeMeters>17.039</AltitudeMeters><HeartRateBpm><Value>149</Value></HeartRateBpm></Trackpoint><Trackpoint><Time>2026-05-02T09:05:15.866Z</Time><Position><LatitudeDegrees>60.083073</LatitudeDegrees><LongitudeDegrees>18.738037</LongitudeDegrees></Position><AltitudeMeters>17.205</AltitudeMeters><HeartRateBpm><Value>149</Value></HeartRateBpm></Trackpoint><Trackpoint><Time>2026-05-02T09:05:16.874Z</Time><Position><LatitudeDegrees>60.083042</LatitudeDegrees><LongitudeDegrees>18.73806</LongitudeDegrees></Position><AltitudeMeters>17.245</AltitudeMeters><HeartRateBpm><Value>149</Value></HeartRateBpm></Trackpoint><Trackpoint><Time>2026-05-02T09:05:17.883Z</Time><Position><LatitudeDegrees>60.083015</LatitudeDegrees><LongitudeDegrees>18.738081</LongitudeDegrees></Position><AltitudeMeters>17.257</AltitudeMeters><HeartRateBpm><Value>149</Value></HeartRateBpm></Trackpoint><Trackpoint><Time>2026-05-02T09:05:18.892Z</Time><Position><LatitudeDegrees>60.08299</LatitudeDegrees><LongitudeDegrees>18.738104</LongitudeDegrees></Position><AltitudeMeters>17.165</AltitudeMeters><HeartRateBpm><Value>149</Value></HeartRateBpm></Trackpoint><Trackpoint><Time>2026-05-02T09:05:19.895Z</Time><Position><LatitudeDegrees>60.08296</LatitudeDegrees><LongitudeDegrees>18.738125</LongitudeDegrees></Position><AltitudeMeters>17.231</AltitudeMeters><HeartRateBpm><Value>149</Value></HeartRateBpm></Trackpoint><Trackpoint><Time>2026-05-02T09:05:20.903Z</Time><Position><LatitudeDegrees>60.08293</LatitudeDegrees><LongitudeDegrees>18.738148</LongitudeDegrees></Position><AltitudeMeters>17.504</AltitudeMeters><HeartRateBpm><Value>149</Value></HeartRateBpm></Trackpoint><Trackpoint><Time>2026-05-02T09:05:21.911Z</Time><Position><LatitudeDegrees>60.0829</LatitudeDegrees><LongitudeDegrees>18.73817</LongitudeDegrees></Position><AltitudeMeters>17.51</AltitudeMeters><HeartRateBpm><Value>149</Value></HeartRateBpm></Trackpoint><Trackpoint><Time>2026-05-02T09:05:22.921Z</Time><Position><LatitudeDegrees>60.08287</LatitudeDegrees><LongitudeDegrees>18.738194</LongitudeDegrees></Position><AltitudeMeters>17.464</AltitudeMeters><HeartRateBpm><Value>148</Value></HeartRateBpm></Trackpoint><Trackpoint><Time>2026-05-02T09:05:23.930Z</Time><Position><LatitudeDegrees>60.082844</LatitudeDegrees><LongitudeDegrees>18.738216</LongitudeDegrees></Position><AltitudeMeters>17.492</AltitudeMeters><HeartRateBpm><Value>148</Value></HeartRateBpm></Trackpoint><Trackpoint><Time>2026-05-02T09:05:24.937Z</Time><Position><LatitudeDegrees>60.082813</LatitudeDegrees><LongitudeDegrees>18.738237</LongitudeDegrees></Position><AltitudeMeters>17.262</AltitudeMeters><HeartRateBpm><Value>148</Value></HeartRateBpm></Trackpoint><Trackpoint><Time>2026-05-02T09:05:25.945Z</Time><Position><LatitudeDegrees>60.082787</LatitudeDegrees><LongitudeDegrees>18.738258</LongitudeDegrees></Position><AltitudeMeters>17.305</AltitudeMeters><HeartRateBpm><Value>148</Value></HeartRateBpm></Trackpoint><Trackpoint><Time>2026-05-02T09:05:26.954Z</Time><Position><LatitudeDegrees>60.082756</LatitudeDegrees><LongitudeDegrees>18.738281</LongitudeDegrees></Position><AltitudeMeters>17.544</AltitudeMeters><HeartRateBpm><Value>148</Value></HeartRateBpm></Trackpoint><Trackpoint><Time>2026-05-02T09:05:27.963Z</Time><Position><LatitudeDegrees>60.082726</LatitudeDegrees><LongitudeDegrees>18.738304</LongitudeDegrees></Position><AltitudeMeters>17.865</AltitudeMeters><HeartRateBpm><Value>148</Value></HeartRateBpm></Trackpoint><Trackpoint><Time>2026-05-02T09:05:28.972Z</Time><Position><LatitudeDegrees>60.08269</LatitudeDegrees><LongitudeDegrees>18.738327</LongitudeDegrees></Position><AltitudeMeters>17.941</AltitudeMeters><HeartRateBpm><Value>148</Value></HeartRateBpm></Trackpoint><Trackpoint><Time>2026-05-02T09:05:29.980Z</Time><Position><LatitudeDegrees>60.08266</LatitudeDegrees><LongitudeDegrees>18.738352</LongitudeDegrees></Position><AltitudeMeters>17.798</AltitudeMeters><HeartRateBpm><Value>148</Value></HeartRateBpm></Trackpoint><Trackpoint><Time>2026-05-02T09:05:30.988Z</Time><Position><LatitudeDegrees>60.08263</LatitudeDegrees><LongitudeDegrees>18.73838</LongitudeDegrees></Position><AltitudeMeters>17.644</AltitudeMeters><HeartRateBpm><Value>148</Value></HeartRateBpm></Trackpoint><Trackpoint><Time>2026-05-02T09:05:31.997Z</Time><Position><LatitudeDegrees>60.082603</LatitudeDegrees><LongitudeDegrees>18.738409</LongitudeDegrees></Position><AltitudeMeters>17.592</AltitudeMeters><HeartRateBpm><Value>147</Value></HeartRateBpm></Trackpoint><Trackpoint><Time>2026-05-02T09:05:33.007Z</Time><Position><LatitudeDegrees>60.082573</LatitudeDegrees><LongitudeDegrees>18.738447</LongitudeDegrees></Position><AltitudeMeters>17.534</AltitudeMeters><HeartRateBpm><Value>147</Value></HeartRateBpm></Trackpoint><Trackpoint><Time>2026-05-02T09:05:34.015Z</Time><Position><LatitudeDegrees>60.082546</LatitudeDegrees><LongitudeDegrees>18.738483</LongitudeDegrees></Position><AltitudeMeters>17.502</AltitudeMeters><HeartRateBpm><Value>147</Value></HeartRateBpm></Trackpoint><Trackpoint><Time>2026-05-02T09:05:35.025Z</Time><Position><LatitudeDegrees>60.08252</LatitudeDegrees><LongitudeDegrees>18.738523</LongitudeDegrees></Position><AltitudeMeters>17.511</AltitudeMeters><HeartRateBpm><Value>146</Value></HeartRateBpm></Trackpoint><Trackpoint><Time>2026-05-02T09:05:36.032Z</Time><Position><LatitudeDegrees>60.08249</LatitudeDegrees><LongitudeDegrees>18.738565</LongitudeDegrees></Position><AltitudeMeters>17.557</AltitudeMeters><HeartRateBpm><Value>145</Value></HeartRateBpm></Trackpoint><Trackpoint><Time>2026-05-02T09:05:37.040Z</Time><Position><LatitudeDegrees>60.082462</LatitudeDegrees><LongitudeDegrees>18.738607</LongitudeDegrees></Position><AltitudeMeters>17.492</AltitudeMeters><HeartRateBpm><Value>145</Value></HeartRateBpm></Trackpoint><Trackpoint><Time>2026-05-02T09:05:38.050Z</Time><Position><LatitudeDegrees>60.08243</LatitudeDegrees><LongitudeDegrees>18.738655</LongitudeDegrees></Position><AltitudeMeters>17.363</AltitudeMeters><HeartRateBpm><Value>144</Value></HeartRateBpm></Trackpoint><Trackpoint><Time>2026-05-02T09:05:39.058Z</Time><Position><LatitudeDegrees>60.082397</LatitudeDegrees><LongitudeDegrees>18.738703</LongitudeDegrees></Position><AltitudeMeters>17.264</AltitudeMeters><HeartRateBpm><Value>144</Value></HeartRateBpm></Trackpoint><Trackpoint><Time>2026-05-02T09:05:40.065Z</Time><Position><LatitudeDegrees>60.08237</LatitudeDegrees><LongitudeDegrees>18.73875</LongitudeDegrees></Position><AltitudeMeters>17.166</AltitudeMeters><HeartRateBpm><Value>144</Value></HeartRateBpm></Trackpoint><Trackpoint><Time>2026-05-02T09:05:41.074Z</Time><Position><LatitudeDegrees>60.082344</LatitudeDegrees><LongitudeDegrees>18.738802</LongitudeDegrees></Position><AltitudeMeters>17.057</AltitudeMeters><HeartRateBpm><Value>143</Value></HeartRateBpm></Trackpoint><Trackpoint><Time>2026-05-02T09:05:42.083Z</Time><Position><LatitudeDegrees>60.08232</LatitudeDegrees><LongitudeDegrees>18.738855</LongitudeDegrees></Position><AltitudeMeters>16.859</AltitudeMeters><HeartRateBpm><Value>143</Value></HeartRateBpm></Trackpoint><Trackpoint><Time>2026-05-02T09:05:43.093Z</Time><Position><LatitudeDegrees>60.0823</LatitudeDegrees><LongitudeDegrees>18.73891</LongitudeDegrees></Position><AltitudeMeters>16.685</AltitudeMeters><HeartRateBpm><Value>143</Value></HeartRateBpm></Trackpoint><Trackpoint><Time>2026-05-02T09:05:44.101Z</Time><Position><LatitudeDegrees>60.08228</LatitudeDegrees><LongitudeDegrees>18.738972</LongitudeDegrees></Position><AltitudeMeters>16.493</AltitudeMeters><HeartRateBpm><Value>142</Value></HeartRateBpm></Trackpoint><Trackpoint><Time>2026-05-02T09:05:45.108Z</Time><Position><LatitudeDegrees>60.08226</LatitudeDegrees><LongitudeDegrees>18.739038</LongitudeDegrees></Position><AltitudeMeters>16.34</AltitudeMeters><HeartRateBpm><Value>142</Value></HeartRateBpm></Trackpoint><Trackpoint><Time>2026-05-02T09:05:46.114Z</Time><Position><LatitudeDegrees>60.08224</LatitudeDegrees><LongitudeDegrees>18.739109</LongitudeDegrees></Position><AltitudeMeters>16.194</AltitudeMeters><HeartRateBpm><Value>141</Value></HeartRateBpm></Trackpoint><Trackpoint><Time>2026-05-02T09:05:47.123Z</Time><Position><LatitudeDegrees>60.082222</LatitudeDegrees><LongitudeDegrees>18.739182</LongitudeDegrees></Position><AltitudeMeters>16.243</AltitudeMeters><HeartRateBpm><Value>141</Value></HeartRateBpm></Trackpoint><Trackpoint><Time>2026-05-02T09:05:48.133Z</Time><Position><LatitudeDegrees>60.082203</LatitudeDegrees><LongitudeDegrees>18.739256</LongitudeDegrees></Position><AltitudeMeters>16.27</AltitudeMeters><HeartRateBpm><Value>140</Value></HeartRateBpm></Trackpoint><Trackpoint><Time>2026-05-02T09:05:49.142Z</Time><Position><LatitudeDegrees>60.08218</LatitudeDegrees><LongitudeDegrees>18.739328</LongitudeDegrees></Position><AltitudeMeters>16.308</AltitudeMeters><HeartRateBpm><Value>140</Value></HeartRateBpm></Trackpoint><Trackpoint><Time>2026-05-02T09:05:50.151Z</Time><Position><LatitudeDegrees>60.082157</LatitudeDegrees><LongitudeDegrees>18.7394</LongitudeDegrees></Position><AltitudeMeters>16.339</AltitudeMeters><HeartRateBpm><Value>139</Value></HeartRateBpm></Trackpoint><Trackpoint><Time>2026-05-02T09:05:51.160Z</Time><Position><LatitudeDegrees>60.08214</LatitudeDegrees><LongitudeDegrees>18.739471</LongitudeDegrees></Position><AltitudeMeters>16.418</AltitudeMeters><HeartRateBpm><Value>138</Value></HeartRateBpm></Trackpoint><Trackpoint><Time>2026-05-02T09:05:52.168Z</Time><Position><LatitudeDegrees>60.08212</LatitudeDegrees><LongitudeDegrees>18.739544</LongitudeDegrees></Position><AltitudeMeters>16.453</AltitudeMeters><HeartRateBpm><Value>137</Value></HeartRateBpm></Trackpoint><Trackpoint><Time>2026-05-02T09:05:53.176Z</Time><Position><LatitudeDegrees>60.0821</LatitudeDegrees><LongitudeDegrees>18.739614</LongitudeDegrees></Position><AltitudeMeters>16.488</AltitudeMeters><HeartRateBpm><Value>137</Value></HeartRateBpm></Trackpoint><Trackpoint><Time>2026-05-02T09:05:54.186Z</Time><Position><LatitudeDegrees>60.082085</LatitudeDegrees><LongitudeDegrees>18.739683</LongitudeDegrees></Position><AltitudeMeters>16.551</AltitudeMeters><HeartRateBpm><Value>136</Value></HeartRateBpm></Trackpoint><Trackpoint><Time>2026-05-02T09:05:55.193Z</Time><Position><LatitudeDegrees>60.08207</LatitudeDegrees><LongitudeDegrees>18.73975</LongitudeDegrees></Position><AltitudeMeters>16.636</AltitudeMeters><HeartRateBpm><Value>135</Value></HeartRateBpm></Trackpoint><Trackpoint><Time>2026-05-02T09:05:56.202Z</Time><Position><LatitudeDegrees>60.082054</LatitudeDegrees><LongitudeDegrees>18.739822</LongitudeDegrees></Position><AltitudeMeters>16.634</AltitudeMeters><HeartRateBpm><Value>134</Value></HeartRateBpm></Trackpoint><Trackpoint><Time>2026-05-02T09:05:57.210Z</Time><Position><LatitudeDegrees>60.082035</LatitudeDegrees><LongitudeDegrees>18.739897</LongitudeDegrees></Position><AltitudeMeters>16.65</AltitudeMeters><HeartRateBpm><Value>133</Value></HeartRateBpm></Trackpoint><Trackpoint><Time>2026-05-02T09:05:58.218Z</Time><Position><LatitudeDegrees>60.082012</LatitudeDegrees><LongitudeDegrees>18.739979</LongitudeDegrees></Position><AltitudeMeters>16.679</AltitudeMeters><HeartRateBpm><Value>133</Value></HeartRateBpm></Trackpoint><Trackpoint><Time>2026-05-02T09:05:59.227Z</Time><Position><LatitudeDegrees>60.081985</LatitudeDegrees><LongitudeDegrees>18.74007</LongitudeDegrees></Position><AltitudeMeters>16.861</AltitudeMeters><HeartRateBpm><Value>132</Value></HeartRateBpm></Trackpoint><Trackpoint><Time>2026-05-02T09:06:00.235Z</Time><Position><LatitudeDegrees>60.081955</LatitudeDegrees><LongitudeDegrees>18.740145</LongitudeDegrees></Position><AltitudeMeters>17.013</AltitudeMeters><HeartRateBpm><Value>132</Value></HeartRateBpm></Trackpoint><Trackpoint><Time>2026-05-02T09:06:01.244Z</Time><Position><LatitudeDegrees>60.08192</LatitudeDegrees><LongitudeDegrees>18.740185</LongitudeDegrees></Position><AltitudeMeters>17.073</AltitudeMeters><HeartRateBpm><Value>131</Value></HeartRateBpm></Trackpoint><Trackpoint><Time>2026-05-02T09:06:02.253Z</Time><Position><LatitudeDegrees>60.081882</LatitudeDegrees><LongitudeDegrees>18.740213</LongitudeDegrees></Position><AltitudeMeters>17.228</AltitudeMeters><HeartRateBpm><Value>131</Value></HeartRateBpm></Trackpoint><Trackpoint><Time>2026-05-02T09:06:03.262Z</Time><Position><LatitudeDegrees>60.081844</LatitudeDegrees><LongitudeDegrees>18.740242</LongitudeDegrees></Position><AltitudeMeters>17.446</AltitudeMeters><HeartRateBpm><Value>131</Value></HeartRateBpm></Trackpoint><Trackpoint><Time>2026-05-02T09:06:04.268Z</Time><Position><LatitudeDegrees>60.08181</LatitudeDegrees><LongitudeDegrees>18.740265</LongitudeDegrees></Position><AltitudeMeters>17.486</AltitudeMeters><HeartRateBpm><Value>131</Value></HeartRateBpm></Trackpoint><Trackpoint><Time>2026-05-02T09:06:05.277Z</Time><Position><LatitudeDegrees>60.081776</LatitudeDegrees><LongitudeDegrees>18.740282</LongitudeDegrees></Position><AltitudeMeters>17.412</AltitudeMeters><HeartRateBpm><Value>132</Value></HeartRateBpm></Trackpoint><Trackpoint><Time>2026-05-02T09:06:06.286Z</Time><Position><LatitudeDegrees>60.081738</LatitudeDegrees><LongitudeDegrees>18.740294</LongitudeDegrees></Position><AltitudeMeters>17.173</AltitudeMeters><HeartRateBpm><Value>131</Value></HeartRateBpm></Trackpoint><Trackpoint><Time>2026-05-02T09:06:07.293Z</Time><Position><LatitudeDegrees>60.0817</LatitudeDegrees><LongitudeDegrees>18.740305</LongitudeDegrees></Position><AltitudeMeters>17.309</AltitudeMeters><HeartRateBpm><Value>132</Value></HeartRateBpm></Trackpoint><Trackpoint><Time>2026-05-02T09:06:08.301Z</Time><Position><LatitudeDegrees>60.08166</LatitudeDegrees><LongitudeDegrees>18.740316</LongitudeDegrees></Position><AltitudeMeters>17.416</AltitudeMeters><HeartRateBpm><Value>132</Value></HeartRateBpm></Trackpoint><Trackpoint><Time>2026-05-02T09:06:09.310Z</Time><Position><LatitudeDegrees>60.08163</LatitudeDegrees><LongitudeDegrees>18.740332</LongitudeDegrees></Position><AltitudeMeters>17.299</AltitudeMeters><HeartRateBpm><Value>132</Value></HeartRateBpm></Trackpoint><Trackpoint><Time>2026-05-02T09:06:10.318Z</Time><Position><LatitudeDegrees>60.0816</LatitudeDegrees><LongitudeDegrees>18.740349</LongitudeDegrees></Position><AltitudeMeters>17.039</AltitudeMeters><HeartRateBpm><Value>132</Value></HeartRateBpm></Trackpoint><Trackpoint><Time>2026-05-02T09:06:11.327Z</Time><Position><LatitudeDegrees>60.08157</LatitudeDegrees><LongitudeDegrees>18.740368</LongitudeDegrees></Position><AltitudeMeters>16.981</AltitudeMeters><HeartRateBpm><Value>132</Value></HeartRateBpm></Trackpoint><Trackpoint><Time>2026-05-02T09:06:12.334Z</Time><Position><LatitudeDegrees>60.081535</LatitudeDegrees><LongitudeDegrees>18.740395</LongitudeDegrees></Position><AltitudeMeters>16.76</AltitudeMeters><HeartRateBpm><Value>132</Value></HeartRateBpm></Trackpoint><Trackpoint><Time>2026-05-02T09:06:13.343Z</Time><Position><LatitudeDegrees>60.0815</LatitudeDegrees><LongitudeDegrees>18.740429</LongitudeDegrees></Position><AltitudeMeters>16.49</AltitudeMeters><HeartRateBpm><Value>132</Value></HeartRateBpm></Trackpoint><Trackpoint><Time>2026-05-02T09:06:14.353Z</Time><Position><LatitudeDegrees>60.081463</LatitudeDegrees><LongitudeDegrees>18.740477</LongitudeDegrees></Position><AltitudeMeters>16.302</AltitudeMeters><HeartRateBpm><Value>132</Value></HeartRateBpm></Trackpoint><Trackpoint><Time>2026-05-02T09:06:15.362Z</Time><Position><LatitudeDegrees>60.08143</LatitudeDegrees><LongitudeDegrees>18.740534</LongitudeDegrees></Position><AltitudeMeters>16.323</AltitudeMeters><HeartRateBpm><Value>132</Value></HeartRateBpm></Trackpoint><Trackpoint><Time>2026-05-02T09:06:16.371Z</Time><Position><LatitudeDegrees>60.081394</LatitudeDegrees><LongitudeDegrees>18.740597</LongitudeDegrees></Position><AltitudeMeters>16.358</AltitudeMeters><HeartRateBpm><Value>132</Value></HeartRateBpm></Trackpoint><Trackpoint><Time>2026-05-02T09:06:17.378Z</Time><Position><LatitudeDegrees>60.081367</LatitudeDegrees><LongitudeDegrees>18.740662</LongitudeDegrees></Position><AltitudeMeters>16.458</AltitudeMeters><HeartRateBpm><Value>132</Value></HeartRateBpm></Trackpoint><Trackpoint><Time>2026-05-02T09:06:18.387Z</Time><Position><LatitudeDegrees>60.081345</LatitudeDegrees><LongitudeDegrees>18.740723</LongitudeDegrees></Position><AltitudeMeters>16.463</AltitudeMeters><HeartRateBpm><Value>132</Value></HeartRateBpm></Trackpoint><Trackpoint><Time>2026-05-02T09:06:19.395Z</Time><Position><LatitudeDegrees>60.08132</LatitudeDegrees><LongitudeDegrees>18.740782</LongitudeDegrees></Position><AltitudeMeters>16.441</AltitudeMeters><HeartRateBpm><Value>131</Value></HeartRateBpm></Trackpoint><Trackpoint><Time>2026-05-02T09:06:20.403Z</Time><Position><LatitudeDegrees>60.081303</LatitudeDegrees><LongitudeDegrees>18.740843</LongitudeDegrees></Position><AltitudeMeters>16.386</AltitudeMeters><HeartRateBpm><Value>131</Value></HeartRateBpm></Trackpoint><Trackpoint><Time>2026-05-02T09:06:21.412Z</Time><Position><LatitudeDegrees>60.081287</LatitudeDegrees><LongitudeDegrees>18.740908</LongitudeDegrees></Position><AltitudeMeters>16.493</AltitudeMeters><HeartRateBpm><Value>131</Value></HeartRateBpm></Trackpoint><Trackpoint><Time>2026-05-02T09:06:22.421Z</Time><Position><LatitudeDegrees>60.081272</LatitudeDegrees><LongitudeDegrees>18.740976</LongitudeDegrees></Position><AltitudeMeters>16.618</AltitudeMeters><HeartRateBpm><Value>132</Value></HeartRateBpm></Trackpoint><Trackpoint><Time>2026-05-02T09:06:23.428Z</Time><Position><LatitudeDegrees>60.081257</LatitudeDegrees><LongitudeDegrees>18.741043</LongitudeDegrees></Position><AltitudeMeters>16.639</AltitudeMeters><HeartRateBpm><Value>132</Value></HeartRateBpm></Trackpoint><Trackpoint><Time>2026-05-02T09:06:24.437Z</Time><Position><LatitudeDegrees>60.08124</LatitudeDegrees><LongitudeDegrees>18.741108</LongitudeDegrees></Position><AltitudeMeters>16.666</AltitudeMeters><HeartRateBpm><Value>132</Value></HeartRateBpm></Trackpoint><Trackpoint><Time>2026-05-02T09:06:25.446Z</Time><Position><LatitudeDegrees>60.081226</LatitudeDegrees><LongitudeDegrees>18.741173</LongitudeDegrees></Position><AltitudeMeters>16.606</AltitudeMeters><HeartRateBpm><Value>132</Value></HeartRateBpm></Trackpoint><Trackpoint><Time>2026-05-02T09:06:26.454Z</Time><Position><LatitudeDegrees>60.08121</LatitudeDegrees><LongitudeDegrees>18.741228</LongitudeDegrees></Position><AltitudeMeters>16.551</AltitudeMeters><HeartRateBpm><Value>133</Value></HeartRateBpm></Trackpoint><Trackpoint><Time>2026-05-02T09:06:27.464Z</Time><Position><LatitudeDegrees>60.081196</LatitudeDegrees><LongitudeDegrees>18.74128</LongitudeDegrees></Position><AltitudeMeters>16.673</AltitudeMeters><HeartRateBpm><Value>133</Value></HeartRateBpm></Trackpoint><Trackpoint><Time>2026-05-02T09:06:28.473Z</Time><Position><LatitudeDegrees>60.081184</LatitudeDegrees><LongitudeDegrees>18.74133</LongitudeDegrees></Position><AltitudeMeters>16.847</AltitudeMeters><HeartRateBpm><Value>133</Value></HeartRateBpm></Trackpoint><Trackpoint><Time>2026-05-02T09:06:29.480Z</Time><Position><LatitudeDegrees>60.081173</LatitudeDegrees><LongitudeDegrees>18.741386</LongitudeDegrees></Position><AltitudeMeters>17.085</AltitudeMeters><HeartRateBpm><Value>133</Value></HeartRateBpm></Trackpoint><Trackpoint><Time>2026-05-02T09:06:30.491Z</Time><Position><LatitudeDegrees>60.08116</LatitudeDegrees><LongitudeDegrees>18.741434</LongitudeDegrees></Position><AltitudeMeters>17.188</AltitudeMeters><HeartRateBpm><Value>132</Value></HeartRateBpm></Trackpoint><Trackpoint><Time>2026-05-02T09:06:31.498Z</Time><Position><LatitudeDegrees>60.081146</LatitudeDegrees><LongitudeDegrees>18.74148</LongitudeDegrees></Position><AltitudeMeters>17.338</AltitudeMeters><HeartRateBpm><Value>132</Value></HeartRateBpm></Trackpoint><Trackpoint><Time>2026-05-02T09:06:32.506Z</Time><Position><LatitudeDegrees>60.081135</LatitudeDegrees><LongitudeDegrees>18.74153</LongitudeDegrees></Position><AltitudeMeters>17.408</AltitudeMeters><HeartRateBpm><Value>132</Value></HeartRateBpm></Trackpoint><Trackpoint><Time>2026-05-02T09:06:33.516Z</Time><Position><LatitudeDegrees>60.081127</LatitudeDegrees><LongitudeDegrees>18.74157</LongitudeDegrees></Position><AltitudeMeters>17.434</AltitudeMeters><HeartRateBpm><Value>131</Value></HeartRateBpm></Trackpoint><Trackpoint><Time>2026-05-02T09:06:34.525Z</Time><Position><LatitudeDegrees>60.081116</LatitudeDegrees><LongitudeDegrees>18.741604</LongitudeDegrees></Position><AltitudeMeters>17.428</AltitudeMeters><HeartRateBpm><Value>131</Value></HeartRateBpm></Trackpoint><Trackpoint><Time>2026-05-02T09:06:35.533Z</Time><Position><LatitudeDegrees>60.08111</LatitudeDegrees><LongitudeDegrees>18.741636</LongitudeDegrees></Position><AltitudeMeters>17.503</AltitudeMeters><HeartRateBpm><Value>130</Value></HeartRateBpm></Trackpoint><Trackpoint><Time>2026-05-02T09:06:36.542Z</Time><Position><LatitudeDegrees>60.081097</LatitudeDegrees><LongitudeDegrees>18.741667</LongitudeDegrees></Position><AltitudeMeters>17.668</AltitudeMeters><HeartRateBpm><Value>130</Value></HeartRateBpm></Trackpoint><Trackpoint><Time>2026-05-02T09:06:37.551Z</Time><Position><LatitudeDegrees>60.08108</LatitudeDegrees><LongitudeDegrees>18.741693</LongitudeDegrees></Position><AltitudeMeters>17.54</AltitudeMeters><HeartRateBpm><Value>129</Value></HeartRateBpm></Trackpoint><Trackpoint><Time>2026-05-02T09:06:38.559Z</Time><Position><LatitudeDegrees>60.08106</LatitudeDegrees><LongitudeDegrees>18.74172</LongitudeDegrees></Position><AltitudeMeters>17.599</AltitudeMeters><HeartRateBpm><Value>129</Value></HeartRateBpm></Trackpoint><Trackpoint><Time>2026-05-02T09:07:33.077Z</Time><Position><LatitudeDegrees>60.08104</LatitudeDegrees><LongitudeDegrees>18.741745</LongitudeDegrees></Position><AltitudeMeters>17.761</AltitudeMeters><HeartRateBpm><Value>114</Value></HeartRateBpm></Trackpoint><Trackpoint><Time>2026-05-02T09:07:34.077Z</Time><Position><LatitudeDegrees>60.08101</LatitudeDegrees><LongitudeDegrees>18.741777</LongitudeDegrees></Position><AltitudeMeters>17.566</AltitudeMeters><HeartRateBpm><Value>114</Value></HeartRateBpm></Trackpoint><Trackpoint><Time>2026-05-02T09:07:35.077Z</Time><Position><LatitudeDegrees>60.080967</LatitudeDegrees><LongitudeDegrees>18.741817</LongitudeDegrees></Position><AltitudeMeters>17.255</AltitudeMeters><HeartRateBpm><Value>115</Value></HeartRateBpm></Trackpoint><Trackpoint><Time>2026-05-02T09:07:36.081Z</Time><Position><LatitudeDegrees>60.080925</LatitudeDegrees><LongitudeDegrees>18.741867</LongitudeDegrees></Position><AltitudeMeters>16.653</AltitudeMeters><HeartRateBpm><Value>117</Value></HeartRateBpm></Trackpoint><Trackpoint><Time>2026-05-02T09:07:37.080Z</Time><Position><LatitudeDegrees>60.080883</LatitudeDegrees><LongitudeDegrees>18.741919</LongitudeDegrees></Position><AltitudeMeters>16.212</AltitudeMeters><HeartRateBpm><Value>117</Value></HeartRateBpm></Trackpoint><Trackpoint><Time>2026-05-02T09:07:38.086Z</Time><Position><LatitudeDegrees>60.08084</LatitudeDegrees><LongitudeDegrees>18.741972</LongitudeDegrees></Position><AltitudeMeters>16.256</AltitudeMeters><HeartRateBpm><Value>117</Value></HeartRateBpm></Trackpoint><Trackpoint><Time>2026-05-02T09:07:39.094Z</Time><Position><LatitudeDegrees>60.0808</LatitudeDegrees><LongitudeDegrees>18.742027</LongitudeDegrees></Position><AltitudeMeters>16.022</AltitudeMeters><HeartRateBpm><Value>118</Value></HeartRateBpm></Trackpoint><Trackpoint><Time>2026-05-02T09:07:40.101Z</Time><Position><LatitudeDegrees>60.080757</LatitudeDegrees><LongitudeDegrees>18.742083</LongitudeDegrees></Position><AltitudeMeters>15.808</AltitudeMeters><HeartRateBpm><Value>118</Value></HeartRateBpm></Trackpoint><Trackpoint><Time>2026-05-02T09:07:41.110Z</Time><Position><LatitudeDegrees>60.080715</LatitudeDegrees><LongitudeDegrees>18.742146</LongitudeDegrees></Position><AltitudeMeters>15.32</AltitudeMeters><HeartRateBpm><Value>118</Value></HeartRateBpm></Trackpoint><Trackpoint><Time>2026-05-02T09:07:42.119Z</Time><Position><LatitudeDegrees>60.08067</LatitudeDegrees><LongitudeDegrees>18.742212</LongitudeDegrees></Position><AltitudeMeters>15.57</AltitudeMeters><HeartRateBpm><Value>119</Value></HeartRateBpm></Trackpoint><Trackpoint><Time>2026-05-02T09:07:43.128Z</Time><Position><LatitudeDegrees>60.080627</LatitudeDegrees><LongitudeDegrees>18.742281</LongitudeDegrees></Position><AltitudeMeters>15.901</AltitudeMeters><HeartRateBpm><Value>119</Value></HeartRateBpm></Trackpoint><Trackpoint><Time>2026-05-02T09:07:44.136Z</Time><Position><LatitudeDegrees>60.080585</LatitudeDegrees><LongitudeDegrees>18.742355</LongitudeDegrees></Position><AltitudeMeters>15.807</AltitudeMeters><HeartRateBpm><Value>119</Value></HeartRateBpm></Trackpoint><Trackpoint><Time>2026-05-02T09:07:45.145Z</Time><Position><LatitudeDegrees>60.080547</LatitudeDegrees><LongitudeDegrees>18.742437</LongitudeDegrees></Position><AltitudeMeters>16.02</AltitudeMeters><HeartRateBpm><Value>119</Value></HeartRateBpm></Trackpoint><Trackpoint><Time>2026-05-02T09:07:46.154Z</Time><Position><LatitudeDegrees>60.080517</LatitudeDegrees><LongitudeDegrees>18.742527</LongitudeDegrees></Position><AltitudeMeters>16.202</AltitudeMeters><HeartRateBpm><Value>120</Value></HeartRateBpm></Trackpoint><Trackpoint><Time>2026-05-02T09:07:47.161Z</Time><Position><LatitudeDegrees>60.08049</LatitudeDegrees><LongitudeDegrees>18.742615</LongitudeDegrees></Position><AltitudeMeters>15.998</AltitudeMeters><HeartRateBpm><Value>120</Value></HeartRateBpm></Trackpoint><Trackpoint><Time>2026-05-02T09:07:48.169Z</Time><Position><LatitudeDegrees>60.08047</LatitudeDegrees><LongitudeDegrees>18.742702</LongitudeDegrees></Position><AltitudeMeters>15.836</AltitudeMeters><HeartRateBpm><Value>120</Value></HeartRateBpm></Trackpoint><Trackpoint><Time>2026-05-02T09:07:49.179Z</Time><Position><LatitudeDegrees>60.080456</LatitudeDegrees><LongitudeDegrees>18.74279</LongitudeDegrees></Position><AltitudeMeters>15.805</AltitudeMeters><HeartRateBpm><Value>120</Value></HeartRateBpm></Trackpoint><Trackpoint><Time>2026-05-02T09:07:50.187Z</Time><Position><LatitudeDegrees>60.080444</LatitudeDegrees><LongitudeDegrees>18.742876</LongitudeDegrees></Position><AltitudeMeters>16.05</AltitudeMeters><HeartRateBpm><Value>119</Value></HeartRateBpm></Trackpoint><Trackpoint><Time>2026-05-02T09:07:51.194Z</Time><Position><LatitudeDegrees>60.08043</LatitudeDegrees><LongitudeDegrees>18.742962</LongitudeDegrees></Position><AltitudeMeters>16.007</AltitudeMeters><HeartRateBpm><Value>119</Value></HeartRateBpm></Trackpoint><Trackpoint><Time>2026-05-02T09:07:52.201Z</Time><Position><LatitudeDegrees>60.080418</LatitudeDegrees><LongitudeDegrees>18.74305</LongitudeDegrees></Position><AltitudeMeters>15.838</AltitudeMeters><HeartRateBpm><Value>118</Value></HeartRateBpm></Trackpoint><Trackpoint><Time>2026-05-02T09:07:53.209Z</Time><Position><LatitudeDegrees>60.080402</LatitudeDegrees><LongitudeDegrees>18.743141</LongitudeDegrees></Position><AltitudeMeters>15.809</AltitudeMeters><HeartRateBpm><Value>117</Value></HeartRateBpm></Trackpoint><Trackpoint><Time>2026-05-02T09:07:54.218Z</Time><Position><LatitudeDegrees>60.080383</LatitudeDegrees><LongitudeDegrees>18.743237</LongitudeDegrees></Position><AltitudeMeters>15.713</AltitudeMeters><HeartRateBpm><Value>115</Value></HeartRateBpm></Trackpoint><Trackpoint><Time>2026-05-02T09:07:55.226Z</Time><Position><LatitudeDegrees>60.080364</LatitudeDegrees><LongitudeDegrees>18.743334</LongitudeDegrees></Position><AltitudeMeters>15.761</AltitudeMeters><HeartRateBpm><Value>114</Value></HeartRateBpm></Trackpoint><Trackpoint><Time>2026-05-02T09:07:56.234Z</Time><Position><LatitudeDegrees>60.080334</LatitudeDegrees><LongitudeDegrees>18.743422</LongitudeDegrees></Position><AltitudeMeters>15.848</AltitudeMeters><HeartRateBpm><Value>114</Value></HeartRateBpm></Trackpoint><Trackpoint><Time>2026-05-02T09:07:57.240Z</Time><Position><LatitudeDegrees>60.08029</LatitudeDegrees><LongitudeDegrees>18.743511</LongitudeDegrees></Position><AltitudeMeters>15.863</AltitudeMeters><HeartRateBpm><Value>115</Value></HeartRateBpm></Trackpoint><Trackpoint><Time>2026-05-02T09:07:58.248Z</Time><Position><LatitudeDegrees>60.080254</LatitudeDegrees><LongitudeDegrees>18.743582</LongitudeDegrees></Position><AltitudeMeters>15.761</AltitudeMeters><HeartRateBpm><Value>117</Value></HeartRateBpm></Trackpoint><Trackpoint><Time>2026-05-02T09:07:59.257Z</Time><Position><LatitudeDegrees>60.0802</LatitudeDegrees><LongitudeDegrees>18.743637</LongitudeDegrees></Position><AltitudeMeters>15.762</AltitudeMeters><HeartRateBpm><Value>118</Value></HeartRateBpm></Trackpoint><Trackpoint><Time>2026-05-02T09:08:00.266Z</Time><Position><LatitudeDegrees>60.080128</LatitudeDegrees><LongitudeDegrees>18.743671</LongitudeDegrees></Position><AltitudeMeters>15.525</AltitudeMeters><HeartRateBpm><Value>119</Value></HeartRateBpm></Trackpoint><Trackpoint><Time>2026-05-02T09:08:01.275Z</Time><Position><LatitudeDegrees>60.080067</LatitudeDegrees><LongitudeDegrees>18.743671</LongitudeDegrees></Position><AltitudeMeters>15.467</AltitudeMeters><HeartRateBpm><Value>120</Value></HeartRateBpm></Trackpoint><Trackpoint><Time>2026-05-02T09:08:02.282Z</Time><Position><LatitudeDegrees>60.080013</LatitudeDegrees><LongitudeDegrees>18.743662</LongitudeDegrees></Position><AltitudeMeters>15.742</AltitudeMeters><HeartRateBpm><Value>120</Value></HeartRateBpm></Trackpoint><Trackpoint><Time>2026-05-02T09:08:03.292Z</Time><Position><LatitudeDegrees>60.079956</LatitudeDegrees><LongitudeDegrees>18.743656</LongitudeDegrees></Position><AltitudeMeters>15.983</AltitudeMeters><HeartRateBpm><Value>120</Value></HeartRateBpm></Trackpoint><Trackpoint><Time>2026-05-02T09:08:04.301Z</Time><Position><LatitudeDegrees>60.079895</LatitudeDegrees><LongitudeDegrees>18.743677</LongitudeDegrees></Position><AltitudeMeters>16.202</AltitudeMeters><HeartRateBpm><Value>120</Value></HeartRateBpm></Trackpoint><Trackpoint><Time>2026-05-02T09:08:05.309Z</Time><Position><LatitudeDegrees>60.079838</LatitudeDegrees><LongitudeDegrees>18.743698</LongitudeDegrees></Position><AltitudeMeters>16.033</AltitudeMeters><HeartRateBpm><Value>121</Value></HeartRateBpm></Trackpoint><Trackpoint><Time>2026-05-02T09:08:06.318Z</Time><Position><LatitudeDegrees>60.07978</LatitudeDegrees><LongitudeDegrees>18.743708</LongitudeDegrees></Position><AltitudeMeters>15.715</AltitudeMeters><HeartRateBpm><Value>120</Value></HeartRateBpm></Trackpoint><Trackpoint><Time>2026-05-02T09:08:07.326Z</Time><Position><LatitudeDegrees>60.079727</LatitudeDegrees><LongitudeDegrees>18.743721</LongitudeDegrees></Position><AltitudeMeters>15.636</AltitudeMeters><HeartRateBpm><Value>120</Value></HeartRateBpm></Trackpoint><Trackpoint><Time>2026-05-02T09:08:08.336Z</Time><Position><LatitudeDegrees>60.079678</LatitudeDegrees><LongitudeDegrees>18.743734</LongitudeDegrees></Position><AltitudeMeters>15.974</AltitudeMeters><HeartRateBpm><Value>121</Value></HeartRateBpm></Trackpoint><Trackpoint><Time>2026-05-02T09:08:09.345Z</Time><Position><LatitudeDegrees>60.07963</LatitudeDegrees><LongitudeDegrees>18.743746</LongitudeDegrees></Position><AltitudeMeters>16.065</AltitudeMeters><HeartRateBpm><Value>121</Value></HeartRateBpm></Trackpoint><Trackpoint><Time>2026-05-02T09:08:10.355Z</Time><Position><LatitudeDegrees>60.079582</LatitudeDegrees><LongitudeDegrees>18.743757</LongitudeDegrees></Position><AltitudeMeters>15.591</AltitudeMeters><HeartRateBpm><Value>121</Value></HeartRateBpm></Trackpoint><Trackpoint><Time>2026-05-02T09:08:11.361Z</Time><Position><LatitudeDegrees>60.079536</LatitudeDegrees><LongitudeDegrees>18.743769</LongitudeDegrees></Position><AltitudeMeters>15.211</AltitudeMeters><HeartRateBpm><Value>121</Value></HeartRateBpm></Trackpoint><Trackpoint><Time>2026-05-02T09:08:12.370Z</Time><Position><LatitudeDegrees>60.079487</LatitudeDegrees><LongitudeDegrees>18.743778</LongitudeDegrees></Position><AltitudeMeters>15.036</AltitudeMeters><HeartRateBpm><Value>121</Value></HeartRateBpm></Trackpoint><Trackpoint><Time>2026-05-02T09:08:13.379Z</Time><Position><LatitudeDegrees>60.07944</LatitudeDegrees><LongitudeDegrees>18.743788</LongitudeDegrees></Position><AltitudeMeters>14.797</AltitudeMeters><HeartRateBpm><Value>121</Value></HeartRateBpm></Trackpoint><Trackpoint><Time>2026-05-02T09:08:14.388Z</Time><Position><LatitudeDegrees>60.07939</LatitudeDegrees><LongitudeDegrees>18.743795</LongitudeDegrees></Position><AltitudeMeters>14.696</AltitudeMeters><HeartRateBpm><Value>122</Value></HeartRateBpm></Trackpoint><Trackpoint><Time>2026-05-02T09:08:15.398Z</Time><Position><LatitudeDegrees>60.07934</LatitudeDegrees><LongitudeDegrees>18.7438</LongitudeDegrees></Position><AltitudeMeters>14.69</AltitudeMeters><HeartRateBpm><Value>123</Value></HeartRateBpm></Trackpoint><Trackpoint><Time>2026-05-02T09:08:16.406Z</Time><Position><LatitudeDegrees>60.079292</LatitudeDegrees><LongitudeDegrees>18.743801</LongitudeDegrees></Position><AltitudeMeters>14.817</AltitudeMeters><HeartRateBpm><Value>123</Value></HeartRateBpm></Trackpoint><Trackpoint><Time>2026-05-02T09:08:17.413Z</Time><Position><LatitudeDegrees>60.079235</LatitudeDegrees><LongitudeDegrees>18.743778</LongitudeDegrees></Position><AltitudeMeters>14.922</AltitudeMeters><HeartRateBpm><Value>121</Value></HeartRateBpm></Trackpoint><Trackpoint><Time>2026-05-02T09:08:18.421Z</Time><Position><LatitudeDegrees>60.07918</LatitudeDegrees><LongitudeDegrees>18.743744</LongitudeDegrees></Position><AltitudeMeters>15.32</AltitudeMeters><HeartRateBpm><Value>120</Value></HeartRateBpm></Trackpoint><Trackpoint><Time>2026-05-02T09:08:19.430Z</Time><Position><LatitudeDegrees>60.07913</LatitudeDegrees><LongitudeDegrees>18.743706</LongitudeDegrees></Position><AltitudeMeters>15.201</AltitudeMeters><HeartRateBpm><Value>119</Value></HeartRateBpm></Trackpoint><Trackpoint><Time>2026-05-02T09:08:20.439Z</Time><Position><LatitudeDegrees>60.07908</LatitudeDegrees><LongitudeDegrees>18.743692</LongitudeDegrees></Position><AltitudeMeters>14.999</AltitudeMeters><HeartRateBpm><Value>119</Value></HeartRateBpm></Trackpoint><Trackpoint><Time>2026-05-02T09:08:21.448Z</Time><Position><LatitudeDegrees>60.079033</LatitudeDegrees><LongitudeDegrees>18.743683</LongitudeDegrees></Position><AltitudeMeters>14.985</AltitudeMeters><HeartRateBpm><Value>120</Value></HeartRateBpm></Trackpoint><Trackpoint><Time>2026-05-02T09:08:22.456Z</Time><Position><LatitudeDegrees>60.078976</LatitudeDegrees><LongitudeDegrees>18.743685</LongitudeDegrees></Position><AltitudeMeters>14.942</AltitudeMeters><HeartRateBpm><Value>121</Value></HeartRateBpm></Trackpoint><Trackpoint><Time>2026-05-02T09:08:23.465Z</Time><Position><LatitudeDegrees>60.07891</LatitudeDegrees><LongitudeDegrees>18.743685</LongitudeDegrees></Position><AltitudeMeters>14.81</AltitudeMeters><HeartRateBpm><Value>122</Value></HeartRateBpm></Trackpoint><Trackpoint><Time>2026-05-02T09:08:24.471Z</Time><Position><LatitudeDegrees>60.07886</LatitudeDegrees><LongitudeDegrees>18.743683</LongitudeDegrees></Position><AltitudeMeters>14.968</AltitudeMeters><HeartRateBpm><Value>121</Value></HeartRateBpm></Trackpoint><Trackpoint><Time>2026-05-02T09:08:25.480Z</Time><Position><LatitudeDegrees>60.0788</LatitudeDegrees><LongitudeDegrees>18.743681</LongitudeDegrees></Position><AltitudeMeters>15.074</AltitudeMeters><HeartRateBpm><Value>119</Value></HeartRateBpm></Trackpoint><Trackpoint><Time>2026-05-02T09:08:26.487Z</Time><Position><LatitudeDegrees>60.078735</LatitudeDegrees><LongitudeDegrees>18.74368</LongitudeDegrees></Position><AltitudeMeters>14.923</AltitudeMeters><HeartRateBpm><Value>118</Value></HeartRateBpm></Trackpoint><Trackpoint><Time>2026-05-02T09:08:27.496Z</Time><Position><LatitudeDegrees>60.07867</LatitudeDegrees><LongitudeDegrees>18.743687</LongitudeDegrees></Position><AltitudeMeters>15.147</AltitudeMeters><HeartRateBpm><Value>118</Value></HeartRateBpm></Trackpoint><Trackpoint><Time>2026-05-02T09:08:28.505Z</Time><Position><LatitudeDegrees>60.07861</LatitudeDegrees><LongitudeDegrees>18.743696</LongitudeDegrees></Position><AltitudeMeters>15.452</AltitudeMeters><HeartRateBpm><Value>119</Value></HeartRateBpm></Trackpoint><Trackpoint><Time>2026-05-02T09:08:29.514Z</Time><Position><LatitudeDegrees>60.078552</LatitudeDegrees><LongitudeDegrees>18.743708</LongitudeDegrees></Position><AltitudeMeters>15.664</AltitudeMeters><HeartRateBpm><Value>119</Value></HeartRateBpm></Trackpoint><Trackpoint><Time>2026-05-02T09:08:30.521Z</Time><Position><LatitudeDegrees>60.0785</LatitudeDegrees><LongitudeDegrees>18.743708</LongitudeDegrees></Position><AltitudeMeters>15.716</AltitudeMeters><HeartRateBpm><Value>119</Value></HeartRateBpm></Trackpoint><Trackpoint><Time>2026-05-02T09:08:31.531Z</Time><Position><LatitudeDegrees>60.07845</LatitudeDegrees><LongitudeDegrees>18.743696</LongitudeDegrees></Position><AltitudeMeters>15.816</AltitudeMeters><HeartRateBpm><Value>118</Value></HeartRateBpm></Trackpoint><Trackpoint><Time>2026-05-02T09:08:32.537Z</Time><Position><LatitudeDegrees>60.078392</LatitudeDegrees><LongitudeDegrees>18.743704</LongitudeDegrees></Position><AltitudeMeters>15.657</AltitudeMeters><HeartRateBpm><Value>118</Value></HeartRateBpm></Trackpoint><Trackpoint><Time>2026-05-02T09:08:33.546Z</Time><Position><LatitudeDegrees>60.07834</LatitudeDegrees><LongitudeDegrees>18.743729</LongitudeDegrees></Position><AltitudeMeters>15.598</AltitudeMeters><HeartRateBpm><Value>119</Value></HeartRateBpm></Trackpoint><Trackpoint><Time>2026-05-02T09:08:34.555Z</Time><Position><LatitudeDegrees>60.078293</LatitudeDegrees><LongitudeDegrees>18.743765</LongitudeDegrees></Position><AltitudeMeters>15.368</AltitudeMeters><HeartRateBpm><Value>120</Value></HeartRateBpm></Trackpoint><Trackpoint><Time>2026-05-02T09:08:35.563Z</Time><Position><LatitudeDegrees>60.07825</LatitudeDegrees><LongitudeDegrees>18.743807</LongitudeDegrees></Position><AltitudeMeters>15.304</AltitudeMeters><HeartRateBpm><Value>120</Value></HeartRateBpm></Trackpoint><Trackpoint><Time>2026-05-02T09:08:36.571Z</Time><Position><LatitudeDegrees>60.078213</LatitudeDegrees><LongitudeDegrees>18.743864</LongitudeDegrees></Position><AltitudeMeters>15.535</AltitudeMeters><HeartRateBpm><Value>121</Value></HeartRateBpm></Trackpoint><Trackpoint><Time>2026-05-02T09:08:37.580Z</Time><Position><LatitudeDegrees>60.07817</LatitudeDegrees><LongitudeDegrees>18.743923</LongitudeDegrees></Position><AltitudeMeters>15.611</AltitudeMeters><HeartRateBpm><Value>122</Value></HeartRateBpm></Trackpoint><Trackpoint><Time>2026-05-02T09:08:38.589Z</Time><Position><LatitudeDegrees>60.078133</LatitudeDegrees><LongitudeDegrees>18.743986</LongitudeDegrees></Position><AltitudeMeters>15.595</AltitudeMeters><HeartRateBpm><Value>123</Value></HeartRateBpm></Trackpoint><Trackpoint><Time>2026-05-02T09:08:39.597Z</Time><Position><LatitudeDegrees>60.078094</LatitudeDegrees><LongitudeDegrees>18.74405</LongitudeDegrees></Position><AltitudeMeters>15.564</AltitudeMeters><HeartRateBpm><Value>123</Value></HeartRateBpm></Trackpoint><Trackpoint><Time>2026-05-02T09:08:40.607Z</Time><Position><LatitudeDegrees>60.07806</LatitudeDegrees><LongitudeDegrees>18.74411</LongitudeDegrees></Position><AltitudeMeters>15.414</AltitudeMeters><HeartRateBpm><Value>124</Value></HeartRateBpm></Trackpoint><Trackpoint><Time>2026-05-02T09:08:41.616Z</Time><Position><LatitudeDegrees>60.078026</LatitudeDegrees><LongitudeDegrees>18.744173</LongitudeDegrees></Position><AltitudeMeters>15.394</AltitudeMeters><HeartRateBpm><Value>125</Value></HeartRateBpm></Trackpoint><Trackpoint><Time>2026-05-02T09:08:42.623Z</Time><Position><LatitudeDegrees>60.077988</LatitudeDegrees><LongitudeDegrees>18.744217</LongitudeDegrees></Position><AltitudeMeters>15.223</AltitudeMeters><HeartRateBpm><Value>126</Value></HeartRateBpm></Trackpoint><Trackpoint><Time>2026-05-02T09:08:43.632Z</Time><Position><LatitudeDegrees>60.077953</LatitudeDegrees><LongitudeDegrees>18.744253</LongitudeDegrees></Position><AltitudeMeters>15.204</AltitudeMeters><HeartRateBpm><Value>126</Value></HeartRateBpm></Trackpoint><Trackpoint><Time>2026-05-02T09:08:44.641Z</Time><Position><LatitudeDegrees>60.07791</LatitudeDegrees><LongitudeDegrees>18.74428</LongitudeDegrees></Position><AltitudeMeters>15.205</AltitudeMeters><HeartRateBpm><Value>126</Value></HeartRateBpm></Trackpoint><Trackpoint><Time>2026-05-02T09:08:45.650Z</Time><Position><LatitudeDegrees>60.07787</LatitudeDegrees><LongitudeDegrees>18.744303</LongitudeDegrees></Position><AltitudeMeters>15.045</AltitudeMeters><HeartRateBpm><Value>126</Value></HeartRateBpm></Trackpoint><Trackpoint><Time>2026-05-02T09:08:46.659Z</Time><Position><LatitudeDegrees>60.077827</LatitudeDegrees><LongitudeDegrees>18.744326</LongitudeDegrees></Position><AltitudeMeters>14.946</AltitudeMeters><HeartRateBpm><Value>126</Value></HeartRateBpm></Trackpoint><Trackpoint><Time>2026-05-02T09:08:47.667Z</Time><Position><LatitudeDegrees>60.077785</LatitudeDegrees><LongitudeDegrees>18.744347</LongitudeDegrees></Position><AltitudeMeters>14.763</AltitudeMeters><HeartRateBpm><Value>125</Value></HeartRateBpm></Trackpoint><Trackpoint><Time>2026-05-02T09:08:48.674Z</Time><Position><LatitudeDegrees>60.07774</LatitudeDegrees><LongitudeDegrees>18.74438</LongitudeDegrees></Position><AltitudeMeters>14.628</AltitudeMeters><HeartRateBpm><Value>125</Value></HeartRateBpm></Trackpoint><Trackpoint><Time>2026-05-02T09:08:49.682Z</Time><Position><LatitudeDegrees>60.077698</LatitudeDegrees><LongitudeDegrees>18.744421</LongitudeDegrees></Position><AltitudeMeters>14.364</AltitudeMeters><HeartRateBpm><Value>125</Value></HeartRateBpm></Trackpoint><Trackpoint><Time>2026-05-02T09:08:50.690Z</Time><Position><LatitudeDegrees>60.077652</LatitudeDegrees><LongitudeDegrees>18.744461</LongitudeDegrees></Position><AltitudeMeters>13.953</AltitudeMeters><HeartRateBpm><Value>125</Value></HeartRateBpm></Trackpoint><Trackpoint><Time>2026-05-02T09:08:51.699Z</Time><Position><LatitudeDegrees>60.077602</LatitudeDegrees><LongitudeDegrees>18.744505</LongitudeDegrees></Position><AltitudeMeters>13.795</AltitudeMeters><HeartRateBpm><Value>125</Value></HeartRateBpm></Trackpoint><Trackpoint><Time>2026-05-02T09:08:52.708Z</Time><Position><LatitudeDegrees>60.077553</LatitudeDegrees><LongitudeDegrees>18.744553</LongitudeDegrees></Position><AltitudeMeters>13.6</AltitudeMeters><HeartRateBpm><Value>125</Value></HeartRateBpm></Trackpoint><Trackpoint><Time>2026-05-02T09:08:53.716Z</Time><Position><LatitudeDegrees>60.077507</LatitudeDegrees><LongitudeDegrees>18.744604</LongitudeDegrees></Position><AltitudeMeters>13.493</AltitudeMeters><HeartRateBpm><Value>125</Value></HeartRateBpm></Trackpoint><Trackpoint><Time>2026-05-02T09:08:54.723Z</Time><Position><LatitudeDegrees>60.077457</LatitudeDegrees><LongitudeDegrees>18.744656</LongitudeDegrees></Position><AltitudeMeters>13.299</AltitudeMeters><HeartRateBpm><Value>124</Value></HeartRateBpm></Trackpoint><Trackpoint><Time>2026-05-02T09:08:55.731Z</Time><Position><LatitudeDegrees>60.0774</LatitudeDegrees><LongitudeDegrees>18.74471</LongitudeDegrees></Position><AltitudeMeters>12.928</AltitudeMeters><HeartRateBpm><Value>124</Value></HeartRateBpm></Trackpoint><Trackpoint><Time>2026-05-02T09:08:56.739Z</Time><Position><LatitudeDegrees>60.077343</LatitudeDegrees><LongitudeDegrees>18.744766</LongitudeDegrees></Position><AltitudeMeters>12.412</AltitudeMeters><HeartRateBpm><Value>124</Value></HeartRateBpm></Trackpoint><Trackpoint><Time>2026-05-02T09:08:57.749Z</Time><Position><LatitudeDegrees>60.077282</LatitudeDegrees><LongitudeDegrees>18.744822</LongitudeDegrees></Position><AltitudeMeters>12.2</AltitudeMeters><HeartRateBpm><Value>124</Value></HeartRateBpm></Trackpoint><Trackpoint><Time>2026-05-02T09:08:58.757Z</Time><Position><LatitudeDegrees>60.07722</LatitudeDegrees><LongitudeDegrees>18.744873</LongitudeDegrees></Position><AltitudeMeters>12.249</AltitudeMeters><HeartRateBpm><Value>124</Value></HeartRateBpm></Trackpoint><Trackpoint><Time>2026-05-02T09:08:59.767Z</Time><Position><LatitudeDegrees>60.077164</LatitudeDegrees><LongitudeDegrees>18.744917</LongitudeDegrees></Position><AltitudeMeters>12.071</AltitudeMeters><HeartRateBpm><Value>124</Value></HeartRateBpm></Trackpoint><Trackpoint><Time>2026-05-02T09:09:00.768Z</Time><Position><LatitudeDegrees>60.077103</LatitudeDegrees><LongitudeDegrees>18.744957</LongitudeDegrees></Position><AltitudeMeters>11.792</AltitudeMeters><HeartRateBpm><Value>123</Value></HeartRateBpm></Trackpoint><Trackpoint><Time>2026-05-02T09:09:01.772Z</Time><Position><LatitudeDegrees>60.077045</LatitudeDegrees><LongitudeDegrees>18.744999</LongitudeDegrees></Position><AltitudeMeters>11.345</AltitudeMeters><HeartRateBpm><Value>123</Value></HeartRateBpm></Trackpoint><Trackpoint><Time>2026-05-02T09:09:02.771Z</Time><Position><LatitudeDegrees>60.07699</LatitudeDegrees><LongitudeDegrees>18.745049</LongitudeDegrees></Position><AltitudeMeters>11.045</AltitudeMeters><HeartRateBpm><Value>123</Value></HeartRateBpm></Trackpoint><Trackpoint><Time>2026-05-02T09:09:03.771Z</Time><Position><LatitudeDegrees>60.076927</LatitudeDegrees><LongitudeDegrees>18.745104</LongitudeDegrees></Position><AltitudeMeters>10.88</AltitudeMeters><HeartRateBpm><Value>123</Value></HeartRateBpm></Trackpoint><Trackpoint><Time>2026-05-02T09:09:04.775Z</Time><Position><LatitudeDegrees>60.076862</LatitudeDegrees><LongitudeDegrees>18.745163</LongitudeDegrees></Position><AltitudeMeters>10.532</AltitudeMeters><HeartRateBpm><Value>123</Value></HeartRateBpm></Trackpoint><Trackpoint><Time>2026-05-02T09:09:05.773Z</Time><Position><LatitudeDegrees>60.0768</LatitudeDegrees><LongitudeDegrees>18.74522</LongitudeDegrees></Position><AltitudeMeters>10.689</AltitudeMeters><HeartRateBpm><Value>122</Value></HeartRateBpm></Trackpoint><Trackpoint><Time>2026-05-02T09:09:06.774Z</Time><Position><LatitudeDegrees>60.076736</LatitudeDegrees><LongitudeDegrees>18.745275</LongitudeDegrees></Position><AltitudeMeters>11.444</AltitudeMeters><HeartRateBpm><Value>122</Value></HeartRateBpm></Trackpoint><Trackpoint><Time>2026-05-02T09:09:07.778Z</Time><Position><LatitudeDegrees>60.076675</LatitudeDegrees><LongitudeDegrees>18.745329</LongitudeDegrees></Position><AltitudeMeters>11.448</AltitudeMeters><HeartRateBpm><Value>122</Value></HeartRateBpm></Trackpoint><Trackpoint><Time>2026-05-02T09:09:08.777Z</Time><Position><LatitudeDegrees>60.076614</LatitudeDegrees><LongitudeDegrees>18.74538</LongitudeDegrees></Position><AltitudeMeters>11.804</AltitudeMeters><HeartRateBpm><Value>121</Value></HeartRateBpm></Trackpoint><Trackpoint><Time>2026-05-02T09:09:09.777Z</Time><Position><LatitudeDegrees>60.076557</LatitudeDegrees><LongitudeDegrees>18.745428</LongitudeDegrees></Position><AltitudeMeters>11.76</AltitudeMeters><HeartRateBpm><Value>121</Value></HeartRateBpm></Trackpoint><Trackpoint><Time>2026-05-02T09:09:10.781Z</Time><Position><LatitudeDegrees>60.076508</LatitudeDegrees><LongitudeDegrees>18.745478</LongitudeDegrees></Position><AltitudeMeters>11.935</AltitudeMeters><HeartRateBpm><Value>121</Value></HeartRateBpm></Trackpoint><Trackpoint><Time>2026-05-02T09:09:11.780Z</Time><Position><LatitudeDegrees>60.076466</LatitudeDegrees><LongitudeDegrees>18.745525</LongitudeDegrees></Position><AltitudeMeters>12.227</AltitudeMeters><HeartRateBpm><Value>121</Value></HeartRateBpm></Trackpoint><Trackpoint><Time>2026-05-02T09:09:12.780Z</Time><Position><LatitudeDegrees>60.076427</LatitudeDegrees><LongitudeDegrees>18.745579</LongitudeDegrees></Position><AltitudeMeters>11.209</AltitudeMeters><HeartRateBpm><Value>121</Value></HeartRateBpm></Trackpoint><Trackpoint><Time>2026-05-02T09:09:13.783Z</Time><Position><LatitudeDegrees>60.076393</LatitudeDegrees><LongitudeDegrees>18.74563</LongitudeDegrees></Position><AltitudeMeters>10.439</AltitudeMeters><HeartRateBpm><Value>121</Value></HeartRateBpm></Trackpoint><Trackpoint><Time>2026-05-02T09:09:14.783Z</Time><Position><LatitudeDegrees>60.076355</LatitudeDegrees><LongitudeDegrees>18.745695</LongitudeDegrees></Position><AltitudeMeters>10.363</AltitudeMeters><HeartRateBpm><Value>121</Value></HeartRateBpm></Trackpoint><Trackpoint><Time>2026-05-02T09:09:15.783Z</Time><Position><LatitudeDegrees>60.076317</LatitudeDegrees><LongitudeDegrees>18.745764</LongitudeDegrees></Position><AltitudeMeters>10.472</AltitudeMeters><HeartRateBpm><Value>121</Value></HeartRateBpm></Trackpoint><Trackpoint><Time>2026-05-02T09:09:16.786Z</Time><Position><LatitudeDegrees>60.076275</LatitudeDegrees><LongitudeDegrees>18.745832</LongitudeDegrees></Position><AltitudeMeters>10.596</AltitudeMeters><HeartRateBpm><Value>121</Value></HeartRateBpm></Trackpoint><Trackpoint><Time>2026-05-02T09:09:17.787Z</Time><Position><LatitudeDegrees>60.076233</LatitudeDegrees><LongitudeDegrees>18.745905</LongitudeDegrees></Position><AltitudeMeters>10.219</AltitudeMeters><HeartRateBpm><Value>120</Value></HeartRateBpm></Trackpoint><Trackpoint><Time>2026-05-02T09:09:18.787Z</Time><Position><LatitudeDegrees>60.076187</LatitudeDegrees><LongitudeDegrees>18.745977</LongitudeDegrees></Position><AltitudeMeters>9.877</AltitudeMeters><HeartRateBpm><Value>119</Value></HeartRateBpm></Trackpoint><Trackpoint><Time>2026-05-02T09:09:19.789Z</Time><Position><LatitudeDegrees>60.07615</LatitudeDegrees><LongitudeDegrees>18.746044</LongitudeDegrees></Position><AltitudeMeters>9.861</AltitudeMeters><HeartRateBpm><Value>119</Value></HeartRateBpm></Trackpoint><Trackpoint><Time>2026-05-02T09:09:20.789Z</Time><Position><LatitudeDegrees>60.076107</LatitudeDegrees><LongitudeDegrees>18.746107</LongitudeDegrees></Position><AltitudeMeters>9.93</AltitudeMeters><HeartRateBpm><Value>119</Value></HeartRateBpm></Trackpoint><Trackpoint><Time>2026-05-02T09:09:21.789Z</Time><Position><LatitudeDegrees>60.076065</LatitudeDegrees><LongitudeDegrees>18.746159</LongitudeDegrees></Position><AltitudeMeters>9.82</AltitudeMeters><HeartRateBpm><Value>119</Value></HeartRateBpm></Trackpoint><Trackpoint><Time>2026-05-02T09:09:22.794Z</Time><Position><LatitudeDegrees>60.076023</LatitudeDegrees><LongitudeDegrees>18.746199</LongitudeDegrees></Position><AltitudeMeters>9.742</AltitudeMeters><HeartRateBpm><Value>120</Value></HeartRateBpm></Trackpoint><Trackpoint><Time>2026-05-02T09:09:23.801Z</Time><Position><LatitudeDegrees>60.07598</LatitudeDegrees><LongitudeDegrees>18.746231</LongitudeDegrees></Position><AltitudeMeters>9.859</AltitudeMeters><HeartRateBpm><Value>120</Value></HeartRateBpm></Trackpoint><Trackpoint><Time>2026-05-02T09:09:24.810Z</Time><Position><LatitudeDegrees>60.075943</LatitudeDegrees><LongitudeDegrees>18.746267</LongitudeDegrees></Position><AltitudeMeters>9.92</AltitudeMeters><HeartRateBpm><Value>121</Value></HeartRateBpm></Trackpoint><Trackpoint><Time>2026-05-02T09:09:25.818Z</Time><Position><LatitudeDegrees>60.07591</LatitudeDegrees><LongitudeDegrees>18.7463</LongitudeDegrees></Position><AltitudeMeters>10.104</AltitudeMeters><HeartRateBpm><Value>121</Value></HeartRateBpm></Trackpoint><Trackpoint><Time>2026-05-02T09:09:26.828Z</Time><Position><LatitudeDegrees>60.075867</LatitudeDegrees><LongitudeDegrees>18.746313</LongitudeDegrees></Position><AltitudeMeters>10.154</AltitudeMeters><HeartRateBpm><Value>122</Value></HeartRateBpm></Trackpoint><Trackpoint><Time>2026-05-02T09:09:27.837Z</Time><Position><LatitudeDegrees>60.075817</LatitudeDegrees><LongitudeDegrees>18.746304</LongitudeDegrees></Position><AltitudeMeters>10.94</AltitudeMeters><HeartRateBpm><Value>123</Value></HeartRateBpm></Trackpoint><Trackpoint><Time>2026-05-02T09:09:28.847Z</Time><Position><LatitudeDegrees>60.07576</LatitudeDegrees><LongitudeDegrees>18.746284</LongitudeDegrees></Position><AltitudeMeters>11.396</AltitudeMeters><HeartRateBpm><Value>123</Value></HeartRateBpm></Trackpoint><Trackpoint><Time>2026-05-02T09:09:29.854Z</Time><Position><LatitudeDegrees>60.075703</LatitudeDegrees><LongitudeDegrees>18.746252</LongitudeDegrees></Position><AltitudeMeters>11.392</AltitudeMeters><HeartRateBpm><Value>123</Value></HeartRateBpm></Trackpoint><Trackpoint><Time>2026-05-02T09:09:30.861Z</Time><Position><LatitudeDegrees>60.07564</LatitudeDegrees><LongitudeDegrees>18.746212</LongitudeDegrees></Position><AltitudeMeters>11.33</AltitudeMeters><HeartRateBpm><Value>123</Value></HeartRateBpm></Trackpoint><Trackpoint><Time>2026-05-02T09:09:31.870Z</Time><Position><LatitudeDegrees>60.075584</LatitudeDegrees><LongitudeDegrees>18.746168</LongitudeDegrees></Position><AltitudeMeters>11.316</AltitudeMeters><HeartRateBpm><Value>123</Value></HeartRateBpm></Trackpoint><Trackpoint><Time>2026-05-02T09:09:32.879Z</Time><Position><LatitudeDegrees>60.07553</LatitudeDegrees><LongitudeDegrees>18.746136</LongitudeDegrees></Position><AltitudeMeters>11.671</AltitudeMeters><HeartRateBpm><Value>124</Value></HeartRateBpm></Trackpoint><Trackpoint><Time>2026-05-02T09:09:33.886Z</Time><Position><LatitudeDegrees>60.07548</LatitudeDegrees><LongitudeDegrees>18.746107</LongitudeDegrees></Position><AltitudeMeters>11.743</AltitudeMeters><HeartRateBpm><Value>124</Value></HeartRateBpm></Trackpoint><Trackpoint><Time>2026-05-02T09:09:34.896Z</Time><Position><LatitudeDegrees>60.07543</LatitudeDegrees><LongitudeDegrees>18.746067</LongitudeDegrees></Position><AltitudeMeters>11.432</AltitudeMeters><HeartRateBpm><Value>123</Value></HeartRateBpm></Trackpoint><Trackpoint><Time>2026-05-02T09:09:35.905Z</Time><Position><LatitudeDegrees>60.07539</LatitudeDegrees><LongitudeDegrees>18.746006</LongitudeDegrees></Position><AltitudeMeters>10.865</AltitudeMeters><HeartRateBpm><Value>123</Value></HeartRateBpm></Trackpoint><Trackpoint><Time>2026-05-02T09:09:36.912Z</Time><Position><LatitudeDegrees>60.07535</LatitudeDegrees><LongitudeDegrees>18.745941</LongitudeDegrees></Position><AltitudeMeters>10.297</AltitudeMeters><HeartRateBpm><Value>123</Value></HeartRateBpm></Trackpoint><Trackpoint><Time>2026-05-02T09:09:37.921Z</Time><Position><LatitudeDegrees>60.075314</LatitudeDegrees><LongitudeDegrees>18.745876</LongitudeDegrees></Position><AltitudeMeters>10.247</AltitudeMeters><HeartRateBpm><Value>123</Value></HeartRateBpm></Trackpoint><Trackpoint><Time>2026-05-02T09:09:38.930Z</Time><Position><LatitudeDegrees>60.075275</LatitudeDegrees><LongitudeDegrees>18.745811</LongitudeDegrees></Position><AltitudeMeters>10.487</AltitudeMeters><HeartRateBpm><Value>123</Value></HeartRateBpm></Trackpoint><Trackpoint><Time>2026-05-02T09:09:39.937Z</Time><Position><LatitudeDegrees>60.075237</LatitudeDegrees><LongitudeDegrees>18.745749</LongitudeDegrees></Position><AltitudeMeters>10.733</AltitudeMeters><HeartRateBpm><Value>123</Value></HeartRateBpm></Trackpoint><Trackpoint><Time>2026-05-02T09:09:40.946Z</Time><Position><LatitudeDegrees>60.075203</LatitudeDegrees><LongitudeDegrees>18.745686</LongitudeDegrees></Position><AltitudeMeters>10.716</AltitudeMeters><HeartRateBpm><Value>123</Value></HeartRateBpm></Trackpoint><Trackpoint><Time>2026-05-02T09:09:41.953Z</Time><Position><LatitudeDegrees>60.075172</LatitudeDegrees><LongitudeDegrees>18.745626</LongitudeDegrees></Position><AltitudeMeters>10.885</AltitudeMeters><HeartRateBpm><Value>123</Value></HeartRateBpm></Trackpoint><Trackpoint><Time>2026-05-02T09:09:42.964Z</Time><Position><LatitudeDegrees>60.075138</LatitudeDegrees><LongitudeDegrees>18.745564</LongitudeDegrees></Position><AltitudeMeters>11.224</AltitudeMeters><HeartRateBpm><Value>124</Value></HeartRateBpm></Trackpoint><Trackpoint><Time>2026-05-02T09:09:43.971Z</Time><Position><LatitudeDegrees>60.0751</LatitudeDegrees><LongitudeDegrees>18.745512</LongitudeDegrees></Position><AltitudeMeters>11.369</AltitudeMeters><HeartRateBpm><Value>124</Value></HeartRateBpm></Trackpoint><Trackpoint><Time>2026-05-02T09:09:44.979Z</Time><Position><LatitudeDegrees>60.07506</LatitudeDegrees><LongitudeDegrees>18.745466</LongitudeDegrees></Position><AltitudeMeters>11.476</AltitudeMeters><HeartRateBpm><Value>124</Value></HeartRateBpm></Trackpoint><Trackpoint><Time>2026-05-02T09:09:45.988Z</Time><Position><LatitudeDegrees>60.075024</LatitudeDegrees><LongitudeDegrees>18.745415</LongitudeDegrees></Position><AltitudeMeters>12.027</AltitudeMeters><HeartRateBpm><Value>125</Value></HeartRateBpm></Trackpoint><Trackpoint><Time>2026-05-02T09:09:46.996Z</Time><Position><LatitudeDegrees>60.074986</LatitudeDegrees><LongitudeDegrees>18.745361</LongitudeDegrees></Position><AltitudeMeters>12.633</AltitudeMeters><HeartRateBpm><Value>125</Value></HeartRateBpm></Trackpoint><Trackpoint><Time>2026-05-02T09:09:48.005Z</Time><Position><LatitudeDegrees>60.07495</LatitudeDegrees><LongitudeDegrees>18.745312</LongitudeDegrees></Position><AltitudeMeters>12.056</AltitudeMeters><HeartRateBpm><Value>125</Value></HeartRateBpm></Trackpoint><Trackpoint><Time>2026-05-02T09:09:49.012Z</Time><Position><LatitudeDegrees>60.07491</LatitudeDegrees><LongitudeDegrees>18.745272</LongitudeDegrees></Position><AltitudeMeters>11.468</AltitudeMeters><HeartRateBpm><Value>125</Value></HeartRateBpm></Trackpoint><Trackpoint><Time>2026-05-02T09:09:50.021Z</Time><Position><LatitudeDegrees>60.074875</LatitudeDegrees><LongitudeDegrees>18.745228</LongitudeDegrees></Position><AltitudeMeters>11.435</AltitudeMeters><HeartRateBpm><Value>125</Value></HeartRateBpm></Trackpoint><Trackpoint><Time>2026-05-02T09:09:51.029Z</Time><Position><LatitudeDegrees>60.074837</LatitudeDegrees><LongitudeDegrees>18.745184</LongitudeDegrees></Position><AltitudeMeters>11.356</AltitudeMeters><HeartRateBpm><Value>125</Value></HeartRateBpm></Trackpoint><Trackpoint><Time>2026-05-02T09:09:52.037Z</Time><Position><LatitudeDegrees>60.074795</LatitudeDegrees><LongitudeDegrees>18.745144</LongitudeDegrees></Position><AltitudeMeters>11.353</AltitudeMeters><HeartRateBpm><Value>125</Value></HeartRateBpm></Trackpoint><Trackpoint><Time>2026-05-02T09:09:53.047Z</Time><Position><LatitudeDegrees>60.074757</LatitudeDegrees><LongitudeDegrees>18.745104</LongitudeDegrees></Position><AltitudeMeters>11.349</AltitudeMeters><HeartRateBpm><Value>125</Value></HeartRateBpm></Trackpoint><Trackpoint><Time>2026-05-02T09:09:54.056Z</Time><Position><LatitudeDegrees>60.074722</LatitudeDegrees><LongitudeDegrees>18.74505</LongitudeDegrees></Position><AltitudeMeters>11.278</AltitudeMeters><HeartRateBpm><Value>125</Value></HeartRateBpm></Trackpoint><Trackpoint><Time>2026-05-02T09:09:55.062Z</Time><Position><LatitudeDegrees>60.074684</LatitudeDegrees><LongitudeDegrees>18.744997</LongitudeDegrees></Position><AltitudeMeters>11.09</AltitudeMeters><HeartRateBpm><Value>125</Value></HeartRateBpm></Trackpoint><Trackpoint><Time>2026-05-02T09:09:56.070Z</Time><Position><LatitudeDegrees>60.07465</LatitudeDegrees><LongitudeDegrees>18.744953</LongitudeDegrees></Position><AltitudeMeters>11.054</AltitudeMeters><HeartRateBpm><Value>125</Value></HeartRateBpm></Trackpoint><Trackpoint><Time>2026-05-02T09:09:57.080Z</Time><Position><LatitudeDegrees>60.07461</LatitudeDegrees><LongitudeDegrees>18.744923</LongitudeDegrees></Position><AltitudeMeters>10.951</AltitudeMeters><HeartRateBpm><Value>126</Value></HeartRateBpm></Trackpoint><Trackpoint><Time>2026-05-02T09:09:58.089Z</Time><Position><LatitudeDegrees>60.074577</LatitudeDegrees><LongitudeDegrees>18.744896</LongitudeDegrees></Position><AltitudeMeters>11.153</AltitudeMeters><HeartRateBpm><Value>127</Value></HeartRateBpm></Trackpoint><Trackpoint><Time>2026-05-02T09:09:59.098Z</Time><Position><LatitudeDegrees>60.07454</LatitudeDegrees><LongitudeDegrees>18.74487</LongitudeDegrees></Position><AltitudeMeters>10.973</AltitudeMeters><HeartRateBpm><Value>127</Value></HeartRateBpm></Trackpoint><Trackpoint><Time>2026-05-02T09:10:00.107Z</Time><Position><LatitudeDegrees>60.0745</LatitudeDegrees><LongitudeDegrees>18.744843</LongitudeDegrees></Position><AltitudeMeters>11.17</AltitudeMeters><HeartRateBpm><Value>128</Value></HeartRateBpm></Trackpoint><Trackpoint><Time>2026-05-02T09:10:01.115Z</Time><Position><LatitudeDegrees>60.07446</LatitudeDegrees><LongitudeDegrees>18.744822</LongitudeDegrees></Position><AltitudeMeters>10.814</AltitudeMeters><HeartRateBpm><Value>129</Value></HeartRateBpm></Trackpoint><Trackpoint><Time>2026-05-02T09:10:02.121Z</Time><Position><LatitudeDegrees>60.07442</LatitudeDegrees><LongitudeDegrees>18.744804</LongitudeDegrees></Position><AltitudeMeters>10.484</AltitudeMeters><HeartRateBpm><Value>129</Value></HeartRateBpm></Trackpoint><Trackpoint><Time>2026-05-02T09:10:03.130Z</Time><Position><LatitudeDegrees>60.074387</LatitudeDegrees><LongitudeDegrees>18.74479</LongitudeDegrees></Position><AltitudeMeters>10.924</AltitudeMeters><HeartRateBpm><Value>129</Value></HeartRateBpm></Trackpoint><Trackpoint><Time>2026-05-02T09:10:04.137Z</Time><Position><LatitudeDegrees>60.07435</LatitudeDegrees><LongitudeDegrees>18.744772</LongitudeDegrees></Position><AltitudeMeters>11.191</AltitudeMeters><HeartRateBpm><Value>129</Value></HeartRateBpm></Trackpoint><Trackpoint><Time>2026-05-02T09:10:05.138Z</Time><Position><LatitudeDegrees>60.07431</LatitudeDegrees><LongitudeDegrees>18.74475</LongitudeDegrees></Position><AltitudeMeters>10.957</AltitudeMeters><HeartRateBpm><Value>130</Value></HeartRateBpm></Trackpoint><Trackpoint><Time>2026-05-02T09:10:06.137Z</Time><Position><LatitudeDegrees>60.074272</LatitudeDegrees><LongitudeDegrees>18.744719</LongitudeDegrees></Position><AltitudeMeters>11.151</AltitudeMeters><HeartRateBpm><Value>130</Value></HeartRateBpm></Trackpoint><Trackpoint><Time>2026-05-02T09:10:07.146Z</Time><Position><LatitudeDegrees>60.074238</LatitudeDegrees><LongitudeDegrees>18.744686</LongitudeDegrees></Position><AltitudeMeters>11.137</AltitudeMeters><HeartRateBpm><Value>130</Value></HeartRateBpm></Trackpoint><Trackpoint><Time>2026-05-02T09:10:08.152Z</Time><Position><LatitudeDegrees>60.074203</LatitudeDegrees><LongitudeDegrees>18.744656</LongitudeDegrees></Position><AltitudeMeters>10.71</AltitudeMeters><HeartRateBpm><Value>130</Value></HeartRateBpm></Trackpoint><Trackpoint><Time>2026-05-02T09:10:09.160Z</Time><Position><LatitudeDegrees>60.07417</LatitudeDegrees><LongitudeDegrees>18.744627</LongitudeDegrees></Position><AltitudeMeters>10.521</AltitudeMeters><HeartRateBpm><Value>131</Value></HeartRateBpm></Trackpoint><Trackpoint><Time>2026-05-02T09:10:10.169Z</Time><Position><LatitudeDegrees>60.07414</LatitudeDegrees><LongitudeDegrees>18.744595</LongitudeDegrees></Position><AltitudeMeters>10.052</AltitudeMeters><HeartRateBpm><Value>132</Value></HeartRateBpm></Trackpoint><Trackpoint><Time>2026-05-02T09:10:11.176Z</Time><Position><LatitudeDegrees>60.07411</LatitudeDegrees><LongitudeDegrees>18.744555</LongitudeDegrees></Position><AltitudeMeters>10.093</AltitudeMeters><HeartRateBpm><Value>132</Value></HeartRateBpm></Trackpoint><Trackpoint><Time>2026-05-02T09:10:12.185Z</Time><Position><LatitudeDegrees>60.074078</LatitudeDegrees><LongitudeDegrees>18.74451</LongitudeDegrees></Position><AltitudeMeters>9.832</AltitudeMeters><HeartRateBpm><Value>133</Value></HeartRateBpm></Trackpoint><Trackpoint><Time>2026-05-02T09:10:13.191Z</Time><Position><LatitudeDegrees>60.074047</LatitudeDegrees><LongitudeDegrees>18.74446</LongitudeDegrees></Position><AltitudeMeters>9.5</AltitudeMeters><HeartRateBpm><Value>133</Value></HeartRateBpm></Trackpoint><Trackpoint><Time>2026-05-02T09:10:14.200Z</Time><Position><LatitudeDegrees>60.07402</LatitudeDegrees><LongitudeDegrees>18.744404</LongitudeDegrees></Position><AltitudeMeters>9.751</AltitudeMeters><HeartRateBpm><Value>133</Value></HeartRateBpm></Trackpoint><Trackpoint><Time>2026-05-02T09:10:15.210Z</Time><Position><LatitudeDegrees>60.073994</LatitudeDegrees><LongitudeDegrees>18.744339</LongitudeDegrees></Position><AltitudeMeters>10.8</AltitudeMeters><HeartRateBpm><Value>134</Value></HeartRateBpm></Trackpoint><Trackpoint><Time>2026-05-02T09:10:16.218Z</Time><Position><LatitudeDegrees>60.073967</LatitudeDegrees><LongitudeDegrees>18.744272</LongitudeDegrees></Position><AltitudeMeters>10.986</AltitudeMeters><HeartRateBpm><Value>134</Value></HeartRateBpm></Trackpoint><Trackpoint><Time>2026-05-02T09:10:17.227Z</Time><Position><LatitudeDegrees>60.073944</LatitudeDegrees><LongitudeDegrees>18.744205</LongitudeDegrees></Position><AltitudeMeters>11.512</AltitudeMeters><HeartRateBpm><Value>135</Value></HeartRateBpm></Trackpoint><Trackpoint><Time>2026-05-02T09:10:18.229Z</Time><Position><LatitudeDegrees>60.073925</LatitudeDegrees><LongitudeDegrees>18.744139</LongitudeDegrees></Position><AltitudeMeters>12.075</AltitudeMeters><HeartRateBpm><Value>135</Value></HeartRateBpm></Trackpoint><Trackpoint><Time>2026-05-02T09:10:19.229Z</Time><Position><LatitudeDegrees>60.073902</LatitudeDegrees><LongitudeDegrees>18.744074</LongitudeDegrees></Position><AltitudeMeters>11.749</AltitudeMeters><HeartRateBpm><Value>136</Value></HeartRateBpm></Trackpoint><Trackpoint><Time>2026-05-02T09:10:20.230Z</Time><Position><LatitudeDegrees>60.073875</LatitudeDegrees><LongitudeDegrees>18.744009</LongitudeDegrees></Position><AltitudeMeters>11.693</AltitudeMeters><HeartRateBpm><Value>136</Value></HeartRateBpm></Trackpoint><Trackpoint><Time>2026-05-02T09:10:21.230Z</Time><Position><LatitudeDegrees>60.073853</LatitudeDegrees><LongitudeDegrees>18.743942</LongitudeDegrees></Position><AltitudeMeters>11.039</AltitudeMeters><HeartRateBpm><Value>136</Value></HeartRateBpm></Trackpoint><Trackpoint><Time>2026-05-02T09:10:22.234Z</Time><Position><LatitudeDegrees>60.073833</LatitudeDegrees><LongitudeDegrees>18.74388</LongitudeDegrees></Position><AltitudeMeters>10.248</AltitudeMeters><HeartRateBpm><Value>137</Value></HeartRateBpm></Trackpoint><Trackpoint><Time>2026-05-02T09:10:23.231Z</Time><Position><LatitudeDegrees>60.073807</LatitudeDegrees><LongitudeDegrees>18.743816</LongitudeDegrees></Position><AltitudeMeters>10.306</AltitudeMeters><HeartRateBpm><Value>138</Value></HeartRateBpm></Trackpoint><Trackpoint><Time>2026-05-02T09:10:24.237Z</Time><Position><LatitudeDegrees>60.07378</LatitudeDegrees><LongitudeDegrees>18.743755</LongitudeDegrees></Position><AltitudeMeters>10.896</AltitudeMeters><HeartRateBpm><Value>138</Value></HeartRateBpm></Trackpoint><Trackpoint><Time>2026-05-02T09:10:25.246Z</Time><Position><LatitudeDegrees>60.07375</LatitudeDegrees><LongitudeDegrees>18.743696</LongitudeDegrees></Position><AltitudeMeters>10.891</AltitudeMeters><HeartRateBpm><Value>138</Value></HeartRateBpm></Trackpoint><Trackpoint><Time>2026-05-02T09:10:26.255Z</Time><Position><LatitudeDegrees>60.073727</LatitudeDegrees><LongitudeDegrees>18.743643</LongitudeDegrees></Position><AltitudeMeters>11.654</AltitudeMeters><HeartRateBpm><Value>139</Value></HeartRateBpm></Trackpoint><Trackpoint><Time>2026-05-02T09:10:27.262Z</Time><Position><LatitudeDegrees>60.0737</LatitudeDegrees><LongitudeDegrees>18.743607</LongitudeDegrees></Position><AltitudeMeters>11.806</AltitudeMeters><HeartRateBpm><Value>138</Value></HeartRateBpm></Trackpoint><Trackpoint><Time>2026-05-02T09:10:28.270Z</Time><Position><LatitudeDegrees>60.073673</LatitudeDegrees><LongitudeDegrees>18.743582</LongitudeDegrees></Position><AltitudeMeters>11.474</AltitudeMeters><HeartRateBpm><Value>138</Value></HeartRateBpm></Trackpoint><Trackpoint><Time>2026-05-02T09:10:29.277Z</Time><Position><LatitudeDegrees>60.073643</LatitudeDegrees><LongitudeDegrees>18.743567</LongitudeDegrees></Position><AltitudeMeters>11.544</AltitudeMeters><HeartRateBpm><Value>137</Value></HeartRateBpm></Trackpoint><Trackpoint><Time>2026-05-02T09:10:30.286Z</Time><Position><LatitudeDegrees>60.073612</LatitudeDegrees><LongitudeDegrees>18.743551</LongitudeDegrees></Position><AltitudeMeters>11.357</AltitudeMeters><HeartRateBpm><Value>137</Value></HeartRateBpm></Trackpoint><Trackpoint><Time>2026-05-02T09:10:31.296Z</Time><Position><LatitudeDegrees>60.073578</LatitudeDegrees><LongitudeDegrees>18.743538</LongitudeDegrees></Position><AltitudeMeters>11.663</AltitudeMeters><HeartRateBpm><Value>137</Value></HeartRateBpm></Trackpoint><Trackpoint><Time>2026-05-02T09:10:32.304Z</Time><Position><LatitudeDegrees>60.073547</LatitudeDegrees><LongitudeDegrees>18.743528</LongitudeDegrees></Position><AltitudeMeters>11.679</AltitudeMeters><HeartRateBpm><Value>136</Value></HeartRateBpm></Trackpoint><Trackpoint><Time>2026-05-02T09:10:33.311Z</Time><Position><LatitudeDegrees>60.07351</LatitudeDegrees><LongitudeDegrees>18.74353</LongitudeDegrees></Position><AltitudeMeters>11.588</AltitudeMeters><HeartRateBpm><Value>136</Value></HeartRateBpm></Trackpoint><Trackpoint><Time>2026-05-02T09:10:34.319Z</Time><Position><LatitudeDegrees>60.073475</LatitudeDegrees><LongitudeDegrees>18.743536</LongitudeDegrees></Position><AltitudeMeters>11.576</AltitudeMeters><HeartRateBpm><Value>136</Value></HeartRateBpm></Trackpoint><Trackpoint><Time>2026-05-02T09:10:35.329Z</Time><Position><LatitudeDegrees>60.07344</LatitudeDegrees><LongitudeDegrees>18.743542</LongitudeDegrees></Position><AltitudeMeters>11.48</AltitudeMeters><HeartRateBpm><Value>136</Value></HeartRateBpm></Trackpoint><Trackpoint><Time>2026-05-02T09:10:36.336Z</Time><Position><LatitudeDegrees>60.073406</LatitudeDegrees><LongitudeDegrees>18.743553</LongitudeDegrees></Position><AltitudeMeters>11.507</AltitudeMeters><HeartRateBpm><Value>137</Value></HeartRateBpm></Trackpoint><Trackpoint><Time>2026-05-02T09:10:37.343Z</Time><Position><LatitudeDegrees>60.07337</LatitudeDegrees><LongitudeDegrees>18.743565</LongitudeDegrees></Position><AltitudeMeters>11.604</AltitudeMeters><HeartRateBpm><Value>137</Value></HeartRateBpm></Trackpoint><Trackpoint><Time>2026-05-02T09:10:38.350Z</Time><Position><LatitudeDegrees>60.073338</LatitudeDegrees><LongitudeDegrees>18.743578</LongitudeDegrees></Position><AltitudeMeters>11.553</AltitudeMeters><HeartRateBpm><Value>137</Value></HeartRateBpm></Trackpoint><Trackpoint><Time>2026-05-02T09:10:39.359Z</Time><Position><LatitudeDegrees>60.073303</LatitudeDegrees><LongitudeDegrees>18.743593</LongitudeDegrees></Position><AltitudeMeters>11.446</AltitudeMeters><HeartRateBpm><Value>137</Value></HeartRateBpm></Trackpoint><Trackpoint><Time>2026-05-02T09:10:40.368Z</Time><Position><LatitudeDegrees>60.073273</LatitudeDegrees><LongitudeDegrees>18.743608</LongitudeDegrees></Position><AltitudeMeters>11.565</AltitudeMeters><HeartRateBpm><Value>138</Value></HeartRateBpm></Trackpoint><Trackpoint><Time>2026-05-02T09:10:41.377Z</Time><Position><LatitudeDegrees>60.073242</LatitudeDegrees><LongitudeDegrees>18.743628</LongitudeDegrees></Position><AltitudeMeters>11.745</AltitudeMeters><HeartRateBpm><Value>138</Value></HeartRateBpm></Trackpoint><Trackpoint><Time>2026-05-02T09:10:42.386Z</Time><Position><LatitudeDegrees>60.073208</LatitudeDegrees><LongitudeDegrees>18.743643</LongitudeDegrees></Position><AltitudeMeters>11.982</AltitudeMeters><HeartRateBpm><Value>138</Value></HeartRateBpm></Trackpoint><Trackpoint><Time>2026-05-02T09:10:43.393Z</Time><Position><LatitudeDegrees>60.073174</LatitudeDegrees><LongitudeDegrees>18.743658</LongitudeDegrees></Position><AltitudeMeters>12.22</AltitudeMeters><HeartRateBpm><Value>138</Value></HeartRateBpm></Trackpoint><Trackpoint><Time>2026-05-02T09:10:44.401Z</Time><Position><LatitudeDegrees>60.073143</LatitudeDegrees><LongitudeDegrees>18.743675</LongitudeDegrees></Position><AltitudeMeters>12.313</AltitudeMeters><HeartRateBpm><Value>138</Value></HeartRateBpm></Trackpoint><Trackpoint><Time>2026-05-02T09:10:45.410Z</Time><Position><LatitudeDegrees>60.07311</LatitudeDegrees><LongitudeDegrees>18.743692</LongitudeDegrees></Position><AltitudeMeters>12.381</AltitudeMeters><HeartRateBpm><Value>139</Value></HeartRateBpm></Trackpoint><Trackpoint><Time>2026-05-02T09:10:46.419Z</Time><Position><LatitudeDegrees>60.07308</LatitudeDegrees><LongitudeDegrees>18.74371</LongitudeDegrees></Position><AltitudeMeters>12.528</AltitudeMeters><HeartRateBpm><Value>139</Value></HeartRateBpm></Trackpoint><Trackpoint><Time>2026-05-02T09:10:47.427Z</Time><Position><LatitudeDegrees>60.073044</LatitudeDegrees><LongitudeDegrees>18.743727</LongitudeDegrees></Position><AltitudeMeters>12.712</AltitudeMeters><HeartRateBpm><Value>139</Value></HeartRateBpm></Trackpoint><Trackpoint><Time>2026-05-02T09:10:48.436Z</Time><Position><LatitudeDegrees>60.073013</LatitudeDegrees><LongitudeDegrees>18.743744</LongitudeDegrees></Position><AltitudeMeters>13.155</AltitudeMeters><HeartRateBpm><Value>139</Value></HeartRateBpm></Trackpoint><Trackpoint><Time>2026-05-02T09:10:49.445Z</Time><Position><LatitudeDegrees>60.07298</LatitudeDegrees><LongitudeDegrees>18.743761</LongitudeDegrees></Position><AltitudeMeters>13.483</AltitudeMeters><HeartRateBpm><Value>139</Value></HeartRateBpm></Trackpoint><Trackpoint><Time>2026-05-02T09:10:50.454Z</Time><Position><LatitudeDegrees>60.07295</LatitudeDegrees><LongitudeDegrees>18.743778</LongitudeDegrees></Position><AltitudeMeters>13.639</AltitudeMeters><HeartRateBpm><Value>138</Value></HeartRateBpm></Trackpoint><Trackpoint><Time>2026-05-02T09:10:51.462Z</Time><Position><LatitudeDegrees>60.072918</LatitudeDegrees><LongitudeDegrees>18.743793</LongitudeDegrees></Position><AltitudeMeters>13.955</AltitudeMeters><HeartRateBpm><Value>138</Value></HeartRateBpm></Trackpoint><Trackpoint><Time>2026-05-02T09:10:52.470Z</Time><Position><LatitudeDegrees>60.072887</LatitudeDegrees><LongitudeDegrees>18.743809</LongitudeDegrees></Position><AltitudeMeters>14.682</AltitudeMeters><HeartRateBpm><Value>139</Value></HeartRateBpm></Trackpoint><Trackpoint><Time>2026-05-02T09:10:53.478Z</Time><Position><LatitudeDegrees>60.07286</LatitudeDegrees><LongitudeDegrees>18.743822</LongitudeDegrees></Position><AltitudeMeters>15.289</AltitudeMeters><HeartRateBpm><Value>139</Value></HeartRateBpm></Trackpoint><Trackpoint><Time>2026-05-02T09:10:54.487Z</Time><Position><LatitudeDegrees>60.072826</LatitudeDegrees><LongitudeDegrees>18.74384</LongitudeDegrees></Position><AltitudeMeters>15.727</AltitudeMeters><HeartRateBpm><Value>140</Value></HeartRateBpm></Trackpoint><Trackpoint><Time>2026-05-02T09:10:55.493Z</Time><Position><LatitudeDegrees>60.072796</LatitudeDegrees><LongitudeDegrees>18.743855</LongitudeDegrees></Position><AltitudeMeters>16.064</AltitudeMeters><HeartRateBpm><Value>141</Value></HeartRateBpm></Trackpoint><Trackpoint><Time>2026-05-02T09:10:56.501Z</Time><Position><LatitudeDegrees>60.072765</LatitudeDegrees><LongitudeDegrees>18.743868</LongitudeDegrees></Position><AltitudeMeters>15.967</AltitudeMeters><HeartRateBpm><Value>145</Value></HeartRateBpm></Trackpoint><Trackpoint><Time>2026-05-02T09:10:57.510Z</Time><Position><LatitudeDegrees>60.07274</LatitudeDegrees><LongitudeDegrees>18.743883</LongitudeDegrees></Position><AltitudeMeters>15.88</AltitudeMeters><HeartRateBpm><Value>147</Value></HeartRateBpm></Trackpoint><Trackpoint><Time>2026-05-02T09:10:58.518Z</Time><Position><LatitudeDegrees>60.072712</LatitudeDegrees><LongitudeDegrees>18.743895</LongitudeDegrees></Position><AltitudeMeters>15.738</AltitudeMeters><HeartRateBpm><Value>149</Value></HeartRateBpm></Trackpoint><Trackpoint><Time>2026-05-02T09:10:59.528Z</Time><Position><LatitudeDegrees>60.072685</LatitudeDegrees><LongitudeDegrees>18.743906</LongitudeDegrees></Position><AltitudeMeters>15.693</AltitudeMeters><HeartRateBpm><Value>149</Value></HeartRateBpm></Trackpoint><Trackpoint><Time>2026-05-02T09:11:00.537Z</Time><Position><LatitudeDegrees>60.07266</LatitudeDegrees><LongitudeDegrees>18.743917</LongitudeDegrees></Position><AltitudeMeters>15.817</AltitudeMeters><HeartRateBpm><Value>150</Value></HeartRateBpm></Trackpoint><Trackpoint><Time>2026-05-02T09:11:01.546Z</Time><Position><LatitudeDegrees>60.07263</LatitudeDegrees><LongitudeDegrees>18.743927</LongitudeDegrees></Position><AltitudeMeters>15.908</AltitudeMeters><HeartRateBpm><Value>149</Value></HeartRateBpm></Trackpoint><Trackpoint><Time>2026-05-02T09:11:02.552Z</Time><Position><LatitudeDegrees>60.072605</LatitudeDegrees><LongitudeDegrees>18.743937</LongitudeDegrees></Position><AltitudeMeters>15.855</AltitudeMeters><HeartRateBpm><Value>150</Value></HeartRateBpm></Trackpoint><Trackpoint><Time>2026-05-02T09:11:03.560Z</Time><Position><LatitudeDegrees>60.07257</LatitudeDegrees><LongitudeDegrees>18.743942</LongitudeDegrees></Position><AltitudeMeters>15.705</AltitudeMeters><HeartRateBpm><Value>149</Value></HeartRateBpm></Trackpoint><Trackpoint><Time>2026-05-02T09:11:04.569Z</Time><Position><LatitudeDegrees>60.072536</LatitudeDegrees><LongitudeDegrees>18.743948</LongitudeDegrees></Position><AltitudeMeters>15.448</AltitudeMeters><HeartRateBpm><Value>149</Value></HeartRateBpm></Trackpoint><Trackpoint><Time>2026-05-02T09:11:05.577Z</Time><Position><LatitudeDegrees>60.072502</LatitudeDegrees><LongitudeDegrees>18.743946</LongitudeDegrees></Position><AltitudeMeters>15.586</AltitudeMeters><HeartRateBpm><Value>148</Value></HeartRateBpm></Trackpoint><Trackpoint><Time>2026-05-02T09:11:06.584Z</Time><Position><LatitudeDegrees>60.072468</LatitudeDegrees><LongitudeDegrees>18.743938</LongitudeDegrees></Position><AltitudeMeters>15.458</AltitudeMeters><HeartRateBpm><Value>148</Value></HeartRateBpm></Trackpoint><Trackpoint><Time>2026-05-02T09:11:07.590Z</Time><Position><LatitudeDegrees>60.072433</LatitudeDegrees><LongitudeDegrees>18.743929</LongitudeDegrees></Position><AltitudeMeters>15.407</AltitudeMeters><HeartRateBpm><Value>148</Value></HeartRateBpm></Trackpoint><Trackpoint><Time>2026-05-02T09:11:08.599Z</Time><Position><LatitudeDegrees>60.072395</LatitudeDegrees><LongitudeDegrees>18.743908</LongitudeDegrees></Position><AltitudeMeters>15.202</AltitudeMeters><HeartRateBpm><Value>149</Value></HeartRateBpm></Trackpoint><Trackpoint><Time>2026-05-02T09:11:09.608Z</Time><Position><LatitudeDegrees>60.07236</LatitudeDegrees><LongitudeDegrees>18.743883</LongitudeDegrees></Position><AltitudeMeters>15.103</AltitudeMeters><HeartRateBpm><Value>149</Value></HeartRateBpm></Trackpoint><Trackpoint><Time>2026-05-02T09:11:10.617Z</Time><Position><LatitudeDegrees>60.072327</LatitudeDegrees><LongitudeDegrees>18.743855</LongitudeDegrees></Position><AltitudeMeters>15.154</AltitudeMeters><HeartRateBpm><Value>149</Value></HeartRateBpm></Trackpoint><Trackpoint><Time>2026-05-02T09:11:11.626Z</Time><Position><LatitudeDegrees>60.072292</LatitudeDegrees><LongitudeDegrees>18.743826</LongitudeDegrees></Position><AltitudeMeters>15.155</AltitudeMeters><HeartRateBpm><Value>148</Value></HeartRateBpm></Trackpoint><Trackpoint><Time>2026-05-02T09:11:12.635Z</Time><Position><LatitudeDegrees>60.072258</LatitudeDegrees><LongitudeDegrees>18.743795</LongitudeDegrees></Position><AltitudeMeters>15.06</AltitudeMeters><HeartRateBpm><Value>148</Value></HeartRateBpm></Trackpoint><Trackpoint><Time>2026-05-02T09:11:13.640Z</Time><Position><LatitudeDegrees>60.072224</LatitudeDegrees><LongitudeDegrees>18.743769</LongitudeDegrees></Position><AltitudeMeters>15.003</AltitudeMeters><HeartRateBpm><Value>148</Value></HeartRateBpm></Trackpoint><Trackpoint><Time>2026-05-02T09:11:14.649Z</Time><Position><LatitudeDegrees>60.07219</LatitudeDegrees><LongitudeDegrees>18.743748</LongitudeDegrees></Position><AltitudeMeters>14.84</AltitudeMeters><HeartRateBpm><Value>147</Value></HeartRateBpm></Trackpoint><Trackpoint><Time>2026-05-02T09:11:15.657Z</Time><Position><LatitudeDegrees>60.072155</LatitudeDegrees><LongitudeDegrees>18.743729</LongitudeDegrees></Position><AltitudeMeters>14.932</AltitudeMeters><HeartRateBpm><Value>147</Value></HeartRateBpm></Trackpoint><Trackpoint><Time>2026-05-02T09:11:16.661Z</Time><Position><LatitudeDegrees>60.072117</LatitudeDegrees><LongitudeDegrees>18.743711</LongitudeDegrees></Position><AltitudeMeters>14.81</AltitudeMeters><HeartRateBpm><Value>147</Value></HeartRateBpm></Trackpoint><Trackpoint><Time>2026-05-02T09:11:17.669Z</Time><Position><LatitudeDegrees>60.07208</LatitudeDegrees><LongitudeDegrees>18.743696</LongitudeDegrees></Position><AltitudeMeters>14.624</AltitudeMeters><HeartRateBpm><Value>146</Value></HeartRateBpm></Trackpoint><Trackpoint><Time>2026-05-02T09:11:18.678Z</Time><Position><LatitudeDegrees>60.072033</LatitudeDegrees><LongitudeDegrees>18.743692</LongitudeDegrees></Position><AltitudeMeters>14.45</AltitudeMeters><HeartRateBpm><Value>146</Value></HeartRateBpm></Trackpoint><Trackpoint><Time>2026-05-02T09:11:19.687Z</Time><Position><LatitudeDegrees>60.071987</LatitudeDegrees><LongitudeDegrees>18.743702</LongitudeDegrees></Position><AltitudeMeters>14.159</AltitudeMeters><HeartRateBpm><Value>146</Value></HeartRateBpm></Trackpoint><Trackpoint><Time>2026-05-02T09:11:20.697Z</Time><Position><LatitudeDegrees>60.07194</LatitudeDegrees><LongitudeDegrees>18.743727</LongitudeDegrees></Position><AltitudeMeters>13.896</AltitudeMeters><HeartRateBpm><Value>145</Value></HeartRateBpm></Trackpoint><Trackpoint><Time>2026-05-02T09:11:21.704Z</Time><Position><LatitudeDegrees>60.071896</LatitudeDegrees><LongitudeDegrees>18.743757</LongitudeDegrees></Position><AltitudeMeters>13.941</AltitudeMeters><HeartRateBpm><Value>144</Value></HeartRateBpm></Trackpoint><Trackpoint><Time>2026-05-02T09:11:22.712Z</Time><Position><LatitudeDegrees>60.07185</LatitudeDegrees><LongitudeDegrees>18.743805</LongitudeDegrees></Position><AltitudeMeters>13.954</AltitudeMeters><HeartRateBpm><Value>144</Value></HeartRateBpm></Trackpoint><Trackpoint><Time>2026-05-02T09:11:23.721Z</Time><Position><LatitudeDegrees>60.071796</LatitudeDegrees><LongitudeDegrees>18.743864</LongitudeDegrees></Position><AltitudeMeters>13.355</AltitudeMeters><HeartRateBpm><Value>143</Value></HeartRateBpm></Trackpoint><Trackpoint><Time>2026-05-02T09:11:24.729Z</Time><Position><LatitudeDegrees>60.071743</LatitudeDegrees><LongitudeDegrees>18.743942</LongitudeDegrees></Position><AltitudeMeters>13.418</AltitudeMeters><HeartRateBpm><Value>143</Value></HeartRateBpm></Trackpoint><Trackpoint><Time>2026-05-02T09:11:25.738Z</Time><Position><LatitudeDegrees>60.07169</LatitudeDegrees><LongitudeDegrees>18.744022</LongitudeDegrees></Position><AltitudeMeters>13.162</AltitudeMeters><HeartRateBpm><Value>142</Value></HeartRateBpm></Trackpoint><Trackpoint><Time>2026-05-02T09:11:26.747Z</Time><Position><LatitudeDegrees>60.07164</LatitudeDegrees><LongitudeDegrees>18.74411</LongitudeDegrees></Position><AltitudeMeters>12.238</AltitudeMeters><HeartRateBpm><Value>142</Value></HeartRateBpm></Trackpoint><Trackpoint><Time>2026-05-02T09:11:27.756Z</Time><Position><LatitudeDegrees>60.07159</LatitudeDegrees><LongitudeDegrees>18.744217</LongitudeDegrees></Position><AltitudeMeters>11.551</AltitudeMeters><HeartRateBpm><Value>141</Value></HeartRateBpm></Trackpoint><Trackpoint><Time>2026-05-02T09:11:28.763Z</Time><Position><LatitudeDegrees>60.071537</LatitudeDegrees><LongitudeDegrees>18.744326</LongitudeDegrees></Position><AltitudeMeters>11.149</AltitudeMeters><HeartRateBpm><Value>141</Value></HeartRateBpm></Trackpoint><Trackpoint><Time>2026-05-02T09:11:29.771Z</Time><Position><LatitudeDegrees>60.07149</LatitudeDegrees><LongitudeDegrees>18.744427</LongitudeDegrees></Position><AltitudeMeters>10.985</AltitudeMeters><HeartRateBpm><Value>140</Value></HeartRateBpm></Trackpoint><Trackpoint><Time>2026-05-02T09:11:30.780Z</Time><Position><LatitudeDegrees>60.07145</LatitudeDegrees><LongitudeDegrees>18.744526</LongitudeDegrees></Position><AltitudeMeters>10.674</AltitudeMeters><HeartRateBpm><Value>139</Value></HeartRateBpm></Trackpoint><Trackpoint><Time>2026-05-02T09:11:31.788Z</Time><Position><LatitudeDegrees>60.071404</LatitudeDegrees><LongitudeDegrees>18.744629</LongitudeDegrees></Position><AltitudeMeters>10.344</AltitudeMeters><HeartRateBpm><Value>137</Value></HeartRateBpm></Trackpoint><Trackpoint><Time>2026-05-02T09:11:32.797Z</Time><Position><LatitudeDegrees>60.071354</LatitudeDegrees><LongitudeDegrees>18.744728</LongitudeDegrees></Position><AltitudeMeters>9.937</AltitudeMeters><HeartRateBpm><Value>136</Value></HeartRateBpm></Trackpoint><Trackpoint><Time>2026-05-02T09:11:33.804Z</Time><Position><LatitudeDegrees>60.071304</LatitudeDegrees><LongitudeDegrees>18.744825</LongitudeDegrees></Position><AltitudeMeters>9.846</AltitudeMeters><HeartRateBpm><Value>136</Value></HeartRateBpm></Trackpoint><Trackpoint><Time>2026-05-02T09:11:34.812Z</Time><Position><LatitudeDegrees>60.071255</LatitudeDegrees><LongitudeDegrees>18.744917</LongitudeDegrees></Position><AltitudeMeters>9.663</AltitudeMeters><HeartRateBpm><Value>136</Value></HeartRateBpm></Trackpoint><Trackpoint><Time>2026-05-02T09:11:35.821Z</Time><Position><LatitudeDegrees>60.07121</LatitudeDegrees><LongitudeDegrees>18.745016</LongitudeDegrees></Position><AltitudeMeters>9.374</AltitudeMeters><HeartRateBpm><Value>135</Value></HeartRateBpm></Trackpoint><Trackpoint><Time>2026-05-02T09:11:36.829Z</Time><Position><LatitudeDegrees>60.071156</LatitudeDegrees><LongitudeDegrees>18.745123</LongitudeDegrees></Position><AltitudeMeters>9.229</AltitudeMeters><HeartRateBpm><Value>135</Value></HeartRateBpm></Trackpoint><Trackpoint><Time>2026-05-02T09:11:37.837Z</Time><Position><LatitudeDegrees>60.071102</LatitudeDegrees><LongitudeDegrees>18.745234</LongitudeDegrees></Position><AltitudeMeters>9.042</AltitudeMeters><HeartRateBpm><Value>134</Value></HeartRateBpm></Trackpoint><Trackpoint><Time>2026-05-02T09:11:38.847Z</Time><Position><LatitudeDegrees>60.071053</LatitudeDegrees><LongitudeDegrees>18.745321</LongitudeDegrees></Position><AltitudeMeters>8.97</AltitudeMeters><HeartRateBpm><Value>135</Value></HeartRateBpm></Trackpoint><Trackpoint><Time>2026-05-02T09:11:39.856Z</Time><Position><LatitudeDegrees>60.071</LatitudeDegrees><LongitudeDegrees>18.745403</LongitudeDegrees></Position><AltitudeMeters>9.223</AltitudeMeters><HeartRateBpm><Value>135</Value></HeartRateBpm></Trackpoint><Trackpoint><Time>2026-05-02T09:11:40.865Z</Time><Position><LatitudeDegrees>60.070946</LatitudeDegrees><LongitudeDegrees>18.745497</LongitudeDegrees></Position><AltitudeMeters>9.688</AltitudeMeters><HeartRateBpm><Value>136</Value></HeartRateBpm></Trackpoint><Trackpoint><Time>2026-05-02T09:11:41.873Z</Time><Position><LatitudeDegrees>60.0709</LatitudeDegrees><LongitudeDegrees>18.745611</LongitudeDegrees></Position><AltitudeMeters>10.076</AltitudeMeters><HeartRateBpm><Value>136</Value></HeartRateBpm></Trackpoint><Trackpoint><Time>2026-05-02T09:11:42.881Z</Time><Position><LatitudeDegrees>60.070858</LatitudeDegrees><LongitudeDegrees>18.745716</LongitudeDegrees></Position><AltitudeMeters>9.868</AltitudeMeters><HeartRateBpm><Value>136</Value></HeartRateBpm></Trackpoint><Trackpoint><Time>2026-05-02T09:11:43.890Z</Time><Position><LatitudeDegrees>60.07082</LatitudeDegrees><LongitudeDegrees>18.7458</LongitudeDegrees></Position><AltitudeMeters>9.773</AltitudeMeters><HeartRateBpm><Value>135</Value></HeartRateBpm></Trackpoint><Trackpoint><Time>2026-05-02T09:11:44.899Z</Time><Position><LatitudeDegrees>60.070786</LatitudeDegrees><LongitudeDegrees>18.74587</LongitudeDegrees></Position><AltitudeMeters>9.872</AltitudeMeters><HeartRateBpm><Value>135</Value></HeartRateBpm></Trackpoint><Trackpoint><Time>2026-05-02T09:11:45.909Z</Time><Position><LatitudeDegrees>60.070755</LatitudeDegrees><LongitudeDegrees>18.745928</LongitudeDegrees></Position><AltitudeMeters>9.961</AltitudeMeters><HeartRateBpm><Value>135</Value></HeartRateBpm></Trackpoint><Trackpoint><Time>2026-05-02T09:11:46.917Z</Time><Position><LatitudeDegrees>60.070736</LatitudeDegrees><LongitudeDegrees>18.74597</LongitudeDegrees></Position><AltitudeMeters>9.809</AltitudeMeters><HeartRateBpm><Value>134</Value></HeartRateBpm></Trackpoint><Trackpoint><Time>2026-05-02T09:11:47.924Z</Time><Position><LatitudeDegrees>60.070724</LatitudeDegrees><LongitudeDegrees>18.746002</LongitudeDegrees></Position><AltitudeMeters>9.827</AltitudeMeters><HeartRateBpm><Value>134</Value></HeartRateBpm></Trackpoint><Trackpoint><Time>2026-05-02T09:11:48.932Z</Time><Position><LatitudeDegrees>60.070717</LatitudeDegrees><LongitudeDegrees>18.746027</LongitudeDegrees></Position><AltitudeMeters>9.789</AltitudeMeters><HeartRateBpm><Value>134</Value></HeartRateBpm></Trackpoint><Trackpoint><Time>2026-05-02T09:11:49.939Z</Time><Position><LatitudeDegrees>60.070713</LatitudeDegrees><LongitudeDegrees>18.746052</LongitudeDegrees></Position><AltitudeMeters>9.869</AltitudeMeters><HeartRateBpm><Value>135</Value></HeartRateBpm></Trackpoint><Trackpoint><Time>2026-05-02T09:11:50.941Z</Time><Position><LatitudeDegrees>60.0707</LatitudeDegrees><LongitudeDegrees>18.74608</LongitudeDegrees></Position><AltitudeMeters>9.897</AltitudeMeters><HeartRateBpm><Value>135</Value></HeartRateBpm></Trackpoint><Trackpoint><Time>2026-05-02T09:12:04.137Z</Time><Position><LatitudeDegrees>60.070683</LatitudeDegrees><LongitudeDegrees>18.746126</LongitudeDegrees></Position><AltitudeMeters>9.867</AltitudeMeters><HeartRateBpm><Value>134</Value></HeartRateBpm></Trackpoint><Trackpoint><Time>2026-05-02T09:12:05.136Z</Time><Position><LatitudeDegrees>60.070663</LatitudeDegrees><LongitudeDegrees>18.74618</LongitudeDegrees></Position><AltitudeMeters>9.865</AltitudeMeters><HeartRateBpm><Value>134</Value></HeartRateBpm></Trackpoint><Trackpoint><Time>2026-05-02T09:12:06.137Z</Time><Position><LatitudeDegrees>60.07064</LatitudeDegrees><LongitudeDegrees>18.746231</LongitudeDegrees></Position><AltitudeMeters>9.903</AltitudeMeters><HeartRateBpm><Value>134</Value></HeartRateBpm></Trackpoint><Trackpoint><Time>2026-05-02T09:12:07.138Z</Time><Position><LatitudeDegrees>60.070618</LatitudeDegrees><LongitudeDegrees>18.74629</LongitudeDegrees></Position><AltitudeMeters>9.871</AltitudeMeters><HeartRateBpm><Value>134</Value></HeartRateBpm></Trackpoint><Trackpoint><Time>2026-05-02T09:12:08.140Z</Time><Position><LatitudeDegrees>60.07059</LatitudeDegrees><LongitudeDegrees>18.746353</LongitudeDegrees></Position><AltitudeMeters>9.919</AltitudeMeters><HeartRateBpm><Value>133</Value></HeartRateBpm></Trackpoint><Trackpoint><Time>2026-05-02T09:12:09.148Z</Time><Position><LatitudeDegrees>60.070564</LatitudeDegrees><LongitudeDegrees>18.746418</LongitudeDegrees></Position><AltitudeMeters>9.984</AltitudeMeters><HeartRateBpm><Value>131</Value></HeartRateBpm></Trackpoint><Trackpoint><Time>2026-05-02T09:12:10.157Z</Time><Position><LatitudeDegrees>60.070538</LatitudeDegrees><LongitudeDegrees>18.746485</LongitudeDegrees></Position><AltitudeMeters>9.854</AltitudeMeters><HeartRateBpm><Value>130</Value></HeartRateBpm></Trackpoint><Trackpoint><Time>2026-05-02T09:12:11.162Z</Time><Position><LatitudeDegrees>60.070507</LatitudeDegrees><LongitudeDegrees>18.746552</LongitudeDegrees></Position><AltitudeMeters>9.794</AltitudeMeters><HeartRateBpm><Value>128</Value></HeartRateBpm></Trackpoint><Trackpoint><Time>2026-05-02T09:12:12.169Z</Time><Position><LatitudeDegrees>60.07048</LatitudeDegrees><LongitudeDegrees>18.746613</LongitudeDegrees></Position><AltitudeMeters>9.814</AltitudeMeters><HeartRateBpm><Value>127</Value></HeartRateBpm></Trackpoint><Trackpoint><Time>2026-05-02T09:12:13.178Z</Time><Position><LatitudeDegrees>60.07045</LatitudeDegrees><LongitudeDegrees>18.746674</LongitudeDegrees></Position><AltitudeMeters>9.928</AltitudeMeters><HeartRateBpm><Value>127</Value></HeartRateBpm></Trackpoint><Trackpoint><Time>2026-05-02T09:12:14.185Z</Time><Position><LatitudeDegrees>60.07042</LatitudeDegrees><LongitudeDegrees>18.746737</LongitudeDegrees></Position><AltitudeMeters>10.042</AltitudeMeters><HeartRateBpm><Value>127</Value></HeartRateBpm></Trackpoint><Trackpoint><Time>2026-05-02T09:12:15.193Z</Time><Position><LatitudeDegrees>60.07039</LatitudeDegrees><LongitudeDegrees>18.746796</LongitudeDegrees></Position><AltitudeMeters>10.418</AltitudeMeters><HeartRateBpm><Value>127</Value></HeartRateBpm></Trackpoint><Trackpoint><Time>2026-05-02T09:12:16.199Z</Time><Position><LatitudeDegrees>60.070362</LatitudeDegrees><LongitudeDegrees>18.746853</LongitudeDegrees></Position><AltitudeMeters>10.778</AltitudeMeters><HeartRateBpm><Value>128</Value></HeartRateBpm></Trackpoint><Trackpoint><Time>2026-05-02T09:12:17.208Z</Time><Position><LatitudeDegrees>60.070335</LatitudeDegrees><LongitudeDegrees>18.746906</LongitudeDegrees></Position><AltitudeMeters>10.608</AltitudeMeters><HeartRateBpm><Value>127</Value></HeartRateBpm></Trackpoint><Trackpoint><Time>2026-05-02T09:12:18.217Z</Time><Position><LatitudeDegrees>60.070312</LatitudeDegrees><LongitudeDegrees>18.746952</LongitudeDegrees></Position><AltitudeMeters>10.111</AltitudeMeters><HeartRateBpm><Value>127</Value></HeartRateBpm></Trackpoint><Trackpoint><Time>2026-05-02T09:12:19.224Z</Time><Position><LatitudeDegrees>60.07029</LatitudeDegrees><LongitudeDegrees>18.74699</LongitudeDegrees></Position><AltitudeMeters>10.033</AltitudeMeters><HeartRateBpm><Value>127</Value></HeartRateBpm></Trackpoint><Trackpoint><Time>2026-05-02T09:12:20.231Z</Time><Position><LatitudeDegrees>60.070274</LatitudeDegrees><LongitudeDegrees>18.747023</LongitudeDegrees></Position><AltitudeMeters>9.985</AltitudeMeters><HeartRateBpm><Value>127</Value></HeartRateBpm></Trackpoint><Trackpoint><Time>2026-05-02T09:12:21.242Z</Time><Position><LatitudeDegrees>60.070263</LatitudeDegrees><LongitudeDegrees>18.747046</LongitudeDegrees></Position><AltitudeMeters>9.799</AltitudeMeters><HeartRateBpm><Value>127</Value></HeartRateBpm></Trackpoint><Trackpoint><Time>2026-05-02T09:12:22.250Z</Time><Position><LatitudeDegrees>60.07026</LatitudeDegrees><LongitudeDegrees>18.747066</LongitudeDegrees></Position><AltitudeMeters>9.643</AltitudeMeters><HeartRateBpm><Value>127</Value></HeartRateBpm></Trackpoint><Trackpoint><Time>2026-05-02T09:12:23.258Z</Time><Position><LatitudeDegrees>60.07026</LatitudeDegrees><LongitudeDegrees>18.747087</LongitudeDegrees></Position><AltitudeMeters>9.537</AltitudeMeters><HeartRateBpm><Value>127</Value></HeartRateBpm></Trackpoint><Trackpoint><Time>2026-05-02T09:12:24.265Z</Time><Position><LatitudeDegrees>60.070267</LatitudeDegrees><LongitudeDegrees>18.747118</LongitudeDegrees></Position><AltitudeMeters>9.403</AltitudeMeters><HeartRateBpm><Value>126</Value></HeartRateBpm></Trackpoint><Trackpoint><Time>2026-05-02T09:12:30.641Z</Time><Position><LatitudeDegrees>60.07027</LatitudeDegrees><LongitudeDegrees>18.747147</LongitudeDegrees></Position><AltitudeMeters>9.285</AltitudeMeters><HeartRateBpm><Value>124</Value></HeartRateBpm></Trackpoint><Trackpoint><Time>2026-05-02T09:12:31.642Z</Time><Position><LatitudeDegrees>60.070286</LatitudeDegrees><LongitudeDegrees>18.747198</LongitudeDegrees></Position><AltitudeMeters>9.287</AltitudeMeters><HeartRateBpm><Value>124</Value></HeartRateBpm></Trackpoint><Trackpoint><Time>2026-05-02T09:12:32.644Z</Time><Position><LatitudeDegrees>60.0703</LatitudeDegrees><LongitudeDegrees>18.747252</LongitudeDegrees></Position><AltitudeMeters>9.538</AltitudeMeters><HeartRateBpm><Value>124</Value></HeartRateBpm></Trackpoint><Trackpoint><Time>2026-05-02T09:12:33.644Z</Time><Position><LatitudeDegrees>60.070316</LatitudeDegrees><LongitudeDegrees>18.747303</LongitudeDegrees></Position><AltitudeMeters>9.839</AltitudeMeters><HeartRateBpm><Value>124</Value></HeartRateBpm></Trackpoint><Trackpoint><Time>2026-05-02T09:12:34.645Z</Time><Position><LatitudeDegrees>60.07033</LatitudeDegrees><LongitudeDegrees>18.747347</LongitudeDegrees></Position><AltitudeMeters>10.111</AltitudeMeters><HeartRateBpm><Value>124</Value></HeartRateBpm></Trackpoint><Trackpoint><Time>2026-05-02T09:12:35.647Z</Time><Position><LatitudeDegrees>60.070343</LatitudeDegrees><LongitudeDegrees>18.747393</LongitudeDegrees></Position><AltitudeMeters>10.43</AltitudeMeters><HeartRateBpm><Value>125</Value></HeartRateBpm></Trackpoint><Trackpoint><Time>2026-05-02T09:12:36.655Z</Time><Position><LatitudeDegrees>60.07035</LatitudeDegrees><LongitudeDegrees>18.747442</LongitudeDegrees></Position><AltitudeMeters>10.643</AltitudeMeters><HeartRateBpm><Value>126</Value></HeartRateBpm></Trackpoint><Trackpoint><Time>2026-05-02T09:12:37.665Z</Time><Position><LatitudeDegrees>60.07036</LatitudeDegrees><LongitudeDegrees>18.747496</LongitudeDegrees></Position><AltitudeMeters>10.967</AltitudeMeters><HeartRateBpm><Value>127</Value></HeartRateBpm></Trackpoint><Trackpoint><Time>2026-05-02T09:12:38.673Z</Time><Position><LatitudeDegrees>60.070362</LatitudeDegrees><LongitudeDegrees>18.74756</LongitudeDegrees></Position><AltitudeMeters>11.391</AltitudeMeters><HeartRateBpm><Value>127</Value></HeartRateBpm></Trackpoint><Trackpoint><Time>2026-05-02T09:12:39.681Z</Time><Position><LatitudeDegrees>60.070366</LatitudeDegrees><LongitudeDegrees>18.747625</LongitudeDegrees></Position><AltitudeMeters>11.739</AltitudeMeters><HeartRateBpm><Value>128</Value></HeartRateBpm></Trackpoint><Trackpoint><Time>2026-05-02T09:12:40.690Z</Time><Position><LatitudeDegrees>60.070366</LatitudeDegrees><LongitudeDegrees>18.747683</LongitudeDegrees></Position><AltitudeMeters>11.978</AltitudeMeters><HeartRateBpm><Value>129</Value></HeartRateBpm></Trackpoint><Trackpoint><Time>2026-05-02T09:12:41.698Z</Time><Position><LatitudeDegrees>60.070366</LatitudeDegrees><LongitudeDegrees>18.747734</LongitudeDegrees></Position><AltitudeMeters>12.198</AltitudeMeters><HeartRateBpm><Value>130</Value></HeartRateBpm></Trackpoint><Trackpoint><Time>2026-05-02T09:12:42.707Z</Time><Position><LatitudeDegrees>60.070362</LatitudeDegrees><LongitudeDegrees>18.747776</LongitudeDegrees></Position><AltitudeMeters>12.397</AltitudeMeters><HeartRateBpm><Value>131</Value></HeartRateBpm></Trackpoint><Trackpoint><Time>2026-05-02T09:12:43.717Z</Time><Position><LatitudeDegrees>60.070362</LatitudeDegrees><LongitudeDegrees>18.747818</LongitudeDegrees></Position><AltitudeMeters>12.534</AltitudeMeters><HeartRateBpm><Value>132</Value></HeartRateBpm></Trackpoint><Trackpoint><Time>2026-05-02T09:12:44.724Z</Time><Position><LatitudeDegrees>60.070362</LatitudeDegrees><LongitudeDegrees>18.747862</LongitudeDegrees></Position><AltitudeMeters>12.62</AltitudeMeters><HeartRateBpm><Value>133</Value></HeartRateBpm></Trackpoint><Trackpoint><Time>2026-05-02T09:12:45.733Z</Time><Position><LatitudeDegrees>60.070362</LatitudeDegrees><LongitudeDegrees>18.747904</LongitudeDegrees></Position><AltitudeMeters>12.664</AltitudeMeters><HeartRateBpm><Value>135</Value></HeartRateBpm></Trackpoint><Trackpoint><Time>2026-05-02T09:12:46.742Z</Time><Position><LatitudeDegrees>60.070362</LatitudeDegrees><LongitudeDegrees>18.747946</LongitudeDegrees></Position><AltitudeMeters>12.688</AltitudeMeters><HeartRateBpm><Value>136</Value></HeartRateBpm></Trackpoint><Trackpoint><Time>2026-05-02T09:12:47.751Z</Time><Position><LatitudeDegrees>60.07036</LatitudeDegrees><LongitudeDegrees>18.747988</LongitudeDegrees></Position><AltitudeMeters>12.782</AltitudeMeters><HeartRateBpm><Value>136</Value></HeartRateBpm></Trackpoint><Trackpoint><Time>2026-05-02T09:12:48.760Z</Time><Position><LatitudeDegrees>60.07036</LatitudeDegrees><LongitudeDegrees>18.748034</LongitudeDegrees></Position><AltitudeMeters>12.851</AltitudeMeters><HeartRateBpm><Value>137</Value></HeartRateBpm></Trackpoint><Trackpoint><Time>2026-05-02T09:12:49.769Z</Time><Position><LatitudeDegrees>60.07036</LatitudeDegrees><LongitudeDegrees>18.748085</LongitudeDegrees></Position><AltitudeMeters>12.863</AltitudeMeters><HeartRateBpm><Value>137</Value></HeartRateBpm></Trackpoint><Trackpoint><Time>2026-05-02T09:12:50.776Z</Time><Position><LatitudeDegrees>60.07036</LatitudeDegrees><LongitudeDegrees>18.748137</LongitudeDegrees></Position><AltitudeMeters>12.801</AltitudeMeters><HeartRateBpm><Value>137</Value></HeartRateBpm></Trackpoint><Trackpoint><Time>2026-05-02T09:12:51.784Z</Time><Position><LatitudeDegrees>60.07036</LatitudeDegrees><LongitudeDegrees>18.748198</LongitudeDegrees></Position><AltitudeMeters>12.823</AltitudeMeters><HeartRateBpm><Value>138</Value></HeartRateBpm></Trackpoint><Trackpoint><Time>2026-05-02T09:12:52.792Z</Time><Position><LatitudeDegrees>60.07036</LatitudeDegrees><LongitudeDegrees>18.748253</LongitudeDegrees></Position><AltitudeMeters>12.796</AltitudeMeters><HeartRateBpm><Value>139</Value></HeartRateBpm></Trackpoint><Trackpoint><Time>2026-05-02T09:12:53.801Z</Time><Position><LatitudeDegrees>60.07036</LatitudeDegrees><LongitudeDegrees>18.748314</LongitudeDegrees></Position><AltitudeMeters>12.7</AltitudeMeters><HeartRateBpm><Value>139</Value></HeartRateBpm></Trackpoint><Trackpoint><Time>2026-05-02T09:12:54.810Z</Time><Position><LatitudeDegrees>60.07036</LatitudeDegrees><LongitudeDegrees>18.748365</LongitudeDegrees></Position><AltitudeMeters>12.665</AltitudeMeters><HeartRateBpm><Value>138</Value></HeartRateBpm></Trackpoint><Trackpoint><Time>2026-05-02T09:12:55.816Z</Time><Position><LatitudeDegrees>60.07036</LatitudeDegrees><LongitudeDegrees>18.748425</LongitudeDegrees></Position><AltitudeMeters>12.741</AltitudeMeters><HeartRateBpm><Value>138</Value></HeartRateBpm></Trackpoint><Trackpoint><Time>2026-05-02T09:12:56.824Z</Time><Position><LatitudeDegrees>60.070354</LatitudeDegrees><LongitudeDegrees>18.748491</LongitudeDegrees></Position><AltitudeMeters>12.883</AltitudeMeters><HeartRateBpm><Value>138</Value></HeartRateBpm></Trackpoint><Trackpoint><Time>2026-05-02T09:12:57.832Z</Time><Position><LatitudeDegrees>60.070354</LatitudeDegrees><LongitudeDegrees>18.748558</LongitudeDegrees></Position><AltitudeMeters>12.846</AltitudeMeters><HeartRateBpm><Value>138</Value></HeartRateBpm></Trackpoint><Trackpoint><Time>2026-05-02T09:12:58.840Z</Time><Position><LatitudeDegrees>60.070354</LatitudeDegrees><LongitudeDegrees>18.748623</LongitudeDegrees></Position><AltitudeMeters>12.667</AltitudeMeters><HeartRateBpm><Value>138</Value></HeartRateBpm></Trackpoint><Trackpoint><Time>2026-05-02T09:12:59.849Z</Time><Position><LatitudeDegrees>60.070354</LatitudeDegrees><LongitudeDegrees>18.748688</LongitudeDegrees></Position><AltitudeMeters>12.503</AltitudeMeters><HeartRateBpm><Value>138</Value></HeartRateBpm></Trackpoint><Trackpoint><Time>2026-05-02T09:13:00.856Z</Time><Position><LatitudeDegrees>60.07036</LatitudeDegrees><LongitudeDegrees>18.748753</LongitudeDegrees></Position><AltitudeMeters>12.289</AltitudeMeters><HeartRateBpm><Value>138</Value></HeartRateBpm></Trackpoint><Trackpoint><Time>2026-05-02T09:13:01.863Z</Time><Position><LatitudeDegrees>60.07036</LatitudeDegrees><LongitudeDegrees>18.748816</LongitudeDegrees></Position><AltitudeMeters>12.236</AltitudeMeters><HeartRateBpm><Value>138</Value></HeartRateBpm></Trackpoint><Trackpoint><Time>2026-05-02T09:13:02.871Z</Time><Position><LatitudeDegrees>60.07036</LatitudeDegrees><LongitudeDegrees>18.74888</LongitudeDegrees></Position><AltitudeMeters>12.293</AltitudeMeters><HeartRateBpm><Value>138</Value></HeartRateBpm></Trackpoint><Trackpoint><Time>2026-05-02T09:13:03.881Z</Time><Position><LatitudeDegrees>60.070354</LatitudeDegrees><LongitudeDegrees>18.748943</LongitudeDegrees></Position><AltitudeMeters>12.329</AltitudeMeters><HeartRateBpm><Value>139</Value></HeartRateBpm></Trackpoint><Trackpoint><Time>2026-05-02T09:13:04.889Z</Time><Position><LatitudeDegrees>60.07035</LatitudeDegrees><LongitudeDegrees>18.749006</LongitudeDegrees></Position><AltitudeMeters>12.559</AltitudeMeters><HeartRateBpm><Value>139</Value></HeartRateBpm></Trackpoint><Trackpoint><Time>2026-05-02T09:13:05.898Z</Time><Position><LatitudeDegrees>60.070347</LatitudeDegrees><LongitudeDegrees>18.74907</LongitudeDegrees></Position><AltitudeMeters>12.665</AltitudeMeters><HeartRateBpm><Value>139</Value></HeartRateBpm></Trackpoint><Trackpoint><Time>2026-05-02T09:13:06.906Z</Time><Position><LatitudeDegrees>60.070343</LatitudeDegrees><LongitudeDegrees>18.74913</LongitudeDegrees></Position><AltitudeMeters>12.847</AltitudeMeters><HeartRateBpm><Value>139</Value></HeartRateBpm></Trackpoint><Trackpoint><Time>2026-05-02T09:13:07.914Z</Time><Position><LatitudeDegrees>60.07034</LatitudeDegrees><LongitudeDegrees>18.749191</LongitudeDegrees></Position><AltitudeMeters>12.976</AltitudeMeters><HeartRateBpm><Value>139</Value></HeartRateBpm></Trackpoint><Trackpoint><Time>2026-05-02T09:13:08.923Z</Time><Position><LatitudeDegrees>60.070335</LatitudeDegrees><LongitudeDegrees>18.74925</LongitudeDegrees></Position><AltitudeMeters>13.189</AltitudeMeters><HeartRateBpm><Value>140</Value></HeartRateBpm></Trackpoint><Trackpoint><Time>2026-05-02T09:13:09.933Z</Time><Position><LatitudeDegrees>60.07033</LatitudeDegrees><LongitudeDegrees>18.749311</LongitudeDegrees></Position><AltitudeMeters>13.373</AltitudeMeters><HeartRateBpm><Value>141</Value></HeartRateBpm></Trackpoint><Trackpoint><Time>2026-05-02T09:13:10.942Z</Time><Position><LatitudeDegrees>60.070324</LatitudeDegrees><LongitudeDegrees>18.749372</LongitudeDegrees></Position><AltitudeMeters>13.595</AltitudeMeters><HeartRateBpm><Value>142</Value></HeartRateBpm></Trackpoint><Trackpoint><Time>2026-05-02T09:13:11.950Z</Time><Position><LatitudeDegrees>60.070316</LatitudeDegrees><LongitudeDegrees>18.749435</LongitudeDegrees></Position><AltitudeMeters>13.766</AltitudeMeters><HeartRateBpm><Value>142</Value></HeartRateBpm></Trackpoint><Trackpoint><Time>2026-05-02T09:13:12.959Z</Time><Position><LatitudeDegrees>60.07031</LatitudeDegrees><LongitudeDegrees>18.7495</LongitudeDegrees></Position><AltitudeMeters>13.99</AltitudeMeters><HeartRateBpm><Value>143</Value></HeartRateBpm></Trackpoint><Trackpoint><Time>2026-05-02T09:13:13.966Z</Time><Position><LatitudeDegrees>60.0703</LatitudeDegrees><LongitudeDegrees>18.749567</LongitudeDegrees></Position><AltitudeMeters>14.14</AltitudeMeters><HeartRateBpm><Value>143</Value></HeartRateBpm></Trackpoint><Trackpoint><Time>2026-05-02T09:13:14.975Z</Time><Position><LatitudeDegrees>60.070293</LatitudeDegrees><LongitudeDegrees>18.74963</LongitudeDegrees></Position><AltitudeMeters>14.19</AltitudeMeters><HeartRateBpm><Value>143</Value></HeartRateBpm></Trackpoint><Trackpoint><Time>2026-05-02T09:13:15.984Z</Time><Position><LatitudeDegrees>60.070286</LatitudeDegrees><LongitudeDegrees>18.749693</LongitudeDegrees></Position><AltitudeMeters>14.152</AltitudeMeters><HeartRateBpm><Value>143</Value></HeartRateBpm></Trackpoint><Trackpoint><Time>2026-05-02T09:13:16.993Z</Time><Position><LatitudeDegrees>60.07028</LatitudeDegrees><LongitudeDegrees>18.74976</LongitudeDegrees></Position><AltitudeMeters>14.222</AltitudeMeters><HeartRateBpm><Value>142</Value></HeartRateBpm></Trackpoint><Trackpoint><Time>2026-05-02T09:13:18.001Z</Time><Position><LatitudeDegrees>60.07027</LatitudeDegrees><LongitudeDegrees>18.749826</LongitudeDegrees></Position><AltitudeMeters>14.233</AltitudeMeters><HeartRateBpm><Value>142</Value></HeartRateBpm></Trackpoint><Trackpoint><Time>2026-05-02T09:13:19.011Z</Time><Position><LatitudeDegrees>60.070263</LatitudeDegrees><LongitudeDegrees>18.749897</LongitudeDegrees></Position><AltitudeMeters>14.247</AltitudeMeters><HeartRateBpm><Value>142</Value></HeartRateBpm></Trackpoint><Trackpoint><Time>2026-05-02T09:13:20.020Z</Time><Position><LatitudeDegrees>60.070255</LatitudeDegrees><LongitudeDegrees>18.74997</LongitudeDegrees></Position><AltitudeMeters>14.201</AltitudeMeters><HeartRateBpm><Value>142</Value></HeartRateBpm></Trackpoint><Trackpoint><Time>2026-05-02T09:13:21.029Z</Time><Position><LatitudeDegrees>60.070248</LatitudeDegrees><LongitudeDegrees>18.75004</LongitudeDegrees></Position><AltitudeMeters>14.141</AltitudeMeters><HeartRateBpm><Value>142</Value></HeartRateBpm></Trackpoint><Trackpoint><Time>2026-05-02T09:13:22.037Z</Time><Position><LatitudeDegrees>60.07024</LatitudeDegrees><LongitudeDegrees>18.750113</LongitudeDegrees></Position><AltitudeMeters>14.109</AltitudeMeters><HeartRateBpm><Value>142</Value></HeartRateBpm></Trackpoint><Trackpoint><Time>2026-05-02T09:13:23.044Z</Time><Position><LatitudeDegrees>60.070232</LatitudeDegrees><LongitudeDegrees>18.75018</LongitudeDegrees></Position><AltitudeMeters>14.094</AltitudeMeters><HeartRateBpm><Value>142</Value></HeartRateBpm></Trackpoint><Trackpoint><Time>2026-05-02T09:13:24.053Z</Time><Position><LatitudeDegrees>60.07023</LatitudeDegrees><LongitudeDegrees>18.750244</LongitudeDegrees></Position><AltitudeMeters>14.16</AltitudeMeters><HeartRateBpm><Value>143</Value></HeartRateBpm></Trackpoint><Trackpoint><Time>2026-05-02T09:13:25.062Z</Time><Position><LatitudeDegrees>60.07022</LatitudeDegrees><LongitudeDegrees>18.750307</LongitudeDegrees></Position><AltitudeMeters>14.226</AltitudeMeters><HeartRateBpm><Value>143</Value></HeartRateBpm></Trackpoint><Trackpoint><Time>2026-05-02T09:13:26.071Z</Time><Position><LatitudeDegrees>60.070217</LatitudeDegrees><LongitudeDegrees>18.75037</LongitudeDegrees></Position><AltitudeMeters>14.237</AltitudeMeters><HeartRateBpm><Value>144</Value></HeartRateBpm></Trackpoint><Trackpoint><Time>2026-05-02T09:13:27.080Z</Time><Position><LatitudeDegrees>60.070213</LatitudeDegrees><LongitudeDegrees>18.750433</LongitudeDegrees></Position><AltitudeMeters>14.223</AltitudeMeters><HeartRateBpm><Value>144</Value></HeartRateBpm></Trackpoint><Trackpoint><Time>2026-05-02T09:13:28.089Z</Time><Position><LatitudeDegrees>60.07021</LatitudeDegrees><LongitudeDegrees>18.750496</LongitudeDegrees></Position><AltitudeMeters>14.176</AltitudeMeters><HeartRateBpm><Value>144</Value></HeartRateBpm></Trackpoint><Trackpoint><Time>2026-05-02T09:13:29.096Z</Time><Position><LatitudeDegrees>60.070206</LatitudeDegrees><LongitudeDegrees>18.750565</LongitudeDegrees></Position><AltitudeMeters>14.114</AltitudeMeters><HeartRateBpm><Value>144</Value></HeartRateBpm></Trackpoint><Trackpoint><Time>2026-05-02T09:13:30.105Z</Time><Position><LatitudeDegrees>60.070198</LatitudeDegrees><LongitudeDegrees>18.750635</LongitudeDegrees></Position><AltitudeMeters>14.103</AltitudeMeters><HeartRateBpm><Value>143</Value></HeartRateBpm></Trackpoint><Trackpoint><Time>2026-05-02T09:13:31.114Z</Time><Position><LatitudeDegrees>60.070194</LatitudeDegrees><LongitudeDegrees>18.750708</LongitudeDegrees></Position><AltitudeMeters>14.056</AltitudeMeters><HeartRateBpm><Value>143</Value></HeartRateBpm></Trackpoint><Trackpoint><Time>2026-05-02T09:13:32.123Z</Time><Position><LatitudeDegrees>60.07019</LatitudeDegrees><LongitudeDegrees>18.75079</LongitudeDegrees></Position><AltitudeMeters>13.955</AltitudeMeters><HeartRateBpm><Value>142</Value></HeartRateBpm></Trackpoint><Trackpoint><Time>2026-05-02T09:13:33.131Z</Time><Position><LatitudeDegrees>60.070187</LatitudeDegrees><LongitudeDegrees>18.750872</LongitudeDegrees></Position><AltitudeMeters>13.918</AltitudeMeters><HeartRateBpm><Value>142</Value></HeartRateBpm></Trackpoint><Trackpoint><Time>2026-05-02T09:13:34.140Z</Time><Position><LatitudeDegrees>60.07018</LatitudeDegrees><LongitudeDegrees>18.750952</LongitudeDegrees></Position><AltitudeMeters>13.929</AltitudeMeters><HeartRateBpm><Value>142</Value></HeartRateBpm></Trackpoint><Trackpoint><Time>2026-05-02T09:13:35.149Z</Time><Position><LatitudeDegrees>60.070175</LatitudeDegrees><LongitudeDegrees>18.75104</LongitudeDegrees></Position><AltitudeMeters>13.838</AltitudeMeters><HeartRateBpm><Value>141</Value></HeartRateBpm></Trackpoint><Trackpoint><Time>2026-05-02T09:13:36.157Z</Time><Position><LatitudeDegrees>60.07017</LatitudeDegrees><LongitudeDegrees>18.751137</LongitudeDegrees></Position><AltitudeMeters>13.885</AltitudeMeters><HeartRateBpm><Value>141</Value></HeartRateBpm></Trackpoint><Trackpoint><Time>2026-05-02T09:13:37.164Z</Time><Position><LatitudeDegrees>60.070164</LatitudeDegrees><LongitudeDegrees>18.751247</LongitudeDegrees></Position><AltitudeMeters>13.655</AltitudeMeters><HeartRateBpm><Value>140</Value></HeartRateBpm></Trackpoint><Trackpoint><Time>2026-05-02T09:13:38.173Z</Time><Position><LatitudeDegrees>60.07016</LatitudeDegrees><LongitudeDegrees>18.751356</LongitudeDegrees></Position><AltitudeMeters>13.585</AltitudeMeters><HeartRateBpm><Value>139</Value></HeartRateBpm></Trackpoint><Trackpoint><Time>2026-05-02T09:13:39.182Z</Time><Position><LatitudeDegrees>60.070156</LatitudeDegrees><LongitudeDegrees>18.751465</LongitudeDegrees></Position><AltitudeMeters>13.121</AltitudeMeters><HeartRateBpm><Value>138</Value></HeartRateBpm></Trackpoint><Trackpoint><Time>2026-05-02T09:13:40.191Z</Time><Position><LatitudeDegrees>60.070152</LatitudeDegrees><LongitudeDegrees>18.751574</LongitudeDegrees></Position><AltitudeMeters>12.837</AltitudeMeters><HeartRateBpm><Value>137</Value></HeartRateBpm></Trackpoint><Trackpoint><Time>2026-05-02T09:13:41.200Z</Time><Position><LatitudeDegrees>60.070145</LatitudeDegrees><LongitudeDegrees>18.751682</LongitudeDegrees></Position><AltitudeMeters>12.522</AltitudeMeters><HeartRateBpm><Value>136</Value></HeartRateBpm></Trackpoint><Trackpoint><Time>2026-05-02T09:13:42.206Z</Time><Position><LatitudeDegrees>60.070137</LatitudeDegrees><LongitudeDegrees>18.751791</LongitudeDegrees></Position><AltitudeMeters>12.33</AltitudeMeters><HeartRateBpm><Value>135</Value></HeartRateBpm></Trackpoint><Trackpoint><Time>2026-05-02T09:13:43.214Z</Time><Position><LatitudeDegrees>60.070126</LatitudeDegrees><LongitudeDegrees>18.7519</LongitudeDegrees></Position><AltitudeMeters>12.046</AltitudeMeters><HeartRateBpm><Value>135</Value></HeartRateBpm></Trackpoint><Trackpoint><Time>2026-05-02T09:13:44.223Z</Time><Position><LatitudeDegrees>60.070118</LatitudeDegrees><LongitudeDegrees>18.752005</LongitudeDegrees></Position><AltitudeMeters>11.884</AltitudeMeters><HeartRateBpm><Value>134</Value></HeartRateBpm></Trackpoint><Trackpoint><Time>2026-05-02T09:13:45.231Z</Time><Position><LatitudeDegrees>60.07011</LatitudeDegrees><LongitudeDegrees>18.752111</LongitudeDegrees></Position><AltitudeMeters>11.953</AltitudeMeters><HeartRateBpm><Value>134</Value></HeartRateBpm></Trackpoint><Trackpoint><Time>2026-05-02T09:13:46.241Z</Time><Position><LatitudeDegrees>60.070107</LatitudeDegrees><LongitudeDegrees>18.752213</LongitudeDegrees></Position><AltitudeMeters>12.02</AltitudeMeters><HeartRateBpm><Value>133</Value></HeartRateBpm></Trackpoint><Trackpoint><Time>2026-05-02T09:13:47.250Z</Time><Position><LatitudeDegrees>60.070103</LatitudeDegrees><LongitudeDegrees>18.752302</LongitudeDegrees></Position><AltitudeMeters>12.122</AltitudeMeters><HeartRateBpm><Value>132</Value></HeartRateBpm></Trackpoint><Trackpoint><Time>2026-05-02T09:13:48.258Z</Time><Position><LatitudeDegrees>60.0701</LatitudeDegrees><LongitudeDegrees>18.752394</LongitudeDegrees></Position><AltitudeMeters>12.355</AltitudeMeters><HeartRateBpm><Value>132</Value></HeartRateBpm></Trackpoint><Trackpoint><Time>2026-05-02T09:13:49.264Z</Time><Position><LatitudeDegrees>60.0701</LatitudeDegrees><LongitudeDegrees>18.752476</LongitudeDegrees></Position><AltitudeMeters>12.758</AltitudeMeters><HeartRateBpm><Value>131</Value></HeartRateBpm></Trackpoint><Trackpoint><Time>2026-05-02T09:13:50.274Z</Time><Position><LatitudeDegrees>60.070095</LatitudeDegrees><LongitudeDegrees>18.75256</LongitudeDegrees></Position><AltitudeMeters>13.089</AltitudeMeters><HeartRateBpm><Value>131</Value></HeartRateBpm></Trackpoint><Trackpoint><Time>2026-05-02T09:13:51.282Z</Time><Position><LatitudeDegrees>60.07009</LatitudeDegrees><LongitudeDegrees>18.752644</LongitudeDegrees></Position><AltitudeMeters>13.573</AltitudeMeters><HeartRateBpm><Value>131</Value></HeartRateBpm></Trackpoint><Trackpoint><Time>2026-05-02T09:13:52.290Z</Time><Position><LatitudeDegrees>60.07009</LatitudeDegrees><LongitudeDegrees>18.75272</LongitudeDegrees></Position><AltitudeMeters>13.872</AltitudeMeters><HeartRateBpm><Value>130</Value></HeartRateBpm></Trackpoint><Trackpoint><Time>2026-05-02T09:13:53.298Z</Time><Position><LatitudeDegrees>60.070087</LatitudeDegrees><LongitudeDegrees>18.752796</LongitudeDegrees></Position><AltitudeMeters>13.943</AltitudeMeters><HeartRateBpm><Value>130</Value></HeartRateBpm></Trackpoint><Trackpoint><Time>2026-05-02T09:13:54.299Z</Time><Position><LatitudeDegrees>60.070084</LatitudeDegrees><LongitudeDegrees>18.752872</LongitudeDegrees></Position><AltitudeMeters>13.777</AltitudeMeters><HeartRateBpm><Value>130</Value></HeartRateBpm></Trackpoint><Trackpoint><Time>2026-05-02T09:13:55.303Z</Time><Position><LatitudeDegrees>60.070076</LatitudeDegrees><LongitudeDegrees>18.752943</LongitudeDegrees></Position><AltitudeMeters>13.405</AltitudeMeters><HeartRateBpm><Value>130</Value></HeartRateBpm></Trackpoint><Trackpoint><Time>2026-05-02T09:13:56.301Z</Time><Position><LatitudeDegrees>60.07007</LatitudeDegrees><LongitudeDegrees>18.753012</LongitudeDegrees></Position><AltitudeMeters>12.995</AltitudeMeters><HeartRateBpm><Value>130</Value></HeartRateBpm></Trackpoint><Trackpoint><Time>2026-05-02T09:13:57.301Z</Time><Position><LatitudeDegrees>60.070057</LatitudeDegrees><LongitudeDegrees>18.75308</LongitudeDegrees></Position><AltitudeMeters>12.755</AltitudeMeters><HeartRateBpm><Value>130</Value></HeartRateBpm></Trackpoint><Trackpoint><Time>2026-05-02T09:13:58.304Z</Time><Position><LatitudeDegrees>60.070045</LatitudeDegrees><LongitudeDegrees>18.753157</LongitudeDegrees></Position><AltitudeMeters>12.479</AltitudeMeters><HeartRateBpm><Value>129</Value></HeartRateBpm></Trackpoint><Trackpoint><Time>2026-05-02T09:13:59.304Z</Time><Position><LatitudeDegrees>60.07003</LatitudeDegrees><LongitudeDegrees>18.753239</LongitudeDegrees></Position><AltitudeMeters>12.392</AltitudeMeters><HeartRateBpm><Value>129</Value></HeartRateBpm></Trackpoint><Trackpoint><Time>2026-05-02T09:14:00.304Z</Time><Position><LatitudeDegrees>60.070015</LatitudeDegrees><LongitudeDegrees>18.753326</LongitudeDegrees></Position><AltitudeMeters>12.277</AltitudeMeters><HeartRateBpm><Value>128</Value></HeartRateBpm></Trackpoint><Trackpoint><Time>2026-05-02T09:14:01.306Z</Time><Position><LatitudeDegrees>60.07</LatitudeDegrees><LongitudeDegrees>18.753408</LongitudeDegrees></Position><AltitudeMeters>12.234</AltitudeMeters><HeartRateBpm><Value>128</Value></HeartRateBpm></Trackpoint><Trackpoint><Time>2026-05-02T09:14:02.310Z</Time><Position><LatitudeDegrees>60.069984</LatitudeDegrees><LongitudeDegrees>18.753489</LongitudeDegrees></Position><AltitudeMeters>12.076</AltitudeMeters><HeartRateBpm><Value>128</Value></HeartRateBpm></Trackpoint><Trackpoint><Time>2026-05-02T09:14:03.309Z</Time><Position><LatitudeDegrees>60.069965</LatitudeDegrees><LongitudeDegrees>18.753565</LongitudeDegrees></Position><AltitudeMeters>11.755</AltitudeMeters><HeartRateBpm><Value>128</Value></HeartRateBpm></Trackpoint><Trackpoint><Time>2026-05-02T09:14:04.310Z</Time><Position><LatitudeDegrees>60.069942</LatitudeDegrees><LongitudeDegrees>18.753647</LongitudeDegrees></Position><AltitudeMeters>11.49</AltitudeMeters><HeartRateBpm><Value>128</Value></HeartRateBpm></Trackpoint><Trackpoint><Time>2026-05-02T09:14:05.311Z</Time><Position><LatitudeDegrees>60.06992</LatitudeDegrees><LongitudeDegrees>18.753727</LongitudeDegrees></Position><AltitudeMeters>11.304</AltitudeMeters><HeartRateBpm><Value>128</Value></HeartRateBpm></Trackpoint><Trackpoint><Time>2026-05-02T09:14:06.315Z</Time><Position><LatitudeDegrees>60.069893</LatitudeDegrees><LongitudeDegrees>18.753803</LongitudeDegrees></Position><AltitudeMeters>11.104</AltitudeMeters><HeartRateBpm><Value>128</Value></HeartRateBpm></Trackpoint><Trackpoint><Time>2026-05-02T09:14:07.316Z</Time><Position><LatitudeDegrees>60.069862</LatitudeDegrees><LongitudeDegrees>18.753876</LongitudeDegrees></Position><AltitudeMeters>10.906</AltitudeMeters><HeartRateBpm><Value>129</Value></HeartRateBpm></Trackpoint><Trackpoint><Time>2026-05-02T09:14:08.316Z</Time><Position><LatitudeDegrees>60.069836</LatitudeDegrees><LongitudeDegrees>18.753954</LongitudeDegrees></Position><AltitudeMeters>10.928</AltitudeMeters><HeartRateBpm><Value>129</Value></HeartRateBpm></Trackpoint><Trackpoint><Time>2026-05-02T09:14:09.318Z</Time><Position><LatitudeDegrees>60.06981</LatitudeDegrees><LongitudeDegrees>18.754032</LongitudeDegrees></Position><AltitudeMeters>10.939</AltitudeMeters><HeartRateBpm><Value>129</Value></HeartRateBpm></Trackpoint><Trackpoint><Time>2026-05-02T09:14:10.327Z</Time><Position><LatitudeDegrees>60.06978</LatitudeDegrees><LongitudeDegrees>18.754114</LongitudeDegrees></Position><AltitudeMeters>11.085</AltitudeMeters><HeartRateBpm><Value>130</Value></HeartRateBpm></Trackpoint><Trackpoint><Time>2026-05-02T09:14:11.334Z</Time><Position><LatitudeDegrees>60.069744</LatitudeDegrees><LongitudeDegrees>18.754194</LongitudeDegrees></Position><AltitudeMeters>11.172</AltitudeMeters><HeartRateBpm><Value>130</Value></HeartRateBpm></Trackpoint><Trackpoint><Time>2026-05-02T09:14:12.344Z</Time><Position><LatitudeDegrees>60.06971</LatitudeDegrees><LongitudeDegrees>18.754276</LongitudeDegrees></Position><AltitudeMeters>11.296</AltitudeMeters><HeartRateBpm><Value>131</Value></HeartRateBpm></Trackpoint><Trackpoint><Time>2026-05-02T09:14:13.353Z</Time><Position><LatitudeDegrees>60.069675</LatitudeDegrees><LongitudeDegrees>18.754354</LongitudeDegrees></Position><AltitudeMeters>11.577</AltitudeMeters><HeartRateBpm><Value>131</Value></HeartRateBpm></Trackpoint><Trackpoint><Time>2026-05-02T09:14:14.361Z</Time><Position><LatitudeDegrees>60.069645</LatitudeDegrees><LongitudeDegrees>18.754433</LongitudeDegrees></Position><AltitudeMeters>11.686</AltitudeMeters><HeartRateBpm><Value>131</Value></HeartRateBpm></Trackpoint><Trackpoint><Time>2026-05-02T09:14:15.367Z</Time><Position><LatitudeDegrees>60.069622</LatitudeDegrees><LongitudeDegrees>18.754509</LongitudeDegrees></Position><AltitudeMeters>11.681</AltitudeMeters><HeartRateBpm><Value>131</Value></HeartRateBpm></Trackpoint><Trackpoint><Time>2026-05-02T09:14:16.374Z</Time><Position><LatitudeDegrees>60.0696</LatitudeDegrees><LongitudeDegrees>18.754578</LongitudeDegrees></Position><AltitudeMeters>11.705</AltitudeMeters><HeartRateBpm><Value>131</Value></HeartRateBpm></Trackpoint><Trackpoint><Time>2026-05-02T09:14:17.383Z</Time><Position><LatitudeDegrees>60.069576</LatitudeDegrees><LongitudeDegrees>18.754639</LongitudeDegrees></Position><AltitudeMeters>12.071</AltitudeMeters><HeartRateBpm><Value>131</Value></HeartRateBpm></Trackpoint><Trackpoint><Time>2026-05-02T09:14:18.392Z</Time><Position><LatitudeDegrees>60.06955</LatitudeDegrees><LongitudeDegrees>18.754692</LongitudeDegrees></Position><AltitudeMeters>12.586</AltitudeMeters><HeartRateBpm><Value>131</Value></HeartRateBpm></Trackpoint><Trackpoint><Time>2026-05-02T09:14:19.401Z</Time><Position><LatitudeDegrees>60.069527</LatitudeDegrees><LongitudeDegrees>18.754744</LongitudeDegrees></Position><AltitudeMeters>13.061</AltitudeMeters><HeartRateBpm><Value>131</Value></HeartRateBpm></Trackpoint><Trackpoint><Time>2026-05-02T09:14:20.409Z</Time><Position><LatitudeDegrees>60.069504</LatitudeDegrees><LongitudeDegrees>18.754793</LongitudeDegrees></Position><AltitudeMeters>13.537</AltitudeMeters><HeartRateBpm><Value>131</Value></HeartRateBpm></Trackpoint><Trackpoint><Time>2026-05-02T09:14:21.418Z</Time><Position><LatitudeDegrees>60.069485</LatitudeDegrees><LongitudeDegrees>18.754845</LongitudeDegrees></Position><AltitudeMeters>14.006</AltitudeMeters><HeartRateBpm><Value>131</Value></HeartRateBpm></Trackpoint><Trackpoint><Time>2026-05-02T09:14:22.426Z</Time><Position><LatitudeDegrees>60.069466</LatitudeDegrees><LongitudeDegrees>18.754894</LongitudeDegrees></Position><AltitudeMeters>14.3</AltitudeMeters><HeartRateBpm><Value>132</Value></HeartRateBpm></Trackpoint><Trackpoint><Time>2026-05-02T09:14:23.434Z</Time><Position><LatitudeDegrees>60.069447</LatitudeDegrees><LongitudeDegrees>18.754938</LongitudeDegrees></Position><AltitudeMeters>14.561</AltitudeMeters><HeartRateBpm><Value>132</Value></HeartRateBpm></Trackpoint><Trackpoint><Time>2026-05-02T09:14:24.443Z</Time><Position><LatitudeDegrees>60.069427</LatitudeDegrees><LongitudeDegrees>18.754982</LongitudeDegrees></Position><AltitudeMeters>15.319</AltitudeMeters><HeartRateBpm><Value>134</Value></HeartRateBpm></Trackpoint><Trackpoint><Time>2026-05-02T09:14:25.451Z</Time><Position><LatitudeDegrees>60.06941</LatitudeDegrees><LongitudeDegrees>18.755024</LongitudeDegrees></Position><AltitudeMeters>15.886</AltitudeMeters><HeartRateBpm><Value>136</Value></HeartRateBpm></Trackpoint><Trackpoint><Time>2026-05-02T09:14:26.460Z</Time><Position><LatitudeDegrees>60.06939</LatitudeDegrees><LongitudeDegrees>18.755064</LongitudeDegrees></Position><AltitudeMeters>15.962</AltitudeMeters><HeartRateBpm><Value>138</Value></HeartRateBpm></Trackpoint><Trackpoint><Time>2026-05-02T09:14:27.468Z</Time><Position><LatitudeDegrees>60.069374</LatitudeDegrees><LongitudeDegrees>18.755102</LongitudeDegrees></Position><AltitudeMeters>16.021</AltitudeMeters><HeartRateBpm><Value>140</Value></HeartRateBpm></Trackpoint><Trackpoint><Time>2026-05-02T09:14:28.476Z</Time><Position><LatitudeDegrees>60.069355</LatitudeDegrees><LongitudeDegrees>18.755144</LongitudeDegrees></Position><AltitudeMeters>15.879</AltitudeMeters><HeartRateBpm><Value>141</Value></HeartRateBpm></Trackpoint><Trackpoint><Time>2026-05-02T09:14:29.485Z</Time><Position><LatitudeDegrees>60.06934</LatitudeDegrees><LongitudeDegrees>18.755188</LongitudeDegrees></Position><AltitudeMeters>15.684</AltitudeMeters><HeartRateBpm><Value>141</Value></HeartRateBpm></Trackpoint><Trackpoint><Time>2026-05-02T09:14:30.493Z</Time><Position><LatitudeDegrees>60.06932</LatitudeDegrees><LongitudeDegrees>18.755232</LongitudeDegrees></Position><AltitudeMeters>15.352</AltitudeMeters><HeartRateBpm><Value>141</Value></HeartRateBpm></Trackpoint><Trackpoint><Time>2026-05-02T09:14:31.502Z</Time><Position><LatitudeDegrees>60.069298</LatitudeDegrees><LongitudeDegrees>18.755278</LongitudeDegrees></Position><AltitudeMeters>14.938</AltitudeMeters><HeartRateBpm><Value>141</Value></HeartRateBpm></Trackpoint><Trackpoint><Time>2026-05-02T09:14:32.512Z</Time><Position><LatitudeDegrees>60.06928</LatitudeDegrees><LongitudeDegrees>18.755325</LongitudeDegrees></Position><AltitudeMeters>14.488</AltitudeMeters><HeartRateBpm><Value>141</Value></HeartRateBpm></Trackpoint><Trackpoint><Time>2026-05-02T09:14:33.520Z</Time><Position><LatitudeDegrees>60.06926</LatitudeDegrees><LongitudeDegrees>18.755371</LongitudeDegrees></Position><AltitudeMeters>13.923</AltitudeMeters><HeartRateBpm><Value>140</Value></HeartRateBpm></Trackpoint><Trackpoint><Time>2026-05-02T09:14:34.529Z</Time><Position><LatitudeDegrees>60.069237</LatitudeDegrees><LongitudeDegrees>18.755419</LongitudeDegrees></Position><AltitudeMeters>13.599</AltitudeMeters><HeartRateBpm><Value>140</Value></HeartRateBpm></Trackpoint><Trackpoint><Time>2026-05-02T09:14:35.535Z</Time><Position><LatitudeDegrees>60.06921</LatitudeDegrees><LongitudeDegrees>18.755459</LongitudeDegrees></Position><AltitudeMeters>13.577</AltitudeMeters><HeartRateBpm><Value>140</Value></HeartRateBpm></Trackpoint><Trackpoint><Time>2026-05-02T09:14:36.544Z</Time><Position><LatitudeDegrees>60.069187</LatitudeDegrees><LongitudeDegrees>18.7555</LongitudeDegrees></Position><AltitudeMeters>13.507</AltitudeMeters><HeartRateBpm><Value>140</Value></HeartRateBpm></Trackpoint><Trackpoint><Time>2026-05-02T09:14:37.553Z</Time><Position><LatitudeDegrees>60.069157</LatitudeDegrees><LongitudeDegrees>18.755539</LongitudeDegrees></Position><AltitudeMeters>13.534</AltitudeMeters><HeartRateBpm><Value>139</Value></HeartRateBpm></Trackpoint><Trackpoint><Time>2026-05-02T09:14:38.562Z</Time><Position><LatitudeDegrees>60.069122</LatitudeDegrees><LongitudeDegrees>18.75558</LongitudeDegrees></Position><AltitudeMeters>13.53</AltitudeMeters><HeartRateBpm><Value>139</Value></HeartRateBpm></Trackpoint><Trackpoint><Time>2026-05-02T09:14:39.572Z</Time><Position><LatitudeDegrees>60.069084</LatitudeDegrees><LongitudeDegrees>18.755625</LongitudeDegrees></Position><AltitudeMeters>13.374</AltitudeMeters><HeartRateBpm><Value>140</Value></HeartRateBpm></Trackpoint><Trackpoint><Time>2026-05-02T09:14:40.581Z</Time><Position><LatitudeDegrees>60.069042</LatitudeDegrees><LongitudeDegrees>18.75567</LongitudeDegrees></Position><AltitudeMeters>13.209</AltitudeMeters><HeartRateBpm><Value>140</Value></HeartRateBpm></Trackpoint><Trackpoint><Time>2026-05-02T09:14:41.590Z</Time><Position><LatitudeDegrees>60.069</LatitudeDegrees><LongitudeDegrees>18.75572</LongitudeDegrees></Position><AltitudeMeters>12.957</AltitudeMeters><HeartRateBpm><Value>140</Value></HeartRateBpm></Trackpoint><Trackpoint><Time>2026-05-02T09:14:42.598Z</Time><Position><LatitudeDegrees>60.06896</LatitudeDegrees><LongitudeDegrees>18.75578</LongitudeDegrees></Position><AltitudeMeters>11.809</AltitudeMeters><HeartRateBpm><Value>139</Value></HeartRateBpm></Trackpoint><Trackpoint><Time>2026-05-02T09:14:43.605Z</Time><Position><LatitudeDegrees>60.06891</LatitudeDegrees><LongitudeDegrees>18.755848</LongitudeDegrees></Position><AltitudeMeters>11.532</AltitudeMeters><HeartRateBpm><Value>138</Value></HeartRateBpm></Trackpoint><Trackpoint><Time>2026-05-02T09:14:44.613Z</Time><Position><LatitudeDegrees>60.068867</LatitudeDegrees><LongitudeDegrees>18.755932</LongitudeDegrees></Position><AltitudeMeters>14.281</AltitudeMeters><HeartRateBpm><Value>137</Value></HeartRateBpm></Trackpoint><Trackpoint><Time>2026-05-02T09:14:45.620Z</Time><Position><LatitudeDegrees>60.068825</LatitudeDegrees><LongitudeDegrees>18.756025</LongitudeDegrees></Position><AltitudeMeters>13.883</AltitudeMeters><HeartRateBpm><Value>136</Value></HeartRateBpm></Trackpoint><Trackpoint><Time>2026-05-02T09:14:46.629Z</Time><Position><LatitudeDegrees>60.068798</LatitudeDegrees><LongitudeDegrees>18.756151</LongitudeDegrees></Position><AltitudeMeters>12.103</AltitudeMeters><HeartRateBpm><Value>136</Value></HeartRateBpm></Trackpoint><Trackpoint><Time>2026-05-02T09:14:47.635Z</Time><Position><LatitudeDegrees>60.06878</LatitudeDegrees><LongitudeDegrees>18.756271</LongitudeDegrees></Position><AltitudeMeters>12.013</AltitudeMeters><HeartRateBpm><Value>135</Value></HeartRateBpm></Trackpoint><Trackpoint><Time>2026-05-02T09:14:48.644Z</Time><Position><LatitudeDegrees>60.068764</LatitudeDegrees><LongitudeDegrees>18.75641</LongitudeDegrees></Position><AltitudeMeters>11.584</AltitudeMeters><HeartRateBpm><Value>135</Value></HeartRateBpm></Trackpoint><Trackpoint><Time>2026-05-02T09:14:49.651Z</Time><Position><LatitudeDegrees>60.068756</LatitudeDegrees><LongitudeDegrees>18.756542</LongitudeDegrees></Position><AltitudeMeters>11.049</AltitudeMeters><HeartRateBpm><Value>134</Value></HeartRateBpm></Trackpoint><Trackpoint><Time>2026-05-02T09:14:50.660Z</Time><Position><LatitudeDegrees>60.068737</LatitudeDegrees><LongitudeDegrees>18.756693</LongitudeDegrees></Position><AltitudeMeters>10.088</AltitudeMeters><HeartRateBpm><Value>133</Value></HeartRateBpm></Trackpoint><Trackpoint><Time>2026-05-02T09:14:51.670Z</Time><Position><LatitudeDegrees>60.06872</LatitudeDegrees><LongitudeDegrees>18.75683</LongitudeDegrees></Position><AltitudeMeters>9.267</AltitudeMeters><HeartRateBpm><Value>133</Value></HeartRateBpm></Trackpoint><Trackpoint><Time>2026-05-02T09:14:52.678Z</Time><Position><LatitudeDegrees>60.06869</LatitudeDegrees><LongitudeDegrees>18.75697</LongitudeDegrees></Position><AltitudeMeters>8.68</AltitudeMeters><HeartRateBpm><Value>133</Value></HeartRateBpm></Trackpoint><Trackpoint><Time>2026-05-02T09:14:53.688Z</Time><Position><LatitudeDegrees>60.06868</LatitudeDegrees><LongitudeDegrees>18.757103</LongitudeDegrees></Position><AltitudeMeters>8.142</AltitudeMeters><HeartRateBpm><Value>132</Value></HeartRateBpm></Trackpoint><Trackpoint><Time>2026-05-02T09:14:54.697Z</Time><Position><LatitudeDegrees>60.068653</LatitudeDegrees><LongitudeDegrees>18.757248</LongitudeDegrees></Position><AltitudeMeters>7.683</AltitudeMeters><HeartRateBpm><Value>132</Value></HeartRateBpm></Trackpoint><Trackpoint><Time>2026-05-02T09:14:55.704Z</Time><Position><LatitudeDegrees>60.068623</LatitudeDegrees><LongitudeDegrees>18.757402</LongitudeDegrees></Position><AltitudeMeters>8.327</AltitudeMeters><HeartRateBpm><Value>131</Value></HeartRateBpm></Trackpoint><Trackpoint><Time>2026-05-02T09:14:56.712Z</Time><Position><LatitudeDegrees>60.068615</LatitudeDegrees><LongitudeDegrees>18.757574</LongitudeDegrees></Position><AltitudeMeters>8.329</AltitudeMeters><HeartRateBpm><Value>131</Value></HeartRateBpm></Trackpoint><Trackpoint><Time>2026-05-02T09:14:57.721Z</Time><Position><LatitudeDegrees>60.068592</LatitudeDegrees><LongitudeDegrees>18.75772</LongitudeDegrees></Position><AltitudeMeters>7.804</AltitudeMeters><HeartRateBpm><Value>131</Value></HeartRateBpm></Trackpoint><Trackpoint><Time>2026-05-02T09:14:58.729Z</Time><Position><LatitudeDegrees>60.06858</LatitudeDegrees><LongitudeDegrees>18.757854</LongitudeDegrees></Position><AltitudeMeters>7.241</AltitudeMeters><HeartRateBpm><Value>131</Value></HeartRateBpm></Trackpoint><Trackpoint><Time>2026-05-02T09:14:59.731Z</Time><Position><LatitudeDegrees>60.068577</LatitudeDegrees><LongitudeDegrees>18.75799</LongitudeDegrees></Position><AltitudeMeters>6.522</AltitudeMeters><HeartRateBpm><Value>131</Value></HeartRateBpm></Trackpoint><Trackpoint><Time>2026-05-02T09:15:00.738Z</Time><Position><LatitudeDegrees>60.06857</LatitudeDegrees><LongitudeDegrees>18.75813</LongitudeDegrees></Position><AltitudeMeters>6.862</AltitudeMeters><HeartRateBpm><Value>131</Value></HeartRateBpm></Trackpoint><Trackpoint><Time>2026-05-02T09:15:01.745Z</Time><Position><LatitudeDegrees>60.068554</LatitudeDegrees><LongitudeDegrees>18.758263</LongitudeDegrees></Position><AltitudeMeters>6.876</AltitudeMeters><HeartRateBpm><Value>131</Value></HeartRateBpm></Trackpoint><Trackpoint><Time>2026-05-02T09:15:02.753Z</Time><Position><LatitudeDegrees>60.06854</LatitudeDegrees><LongitudeDegrees>18.758387</LongitudeDegrees></Position><AltitudeMeters>7.554</AltitudeMeters><HeartRateBpm><Value>131</Value></HeartRateBpm></Trackpoint><Trackpoint><Time>2026-05-02T09:15:03.762Z</Time><Position><LatitudeDegrees>60.06851</LatitudeDegrees><LongitudeDegrees>18.758501</LongitudeDegrees></Position><AltitudeMeters>8.036</AltitudeMeters><HeartRateBpm><Value>130</Value></HeartRateBpm></Trackpoint><Trackpoint><Time>2026-05-02T09:15:04.771Z</Time><Position><LatitudeDegrees>60.068497</LatitudeDegrees><LongitudeDegrees>18.75863</LongitudeDegrees></Position><AltitudeMeters>6.922</AltitudeMeters><HeartRateBpm><Value>129</Value></HeartRateBpm></Trackpoint><Trackpoint><Time>2026-05-02T09:15:05.780Z</Time><Position><LatitudeDegrees>60.06848</LatitudeDegrees><LongitudeDegrees>18.75877</LongitudeDegrees></Position><AltitudeMeters>5.175</AltitudeMeters><HeartRateBpm><Value>128</Value></HeartRateBpm></Trackpoint><Trackpoint><Time>2026-05-02T09:15:06.788Z</Time><Position><LatitudeDegrees>60.068455</LatitudeDegrees><LongitudeDegrees>18.758896</LongitudeDegrees></Position><AltitudeMeters>3.768</AltitudeMeters><HeartRateBpm><Value>127</Value></HeartRateBpm></Trackpoint><Trackpoint><Time>2026-05-02T09:15:07.795Z</Time><Position><LatitudeDegrees>60.06844</LatitudeDegrees><LongitudeDegrees>18.759054</LongitudeDegrees></Position><AltitudeMeters>3.196</AltitudeMeters><HeartRateBpm><Value>125</Value></HeartRateBpm></Trackpoint><Trackpoint><Time>2026-05-02T09:15:08.804Z</Time><Position><LatitudeDegrees>60.068428</LatitudeDegrees><LongitudeDegrees>18.759165</LongitudeDegrees></Position><AltitudeMeters>2.726</AltitudeMeters><HeartRateBpm><Value>124</Value></HeartRateBpm></Trackpoint><Trackpoint><Time>2026-05-02T09:15:09.813Z</Time><Position><LatitudeDegrees>60.06841</LatitudeDegrees><LongitudeDegrees>18.75931</LongitudeDegrees></Position><AltitudeMeters>2.526</AltitudeMeters><HeartRateBpm><Value>124</Value></HeartRateBpm></Trackpoint><Trackpoint><Time>2026-05-02T09:15:10.822Z</Time><Position><LatitudeDegrees>60.068398</LatitudeDegrees><LongitudeDegrees>18.759447</LongitudeDegrees></Position><AltitudeMeters>2.568</AltitudeMeters><HeartRateBpm><Value>124</Value></HeartRateBpm></Trackpoint><Trackpoint><Time>2026-05-02T09:15:11.831Z</Time><Position><LatitudeDegrees>60.06839</LatitudeDegrees><LongitudeDegrees>18.759563</LongitudeDegrees></Position><AltitudeMeters>2.444</AltitudeMeters><HeartRateBpm><Value>123</Value></HeartRateBpm></Trackpoint><Trackpoint><Time>2026-05-02T09:15:12.840Z</Time><Position><LatitudeDegrees>60.06838</LatitudeDegrees><LongitudeDegrees>18.759651</LongitudeDegrees></Position><AltitudeMeters>2.182</AltitudeMeters><HeartRateBpm><Value>122</Value></HeartRateBpm></Trackpoint><Trackpoint><Time>2026-05-02T09:15:13.842Z</Time><Position><LatitudeDegrees>60.06837</LatitudeDegrees><LongitudeDegrees>18.75974</LongitudeDegrees></Position><AltitudeMeters>1.927</AltitudeMeters><HeartRateBpm><Value>121</Value></HeartRateBpm></Trackpoint><Trackpoint><Time>2026-05-02T09:15:14.851Z</Time><Position><LatitudeDegrees>60.068363</LatitudeDegrees><LongitudeDegrees>18.759823</LongitudeDegrees></Position><AltitudeMeters>1.799</AltitudeMeters><HeartRateBpm><Value>120</Value></HeartRateBpm></Trackpoint><Trackpoint><Time>2026-05-02T09:15:15.859Z</Time><Position><LatitudeDegrees>60.068356</LatitudeDegrees><LongitudeDegrees>18.759897</LongitudeDegrees></Position><AltitudeMeters>1.758</AltitudeMeters><HeartRateBpm><Value>119</Value></HeartRateBpm></Trackpoint><Trackpoint><Time>2026-05-02T09:15:16.867Z</Time><Position><LatitudeDegrees>60.06835</LatitudeDegrees><LongitudeDegrees>18.75996</LongitudeDegrees></Position><AltitudeMeters>1.491</AltitudeMeters><HeartRateBpm><Value>119</Value></HeartRateBpm></Trackpoint><Trackpoint><Time>2026-05-02T09:15:17.875Z</Time><Position><LatitudeDegrees>60.06835</LatitudeDegrees><LongitudeDegrees>18.760015</LongitudeDegrees></Position><AltitudeMeters>1.193</AltitudeMeters><HeartRateBpm><Value>118</Value></HeartRateBpm></Trackpoint><Trackpoint><Time>2026-05-02T09:15:18.883Z</Time><Position><LatitudeDegrees>60.068363</LatitudeDegrees><LongitudeDegrees>18.760061</LongitudeDegrees></Position><AltitudeMeters>0.921</AltitudeMeters><HeartRateBpm><Value>118</Value></HeartRateBpm></Trackpoint><Trackpoint><Time>2026-05-02T09:15:19.891Z</Time><Position><LatitudeDegrees>60.06838</LatitudeDegrees><LongitudeDegrees>18.76009</LongitudeDegrees></Position><AltitudeMeters>0.881</AltitudeMeters><HeartRateBpm><Value>117</Value></HeartRateBpm></Trackpoint><Trackpoint><Time>2026-05-02T09:15:20.900Z</Time><Position><LatitudeDegrees>60.0684</LatitudeDegrees><LongitudeDegrees>18.760105</LongitudeDegrees></Position><AltitudeMeters>0.984</AltitudeMeters><HeartRateBpm><Value>117</Value></HeartRateBpm></Trackpoint><Trackpoint><Time>2026-05-02T09:15:21.909Z</Time><Position><LatitudeDegrees>60.068428</LatitudeDegrees><LongitudeDegrees>18.760103</LongitudeDegrees></Position><AltitudeMeters>0.635</AltitudeMeters><HeartRateBpm><Value>116</Value></HeartRateBpm></Trackpoint><Trackpoint><Time>2026-05-02T09:15:22.913Z</Time><Position><LatitudeDegrees>60.068455</LatitudeDegrees><LongitudeDegrees>18.76009</LongitudeDegrees></Position><AltitudeMeters>0.987</AltitudeMeters><HeartRateBpm><Value>116</Value></HeartRateBpm></Trackpoint><Trackpoint><Time>2026-05-02T09:15:23.913Z</Time><Position><LatitudeDegrees>60.068478</LatitudeDegrees><LongitudeDegrees>18.760069</LongitudeDegrees></Position><AltitudeMeters>1.382</AltitudeMeters><HeartRateBpm><Value>116</Value></HeartRateBpm></Trackpoint><Trackpoint><Time>2026-05-02T09:15:24.913Z</Time><Position><LatitudeDegrees>60.06849</LatitudeDegrees><LongitudeDegrees>18.760052</LongitudeDegrees></Position><AltitudeMeters>1.443</AltitudeMeters><HeartRateBpm><Value>115</Value></HeartRateBpm></Trackpoint><Trackpoint><Time>2026-05-02T09:15:25.922Z</Time><Position><LatitudeDegrees>60.068497</LatitudeDegrees><LongitudeDegrees>18.76005</LongitudeDegrees></Position><AltitudeMeters>1.34</AltitudeMeters><HeartRateBpm><Value>115</Value></HeartRateBpm></Trackpoint><Trackpoint><Time>2026-05-02T09:15:26.931Z</Time><Position><LatitudeDegrees>60.068497</LatitudeDegrees><LongitudeDegrees>18.760063</LongitudeDegrees></Position><AltitudeMeters>1.251</AltitudeMeters><HeartRateBpm><Value>115</Value></HeartRateBpm></Trackpoint><Trackpoint><Time>2026-05-02T09:15:27.939Z</Time><Position><LatitudeDegrees>60.06849</LatitudeDegrees><LongitudeDegrees>18.760096</LongitudeDegrees></Position><AltitudeMeters>1.256</AltitudeMeters><HeartRateBpm><Value>114</Value></HeartRateBpm></Trackpoint></Track></Lap></Activity></Activities></TrainingCenterDatabase>