<?xml version='1.0' encoding='UTF-8' standalone='yes' ?><TrainingCenterDatabase xsi:schemaLocation="http://www.garmin.com/xmlschemas/TrainingCenterDatabase/v2 http://www.garmin.com/xmlschemas/TrainingCenterDatabasev2.xsd" xmlns:ns5="http://www.garmin.com/xmlschemas/ActivityGoals/v1" xmlns:ns3="http://www.garmin.com/xmlschemas/ActivityExtension/v2" xmlns:ns2="http://www.garmin.com/xmlschemas/UserProfile/v2" xmlns="http://www.garmin.com/xmlschemas/TrainingCenterDatabase/v2" xmlns:xsi="http://www.w3.org/2001/XMLSchema-instance" xmlns:ns4="http://www.garmin.com/xmlschemas/ProfileExtension/v1"><Activities><Activity Sport="Biking"><Id>2026-05-02T09:47:01.031Z</Id><Author><Name>Samsung Health</Name></Author><Lap StartTime="2026-05-02T09:47:01.031Z"><TotalTimeSeconds>856</TotalTimeSeconds><DistanceMeters>1986.128</DistanceMeters><Calories>128</Calories><MaximumSpeed>5.441</MaximumSpeed><AverageHeartRateBpm><Value>110</Value></AverageHeartRateBpm><MaximumHeartRateBpm><Value>128</Value></MaximumHeartRateBpm><Intensity>Active</Intensity><TriggerMethod>Manual</TriggerMethod><Track><Trackpoint><Time>2026-05-02T09:47:14.336Z</Time><Position><LatitudeDegrees>60.06677</LatitudeDegrees><LongitudeDegrees>18.760698</LongitudeDegrees></Position><AltitudeMeters>0.153</AltitudeMeters><HeartRateBpm><Value>101</Value></HeartRateBpm></Trackpoint><Trackpoint><Time>2026-05-02T09:47:15.340Z</Time><Position><LatitudeDegrees>60.066734</LatitudeDegrees><LongitudeDegrees>18.76072</LongitudeDegrees></Position><AltitudeMeters>0.153</AltitudeMeters><HeartRateBpm><Value>102</Value></HeartRateBpm></Trackpoint><Trackpoint><Time>2026-05-02T09:47:16.340Z</Time><Position><LatitudeDegrees>60.066715</LatitudeDegrees><LongitudeDegrees>18.760727</LongitudeDegrees></Position><AltitudeMeters>0.153</AltitudeMeters><HeartRateBpm><Value>103</Value></HeartRateBpm></Trackpoint><Trackpoint><Time>2026-05-02T09:47:17.340Z</Time><Position><LatitudeDegrees>60.066704</LatitudeDegrees><LongitudeDegrees>18.760733</LongitudeDegrees></Position><AltitudeMeters>0.153</AltitudeMeters><HeartRateBpm><Value>103</Value></HeartRateBpm></Trackpoint><Trackpoint><Time>2026-05-02T09:47:18.341Z</Time><Position><LatitudeDegrees>60.066696</LatitudeDegrees><LongitudeDegrees>18.760738</LongitudeDegrees></Position><AltitudeMeters>0.153</AltitudeMeters><HeartRateBpm><Value>103</Value></HeartRateBpm></Trackpoint><Trackpoint><Time>2026-05-02T09:47:19.345Z</Time><Position><LatitudeDegrees>60.066685</LatitudeDegrees><LongitudeDegrees>18.760742</LongitudeDegrees></Position><AltitudeMeters>0.153</AltitudeMeters><HeartRateBpm><Value>103</Value></HeartRateBpm></Trackpoint><Trackpoint><Time>2026-05-02T09:47:20.345Z</Time><Position><LatitudeDegrees>60.066673</LatitudeDegrees><LongitudeDegrees>18.760744</LongitudeDegrees></Position><AltitudeMeters>0.153</AltitudeMeters><HeartRateBpm><Value>104</Value></HeartRateBpm></Trackpoint><Trackpoint><Time>2026-05-02T09:47:21.345Z</Time><Position><LatitudeDegrees>60.066654</LatitudeDegrees><LongitudeDegrees>18.760742</LongitudeDegrees></Position><AltitudeMeters>0.153</AltitudeMeters><HeartRateBpm><Value>104</Value></HeartRateBpm></Trackpoint><Trackpoint><Time>2026-05-02T09:47:22.346Z</Time><Position><LatitudeDegrees>60.06664</LatitudeDegrees><LongitudeDegrees>18.760738</LongitudeDegrees></Position><AltitudeMeters>0.153</AltitudeMeters><HeartRateBpm><Value>105</Value></HeartRateBpm></Trackpoint><Trackpoint><Time>2026-05-02T09:47:23.350Z</Time><Position><LatitudeDegrees>60.06662</LatitudeDegrees><LongitudeDegrees>18.760736</LongitudeDegrees></Position><AltitudeMeters>0.153</AltitudeMeters><HeartRateBpm><Value>106</Value></HeartRateBpm></Trackpoint><Trackpoint><Time>2026-05-02T09:47:24.348Z</Time><Position><LatitudeDegrees>60.066605</LatitudeDegrees><LongitudeDegrees>18.760733</LongitudeDegrees></Position><AltitudeMeters>0.153</AltitudeMeters><HeartRateBpm><Value>107</Value></HeartRateBpm></Trackpoint><Trackpoint><Time>2026-05-02T09:47:25.349Z</Time><Position><LatitudeDegrees>60.066586</LatitudeDegrees><LongitudeDegrees>18.760729</LongitudeDegrees></Position><AltitudeMeters>0.153</AltitudeMeters><HeartRateBpm><Value>107</Value></HeartRateBpm></Trackpoint><Trackpoint><Time>2026-05-02T09:47:26.352Z</Time><Position><LatitudeDegrees>60.06657</LatitudeDegrees><LongitudeDegrees>18.760725</LongitudeDegrees></Position><AltitudeMeters>0.153</AltitudeMeters><HeartRateBpm><Value>107</Value></HeartRateBpm></Trackpoint><Trackpoint><Time>2026-05-02T09:47:27.356Z</Time><Position><LatitudeDegrees>60.06655</LatitudeDegrees><LongitudeDegrees>18.76072</LongitudeDegrees></Position><AltitudeMeters>0.153</AltitudeMeters><HeartRateBpm><Value>108</Value></HeartRateBpm></Trackpoint><Trackpoint><Time>2026-05-02T09:47:28.354Z</Time><Position><LatitudeDegrees>60.066532</LatitudeDegrees><LongitudeDegrees>18.760715</LongitudeDegrees></Position><AltitudeMeters>0.153</AltitudeMeters><HeartRateBpm><Value>108</Value></HeartRateBpm></Trackpoint><Trackpoint><Time>2026-05-02T09:47:29.355Z</Time><Position><LatitudeDegrees>60.066517</LatitudeDegrees><LongitudeDegrees>18.760712</LongitudeDegrees></Position><AltitudeMeters>0.073</AltitudeMeters><HeartRateBpm><Value>108</Value></HeartRateBpm></Trackpoint><Trackpoint><Time>2026-05-02T09:47:30.357Z</Time><Position><LatitudeDegrees>60.066505</LatitudeDegrees><LongitudeDegrees>18.760706</LongitudeDegrees></Position><AltitudeMeters>0.022</AltitudeMeters><HeartRateBpm><Value>108</Value></HeartRateBpm></Trackpoint><Trackpoint><Time>2026-05-02T09:47:31.360Z</Time><Position><LatitudeDegrees>60.06649</LatitudeDegrees><LongitudeDegrees>18.7607</LongitudeDegrees></Position><AltitudeMeters>-0.045</AltitudeMeters><HeartRateBpm><Value>107</Value></HeartRateBpm></Trackpoint><Trackpoint><Time>2026-05-02T09:47:32.360Z</Time><Position><LatitudeDegrees>60.06648</LatitudeDegrees><LongitudeDegrees>18.760695</LongitudeDegrees></Position><AltitudeMeters>0.024</AltitudeMeters><HeartRateBpm><Value>107</Value></HeartRateBpm></Trackpoint><Trackpoint><Time>2026-05-02T09:47:33.360Z</Time><Position><LatitudeDegrees>60.066463</LatitudeDegrees><LongitudeDegrees>18.760687</LongitudeDegrees></Position><AltitudeMeters>-0.004</AltitudeMeters><HeartRateBpm><Value>107</Value></HeartRateBpm></Trackpoint><Trackpoint><Time>2026-05-02T09:47:34.364Z</Time><Position><LatitudeDegrees>60.066452</LatitudeDegrees><LongitudeDegrees>18.76068</LongitudeDegrees></Position><AltitudeMeters>0.063</AltitudeMeters><HeartRateBpm><Value>107</Value></HeartRateBpm></Trackpoint><Trackpoint><Time>2026-05-02T09:47:35.372Z</Time><Position><LatitudeDegrees>60.06644</LatitudeDegrees><LongitudeDegrees>18.760672</LongitudeDegrees></Position><AltitudeMeters>0.093</AltitudeMeters><HeartRateBpm><Value>107</Value></HeartRateBpm></Trackpoint><Trackpoint><Time>2026-05-02T09:47:36.382Z</Time><Position><LatitudeDegrees>60.06643</LatitudeDegrees><LongitudeDegrees>18.760664</LongitudeDegrees></Position><AltitudeMeters>0.059</AltitudeMeters><HeartRateBpm><Value>107</Value></HeartRateBpm></Trackpoint><Trackpoint><Time>2026-05-02T09:47:37.390Z</Time><Position><LatitudeDegrees>60.066418</LatitudeDegrees><LongitudeDegrees>18.760656</LongitudeDegrees></Position><AltitudeMeters>0.103</AltitudeMeters><HeartRateBpm><Value>106</Value></HeartRateBpm></Trackpoint><Trackpoint><Time>2026-05-02T09:47:38.397Z</Time><Position><LatitudeDegrees>60.066402</LatitudeDegrees><LongitudeDegrees>18.76065</LongitudeDegrees></Position><AltitudeMeters>0.179</AltitudeMeters><HeartRateBpm><Value>106</Value></HeartRateBpm></Trackpoint><Trackpoint><Time>2026-05-02T09:47:39.406Z</Time><Position><LatitudeDegrees>60.06639</LatitudeDegrees><LongitudeDegrees>18.760643</LongitudeDegrees></Position><AltitudeMeters>0.263</AltitudeMeters><HeartRateBpm><Value>106</Value></HeartRateBpm></Trackpoint><Trackpoint><Time>2026-05-02T09:47:40.415Z</Time><Position><LatitudeDegrees>60.066376</LatitudeDegrees><LongitudeDegrees>18.760635</LongitudeDegrees></Position><AltitudeMeters>0.497</AltitudeMeters><HeartRateBpm><Value>107</Value></HeartRateBpm></Trackpoint><Trackpoint><Time>2026-05-02T09:47:41.422Z</Time><Position><LatitudeDegrees>60.066364</LatitudeDegrees><LongitudeDegrees>18.760628</LongitudeDegrees></Position><AltitudeMeters>0.763</AltitudeMeters><HeartRateBpm><Value>107</Value></HeartRateBpm></Trackpoint><Trackpoint><Time>2026-05-02T09:47:42.429Z</Time><Position><LatitudeDegrees>60.06635</LatitudeDegrees><LongitudeDegrees>18.76062</LongitudeDegrees></Position><AltitudeMeters>0.958</AltitudeMeters><HeartRateBpm><Value>107</Value></HeartRateBpm></Trackpoint><Trackpoint><Time>2026-05-02T09:47:43.437Z</Time><Position><LatitudeDegrees>60.066334</LatitudeDegrees><LongitudeDegrees>18.760612</LongitudeDegrees></Position><AltitudeMeters>1.133</AltitudeMeters><HeartRateBpm><Value>108</Value></HeartRateBpm></Trackpoint><Trackpoint><Time>2026-05-02T09:47:44.446Z</Time><Position><LatitudeDegrees>60.066322</LatitudeDegrees><LongitudeDegrees>18.760603</LongitudeDegrees></Position><AltitudeMeters>1.345</AltitudeMeters><HeartRateBpm><Value>109</Value></HeartRateBpm></Trackpoint><Trackpoint><Time>2026-05-02T09:47:45.455Z</Time><Position><LatitudeDegrees>60.06631</LatitudeDegrees><LongitudeDegrees>18.760592</LongitudeDegrees></Position><AltitudeMeters>1.456</AltitudeMeters><HeartRateBpm><Value>110</Value></HeartRateBpm></Trackpoint><Trackpoint><Time>2026-05-02T09:47:46.463Z</Time><Position><LatitudeDegrees>60.0663</LatitudeDegrees><LongitudeDegrees>18.760584</LongitudeDegrees></Position><AltitudeMeters>1.595</AltitudeMeters><HeartRateBpm><Value>111</Value></HeartRateBpm></Trackpoint><Trackpoint><Time>2026-05-02T09:47:47.466Z</Time><Position><LatitudeDegrees>60.066288</LatitudeDegrees><LongitudeDegrees>18.760574</LongitudeDegrees></Position><AltitudeMeters>1.713</AltitudeMeters><HeartRateBpm><Value>111</Value></HeartRateBpm></Trackpoint><Trackpoint><Time>2026-05-02T09:47:48.475Z</Time><Position><LatitudeDegrees>60.066277</LatitudeDegrees><LongitudeDegrees>18.76057</LongitudeDegrees></Position><AltitudeMeters>1.81</AltitudeMeters><HeartRateBpm><Value>111</Value></HeartRateBpm></Trackpoint><Trackpoint><Time>2026-05-02T09:47:49.484Z</Time><Position><LatitudeDegrees>60.066265</LatitudeDegrees><LongitudeDegrees>18.760567</LongitudeDegrees></Position><AltitudeMeters>1.732</AltitudeMeters><HeartRateBpm><Value>111</Value></HeartRateBpm></Trackpoint><Trackpoint><Time>2026-05-02T09:47:50.492Z</Time><Position><LatitudeDegrees>60.066257</LatitudeDegrees><LongitudeDegrees>18.760565</LongitudeDegrees></Position><AltitudeMeters>1.557</AltitudeMeters><HeartRateBpm><Value>111</Value></HeartRateBpm></Trackpoint><Trackpoint><Time>2026-05-02T09:47:51.500Z</Time><Position><LatitudeDegrees>60.066246</LatitudeDegrees><LongitudeDegrees>18.760563</LongitudeDegrees></Position><AltitudeMeters>1.734</AltitudeMeters><HeartRateBpm><Value>111</Value></HeartRateBpm></Trackpoint><Trackpoint><Time>2026-05-02T09:47:52.507Z</Time><Position><LatitudeDegrees>60.06624</LatitudeDegrees><LongitudeDegrees>18.760563</LongitudeDegrees></Position><AltitudeMeters>2.184</AltitudeMeters><HeartRateBpm><Value>111</Value></HeartRateBpm></Trackpoint><Trackpoint><Time>2026-05-02T09:47:53.515Z</Time><Position><LatitudeDegrees>60.066227</LatitudeDegrees><LongitudeDegrees>18.760561</LongitudeDegrees></Position><AltitudeMeters>2.438</AltitudeMeters><HeartRateBpm><Value>112</Value></HeartRateBpm></Trackpoint><Trackpoint><Time>2026-05-02T09:47:54.523Z</Time><Position><LatitudeDegrees>60.066216</LatitudeDegrees><LongitudeDegrees>18.76056</LongitudeDegrees></Position><AltitudeMeters>2.581</AltitudeMeters><HeartRateBpm><Value>112</Value></HeartRateBpm></Trackpoint><Trackpoint><Time>2026-05-02T09:47:55.532Z</Time><Position><LatitudeDegrees>60.066204</LatitudeDegrees><LongitudeDegrees>18.760555</LongitudeDegrees></Position><AltitudeMeters>2.47</AltitudeMeters><HeartRateBpm><Value>112</Value></HeartRateBpm></Trackpoint><Trackpoint><Time>2026-05-02T09:47:56.539Z</Time><Position><LatitudeDegrees>60.066193</LatitudeDegrees><LongitudeDegrees>18.760551</LongitudeDegrees></Position><AltitudeMeters>2.406</AltitudeMeters><HeartRateBpm><Value>112</Value></HeartRateBpm></Trackpoint><Trackpoint><Time>2026-05-02T09:47:57.548Z</Time><Position><LatitudeDegrees>60.06618</LatitudeDegrees><LongitudeDegrees>18.760546</LongitudeDegrees></Position><AltitudeMeters>2.392</AltitudeMeters><HeartRateBpm><Value>113</Value></HeartRateBpm></Trackpoint><Trackpoint><Time>2026-05-02T09:47:58.556Z</Time><Position><LatitudeDegrees>60.06617</LatitudeDegrees><LongitudeDegrees>18.760538</LongitudeDegrees></Position><AltitudeMeters>2.405</AltitudeMeters><HeartRateBpm><Value>112</Value></HeartRateBpm></Trackpoint><Trackpoint><Time>2026-05-02T09:47:59.565Z</Time><Position><LatitudeDegrees>60.06616</LatitudeDegrees><LongitudeDegrees>18.760532</LongitudeDegrees></Position><AltitudeMeters>2.639</AltitudeMeters><HeartRateBpm><Value>112</Value></HeartRateBpm></Trackpoint><Trackpoint><Time>2026-05-02T09:48:00.574Z</Time><Position><LatitudeDegrees>60.066147</LatitudeDegrees><LongitudeDegrees>18.760527</LongitudeDegrees></Position><AltitudeMeters>2.673</AltitudeMeters><HeartRateBpm><Value>112</Value></HeartRateBpm></Trackpoint><Trackpoint><Time>2026-05-02T09:48:01.583Z</Time><Position><LatitudeDegrees>60.066135</LatitudeDegrees><LongitudeDegrees>18.760519</LongitudeDegrees></Position><AltitudeMeters>2.743</AltitudeMeters><HeartRateBpm><Value>111</Value></HeartRateBpm></Trackpoint><Trackpoint><Time>2026-05-02T09:48:02.589Z</Time><Position><LatitudeDegrees>60.066124</LatitudeDegrees><LongitudeDegrees>18.760511</LongitudeDegrees></Position><AltitudeMeters>2.788</AltitudeMeters><HeartRateBpm><Value>111</Value></HeartRateBpm></Trackpoint><Trackpoint><Time>2026-05-02T09:48:03.598Z</Time><Position><LatitudeDegrees>60.066116</LatitudeDegrees><LongitudeDegrees>18.760502</LongitudeDegrees></Position><AltitudeMeters>2.906</AltitudeMeters><HeartRateBpm><Value>111</Value></HeartRateBpm></Trackpoint><Trackpoint><Time>2026-05-02T09:48:04.606Z</Time><Position><LatitudeDegrees>60.06611</LatitudeDegrees><LongitudeDegrees>18.760492</LongitudeDegrees></Position><AltitudeMeters>2.969</AltitudeMeters><HeartRateBpm><Value>112</Value></HeartRateBpm></Trackpoint><Trackpoint><Time>2026-05-02T09:48:05.614Z</Time><Position><LatitudeDegrees>60.0661</LatitudeDegrees><LongitudeDegrees>18.760483</LongitudeDegrees></Position><AltitudeMeters>2.962</AltitudeMeters><HeartRateBpm><Value>113</Value></HeartRateBpm></Trackpoint><Trackpoint><Time>2026-05-02T09:48:06.624Z</Time><Position><LatitudeDegrees>60.066093</LatitudeDegrees><LongitudeDegrees>18.760473</LongitudeDegrees></Position><AltitudeMeters>2.974</AltitudeMeters><HeartRateBpm><Value>113</Value></HeartRateBpm></Trackpoint><Trackpoint><Time>2026-05-02T09:48:07.633Z</Time><Position><LatitudeDegrees>60.066086</LatitudeDegrees><LongitudeDegrees>18.760464</LongitudeDegrees></Position><AltitudeMeters>2.948</AltitudeMeters><HeartRateBpm><Value>114</Value></HeartRateBpm></Trackpoint><Trackpoint><Time>2026-05-02T09:48:08.642Z</Time><Position><LatitudeDegrees>60.06608</LatitudeDegrees><LongitudeDegrees>18.760456</LongitudeDegrees></Position><AltitudeMeters>2.882</AltitudeMeters><HeartRateBpm><Value>114</Value></HeartRateBpm></Trackpoint><Trackpoint><Time>2026-05-02T09:48:09.649Z</Time><Position><LatitudeDegrees>60.06607</LatitudeDegrees><LongitudeDegrees>18.760447</LongitudeDegrees></Position><AltitudeMeters>2.908</AltitudeMeters><HeartRateBpm><Value>114</Value></HeartRateBpm></Trackpoint><Trackpoint><Time>2026-05-02T09:48:10.657Z</Time><Position><LatitudeDegrees>60.066063</LatitudeDegrees><LongitudeDegrees>18.76044</LongitudeDegrees></Position><AltitudeMeters>2.893</AltitudeMeters><HeartRateBpm><Value>115</Value></HeartRateBpm></Trackpoint><Trackpoint><Time>2026-05-02T09:48:11.666Z</Time><Position><LatitudeDegrees>60.066055</LatitudeDegrees><LongitudeDegrees>18.760435</LongitudeDegrees></Position><AltitudeMeters>3.0</AltitudeMeters><HeartRateBpm><Value>115</Value></HeartRateBpm></Trackpoint><Trackpoint><Time>2026-05-02T09:48:12.674Z</Time><Position><LatitudeDegrees>60.066048</LatitudeDegrees><LongitudeDegrees>18.760427</LongitudeDegrees></Position><AltitudeMeters>3.134</AltitudeMeters><HeartRateBpm><Value>116</Value></HeartRateBpm></Trackpoint><Trackpoint><Time>2026-05-02T09:48:13.683Z</Time><Position><LatitudeDegrees>60.06604</LatitudeDegrees><LongitudeDegrees>18.760422</LongitudeDegrees></Position><AltitudeMeters>3.164</AltitudeMeters><HeartRateBpm><Value>115</Value></HeartRateBpm></Trackpoint><Trackpoint><Time>2026-05-02T09:48:14.689Z</Time><Position><LatitudeDegrees>60.06603</LatitudeDegrees><LongitudeDegrees>18.760418</LongitudeDegrees></Position><AltitudeMeters>3.142</AltitudeMeters><HeartRateBpm><Value>116</Value></HeartRateBpm></Trackpoint><Trackpoint><Time>2026-05-02T09:48:15.699Z</Time><Position><LatitudeDegrees>60.06602</LatitudeDegrees><LongitudeDegrees>18.760412</LongitudeDegrees></Position><AltitudeMeters>3.151</AltitudeMeters><HeartRateBpm><Value>116</Value></HeartRateBpm></Trackpoint><Trackpoint><Time>2026-05-02T09:48:16.707Z</Time><Position><LatitudeDegrees>60.066013</LatitudeDegrees><LongitudeDegrees>18.760406</LongitudeDegrees></Position><AltitudeMeters>3.165</AltitudeMeters><HeartRateBpm><Value>117</Value></HeartRateBpm></Trackpoint><Trackpoint><Time>2026-05-02T09:48:17.715Z</Time><Position><LatitudeDegrees>60.066</LatitudeDegrees><LongitudeDegrees>18.7604</LongitudeDegrees></Position><AltitudeMeters>3.277</AltitudeMeters><HeartRateBpm><Value>117</Value></HeartRateBpm></Trackpoint><Trackpoint><Time>2026-05-02T09:48:18.724Z</Time><Position><LatitudeDegrees>60.065994</LatitudeDegrees><LongitudeDegrees>18.760395</LongitudeDegrees></Position><AltitudeMeters>3.205</AltitudeMeters><HeartRateBpm><Value>117</Value></HeartRateBpm></Trackpoint><Trackpoint><Time>2026-05-02T09:48:19.733Z</Time><Position><LatitudeDegrees>60.065983</LatitudeDegrees><LongitudeDegrees>18.760391</LongitudeDegrees></Position><AltitudeMeters>3.206</AltitudeMeters><HeartRateBpm><Value>117</Value></HeartRateBpm></Trackpoint><Trackpoint><Time>2026-05-02T09:48:20.742Z</Time><Position><LatitudeDegrees>60.065975</LatitudeDegrees><LongitudeDegrees>18.760387</LongitudeDegrees></Position><AltitudeMeters>3.287</AltitudeMeters><HeartRateBpm><Value>117</Value></HeartRateBpm></Trackpoint><Trackpoint><Time>2026-05-02T09:48:21.748Z</Time><Position><LatitudeDegrees>60.065964</LatitudeDegrees><LongitudeDegrees>18.760384</LongitudeDegrees></Position><AltitudeMeters>3.294</AltitudeMeters><HeartRateBpm><Value>117</Value></HeartRateBpm></Trackpoint><Trackpoint><Time>2026-05-02T09:48:22.757Z</Time><Position><LatitudeDegrees>60.065956</LatitudeDegrees><LongitudeDegrees>18.760378</LongitudeDegrees></Position><AltitudeMeters>3.103</AltitudeMeters><HeartRateBpm><Value>117</Value></HeartRateBpm></Trackpoint><Trackpoint><Time>2026-05-02T09:48:23.766Z</Time><Position><LatitudeDegrees>60.06595</LatitudeDegrees><LongitudeDegrees>18.760372</LongitudeDegrees></Position><AltitudeMeters>3.139</AltitudeMeters><HeartRateBpm><Value>116</Value></HeartRateBpm></Trackpoint><Trackpoint><Time>2026-05-02T09:48:24.774Z</Time><Position><LatitudeDegrees>60.065937</LatitudeDegrees><LongitudeDegrees>18.760366</LongitudeDegrees></Position><AltitudeMeters>3.218</AltitudeMeters><HeartRateBpm><Value>117</Value></HeartRateBpm></Trackpoint><Trackpoint><Time>2026-05-02T09:48:25.783Z</Time><Position><LatitudeDegrees>60.06593</LatitudeDegrees><LongitudeDegrees>18.76036</LongitudeDegrees></Position><AltitudeMeters>3.321</AltitudeMeters><HeartRateBpm><Value>116</Value></HeartRateBpm></Trackpoint><Trackpoint><Time>2026-05-02T09:48:26.792Z</Time><Position><LatitudeDegrees>60.06592</LatitudeDegrees><LongitudeDegrees>18.760355</LongitudeDegrees></Position><AltitudeMeters>3.294</AltitudeMeters><HeartRateBpm><Value>116</Value></HeartRateBpm></Trackpoint><Trackpoint><Time>2026-05-02T09:48:27.799Z</Time><Position><LatitudeDegrees>60.06591</LatitudeDegrees><LongitudeDegrees>18.76035</LongitudeDegrees></Position><AltitudeMeters>3.147</AltitudeMeters><HeartRateBpm><Value>117</Value></HeartRateBpm></Trackpoint><Trackpoint><Time>2026-05-02T09:48:28.808Z</Time><Position><LatitudeDegrees>60.065903</LatitudeDegrees><LongitudeDegrees>18.760342</LongitudeDegrees></Position><AltitudeMeters>3.092</AltitudeMeters><HeartRateBpm><Value>117</Value></HeartRateBpm></Trackpoint><Trackpoint><Time>2026-05-02T09:48:29.817Z</Time><Position><LatitudeDegrees>60.065895</LatitudeDegrees><LongitudeDegrees>18.760336</LongitudeDegrees></Position><AltitudeMeters>2.958</AltitudeMeters><HeartRateBpm><Value>118</Value></HeartRateBpm></Trackpoint><Trackpoint><Time>2026-05-02T09:48:30.825Z</Time><Position><LatitudeDegrees>60.065884</LatitudeDegrees><LongitudeDegrees>18.760328</LongitudeDegrees></Position><AltitudeMeters>2.823</AltitudeMeters><HeartRateBpm><Value>119</Value></HeartRateBpm></Trackpoint><Trackpoint><Time>2026-05-02T09:48:31.834Z</Time><Position><LatitudeDegrees>60.065876</LatitudeDegrees><LongitudeDegrees>18.760323</LongitudeDegrees></Position><AltitudeMeters>2.852</AltitudeMeters><HeartRateBpm><Value>121</Value></HeartRateBpm></Trackpoint><Trackpoint><Time>2026-05-02T09:48:32.843Z</Time><Position><LatitudeDegrees>60.06587</LatitudeDegrees><LongitudeDegrees>18.760315</LongitudeDegrees></Position><AltitudeMeters>2.913</AltitudeMeters><HeartRateBpm><Value>122</Value></HeartRateBpm></Trackpoint><Trackpoint><Time>2026-05-02T09:48:33.849Z</Time><Position><LatitudeDegrees>60.065857</LatitudeDegrees><LongitudeDegrees>18.76031</LongitudeDegrees></Position><AltitudeMeters>2.881</AltitudeMeters><HeartRateBpm><Value>122</Value></HeartRateBpm></Trackpoint><Trackpoint><Time>2026-05-02T09:48:34.857Z</Time><Position><LatitudeDegrees>60.06585</LatitudeDegrees><LongitudeDegrees>18.760302</LongitudeDegrees></Position><AltitudeMeters>2.877</AltitudeMeters><HeartRateBpm><Value>123</Value></HeartRateBpm></Trackpoint><Trackpoint><Time>2026-05-02T09:48:35.866Z</Time><Position><LatitudeDegrees>60.065838</LatitudeDegrees><LongitudeDegrees>18.760294</LongitudeDegrees></Position><AltitudeMeters>2.867</AltitudeMeters><HeartRateBpm><Value>124</Value></HeartRateBpm></Trackpoint><Trackpoint><Time>2026-05-02T09:48:36.875Z</Time><Position><LatitudeDegrees>60.06583</LatitudeDegrees><LongitudeDegrees>18.760288</LongitudeDegrees></Position><AltitudeMeters>2.813</AltitudeMeters><HeartRateBpm><Value>126</Value></HeartRateBpm></Trackpoint><Trackpoint><Time>2026-05-02T09:48:37.883Z</Time><Position><LatitudeDegrees>60.065823</LatitudeDegrees><LongitudeDegrees>18.76028</LongitudeDegrees></Position><AltitudeMeters>2.854</AltitudeMeters><HeartRateBpm><Value>127</Value></HeartRateBpm></Trackpoint><Trackpoint><Time>2026-05-02T09:48:38.890Z</Time><Position><LatitudeDegrees>60.06581</LatitudeDegrees><LongitudeDegrees>18.760273</LongitudeDegrees></Position><AltitudeMeters>2.786</AltitudeMeters><HeartRateBpm><Value>127</Value></HeartRateBpm></Trackpoint><Trackpoint><Time>2026-05-02T09:48:39.898Z</Time><Position><LatitudeDegrees>60.065804</LatitudeDegrees><LongitudeDegrees>18.760267</LongitudeDegrees></Position><AltitudeMeters>2.87</AltitudeMeters><HeartRateBpm><Value>127</Value></HeartRateBpm></Trackpoint><Trackpoint><Time>2026-05-02T09:48:40.907Z</Time><Position><LatitudeDegrees>60.065792</LatitudeDegrees><LongitudeDegrees>18.760263</LongitudeDegrees></Position><AltitudeMeters>2.888</AltitudeMeters><HeartRateBpm><Value>127</Value></HeartRateBpm></Trackpoint><Trackpoint><Time>2026-05-02T09:48:41.916Z</Time><Position><LatitudeDegrees>60.065784</LatitudeDegrees><LongitudeDegrees>18.76026</LongitudeDegrees></Position><AltitudeMeters>2.94</AltitudeMeters><HeartRateBpm><Value>127</Value></HeartRateBpm></Trackpoint><Trackpoint><Time>2026-05-02T09:48:42.924Z</Time><Position><LatitudeDegrees>60.065773</LatitudeDegrees><LongitudeDegrees>18.760256</LongitudeDegrees></Position><AltitudeMeters>3.022</AltitudeMeters><HeartRateBpm><Value>126</Value></HeartRateBpm></Trackpoint><Trackpoint><Time>2026-05-02T09:48:43.932Z</Time><Position><LatitudeDegrees>60.06576</LatitudeDegrees><LongitudeDegrees>18.760252</LongitudeDegrees></Position><AltitudeMeters>2.914</AltitudeMeters><HeartRateBpm><Value>126</Value></HeartRateBpm></Trackpoint><Trackpoint><Time>2026-05-02T09:48:44.940Z</Time><Position><LatitudeDegrees>60.065754</LatitudeDegrees><LongitudeDegrees>18.76025</LongitudeDegrees></Position><AltitudeMeters>2.789</AltitudeMeters><HeartRateBpm><Value>125</Value></HeartRateBpm></Trackpoint><Trackpoint><Time>2026-05-02T09:48:45.946Z</Time><Position><LatitudeDegrees>60.065742</LatitudeDegrees><LongitudeDegrees>18.760246</LongitudeDegrees></Position><AltitudeMeters>2.749</AltitudeMeters><HeartRateBpm><Value>124</Value></HeartRateBpm></Trackpoint><Trackpoint><Time>2026-05-02T09:48:46.955Z</Time><Position><LatitudeDegrees>60.065735</LatitudeDegrees><LongitudeDegrees>18.760242</LongitudeDegrees></Position><AltitudeMeters>2.786</AltitudeMeters><HeartRateBpm><Value>123</Value></HeartRateBpm></Trackpoint><Trackpoint><Time>2026-05-02T09:48:47.955Z</Time><Position><LatitudeDegrees>60.065723</LatitudeDegrees><LongitudeDegrees>18.76024</LongitudeDegrees></Position><AltitudeMeters>3.521</AltitudeMeters><HeartRateBpm><Value>122</Value></HeartRateBpm></Trackpoint><Trackpoint><Time>2026-05-02T09:48:48.954Z</Time><Position><LatitudeDegrees>60.065716</LatitudeDegrees><LongitudeDegrees>18.760237</LongitudeDegrees></Position><AltitudeMeters>3.574</AltitudeMeters><HeartRateBpm><Value>122</Value></HeartRateBpm></Trackpoint><Trackpoint><Time>2026-05-02T09:48:49.955Z</Time><Position><LatitudeDegrees>60.06571</LatitudeDegrees><LongitudeDegrees>18.760233</LongitudeDegrees></Position><AltitudeMeters>3.637</AltitudeMeters><HeartRateBpm><Value>121</Value></HeartRateBpm></Trackpoint><Trackpoint><Time>2026-05-02T09:48:50.954Z</Time><Position><LatitudeDegrees>60.065697</LatitudeDegrees><LongitudeDegrees>18.760227</LongitudeDegrees></Position><AltitudeMeters>4.397</AltitudeMeters><HeartRateBpm><Value>121</Value></HeartRateBpm></Trackpoint><Trackpoint><Time>2026-05-02T09:48:51.956Z</Time><Position><LatitudeDegrees>60.065685</LatitudeDegrees><LongitudeDegrees>18.76022</LongitudeDegrees></Position><AltitudeMeters>4.917</AltitudeMeters><HeartRateBpm><Value>120</Value></HeartRateBpm></Trackpoint><Trackpoint><Time>2026-05-02T09:48:52.964Z</Time><Position><LatitudeDegrees>60.065678</LatitudeDegrees><LongitudeDegrees>18.76021</LongitudeDegrees></Position><AltitudeMeters>5.108</AltitudeMeters><HeartRateBpm><Value>118</Value></HeartRateBpm></Trackpoint><Trackpoint><Time>2026-05-02T09:48:53.973Z</Time><Position><LatitudeDegrees>60.065666</LatitudeDegrees><LongitudeDegrees>18.7602</LongitudeDegrees></Position><AltitudeMeters>4.947</AltitudeMeters><HeartRateBpm><Value>117</Value></HeartRateBpm></Trackpoint><Trackpoint><Time>2026-05-02T09:48:54.980Z</Time><Position><LatitudeDegrees>60.065655</LatitudeDegrees><LongitudeDegrees>18.760191</LongitudeDegrees></Position><AltitudeMeters>4.712</AltitudeMeters><HeartRateBpm><Value>116</Value></HeartRateBpm></Trackpoint><Trackpoint><Time>2026-05-02T09:48:55.988Z</Time><Position><LatitudeDegrees>60.06564</LatitudeDegrees><LongitudeDegrees>18.76018</LongitudeDegrees></Position><AltitudeMeters>4.634</AltitudeMeters><HeartRateBpm><Value>114</Value></HeartRateBpm></Trackpoint><Trackpoint><Time>2026-05-02T09:48:56.997Z</Time><Position><LatitudeDegrees>60.065628</LatitudeDegrees><LongitudeDegrees>18.760166</LongitudeDegrees></Position><AltitudeMeters>4.576</AltitudeMeters><HeartRateBpm><Value>113</Value></HeartRateBpm></Trackpoint><Trackpoint><Time>2026-05-02T09:48:58.006Z</Time><Position><LatitudeDegrees>60.065613</LatitudeDegrees><LongitudeDegrees>18.760153</LongitudeDegrees></Position><AltitudeMeters>4.386</AltitudeMeters><HeartRateBpm><Value>111</Value></HeartRateBpm></Trackpoint><Trackpoint><Time>2026-05-02T09:48:59.015Z</Time><Position><LatitudeDegrees>60.065594</LatitudeDegrees><LongitudeDegrees>18.760141</LongitudeDegrees></Position><AltitudeMeters>4.128</AltitudeMeters><HeartRateBpm><Value>110</Value></HeartRateBpm></Trackpoint><Trackpoint><Time>2026-05-02T09:49:00.020Z</Time><Position><LatitudeDegrees>60.06558</LatitudeDegrees><LongitudeDegrees>18.760132</LongitudeDegrees></Position><AltitudeMeters>4.489</AltitudeMeters><HeartRateBpm><Value>110</Value></HeartRateBpm></Trackpoint><Trackpoint><Time>2026-05-02T09:49:01.021Z</Time><Position><LatitudeDegrees>60.06556</LatitudeDegrees><LongitudeDegrees>18.760126</LongitudeDegrees></Position><AltitudeMeters>5.022</AltitudeMeters><HeartRateBpm><Value>109</Value></HeartRateBpm></Trackpoint><Trackpoint><Time>2026-05-02T09:49:02.021Z</Time><Position><LatitudeDegrees>60.06554</LatitudeDegrees><LongitudeDegrees>18.760124</LongitudeDegrees></Position><AltitudeMeters>5.399</AltitudeMeters><HeartRateBpm><Value>109</Value></HeartRateBpm></Trackpoint><Trackpoint><Time>2026-05-02T09:49:03.022Z</Time><Position><LatitudeDegrees>60.06552</LatitudeDegrees><LongitudeDegrees>18.76012</LongitudeDegrees></Position><AltitudeMeters>5.441</AltitudeMeters><HeartRateBpm><Value>108</Value></HeartRateBpm></Trackpoint><Trackpoint><Time>2026-05-02T09:49:04.024Z</Time><Position><LatitudeDegrees>60.065506</LatitudeDegrees><LongitudeDegrees>18.760115</LongitudeDegrees></Position><AltitudeMeters>5.328</AltitudeMeters><HeartRateBpm><Value>107</Value></HeartRateBpm></Trackpoint><Trackpoint><Time>2026-05-02T09:49:05.024Z</Time><Position><LatitudeDegrees>60.065495</LatitudeDegrees><LongitudeDegrees>18.760105</LongitudeDegrees></Position><AltitudeMeters>5.263</AltitudeMeters><HeartRateBpm><Value>107</Value></HeartRateBpm></Trackpoint><Trackpoint><Time>2026-05-02T09:49:06.027Z</Time><Position><LatitudeDegrees>60.06548</LatitudeDegrees><LongitudeDegrees>18.760094</LongitudeDegrees></Position><AltitudeMeters>5.215</AltitudeMeters><HeartRateBpm><Value>106</Value></HeartRateBpm></Trackpoint><Trackpoint><Time>2026-05-02T09:49:07.036Z</Time><Position><LatitudeDegrees>60.065468</LatitudeDegrees><LongitudeDegrees>18.760077</LongitudeDegrees></Position><AltitudeMeters>4.915</AltitudeMeters><HeartRateBpm><Value>107</Value></HeartRateBpm></Trackpoint><Trackpoint><Time>2026-05-02T09:49:08.044Z</Time><Position><LatitudeDegrees>60.065453</LatitudeDegrees><LongitudeDegrees>18.76006</LongitudeDegrees></Position><AltitudeMeters>4.527</AltitudeMeters><HeartRateBpm><Value>107</Value></HeartRateBpm></Trackpoint><Trackpoint><Time>2026-05-02T09:49:09.053Z</Time><Position><LatitudeDegrees>60.06544</LatitudeDegrees><LongitudeDegrees>18.760042</LongitudeDegrees></Position><AltitudeMeters>4.311</AltitudeMeters><HeartRateBpm><Value>107</Value></HeartRateBpm></Trackpoint><Trackpoint><Time>2026-05-02T09:49:10.062Z</Time><Position><LatitudeDegrees>60.065426</LatitudeDegrees><LongitudeDegrees>18.760023</LongitudeDegrees></Position><AltitudeMeters>4.25</AltitudeMeters><HeartRateBpm><Value>107</Value></HeartRateBpm></Trackpoint><Trackpoint><Time>2026-05-02T09:49:11.069Z</Time><Position><LatitudeDegrees>60.065414</LatitudeDegrees><LongitudeDegrees>18.760004</LongitudeDegrees></Position><AltitudeMeters>4.24</AltitudeMeters><HeartRateBpm><Value>107</Value></HeartRateBpm></Trackpoint><Trackpoint><Time>2026-05-02T09:49:12.077Z</Time><Position><LatitudeDegrees>60.0654</LatitudeDegrees><LongitudeDegrees>18.759985</LongitudeDegrees></Position><AltitudeMeters>4.225</AltitudeMeters><HeartRateBpm><Value>108</Value></HeartRateBpm></Trackpoint><Trackpoint><Time>2026-05-02T09:49:13.086Z</Time><Position><LatitudeDegrees>60.065384</LatitudeDegrees><LongitudeDegrees>18.759964</LongitudeDegrees></Position><AltitudeMeters>4.042</AltitudeMeters><HeartRateBpm><Value>109</Value></HeartRateBpm></Trackpoint><Trackpoint><Time>2026-05-02T09:49:14.095Z</Time><Position><LatitudeDegrees>60.065365</LatitudeDegrees><LongitudeDegrees>18.759941</LongitudeDegrees></Position><AltitudeMeters>3.918</AltitudeMeters><HeartRateBpm><Value>109</Value></HeartRateBpm></Trackpoint><Trackpoint><Time>2026-05-02T09:49:15.102Z</Time><Position><LatitudeDegrees>60.06535</LatitudeDegrees><LongitudeDegrees>18.759916</LongitudeDegrees></Position><AltitudeMeters>3.78</AltitudeMeters><HeartRateBpm><Value>108</Value></HeartRateBpm></Trackpoint><Trackpoint><Time>2026-05-02T09:49:16.108Z</Time><Position><LatitudeDegrees>60.065334</LatitudeDegrees><LongitudeDegrees>18.75989</LongitudeDegrees></Position><AltitudeMeters>3.936</AltitudeMeters><HeartRateBpm><Value>108</Value></HeartRateBpm></Trackpoint><Trackpoint><Time>2026-05-02T09:49:17.117Z</Time><Position><LatitudeDegrees>60.065315</LatitudeDegrees><LongitudeDegrees>18.759863</LongitudeDegrees></Position><AltitudeMeters>3.853</AltitudeMeters><HeartRateBpm><Value>107</Value></HeartRateBpm></Trackpoint><Trackpoint><Time>2026-05-02T09:49:18.126Z</Time><Position><LatitudeDegrees>60.065304</LatitudeDegrees><LongitudeDegrees>18.75984</LongitudeDegrees></Position><AltitudeMeters>3.924</AltitudeMeters><HeartRateBpm><Value>108</Value></HeartRateBpm></Trackpoint><Trackpoint><Time>2026-05-02T09:49:19.135Z</Time><Position><LatitudeDegrees>60.065292</LatitudeDegrees><LongitudeDegrees>18.759819</LongitudeDegrees></Position><AltitudeMeters>4.082</AltitudeMeters><HeartRateBpm><Value>108</Value></HeartRateBpm></Trackpoint><Trackpoint><Time>2026-05-02T09:49:20.144Z</Time><Position><LatitudeDegrees>60.06528</LatitudeDegrees><LongitudeDegrees>18.759796</LongitudeDegrees></Position><AltitudeMeters>4.129</AltitudeMeters><HeartRateBpm><Value>108</Value></HeartRateBpm></Trackpoint><Trackpoint><Time>2026-05-02T09:49:21.152Z</Time><Position><LatitudeDegrees>60.06527</LatitudeDegrees><LongitudeDegrees>18.759773</LongitudeDegrees></Position><AltitudeMeters>4.127</AltitudeMeters><HeartRateBpm><Value>107</Value></HeartRateBpm></Trackpoint><Trackpoint><Time>2026-05-02T09:49:22.159Z</Time><Position><LatitudeDegrees>60.065258</LatitudeDegrees><LongitudeDegrees>18.759754</LongitudeDegrees></Position><AltitudeMeters>4.178</AltitudeMeters><HeartRateBpm><Value>107</Value></HeartRateBpm></Trackpoint><Trackpoint><Time>2026-05-02T09:49:23.168Z</Time><Position><LatitudeDegrees>60.06525</LatitudeDegrees><LongitudeDegrees>18.759739</LongitudeDegrees></Position><AltitudeMeters>4.262</AltitudeMeters><HeartRateBpm><Value>107</Value></HeartRateBpm></Trackpoint><Trackpoint><Time>2026-05-02T09:49:24.176Z</Time><Position><LatitudeDegrees>60.06524</LatitudeDegrees><LongitudeDegrees>18.759724</LongitudeDegrees></Position><AltitudeMeters>4.215</AltitudeMeters><HeartRateBpm><Value>108</Value></HeartRateBpm></Trackpoint><Trackpoint><Time>2026-05-02T09:49:25.185Z</Time><Position><LatitudeDegrees>60.06523</LatitudeDegrees><LongitudeDegrees>18.75971</LongitudeDegrees></Position><AltitudeMeters>3.895</AltitudeMeters><HeartRateBpm><Value>108</Value></HeartRateBpm></Trackpoint><Trackpoint><Time>2026-05-02T09:49:26.194Z</Time><Position><LatitudeDegrees>60.06522</LatitudeDegrees><LongitudeDegrees>18.759697</LongitudeDegrees></Position><AltitudeMeters>3.823</AltitudeMeters><HeartRateBpm><Value>108</Value></HeartRateBpm></Trackpoint><Trackpoint><Time>2026-05-02T09:49:27.202Z</Time><Position><LatitudeDegrees>60.06521</LatitudeDegrees><LongitudeDegrees>18.759686</LongitudeDegrees></Position><AltitudeMeters>3.972</AltitudeMeters><HeartRateBpm><Value>108</Value></HeartRateBpm></Trackpoint><Trackpoint><Time>2026-05-02T09:49:28.209Z</Time><Position><LatitudeDegrees>60.065197</LatitudeDegrees><LongitudeDegrees>18.759674</LongitudeDegrees></Position><AltitudeMeters>4.124</AltitudeMeters><HeartRateBpm><Value>107</Value></HeartRateBpm></Trackpoint><Trackpoint><Time>2026-05-02T09:49:29.220Z</Time><Position><LatitudeDegrees>60.065186</LatitudeDegrees><LongitudeDegrees>18.759663</LongitudeDegrees></Position><AltitudeMeters>4.295</AltitudeMeters><HeartRateBpm><Value>107</Value></HeartRateBpm></Trackpoint><Trackpoint><Time>2026-05-02T09:49:30.227Z</Time><Position><LatitudeDegrees>60.06517</LatitudeDegrees><LongitudeDegrees>18.759651</LongitudeDegrees></Position><AltitudeMeters>4.812</AltitudeMeters><HeartRateBpm><Value>106</Value></HeartRateBpm></Trackpoint><Trackpoint><Time>2026-05-02T09:49:31.235Z</Time><Position><LatitudeDegrees>60.065155</LatitudeDegrees><LongitudeDegrees>18.759642</LongitudeDegrees></Position><AltitudeMeters>4.769</AltitudeMeters><HeartRateBpm><Value>105</Value></HeartRateBpm></Trackpoint><Trackpoint><Time>2026-05-02T09:49:32.244Z</Time><Position><LatitudeDegrees>60.06514</LatitudeDegrees><LongitudeDegrees>18.75963</LongitudeDegrees></Position><AltitudeMeters>4.519</AltitudeMeters><HeartRateBpm><Value>104</Value></HeartRateBpm></Trackpoint><Trackpoint><Time>2026-05-02T09:49:33.249Z</Time><Position><LatitudeDegrees>60.065125</LatitudeDegrees><LongitudeDegrees>18.759619</LongitudeDegrees></Position><AltitudeMeters>4.338</AltitudeMeters><HeartRateBpm><Value>104</Value></HeartRateBpm></Trackpoint><Trackpoint><Time>2026-05-02T09:49:34.257Z</Time><Position><LatitudeDegrees>60.06511</LatitudeDegrees><LongitudeDegrees>18.759607</LongitudeDegrees></Position><AltitudeMeters>4.257</AltitudeMeters><HeartRateBpm><Value>103</Value></HeartRateBpm></Trackpoint><Trackpoint><Time>2026-05-02T09:49:35.265Z</Time><Position><LatitudeDegrees>60.065094</LatitudeDegrees><LongitudeDegrees>18.759596</LongitudeDegrees></Position><AltitudeMeters>4.372</AltitudeMeters><HeartRateBpm><Value>104</Value></HeartRateBpm></Trackpoint><Trackpoint><Time>2026-05-02T09:49:36.274Z</Time><Position><LatitudeDegrees>60.06508</LatitudeDegrees><LongitudeDegrees>18.75958</LongitudeDegrees></Position><AltitudeMeters>5.345</AltitudeMeters><HeartRateBpm><Value>104</Value></HeartRateBpm></Trackpoint><Trackpoint><Time>2026-05-02T09:49:37.283Z</Time><Position><LatitudeDegrees>60.065063</LatitudeDegrees><LongitudeDegrees>18.759565</LongitudeDegrees></Position><AltitudeMeters>5.581</AltitudeMeters><HeartRateBpm><Value>103</Value></HeartRateBpm></Trackpoint><Trackpoint><Time>2026-05-02T09:49:38.290Z</Time><Position><LatitudeDegrees>60.065052</LatitudeDegrees><LongitudeDegrees>18.759548</LongitudeDegrees></Position><AltitudeMeters>5.371</AltitudeMeters><HeartRateBpm><Value>103</Value></HeartRateBpm></Trackpoint><Trackpoint><Time>2026-05-02T09:49:39.298Z</Time><Position><LatitudeDegrees>60.06504</LatitudeDegrees><LongitudeDegrees>18.759531</LongitudeDegrees></Position><AltitudeMeters>5.255</AltitudeMeters><HeartRateBpm><Value>104</Value></HeartRateBpm></Trackpoint><Trackpoint><Time>2026-05-02T09:49:40.307Z</Time><Position><LatitudeDegrees>60.065033</LatitudeDegrees><LongitudeDegrees>18.759512</LongitudeDegrees></Position><AltitudeMeters>5.199</AltitudeMeters><HeartRateBpm><Value>104</Value></HeartRateBpm></Trackpoint><Trackpoint><Time>2026-05-02T09:49:41.314Z</Time><Position><LatitudeDegrees>60.065025</LatitudeDegrees><LongitudeDegrees>18.759495</LongitudeDegrees></Position><AltitudeMeters>5.153</AltitudeMeters><HeartRateBpm><Value>104</Value></HeartRateBpm></Trackpoint><Trackpoint><Time>2026-05-02T09:49:42.322Z</Time><Position><LatitudeDegrees>60.065018</LatitudeDegrees><LongitudeDegrees>18.759478</LongitudeDegrees></Position><AltitudeMeters>5.187</AltitudeMeters><HeartRateBpm><Value>105</Value></HeartRateBpm></Trackpoint><Trackpoint><Time>2026-05-02T09:49:43.331Z</Time><Position><LatitudeDegrees>60.06501</LatitudeDegrees><LongitudeDegrees>18.75946</LongitudeDegrees></Position><AltitudeMeters>5.2</AltitudeMeters><HeartRateBpm><Value>106</Value></HeartRateBpm></Trackpoint><Trackpoint><Time>2026-05-02T09:49:44.338Z</Time><Position><LatitudeDegrees>60.065</LatitudeDegrees><LongitudeDegrees>18.759445</LongitudeDegrees></Position><AltitudeMeters>5.344</AltitudeMeters><HeartRateBpm><Value>107</Value></HeartRateBpm></Trackpoint><Trackpoint><Time>2026-05-02T09:49:45.347Z</Time><Position><LatitudeDegrees>60.06499</LatitudeDegrees><LongitudeDegrees>18.759428</LongitudeDegrees></Position><AltitudeMeters>5.352</AltitudeMeters><HeartRateBpm><Value>109</Value></HeartRateBpm></Trackpoint><Trackpoint><Time>2026-05-02T09:49:46.356Z</Time><Position><LatitudeDegrees>60.064983</LatitudeDegrees><LongitudeDegrees>18.759413</LongitudeDegrees></Position><AltitudeMeters>5.258</AltitudeMeters><HeartRateBpm><Value>109</Value></HeartRateBpm></Trackpoint><Trackpoint><Time>2026-05-02T09:49:47.363Z</Time><Position><LatitudeDegrees>60.064972</LatitudeDegrees><LongitudeDegrees>18.759396</LongitudeDegrees></Position><AltitudeMeters>5.241</AltitudeMeters><HeartRateBpm><Value>110</Value></HeartRateBpm></Trackpoint><Trackpoint><Time>2026-05-02T09:49:48.372Z</Time><Position><LatitudeDegrees>60.06496</LatitudeDegrees><LongitudeDegrees>18.759378</LongitudeDegrees></Position><AltitudeMeters>5.351</AltitudeMeters><HeartRateBpm><Value>109</Value></HeartRateBpm></Trackpoint><Trackpoint><Time>2026-05-02T09:49:49.379Z</Time><Position><LatitudeDegrees>60.06495</LatitudeDegrees><LongitudeDegrees>18.759363</LongitudeDegrees></Position><AltitudeMeters>5.389</AltitudeMeters><HeartRateBpm><Value>108</Value></HeartRateBpm></Trackpoint><Trackpoint><Time>2026-05-02T09:49:50.388Z</Time><Position><LatitudeDegrees>60.064938</LatitudeDegrees><LongitudeDegrees>18.759346</LongitudeDegrees></Position><AltitudeMeters>5.323</AltitudeMeters><HeartRateBpm><Value>107</Value></HeartRateBpm></Trackpoint><Trackpoint><Time>2026-05-02T09:49:51.397Z</Time><Position><LatitudeDegrees>60.064926</LatitudeDegrees><LongitudeDegrees>18.75933</LongitudeDegrees></Position><AltitudeMeters>5.194</AltitudeMeters><HeartRateBpm><Value>106</Value></HeartRateBpm></Trackpoint><Trackpoint><Time>2026-05-02T09:49:52.406Z</Time><Position><LatitudeDegrees>60.064915</LatitudeDegrees><LongitudeDegrees>18.759315</LongitudeDegrees></Position><AltitudeMeters>5.103</AltitudeMeters><HeartRateBpm><Value>104</Value></HeartRateBpm></Trackpoint><Trackpoint><Time>2026-05-02T09:49:53.415Z</Time><Position><LatitudeDegrees>60.064903</LatitudeDegrees><LongitudeDegrees>18.7593</LongitudeDegrees></Position><AltitudeMeters>5.168</AltitudeMeters><HeartRateBpm><Value>103</Value></HeartRateBpm></Trackpoint><Trackpoint><Time>2026-05-02T09:49:54.423Z</Time><Position><LatitudeDegrees>60.06489</LatitudeDegrees><LongitudeDegrees>18.759285</LongitudeDegrees></Position><AltitudeMeters>5.235</AltitudeMeters><HeartRateBpm><Value>102</Value></HeartRateBpm></Trackpoint><Trackpoint><Time>2026-05-02T09:49:55.432Z</Time><Position><LatitudeDegrees>60.06488</LatitudeDegrees><LongitudeDegrees>18.75927</LongitudeDegrees></Position><AltitudeMeters>5.212</AltitudeMeters><HeartRateBpm><Value>102</Value></HeartRateBpm></Trackpoint><Trackpoint><Time>2026-05-02T09:49:56.439Z</Time><Position><LatitudeDegrees>60.06487</LatitudeDegrees><LongitudeDegrees>18.759254</LongitudeDegrees></Position><AltitudeMeters>5.074</AltitudeMeters><HeartRateBpm><Value>104</Value></HeartRateBpm></Trackpoint><Trackpoint><Time>2026-05-02T09:49:57.447Z</Time><Position><LatitudeDegrees>60.064857</LatitudeDegrees><LongitudeDegrees>18.75924</LongitudeDegrees></Position><AltitudeMeters>5.221</AltitudeMeters><HeartRateBpm><Value>105</Value></HeartRateBpm></Trackpoint><Trackpoint><Time>2026-05-02T09:49:58.454Z</Time><Position><LatitudeDegrees>60.064846</LatitudeDegrees><LongitudeDegrees>18.759226</LongitudeDegrees></Position><AltitudeMeters>5.435</AltitudeMeters><HeartRateBpm><Value>106</Value></HeartRateBpm></Trackpoint><Trackpoint><Time>2026-05-02T09:49:59.453Z</Time><Position><LatitudeDegrees>60.064835</LatitudeDegrees><LongitudeDegrees>18.759214</LongitudeDegrees></Position><AltitudeMeters>5.454</AltitudeMeters><HeartRateBpm><Value>106</Value></HeartRateBpm></Trackpoint><Trackpoint><Time>2026-05-02T09:50:00.455Z</Time><Position><LatitudeDegrees>60.064823</LatitudeDegrees><LongitudeDegrees>18.759201</LongitudeDegrees></Position><AltitudeMeters>5.577</AltitudeMeters><HeartRateBpm><Value>107</Value></HeartRateBpm></Trackpoint><Trackpoint><Time>2026-05-02T09:50:01.459Z</Time><Position><LatitudeDegrees>60.064816</LatitudeDegrees><LongitudeDegrees>18.75919</LongitudeDegrees></Position><AltitudeMeters>5.528</AltitudeMeters><HeartRateBpm><Value>107</Value></HeartRateBpm></Trackpoint><Trackpoint><Time>2026-05-02T09:50:02.457Z</Time><Position><LatitudeDegrees>60.064808</LatitudeDegrees><LongitudeDegrees>18.759178</LongitudeDegrees></Position><AltitudeMeters>5.475</AltitudeMeters><HeartRateBpm><Value>107</Value></HeartRateBpm></Trackpoint><Trackpoint><Time>2026-05-02T09:50:03.457Z</Time><Position><LatitudeDegrees>60.064796</LatitudeDegrees><LongitudeDegrees>18.759167</LongitudeDegrees></Position><AltitudeMeters>5.492</AltitudeMeters><HeartRateBpm><Value>107</Value></HeartRateBpm></Trackpoint><Trackpoint><Time>2026-05-02T09:50:04.460Z</Time><Position><LatitudeDegrees>60.06479</LatitudeDegrees><LongitudeDegrees>18.759155</LongitudeDegrees></Position><AltitudeMeters>5.446</AltitudeMeters><HeartRateBpm><Value>106</Value></HeartRateBpm></Trackpoint><Trackpoint><Time>2026-05-02T09:50:05.460Z</Time><Position><LatitudeDegrees>60.06478</LatitudeDegrees><LongitudeDegrees>18.759142</LongitudeDegrees></Position><AltitudeMeters>5.496</AltitudeMeters><HeartRateBpm><Value>107</Value></HeartRateBpm></Trackpoint><Trackpoint><Time>2026-05-02T09:50:06.463Z</Time><Position><LatitudeDegrees>60.064774</LatitudeDegrees><LongitudeDegrees>18.759129</LongitudeDegrees></Position><AltitudeMeters>5.664</AltitudeMeters><HeartRateBpm><Value>107</Value></HeartRateBpm></Trackpoint><Trackpoint><Time>2026-05-02T09:50:07.472Z</Time><Position><LatitudeDegrees>60.06477</LatitudeDegrees><LongitudeDegrees>18.759111</LongitudeDegrees></Position><AltitudeMeters>5.955</AltitudeMeters><HeartRateBpm><Value>107</Value></HeartRateBpm></Trackpoint><Trackpoint><Time>2026-05-02T09:50:08.479Z</Time><Position><LatitudeDegrees>60.064762</LatitudeDegrees><LongitudeDegrees>18.759096</LongitudeDegrees></Position><AltitudeMeters>6.164</AltitudeMeters><HeartRateBpm><Value>107</Value></HeartRateBpm></Trackpoint><Trackpoint><Time>2026-05-02T09:50:09.487Z</Time><Position><LatitudeDegrees>60.06476</LatitudeDegrees><LongitudeDegrees>18.759077</LongitudeDegrees></Position><AltitudeMeters>6.206</AltitudeMeters><HeartRateBpm><Value>108</Value></HeartRateBpm></Trackpoint><Trackpoint><Time>2026-05-02T09:50:10.496Z</Time><Position><LatitudeDegrees>60.06475</LatitudeDegrees><LongitudeDegrees>18.759058</LongitudeDegrees></Position><AltitudeMeters>6.282</AltitudeMeters><HeartRateBpm><Value>109</Value></HeartRateBpm></Trackpoint><Trackpoint><Time>2026-05-02T09:50:11.505Z</Time><Position><LatitudeDegrees>60.064747</LatitudeDegrees><LongitudeDegrees>18.759039</LongitudeDegrees></Position><AltitudeMeters>6.337</AltitudeMeters><HeartRateBpm><Value>110</Value></HeartRateBpm></Trackpoint><Trackpoint><Time>2026-05-02T09:50:12.514Z</Time><Position><LatitudeDegrees>60.06474</LatitudeDegrees><LongitudeDegrees>18.759022</LongitudeDegrees></Position><AltitudeMeters>6.319</AltitudeMeters><HeartRateBpm><Value>111</Value></HeartRateBpm></Trackpoint><Trackpoint><Time>2026-05-02T09:50:13.522Z</Time><Position><LatitudeDegrees>60.064735</LatitudeDegrees><LongitudeDegrees>18.759003</LongitudeDegrees></Position><AltitudeMeters>6.227</AltitudeMeters><HeartRateBpm><Value>110</Value></HeartRateBpm></Trackpoint><Trackpoint><Time>2026-05-02T09:50:14.529Z</Time><Position><LatitudeDegrees>60.064728</LatitudeDegrees><LongitudeDegrees>18.758984</LongitudeDegrees></Position><AltitudeMeters>6.3</AltitudeMeters><HeartRateBpm><Value>110</Value></HeartRateBpm></Trackpoint><Trackpoint><Time>2026-05-02T09:50:15.541Z</Time><Position><LatitudeDegrees>60.064724</LatitudeDegrees><LongitudeDegrees>18.758966</LongitudeDegrees></Position><AltitudeMeters>6.392</AltitudeMeters><HeartRateBpm><Value>110</Value></HeartRateBpm></Trackpoint><Trackpoint><Time>2026-05-02T09:50:16.548Z</Time><Position><LatitudeDegrees>60.064713</LatitudeDegrees><LongitudeDegrees>18.758953</LongitudeDegrees></Position><AltitudeMeters>6.659</AltitudeMeters><HeartRateBpm><Value>111</Value></HeartRateBpm></Trackpoint><Trackpoint><Time>2026-05-02T09:50:17.555Z</Time><Position><LatitudeDegrees>60.064705</LatitudeDegrees><LongitudeDegrees>18.758938</LongitudeDegrees></Position><AltitudeMeters>6.842</AltitudeMeters><HeartRateBpm><Value>110</Value></HeartRateBpm></Trackpoint><Trackpoint><Time>2026-05-02T09:50:18.564Z</Time><Position><LatitudeDegrees>60.064697</LatitudeDegrees><LongitudeDegrees>18.758923</LongitudeDegrees></Position><AltitudeMeters>6.841</AltitudeMeters><HeartRateBpm><Value>109</Value></HeartRateBpm></Trackpoint><Trackpoint><Time>2026-05-02T09:50:19.573Z</Time><Position><LatitudeDegrees>60.06469</LatitudeDegrees><LongitudeDegrees>18.75891</LongitudeDegrees></Position><AltitudeMeters>6.727</AltitudeMeters><HeartRateBpm><Value>108</Value></HeartRateBpm></Trackpoint><Trackpoint><Time>2026-05-02T09:50:20.582Z</Time><Position><LatitudeDegrees>60.06468</LatitudeDegrees><LongitudeDegrees>18.758896</LongitudeDegrees></Position><AltitudeMeters>6.57</AltitudeMeters><HeartRateBpm><Value>108</Value></HeartRateBpm></Trackpoint><Trackpoint><Time>2026-05-02T09:50:21.589Z</Time><Position><LatitudeDegrees>60.064667</LatitudeDegrees><LongitudeDegrees>18.75888</LongitudeDegrees></Position><AltitudeMeters>6.562</AltitudeMeters><HeartRateBpm><Value>108</Value></HeartRateBpm></Trackpoint><Trackpoint><Time>2026-05-02T09:50:22.598Z</Time><Position><LatitudeDegrees>60.06466</LatitudeDegrees><LongitudeDegrees>18.758863</LongitudeDegrees></Position><AltitudeMeters>6.656</AltitudeMeters><HeartRateBpm><Value>109</Value></HeartRateBpm></Trackpoint><Trackpoint><Time>2026-05-02T09:50:23.606Z</Time><Position><LatitudeDegrees>60.064648</LatitudeDegrees><LongitudeDegrees>18.758846</LongitudeDegrees></Position><AltitudeMeters>6.293</AltitudeMeters><HeartRateBpm><Value>109</Value></HeartRateBpm></Trackpoint><Trackpoint><Time>2026-05-02T09:50:24.615Z</Time><Position><LatitudeDegrees>60.06464</LatitudeDegrees><LongitudeDegrees>18.75883</LongitudeDegrees></Position><AltitudeMeters>6.247</AltitudeMeters><HeartRateBpm><Value>108</Value></HeartRateBpm></Trackpoint><Trackpoint><Time>2026-05-02T09:50:25.623Z</Time><Position><LatitudeDegrees>60.06463</LatitudeDegrees><LongitudeDegrees>18.758812</LongitudeDegrees></Position><AltitudeMeters>6.092</AltitudeMeters><HeartRateBpm><Value>107</Value></HeartRateBpm></Trackpoint><Trackpoint><Time>2026-05-02T09:50:26.629Z</Time><Position><LatitudeDegrees>60.06462</LatitudeDegrees><LongitudeDegrees>18.758793</LongitudeDegrees></Position><AltitudeMeters>6.43</AltitudeMeters><HeartRateBpm><Value>106</Value></HeartRateBpm></Trackpoint><Trackpoint><Time>2026-05-02T09:50:27.638Z</Time><Position><LatitudeDegrees>60.064613</LatitudeDegrees><LongitudeDegrees>18.758774</LongitudeDegrees></Position><AltitudeMeters>7.043</AltitudeMeters><HeartRateBpm><Value>105</Value></HeartRateBpm></Trackpoint><Trackpoint><Time>2026-05-02T09:50:28.646Z</Time><Position><LatitudeDegrees>60.0646</LatitudeDegrees><LongitudeDegrees>18.758755</LongitudeDegrees></Position><AltitudeMeters>7.55</AltitudeMeters><HeartRateBpm><Value>105</Value></HeartRateBpm></Trackpoint><Trackpoint><Time>2026-05-02T09:50:29.645Z</Time><Position><LatitudeDegrees>60.064594</LatitudeDegrees><LongitudeDegrees>18.758736</LongitudeDegrees></Position><AltitudeMeters>6.944</AltitudeMeters><HeartRateBpm><Value>105</Value></HeartRateBpm></Trackpoint><Trackpoint><Time>2026-05-02T09:50:30.648Z</Time><Position><LatitudeDegrees>60.064583</LatitudeDegrees><LongitudeDegrees>18.758715</LongitudeDegrees></Position><AltitudeMeters>6.537</AltitudeMeters><HeartRateBpm><Value>105</Value></HeartRateBpm></Trackpoint><Trackpoint><Time>2026-05-02T09:50:31.654Z</Time><Position><LatitudeDegrees>60.06457</LatitudeDegrees><LongitudeDegrees>18.758696</LongitudeDegrees></Position><AltitudeMeters>6.728</AltitudeMeters><HeartRateBpm><Value>106</Value></HeartRateBpm></Trackpoint><Trackpoint><Time>2026-05-02T09:50:32.662Z</Time><Position><LatitudeDegrees>60.064564</LatitudeDegrees><LongitudeDegrees>18.758675</LongitudeDegrees></Position><AltitudeMeters>6.805</AltitudeMeters><HeartRateBpm><Value>106</Value></HeartRateBpm></Trackpoint><Trackpoint><Time>2026-05-02T09:50:33.664Z</Time><Position><LatitudeDegrees>60.064552</LatitudeDegrees><LongitudeDegrees>18.758656</LongitudeDegrees></Position><AltitudeMeters>6.465</AltitudeMeters><HeartRateBpm><Value>107</Value></HeartRateBpm></Trackpoint><Trackpoint><Time>2026-05-02T09:50:34.673Z</Time><Position><LatitudeDegrees>60.064545</LatitudeDegrees><LongitudeDegrees>18.758633</LongitudeDegrees></Position><AltitudeMeters>6.46</AltitudeMeters><HeartRateBpm><Value>107</Value></HeartRateBpm></Trackpoint><Trackpoint><Time>2026-05-02T09:50:35.682Z</Time><Position><LatitudeDegrees>60.064533</LatitudeDegrees><LongitudeDegrees>18.758608</LongitudeDegrees></Position><AltitudeMeters>6.885</AltitudeMeters><HeartRateBpm><Value>108</Value></HeartRateBpm></Trackpoint><Trackpoint><Time>2026-05-02T09:50:36.689Z</Time><Position><LatitudeDegrees>60.064526</LatitudeDegrees><LongitudeDegrees>18.758574</LongitudeDegrees></Position><AltitudeMeters>6.617</AltitudeMeters><HeartRateBpm><Value>109</Value></HeartRateBpm></Trackpoint><Trackpoint><Time>2026-05-02T09:50:37.696Z</Time><Position><LatitudeDegrees>60.064518</LatitudeDegrees><LongitudeDegrees>18.758533</LongitudeDegrees></Position><AltitudeMeters>6.274</AltitudeMeters><HeartRateBpm><Value>110</Value></HeartRateBpm></Trackpoint><Trackpoint><Time>2026-05-02T09:50:38.704Z</Time><Position><LatitudeDegrees>60.06451</LatitudeDegrees><LongitudeDegrees>18.7585</LongitudeDegrees></Position><AltitudeMeters>6.088</AltitudeMeters><HeartRateBpm><Value>110</Value></HeartRateBpm></Trackpoint><Trackpoint><Time>2026-05-02T09:50:39.714Z</Time><Position><LatitudeDegrees>60.064507</LatitudeDegrees><LongitudeDegrees>18.758463</LongitudeDegrees></Position><AltitudeMeters>6.29</AltitudeMeters><HeartRateBpm><Value>111</Value></HeartRateBpm></Trackpoint><Trackpoint><Time>2026-05-02T09:50:40.721Z</Time><Position><LatitudeDegrees>60.0645</LatitudeDegrees><LongitudeDegrees>18.758425</LongitudeDegrees></Position><AltitudeMeters>6.601</AltitudeMeters><HeartRateBpm><Value>111</Value></HeartRateBpm></Trackpoint><Trackpoint><Time>2026-05-02T09:50:58.716Z</Time><Position><LatitudeDegrees>60.06449</LatitudeDegrees><LongitudeDegrees>18.75839</LongitudeDegrees></Position><AltitudeMeters>5.807</AltitudeMeters><HeartRateBpm><Value>116</Value></HeartRateBpm></Trackpoint><Trackpoint><Time>2026-05-02T09:50:59.717Z</Time><Position><LatitudeDegrees>60.064484</LatitudeDegrees><LongitudeDegrees>18.758354</LongitudeDegrees></Position><AltitudeMeters>5.598</AltitudeMeters><HeartRateBpm><Value>116</Value></HeartRateBpm></Trackpoint><Trackpoint><Time>2026-05-02T09:51:00.720Z</Time><Position><LatitudeDegrees>60.064476</LatitudeDegrees><LongitudeDegrees>18.758316</LongitudeDegrees></Position><AltitudeMeters>5.878</AltitudeMeters><HeartRateBpm><Value>116</Value></HeartRateBpm></Trackpoint><Trackpoint><Time>2026-05-02T09:51:01.720Z</Time><Position><LatitudeDegrees>60.064472</LatitudeDegrees><LongitudeDegrees>18.758276</LongitudeDegrees></Position><AltitudeMeters>5.758</AltitudeMeters><HeartRateBpm><Value>116</Value></HeartRateBpm></Trackpoint><Trackpoint><Time>2026-05-02T09:51:02.720Z</Time><Position><LatitudeDegrees>60.064465</LatitudeDegrees><LongitudeDegrees>18.758236</LongitudeDegrees></Position><AltitudeMeters>5.788</AltitudeMeters><HeartRateBpm><Value>115</Value></HeartRateBpm></Trackpoint><Trackpoint><Time>2026-05-02T09:51:03.723Z</Time><Position><LatitudeDegrees>60.06446</LatitudeDegrees><LongitudeDegrees>18.758196</LongitudeDegrees></Position><AltitudeMeters>5.078</AltitudeMeters><HeartRateBpm><Value>116</Value></HeartRateBpm></Trackpoint><Trackpoint><Time>2026-05-02T09:51:04.722Z</Time><Position><LatitudeDegrees>60.064453</LatitudeDegrees><LongitudeDegrees>18.758158</LongitudeDegrees></Position><AltitudeMeters>4.706</AltitudeMeters><HeartRateBpm><Value>117</Value></HeartRateBpm></Trackpoint><Trackpoint><Time>2026-05-02T09:51:05.723Z</Time><Position><LatitudeDegrees>60.06445</LatitudeDegrees><LongitudeDegrees>18.758121</LongitudeDegrees></Position><AltitudeMeters>4.16</AltitudeMeters><HeartRateBpm><Value>117</Value></HeartRateBpm></Trackpoint><Trackpoint><Time>2026-05-02T09:51:06.726Z</Time><Position><LatitudeDegrees>60.06444</LatitudeDegrees><LongitudeDegrees>18.75809</LongitudeDegrees></Position><AltitudeMeters>4.368</AltitudeMeters><HeartRateBpm><Value>118</Value></HeartRateBpm></Trackpoint><Trackpoint><Time>2026-05-02T09:51:07.726Z</Time><Position><LatitudeDegrees>60.064438</LatitudeDegrees><LongitudeDegrees>18.758059</LongitudeDegrees></Position><AltitudeMeters>5.325</AltitudeMeters><HeartRateBpm><Value>118</Value></HeartRateBpm></Trackpoint><Trackpoint><Time>2026-05-02T09:51:08.726Z</Time><Position><LatitudeDegrees>60.064434</LatitudeDegrees><LongitudeDegrees>18.758034</LongitudeDegrees></Position><AltitudeMeters>5.024</AltitudeMeters><HeartRateBpm><Value>118</Value></HeartRateBpm></Trackpoint><Trackpoint><Time>2026-05-02T09:51:09.729Z</Time><Position><LatitudeDegrees>60.064426</LatitudeDegrees><LongitudeDegrees>18.758007</LongitudeDegrees></Position><AltitudeMeters>5.208</AltitudeMeters><HeartRateBpm><Value>117</Value></HeartRateBpm></Trackpoint><Trackpoint><Time>2026-05-02T09:51:10.730Z</Time><Position><LatitudeDegrees>60.064423</LatitudeDegrees><LongitudeDegrees>18.757982</LongitudeDegrees></Position><AltitudeMeters>5.577</AltitudeMeters><HeartRateBpm><Value>116</Value></HeartRateBpm></Trackpoint><Trackpoint><Time>2026-05-02T09:51:11.730Z</Time><Position><LatitudeDegrees>60.064415</LatitudeDegrees><LongitudeDegrees>18.757957</LongitudeDegrees></Position><AltitudeMeters>5.262</AltitudeMeters><HeartRateBpm><Value>114</Value></HeartRateBpm></Trackpoint><Trackpoint><Time>2026-05-02T09:51:12.733Z</Time><Position><LatitudeDegrees>60.06441</LatitudeDegrees><LongitudeDegrees>18.757935</LongitudeDegrees></Position><AltitudeMeters>4.915</AltitudeMeters><HeartRateBpm><Value>113</Value></HeartRateBpm></Trackpoint><Trackpoint><Time>2026-05-02T09:51:13.733Z</Time><Position><LatitudeDegrees>60.064407</LatitudeDegrees><LongitudeDegrees>18.757912</LongitudeDegrees></Position><AltitudeMeters>4.695</AltitudeMeters><HeartRateBpm><Value>113</Value></HeartRateBpm></Trackpoint><Trackpoint><Time>2026-05-02T09:51:14.737Z</Time><Position><LatitudeDegrees>60.064404</LatitudeDegrees><LongitudeDegrees>18.757889</LongitudeDegrees></Position><AltitudeMeters>4.904</AltitudeMeters><HeartRateBpm><Value>113</Value></HeartRateBpm></Trackpoint><Trackpoint><Time>2026-05-02T09:51:15.746Z</Time><Position><LatitudeDegrees>60.0644</LatitudeDegrees><LongitudeDegrees>18.75787</LongitudeDegrees></Position><AltitudeMeters>4.511</AltitudeMeters><HeartRateBpm><Value>113</Value></HeartRateBpm></Trackpoint><Trackpoint><Time>2026-05-02T09:51:16.755Z</Time><Position><LatitudeDegrees>60.064392</LatitudeDegrees><LongitudeDegrees>18.757847</LongitudeDegrees></Position><AltitudeMeters>4.365</AltitudeMeters><HeartRateBpm><Value>114</Value></HeartRateBpm></Trackpoint><Trackpoint><Time>2026-05-02T09:51:17.764Z</Time><Position><LatitudeDegrees>60.06439</LatitudeDegrees><LongitudeDegrees>18.757824</LongitudeDegrees></Position><AltitudeMeters>4.893</AltitudeMeters><HeartRateBpm><Value>115</Value></HeartRateBpm></Trackpoint><Trackpoint><Time>2026-05-02T09:51:18.772Z</Time><Position><LatitudeDegrees>60.064384</LatitudeDegrees><LongitudeDegrees>18.757801</LongitudeDegrees></Position><AltitudeMeters>5.966</AltitudeMeters><HeartRateBpm><Value>116</Value></HeartRateBpm></Trackpoint><Trackpoint><Time>2026-05-02T09:51:19.779Z</Time><Position><LatitudeDegrees>60.064377</LatitudeDegrees><LongitudeDegrees>18.757778</LongitudeDegrees></Position><AltitudeMeters>6.413</AltitudeMeters><HeartRateBpm><Value>118</Value></HeartRateBpm></Trackpoint><Trackpoint><Time>2026-05-02T09:51:20.787Z</Time><Position><LatitudeDegrees>60.064373</LatitudeDegrees><LongitudeDegrees>18.757755</LongitudeDegrees></Position><AltitudeMeters>6.115</AltitudeMeters><HeartRateBpm><Value>120</Value></HeartRateBpm></Trackpoint><Trackpoint><Time>2026-05-02T09:51:21.796Z</Time><Position><LatitudeDegrees>60.06437</LatitudeDegrees><LongitudeDegrees>18.757732</LongitudeDegrees></Position><AltitudeMeters>5.543</AltitudeMeters><HeartRateBpm><Value>121</Value></HeartRateBpm></Trackpoint><Trackpoint><Time>2026-05-02T09:51:22.805Z</Time><Position><LatitudeDegrees>60.064365</LatitudeDegrees><LongitudeDegrees>18.75771</LongitudeDegrees></Position><AltitudeMeters>6.018</AltitudeMeters><HeartRateBpm><Value>121</Value></HeartRateBpm></Trackpoint><Trackpoint><Time>2026-05-02T09:51:23.814Z</Time><Position><LatitudeDegrees>60.064358</LatitudeDegrees><LongitudeDegrees>18.757687</LongitudeDegrees></Position><AltitudeMeters>6.187</AltitudeMeters><HeartRateBpm><Value>121</Value></HeartRateBpm></Trackpoint><Trackpoint><Time>2026-05-02T09:51:24.820Z</Time><Position><LatitudeDegrees>60.064354</LatitudeDegrees><LongitudeDegrees>18.757664</LongitudeDegrees></Position><AltitudeMeters>6.313</AltitudeMeters><HeartRateBpm><Value>121</Value></HeartRateBpm></Trackpoint><Trackpoint><Time>2026-05-02T09:51:25.822Z</Time><Position><LatitudeDegrees>60.06435</LatitudeDegrees><LongitudeDegrees>18.75764</LongitudeDegrees></Position><AltitudeMeters>6.289</AltitudeMeters><HeartRateBpm><Value>121</Value></HeartRateBpm></Trackpoint><Trackpoint><Time>2026-05-02T09:51:26.821Z</Time><Position><LatitudeDegrees>60.064342</LatitudeDegrees><LongitudeDegrees>18.75762</LongitudeDegrees></Position><AltitudeMeters>5.871</AltitudeMeters><HeartRateBpm><Value>121</Value></HeartRateBpm></Trackpoint><Trackpoint><Time>2026-05-02T09:51:27.822Z</Time><Position><LatitudeDegrees>60.06434</LatitudeDegrees><LongitudeDegrees>18.757597</LongitudeDegrees></Position><AltitudeMeters>5.961</AltitudeMeters><HeartRateBpm><Value>121</Value></HeartRateBpm></Trackpoint><Trackpoint><Time>2026-05-02T09:51:28.830Z</Time><Position><LatitudeDegrees>60.064335</LatitudeDegrees><LongitudeDegrees>18.757574</LongitudeDegrees></Position><AltitudeMeters>6.532</AltitudeMeters><HeartRateBpm><Value>120</Value></HeartRateBpm></Trackpoint><Trackpoint><Time>2026-05-02T09:51:29.837Z</Time><Position><LatitudeDegrees>60.06433</LatitudeDegrees><LongitudeDegrees>18.757551</LongitudeDegrees></Position><AltitudeMeters>5.115</AltitudeMeters><HeartRateBpm><Value>119</Value></HeartRateBpm></Trackpoint><Trackpoint><Time>2026-05-02T09:51:30.845Z</Time><Position><LatitudeDegrees>60.064327</LatitudeDegrees><LongitudeDegrees>18.757532</LongitudeDegrees></Position><AltitudeMeters>4.863</AltitudeMeters><HeartRateBpm><Value>118</Value></HeartRateBpm></Trackpoint><Trackpoint><Time>2026-05-02T09:51:31.855Z</Time><Position><LatitudeDegrees>60.06432</LatitudeDegrees><LongitudeDegrees>18.75751</LongitudeDegrees></Position><AltitudeMeters>4.757</AltitudeMeters><HeartRateBpm><Value>118</Value></HeartRateBpm></Trackpoint><Trackpoint><Time>2026-05-02T09:51:32.864Z</Time><Position><LatitudeDegrees>60.064316</LatitudeDegrees><LongitudeDegrees>18.757488</LongitudeDegrees></Position><AltitudeMeters>5.545</AltitudeMeters><HeartRateBpm><Value>117</Value></HeartRateBpm></Trackpoint><Trackpoint><Time>2026-05-02T09:51:33.872Z</Time><Position><LatitudeDegrees>60.064312</LatitudeDegrees><LongitudeDegrees>18.757462</LongitudeDegrees></Position><AltitudeMeters>6.376</AltitudeMeters><HeartRateBpm><Value>117</Value></HeartRateBpm></Trackpoint><Trackpoint><Time>2026-05-02T09:51:34.881Z</Time><Position><LatitudeDegrees>60.06431</LatitudeDegrees><LongitudeDegrees>18.757439</LongitudeDegrees></Position><AltitudeMeters>6.4</AltitudeMeters><HeartRateBpm><Value>116</Value></HeartRateBpm></Trackpoint><Trackpoint><Time>2026-05-02T09:51:35.888Z</Time><Position><LatitudeDegrees>60.064304</LatitudeDegrees><LongitudeDegrees>18.757416</LongitudeDegrees></Position><AltitudeMeters>6.502</AltitudeMeters><HeartRateBpm><Value>116</Value></HeartRateBpm></Trackpoint><Trackpoint><Time>2026-05-02T09:51:36.896Z</Time><Position><LatitudeDegrees>60.0643</LatitudeDegrees><LongitudeDegrees>18.757393</LongitudeDegrees></Position><AltitudeMeters>6.731</AltitudeMeters><HeartRateBpm><Value>115</Value></HeartRateBpm></Trackpoint><Trackpoint><Time>2026-05-02T09:51:37.906Z</Time><Position><LatitudeDegrees>60.064297</LatitudeDegrees><LongitudeDegrees>18.757376</LongitudeDegrees></Position><AltitudeMeters>6.677</AltitudeMeters><HeartRateBpm><Value>115</Value></HeartRateBpm></Trackpoint><Trackpoint><Time>2026-05-02T09:51:38.914Z</Time><Position><LatitudeDegrees>60.064293</LatitudeDegrees><LongitudeDegrees>18.757357</LongitudeDegrees></Position><AltitudeMeters>6.313</AltitudeMeters><HeartRateBpm><Value>114</Value></HeartRateBpm></Trackpoint><Trackpoint><Time>2026-05-02T09:51:39.923Z</Time><Position><LatitudeDegrees>60.064293</LatitudeDegrees><LongitudeDegrees>18.757345</LongitudeDegrees></Position><AltitudeMeters>5.903</AltitudeMeters><HeartRateBpm><Value>114</Value></HeartRateBpm></Trackpoint><Trackpoint><Time>2026-05-02T09:51:40.932Z</Time><Position><LatitudeDegrees>60.064293</LatitudeDegrees><LongitudeDegrees>18.757338</LongitudeDegrees></Position><AltitudeMeters>6.42</AltitudeMeters><HeartRateBpm><Value>113</Value></HeartRateBpm></Trackpoint><Trackpoint><Time>2026-05-02T09:51:41.941Z</Time><Position><LatitudeDegrees>60.064293</LatitudeDegrees><LongitudeDegrees>18.757322</LongitudeDegrees></Position><AltitudeMeters>6.421</AltitudeMeters><HeartRateBpm><Value>113</Value></HeartRateBpm></Trackpoint><Trackpoint><Time>2026-05-02T09:51:42.950Z</Time><Position><LatitudeDegrees>60.064293</LatitudeDegrees><LongitudeDegrees>18.757324</LongitudeDegrees></Position><AltitudeMeters>6.368</AltitudeMeters><HeartRateBpm><Value>114</Value></HeartRateBpm></Trackpoint><Trackpoint><Time>2026-05-02T09:51:43.957Z</Time><Position><LatitudeDegrees>60.064297</LatitudeDegrees><LongitudeDegrees>18.757328</LongitudeDegrees></Position><AltitudeMeters>7.023</AltitudeMeters><HeartRateBpm><Value>114</Value></HeartRateBpm></Trackpoint><Trackpoint><Time>2026-05-02T09:51:44.966Z</Time><Position><LatitudeDegrees>60.064304</LatitudeDegrees><LongitudeDegrees>18.757338</LongitudeDegrees></Position><AltitudeMeters>6.991</AltitudeMeters><HeartRateBpm><Value>115</Value></HeartRateBpm></Trackpoint><Trackpoint><Time>2026-05-02T09:51:45.974Z</Time><Position><LatitudeDegrees>60.06431</LatitudeDegrees><LongitudeDegrees>18.75735</LongitudeDegrees></Position><AltitudeMeters>6.482</AltitudeMeters><HeartRateBpm><Value>116</Value></HeartRateBpm></Trackpoint><Trackpoint><Time>2026-05-02T09:51:46.983Z</Time><Position><LatitudeDegrees>60.064316</LatitudeDegrees><LongitudeDegrees>18.757366</LongitudeDegrees></Position><AltitudeMeters>6.281</AltitudeMeters><HeartRateBpm><Value>116</Value></HeartRateBpm></Trackpoint><Trackpoint><Time>2026-05-02T09:51:54.739Z</Time><Position><LatitudeDegrees>60.06432</LatitudeDegrees><LongitudeDegrees>18.757374</LongitudeDegrees></Position><AltitudeMeters>6.517</AltitudeMeters><HeartRateBpm><Value>113</Value></HeartRateBpm></Trackpoint><Trackpoint><Time>2026-05-02T09:51:55.740Z</Time><Position><LatitudeDegrees>60.064323</LatitudeDegrees><LongitudeDegrees>18.757385</LongitudeDegrees></Position><AltitudeMeters>6.6</AltitudeMeters><HeartRateBpm><Value>113</Value></HeartRateBpm></Trackpoint><Trackpoint><Time>2026-05-02T09:51:56.742Z</Time><Position><LatitudeDegrees>60.06433</LatitudeDegrees><LongitudeDegrees>18.757402</LongitudeDegrees></Position><AltitudeMeters>6.542</AltitudeMeters><HeartRateBpm><Value>113</Value></HeartRateBpm></Trackpoint><Trackpoint><Time>2026-05-02T09:51:57.742Z</Time><Position><LatitudeDegrees>60.06434</LatitudeDegrees><LongitudeDegrees>18.757421</LongitudeDegrees></Position><AltitudeMeters>6.559</AltitudeMeters><HeartRateBpm><Value>112</Value></HeartRateBpm></Trackpoint><Trackpoint><Time>2026-05-02T09:51:58.742Z</Time><Position><LatitudeDegrees>60.064346</LatitudeDegrees><LongitudeDegrees>18.757446</LongitudeDegrees></Position><AltitudeMeters>6.548</AltitudeMeters><HeartRateBpm><Value>111</Value></HeartRateBpm></Trackpoint><Trackpoint><Time>2026-05-02T09:51:59.746Z</Time><Position><LatitudeDegrees>60.064358</LatitudeDegrees><LongitudeDegrees>18.757471</LongitudeDegrees></Position><AltitudeMeters>6.529</AltitudeMeters><HeartRateBpm><Value>110</Value></HeartRateBpm></Trackpoint><Trackpoint><Time>2026-05-02T09:52:00.744Z</Time><Position><LatitudeDegrees>60.064365</LatitudeDegrees><LongitudeDegrees>18.7575</LongitudeDegrees></Position><AltitudeMeters>6.446</AltitudeMeters><HeartRateBpm><Value>110</Value></HeartRateBpm></Trackpoint><Trackpoint><Time>2026-05-02T09:52:01.745Z</Time><Position><LatitudeDegrees>60.064373</LatitudeDegrees><LongitudeDegrees>18.757528</LongitudeDegrees></Position><AltitudeMeters>6.382</AltitudeMeters><HeartRateBpm><Value>108</Value></HeartRateBpm></Trackpoint><Trackpoint><Time>2026-05-02T09:52:02.747Z</Time><Position><LatitudeDegrees>60.06438</LatitudeDegrees><LongitudeDegrees>18.757555</LongitudeDegrees></Position><AltitudeMeters>6.362</AltitudeMeters><HeartRateBpm><Value>107</Value></HeartRateBpm></Trackpoint><Trackpoint><Time>2026-05-02T09:52:03.747Z</Time><Position><LatitudeDegrees>60.06439</LatitudeDegrees><LongitudeDegrees>18.757584</LongitudeDegrees></Position><AltitudeMeters>6.321</AltitudeMeters><HeartRateBpm><Value>107</Value></HeartRateBpm></Trackpoint><Trackpoint><Time>2026-05-02T09:52:04.749Z</Time><Position><LatitudeDegrees>60.064392</LatitudeDegrees><LongitudeDegrees>18.757612</LongitudeDegrees></Position><AltitudeMeters>6.295</AltitudeMeters><HeartRateBpm><Value>108</Value></HeartRateBpm></Trackpoint><Trackpoint><Time>2026-05-02T09:52:05.749Z</Time><Position><LatitudeDegrees>60.064396</LatitudeDegrees><LongitudeDegrees>18.757639</LongitudeDegrees></Position><AltitudeMeters>6.323</AltitudeMeters><HeartRateBpm><Value>109</Value></HeartRateBpm></Trackpoint><Trackpoint><Time>2026-05-02T09:52:06.750Z</Time><Position><LatitudeDegrees>60.064396</LatitudeDegrees><LongitudeDegrees>18.757666</LongitudeDegrees></Position><AltitudeMeters>6.536</AltitudeMeters><HeartRateBpm><Value>109</Value></HeartRateBpm></Trackpoint><Trackpoint><Time>2026-05-02T09:52:07.753Z</Time><Position><LatitudeDegrees>60.064396</LatitudeDegrees><LongitudeDegrees>18.75769</LongitudeDegrees></Position><AltitudeMeters>6.82</AltitudeMeters><HeartRateBpm><Value>109</Value></HeartRateBpm></Trackpoint><Trackpoint><Time>2026-05-02T09:52:08.753Z</Time><Position><LatitudeDegrees>60.0644</LatitudeDegrees><LongitudeDegrees>18.757713</LongitudeDegrees></Position><AltitudeMeters>6.743</AltitudeMeters><HeartRateBpm><Value>108</Value></HeartRateBpm></Trackpoint><Trackpoint><Time>2026-05-02T09:52:09.754Z</Time><Position><LatitudeDegrees>60.064404</LatitudeDegrees><LongitudeDegrees>18.757734</LongitudeDegrees></Position><AltitudeMeters>6.54</AltitudeMeters><HeartRateBpm><Value>108</Value></HeartRateBpm></Trackpoint><Trackpoint><Time>2026-05-02T09:52:10.758Z</Time><Position><LatitudeDegrees>60.064407</LatitudeDegrees><LongitudeDegrees>18.757753</LongitudeDegrees></Position><AltitudeMeters>6.477</AltitudeMeters><HeartRateBpm><Value>108</Value></HeartRateBpm></Trackpoint><Trackpoint><Time>2026-05-02T09:52:11.765Z</Time><Position><LatitudeDegrees>60.06441</LatitudeDegrees><LongitudeDegrees>18.757774</LongitudeDegrees></Position><AltitudeMeters>6.429</AltitudeMeters><HeartRateBpm><Value>108</Value></HeartRateBpm></Trackpoint><Trackpoint><Time>2026-05-02T09:52:12.774Z</Time><Position><LatitudeDegrees>60.064415</LatitudeDegrees><LongitudeDegrees>18.7578</LongitudeDegrees></Position><AltitudeMeters>6.403</AltitudeMeters><HeartRateBpm><Value>109</Value></HeartRateBpm></Trackpoint><Trackpoint><Time>2026-05-02T09:52:13.782Z</Time><Position><LatitudeDegrees>60.06442</LatitudeDegrees><LongitudeDegrees>18.757832</LongitudeDegrees></Position><AltitudeMeters>6.374</AltitudeMeters><HeartRateBpm><Value>109</Value></HeartRateBpm></Trackpoint><Trackpoint><Time>2026-05-02T09:52:14.790Z</Time><Position><LatitudeDegrees>60.064423</LatitudeDegrees><LongitudeDegrees>18.757864</LongitudeDegrees></Position><AltitudeMeters>6.437</AltitudeMeters><HeartRateBpm><Value>111</Value></HeartRateBpm></Trackpoint><Trackpoint><Time>2026-05-02T09:52:15.796Z</Time><Position><LatitudeDegrees>60.06443</LatitudeDegrees><LongitudeDegrees>18.757898</LongitudeDegrees></Position><AltitudeMeters>6.471</AltitudeMeters><HeartRateBpm><Value>112</Value></HeartRateBpm></Trackpoint><Trackpoint><Time>2026-05-02T09:52:16.796Z</Time><Position><LatitudeDegrees>60.064434</LatitudeDegrees><LongitudeDegrees>18.757936</LongitudeDegrees></Position><AltitudeMeters>6.446</AltitudeMeters><HeartRateBpm><Value>113</Value></HeartRateBpm></Trackpoint><Trackpoint><Time>2026-05-02T09:52:17.799Z</Time><Position><LatitudeDegrees>60.064438</LatitudeDegrees><LongitudeDegrees>18.757975</LongitudeDegrees></Position><AltitudeMeters>6.372</AltitudeMeters><HeartRateBpm><Value>114</Value></HeartRateBpm></Trackpoint><Trackpoint><Time>2026-05-02T09:52:18.799Z</Time><Position><LatitudeDegrees>60.064445</LatitudeDegrees><LongitudeDegrees>18.758015</LongitudeDegrees></Position><AltitudeMeters>6.319</AltitudeMeters><HeartRateBpm><Value>114</Value></HeartRateBpm></Trackpoint><Trackpoint><Time>2026-05-02T09:52:38.764Z</Time><Position><LatitudeDegrees>60.06445</LatitudeDegrees><LongitudeDegrees>18.75805</LongitudeDegrees></Position><AltitudeMeters>6.323</AltitudeMeters><HeartRateBpm><Value>110</Value></HeartRateBpm></Trackpoint><Trackpoint><Time>2026-05-02T09:52:39.765Z</Time><Position><LatitudeDegrees>60.064453</LatitudeDegrees><LongitudeDegrees>18.75809</LongitudeDegrees></Position><AltitudeMeters>6.28</AltitudeMeters><HeartRateBpm><Value>110</Value></HeartRateBpm></Trackpoint><Trackpoint><Time>2026-05-02T09:52:40.765Z</Time><Position><LatitudeDegrees>60.06446</LatitudeDegrees><LongitudeDegrees>18.75813</LongitudeDegrees></Position><AltitudeMeters>6.133</AltitudeMeters><HeartRateBpm><Value>109</Value></HeartRateBpm></Trackpoint><Trackpoint><Time>2026-05-02T09:52:41.767Z</Time><Position><LatitudeDegrees>60.064465</LatitudeDegrees><LongitudeDegrees>18.758171</LongitudeDegrees></Position><AltitudeMeters>6.027</AltitudeMeters><HeartRateBpm><Value>109</Value></HeartRateBpm></Trackpoint><Trackpoint><Time>2026-05-02T09:52:42.768Z</Time><Position><LatitudeDegrees>60.064472</LatitudeDegrees><LongitudeDegrees>18.758215</LongitudeDegrees></Position><AltitudeMeters>5.767</AltitudeMeters><HeartRateBpm><Value>109</Value></HeartRateBpm></Trackpoint><Trackpoint><Time>2026-05-02T09:52:43.768Z</Time><Position><LatitudeDegrees>60.064476</LatitudeDegrees><LongitudeDegrees>18.758259</LongitudeDegrees></Position><AltitudeMeters>6.268</AltitudeMeters><HeartRateBpm><Value>108</Value></HeartRateBpm></Trackpoint><Trackpoint><Time>2026-05-02T09:52:44.770Z</Time><Position><LatitudeDegrees>60.064484</LatitudeDegrees><LongitudeDegrees>18.758303</LongitudeDegrees></Position><AltitudeMeters>6.592</AltitudeMeters><HeartRateBpm><Value>108</Value></HeartRateBpm></Trackpoint><Trackpoint><Time>2026-05-02T09:52:45.774Z</Time><Position><LatitudeDegrees>60.06449</LatitudeDegrees><LongitudeDegrees>18.758345</LongitudeDegrees></Position><AltitudeMeters>6.463</AltitudeMeters><HeartRateBpm><Value>108</Value></HeartRateBpm></Trackpoint><Trackpoint><Time>2026-05-02T09:52:46.772Z</Time><Position><LatitudeDegrees>60.064495</LatitudeDegrees><LongitudeDegrees>18.758385</LongitudeDegrees></Position><AltitudeMeters>6.274</AltitudeMeters><HeartRateBpm><Value>107</Value></HeartRateBpm></Trackpoint><Trackpoint><Time>2026-05-02T09:52:47.773Z</Time><Position><LatitudeDegrees>60.064503</LatitudeDegrees><LongitudeDegrees>18.758425</LongitudeDegrees></Position><AltitudeMeters>6.07</AltitudeMeters><HeartRateBpm><Value>107</Value></HeartRateBpm></Trackpoint><Trackpoint><Time>2026-05-02T09:52:48.776Z</Time><Position><LatitudeDegrees>60.06451</LatitudeDegrees><LongitudeDegrees>18.758457</LongitudeDegrees></Position><AltitudeMeters>6.218</AltitudeMeters><HeartRateBpm><Value>106</Value></HeartRateBpm></Trackpoint><Trackpoint><Time>2026-05-02T09:52:49.776Z</Time><Position><LatitudeDegrees>60.064518</LatitudeDegrees><LongitudeDegrees>18.758492</LongitudeDegrees></Position><AltitudeMeters>6.34</AltitudeMeters><HeartRateBpm><Value>105</Value></HeartRateBpm></Trackpoint><Trackpoint><Time>2026-05-02T09:52:50.776Z</Time><Position><LatitudeDegrees>60.064526</LatitudeDegrees><LongitudeDegrees>18.758526</LongitudeDegrees></Position><AltitudeMeters>6.369</AltitudeMeters><HeartRateBpm><Value>106</Value></HeartRateBpm></Trackpoint><Trackpoint><Time>2026-05-02T09:52:51.779Z</Time><Position><LatitudeDegrees>60.064533</LatitudeDegrees><LongitudeDegrees>18.758558</LongitudeDegrees></Position><AltitudeMeters>6.554</AltitudeMeters><HeartRateBpm><Value>107</Value></HeartRateBpm></Trackpoint><Trackpoint><Time>2026-05-02T09:52:52.780Z</Time><Position><LatitudeDegrees>60.06454</LatitudeDegrees><LongitudeDegrees>18.75859</LongitudeDegrees></Position><AltitudeMeters>6.605</AltitudeMeters><HeartRateBpm><Value>109</Value></HeartRateBpm></Trackpoint><Trackpoint><Time>2026-05-02T09:52:53.781Z</Time><Position><LatitudeDegrees>60.06455</LatitudeDegrees><LongitudeDegrees>18.758623</LongitudeDegrees></Position><AltitudeMeters>6.599</AltitudeMeters><HeartRateBpm><Value>110</Value></HeartRateBpm></Trackpoint><Trackpoint><Time>2026-05-02T09:52:54.784Z</Time><Position><LatitudeDegrees>60.06456</LatitudeDegrees><LongitudeDegrees>18.758656</LongitudeDegrees></Position><AltitudeMeters>6.435</AltitudeMeters><HeartRateBpm><Value>111</Value></HeartRateBpm></Trackpoint><Trackpoint><Time>2026-05-02T09:52:55.794Z</Time><Position><LatitudeDegrees>60.064568</LatitudeDegrees><LongitudeDegrees>18.758688</LongitudeDegrees></Position><AltitudeMeters>6.44</AltitudeMeters><HeartRateBpm><Value>111</Value></HeartRateBpm></Trackpoint><Trackpoint><Time>2026-05-02T09:52:56.803Z</Time><Position><LatitudeDegrees>60.06458</LatitudeDegrees><LongitudeDegrees>18.75872</LongitudeDegrees></Position><AltitudeMeters>6.351</AltitudeMeters><HeartRateBpm><Value>113</Value></HeartRateBpm></Trackpoint><Trackpoint><Time>2026-05-02T09:52:57.811Z</Time><Position><LatitudeDegrees>60.064594</LatitudeDegrees><LongitudeDegrees>18.758753</LongitudeDegrees></Position><AltitudeMeters>6.284</AltitudeMeters><HeartRateBpm><Value>114</Value></HeartRateBpm></Trackpoint><Trackpoint><Time>2026-05-02T09:52:58.820Z</Time><Position><LatitudeDegrees>60.0646</LatitudeDegrees><LongitudeDegrees>18.758787</LongitudeDegrees></Position><AltitudeMeters>6.342</AltitudeMeters><HeartRateBpm><Value>115</Value></HeartRateBpm></Trackpoint><Trackpoint><Time>2026-05-02T09:52:59.827Z</Time><Position><LatitudeDegrees>60.064617</LatitudeDegrees><LongitudeDegrees>18.75882</LongitudeDegrees></Position><AltitudeMeters>6.319</AltitudeMeters><HeartRateBpm><Value>114</Value></HeartRateBpm></Trackpoint><Trackpoint><Time>2026-05-02T09:53:00.835Z</Time><Position><LatitudeDegrees>60.06463</LatitudeDegrees><LongitudeDegrees>18.75885</LongitudeDegrees></Position><AltitudeMeters>6.357</AltitudeMeters><HeartRateBpm><Value>114</Value></HeartRateBpm></Trackpoint><Trackpoint><Time>2026-05-02T09:53:01.843Z</Time><Position><LatitudeDegrees>60.06464</LatitudeDegrees><LongitudeDegrees>18.758883</LongitudeDegrees></Position><AltitudeMeters>6.389</AltitudeMeters><HeartRateBpm><Value>115</Value></HeartRateBpm></Trackpoint><Trackpoint><Time>2026-05-02T09:53:02.852Z</Time><Position><LatitudeDegrees>60.064655</LatitudeDegrees><LongitudeDegrees>18.758911</LongitudeDegrees></Position><AltitudeMeters>6.468</AltitudeMeters><HeartRateBpm><Value>115</Value></HeartRateBpm></Trackpoint><Trackpoint><Time>2026-05-02T09:53:03.860Z</Time><Position><LatitudeDegrees>60.06467</LatitudeDegrees><LongitudeDegrees>18.758942</LongitudeDegrees></Position><AltitudeMeters>6.366</AltitudeMeters><HeartRateBpm><Value>115</Value></HeartRateBpm></Trackpoint><Trackpoint><Time>2026-05-02T09:53:04.867Z</Time><Position><LatitudeDegrees>60.064686</LatitudeDegrees><LongitudeDegrees>18.75897</LongitudeDegrees></Position><AltitudeMeters>6.222</AltitudeMeters><HeartRateBpm><Value>114</Value></HeartRateBpm></Trackpoint><Trackpoint><Time>2026-05-02T09:53:05.876Z</Time><Position><LatitudeDegrees>60.064705</LatitudeDegrees><LongitudeDegrees>18.758999</LongitudeDegrees></Position><AltitudeMeters>6.133</AltitudeMeters><HeartRateBpm><Value>113</Value></HeartRateBpm></Trackpoint><Trackpoint><Time>2026-05-02T09:53:06.885Z</Time><Position><LatitudeDegrees>60.06472</LatitudeDegrees><LongitudeDegrees>18.75903</LongitudeDegrees></Position><AltitudeMeters>5.998</AltitudeMeters><HeartRateBpm><Value>111</Value></HeartRateBpm></Trackpoint><Trackpoint><Time>2026-05-02T09:53:07.894Z</Time><Position><LatitudeDegrees>60.064743</LatitudeDegrees><LongitudeDegrees>18.75906</LongitudeDegrees></Position><AltitudeMeters>5.849</AltitudeMeters><HeartRateBpm><Value>110</Value></HeartRateBpm></Trackpoint><Trackpoint><Time>2026-05-02T09:53:08.901Z</Time><Position><LatitudeDegrees>60.064762</LatitudeDegrees><LongitudeDegrees>18.759089</LongitudeDegrees></Position><AltitudeMeters>5.557</AltitudeMeters><HeartRateBpm><Value>110</Value></HeartRateBpm></Trackpoint><Trackpoint><Time>2026-05-02T09:53:09.910Z</Time><Position><LatitudeDegrees>60.064785</LatitudeDegrees><LongitudeDegrees>18.759117</LongitudeDegrees></Position><AltitudeMeters>5.412</AltitudeMeters><HeartRateBpm><Value>110</Value></HeartRateBpm></Trackpoint><Trackpoint><Time>2026-05-02T09:53:10.917Z</Time><Position><LatitudeDegrees>60.064808</LatitudeDegrees><LongitudeDegrees>18.759146</LongitudeDegrees></Position><AltitudeMeters>5.314</AltitudeMeters><HeartRateBpm><Value>110</Value></HeartRateBpm></Trackpoint><Trackpoint><Time>2026-05-02T09:53:11.926Z</Time><Position><LatitudeDegrees>60.064827</LatitudeDegrees><LongitudeDegrees>18.759176</LongitudeDegrees></Position><AltitudeMeters>5.291</AltitudeMeters><HeartRateBpm><Value>109</Value></HeartRateBpm></Trackpoint><Trackpoint><Time>2026-05-02T09:53:12.935Z</Time><Position><LatitudeDegrees>60.06485</LatitudeDegrees><LongitudeDegrees>18.759205</LongitudeDegrees></Position><AltitudeMeters>5.269</AltitudeMeters><HeartRateBpm><Value>109</Value></HeartRateBpm></Trackpoint><Trackpoint><Time>2026-05-02T09:53:13.943Z</Time><Position><LatitudeDegrees>60.06487</LatitudeDegrees><LongitudeDegrees>18.759235</LongitudeDegrees></Position><AltitudeMeters>5.256</AltitudeMeters><HeartRateBpm><Value>109</Value></HeartRateBpm></Trackpoint><Trackpoint><Time>2026-05-02T09:53:14.952Z</Time><Position><LatitudeDegrees>60.064888</LatitudeDegrees><LongitudeDegrees>18.759266</LongitudeDegrees></Position><AltitudeMeters>5.179</AltitudeMeters><HeartRateBpm><Value>108</Value></HeartRateBpm></Trackpoint><Trackpoint><Time>2026-05-02T09:53:15.961Z</Time><Position><LatitudeDegrees>60.064907</LatitudeDegrees><LongitudeDegrees>18.759298</LongitudeDegrees></Position><AltitudeMeters>5.127</AltitudeMeters><HeartRateBpm><Value>108</Value></HeartRateBpm></Trackpoint><Trackpoint><Time>2026-05-02T09:53:16.970Z</Time><Position><LatitudeDegrees>60.06493</LatitudeDegrees><LongitudeDegrees>18.759333</LongitudeDegrees></Position><AltitudeMeters>5.02</AltitudeMeters><HeartRateBpm><Value>107</Value></HeartRateBpm></Trackpoint><Trackpoint><Time>2026-05-02T09:53:17.976Z</Time><Position><LatitudeDegrees>60.064953</LatitudeDegrees><LongitudeDegrees>18.759367</LongitudeDegrees></Position><AltitudeMeters>4.693</AltitudeMeters><HeartRateBpm><Value>108</Value></HeartRateBpm></Trackpoint><Trackpoint><Time>2026-05-02T09:53:18.984Z</Time><Position><LatitudeDegrees>60.06498</LatitudeDegrees><LongitudeDegrees>18.759405</LongitudeDegrees></Position><AltitudeMeters>4.296</AltitudeMeters><HeartRateBpm><Value>108</Value></HeartRateBpm></Trackpoint><Trackpoint><Time>2026-05-02T09:53:19.992Z</Time><Position><LatitudeDegrees>60.065002</LatitudeDegrees><LongitudeDegrees>18.759441</LongitudeDegrees></Position><AltitudeMeters>3.944</AltitudeMeters><HeartRateBpm><Value>108</Value></HeartRateBpm></Trackpoint><Trackpoint><Time>2026-05-02T09:53:21.001Z</Time><Position><LatitudeDegrees>60.06503</LatitudeDegrees><LongitudeDegrees>18.759476</LongitudeDegrees></Position><AltitudeMeters>3.697</AltitudeMeters><HeartRateBpm><Value>108</Value></HeartRateBpm></Trackpoint><Trackpoint><Time>2026-05-02T09:53:22.008Z</Time><Position><LatitudeDegrees>60.065056</LatitudeDegrees><LongitudeDegrees>18.759512</LongitudeDegrees></Position><AltitudeMeters>3.607</AltitudeMeters><HeartRateBpm><Value>108</Value></HeartRateBpm></Trackpoint><Trackpoint><Time>2026-05-02T09:53:23.019Z</Time><Position><LatitudeDegrees>60.065083</LatitudeDegrees><LongitudeDegrees>18.759539</LongitudeDegrees></Position><AltitudeMeters>3.462</AltitudeMeters><HeartRateBpm><Value>107</Value></HeartRateBpm></Trackpoint><Trackpoint><Time>2026-05-02T09:53:24.026Z</Time><Position><LatitudeDegrees>60.06511</LatitudeDegrees><LongitudeDegrees>18.759565</LongitudeDegrees></Position><AltitudeMeters>3.576</AltitudeMeters><HeartRateBpm><Value>106</Value></HeartRateBpm></Trackpoint><Trackpoint><Time>2026-05-02T09:53:25.034Z</Time><Position><LatitudeDegrees>60.065132</LatitudeDegrees><LongitudeDegrees>18.75959</LongitudeDegrees></Position><AltitudeMeters>3.366</AltitudeMeters><HeartRateBpm><Value>107</Value></HeartRateBpm></Trackpoint><Trackpoint><Time>2026-05-02T09:53:26.043Z</Time><Position><LatitudeDegrees>60.065155</LatitudeDegrees><LongitudeDegrees>18.759617</LongitudeDegrees></Position><AltitudeMeters>3.239</AltitudeMeters><HeartRateBpm><Value>107</Value></HeartRateBpm></Trackpoint><Trackpoint><Time>2026-05-02T09:53:27.051Z</Time><Position><LatitudeDegrees>60.065174</LatitudeDegrees><LongitudeDegrees>18.759644</LongitudeDegrees></Position><AltitudeMeters>3.107</AltitudeMeters><HeartRateBpm><Value>107</Value></HeartRateBpm></Trackpoint><Trackpoint><Time>2026-05-02T09:53:28.058Z</Time><Position><LatitudeDegrees>60.06519</LatitudeDegrees><LongitudeDegrees>18.759668</LongitudeDegrees></Position><AltitudeMeters>3.152</AltitudeMeters><HeartRateBpm><Value>107</Value></HeartRateBpm></Trackpoint><Trackpoint><Time>2026-05-02T09:53:29.066Z</Time><Position><LatitudeDegrees>60.06521</LatitudeDegrees><LongitudeDegrees>18.759691</LongitudeDegrees></Position><AltitudeMeters>3.068</AltitudeMeters><HeartRateBpm><Value>106</Value></HeartRateBpm></Trackpoint><Trackpoint><Time>2026-05-02T09:53:30.074Z</Time><Position><LatitudeDegrees>60.065224</LatitudeDegrees><LongitudeDegrees>18.759712</LongitudeDegrees></Position><AltitudeMeters>2.86</AltitudeMeters><HeartRateBpm><Value>105</Value></HeartRateBpm></Trackpoint><Trackpoint><Time>2026-05-02T09:53:31.081Z</Time><Position><LatitudeDegrees>60.06524</LatitudeDegrees><LongitudeDegrees>18.759733</LongitudeDegrees></Position><AltitudeMeters>2.887</AltitudeMeters><HeartRateBpm><Value>104</Value></HeartRateBpm></Trackpoint><Trackpoint><Time>2026-05-02T09:53:32.088Z</Time><Position><LatitudeDegrees>60.065258</LatitudeDegrees><LongitudeDegrees>18.759752</LongitudeDegrees></Position><AltitudeMeters>2.761</AltitudeMeters><HeartRateBpm><Value>104</Value></HeartRateBpm></Trackpoint><Trackpoint><Time>2026-05-02T09:53:33.097Z</Time><Position><LatitudeDegrees>60.065273</LatitudeDegrees><LongitudeDegrees>18.759771</LongitudeDegrees></Position><AltitudeMeters>2.839</AltitudeMeters><HeartRateBpm><Value>104</Value></HeartRateBpm></Trackpoint><Trackpoint><Time>2026-05-02T09:53:34.105Z</Time><Position><LatitudeDegrees>60.065292</LatitudeDegrees><LongitudeDegrees>18.759789</LongitudeDegrees></Position><AltitudeMeters>2.939</AltitudeMeters><HeartRateBpm><Value>104</Value></HeartRateBpm></Trackpoint><Trackpoint><Time>2026-05-02T09:53:35.114Z</Time><Position><LatitudeDegrees>60.06531</LatitudeDegrees><LongitudeDegrees>18.759804</LongitudeDegrees></Position><AltitudeMeters>3.026</AltitudeMeters><HeartRateBpm><Value>104</Value></HeartRateBpm></Trackpoint><Trackpoint><Time>2026-05-02T09:53:36.122Z</Time><Position><LatitudeDegrees>60.065327</LatitudeDegrees><LongitudeDegrees>18.759819</LongitudeDegrees></Position><AltitudeMeters>3.123</AltitudeMeters><HeartRateBpm><Value>103</Value></HeartRateBpm></Trackpoint><Trackpoint><Time>2026-05-02T09:53:37.132Z</Time><Position><LatitudeDegrees>60.065342</LatitudeDegrees><LongitudeDegrees>18.759834</LongitudeDegrees></Position><AltitudeMeters>3.166</AltitudeMeters><HeartRateBpm><Value>103</Value></HeartRateBpm></Trackpoint><Trackpoint><Time>2026-05-02T09:53:38.140Z</Time><Position><LatitudeDegrees>60.06536</LatitudeDegrees><LongitudeDegrees>18.75985</LongitudeDegrees></Position><AltitudeMeters>3.382</AltitudeMeters><HeartRateBpm><Value>103</Value></HeartRateBpm></Trackpoint><Trackpoint><Time>2026-05-02T09:53:39.147Z</Time><Position><LatitudeDegrees>60.065376</LatitudeDegrees><LongitudeDegrees>18.759867</LongitudeDegrees></Position><AltitudeMeters>3.387</AltitudeMeters><HeartRateBpm><Value>103</Value></HeartRateBpm></Trackpoint><Trackpoint><Time>2026-05-02T09:53:40.156Z</Time><Position><LatitudeDegrees>60.065395</LatitudeDegrees><LongitudeDegrees>18.759884</LongitudeDegrees></Position><AltitudeMeters>3.241</AltitudeMeters><HeartRateBpm><Value>102</Value></HeartRateBpm></Trackpoint><Trackpoint><Time>2026-05-02T09:53:41.163Z</Time><Position><LatitudeDegrees>60.06541</LatitudeDegrees><LongitudeDegrees>18.7599</LongitudeDegrees></Position><AltitudeMeters>3.195</AltitudeMeters><HeartRateBpm><Value>102</Value></HeartRateBpm></Trackpoint><Trackpoint><Time>2026-05-02T09:53:42.171Z</Time><Position><LatitudeDegrees>60.065426</LatitudeDegrees><LongitudeDegrees>18.759914</LongitudeDegrees></Position><AltitudeMeters>3.335</AltitudeMeters><HeartRateBpm><Value>103</Value></HeartRateBpm></Trackpoint><Trackpoint><Time>2026-05-02T09:53:43.178Z</Time><Position><LatitudeDegrees>60.065445</LatitudeDegrees><LongitudeDegrees>18.75993</LongitudeDegrees></Position><AltitudeMeters>3.487</AltitudeMeters><HeartRateBpm><Value>103</Value></HeartRateBpm></Trackpoint><Trackpoint><Time>2026-05-02T09:53:44.189Z</Time><Position><LatitudeDegrees>60.06546</LatitudeDegrees><LongitudeDegrees>18.759945</LongitudeDegrees></Position><AltitudeMeters>3.496</AltitudeMeters><HeartRateBpm><Value>103</Value></HeartRateBpm></Trackpoint><Trackpoint><Time>2026-05-02T09:53:45.197Z</Time><Position><LatitudeDegrees>60.065475</LatitudeDegrees><LongitudeDegrees>18.75996</LongitudeDegrees></Position><AltitudeMeters>3.412</AltitudeMeters><HeartRateBpm><Value>103</Value></HeartRateBpm></Trackpoint><Trackpoint><Time>2026-05-02T09:53:46.205Z</Time><Position><LatitudeDegrees>60.06549</LatitudeDegrees><LongitudeDegrees>18.759975</LongitudeDegrees></Position><AltitudeMeters>3.59</AltitudeMeters><HeartRateBpm><Value>104</Value></HeartRateBpm></Trackpoint><Trackpoint><Time>2026-05-02T09:53:47.213Z</Time><Position><LatitudeDegrees>60.065506</LatitudeDegrees><LongitudeDegrees>18.759993</LongitudeDegrees></Position><AltitudeMeters>4.079</AltitudeMeters><HeartRateBpm><Value>104</Value></HeartRateBpm></Trackpoint><Trackpoint><Time>2026-05-02T09:53:48.223Z</Time><Position><LatitudeDegrees>60.06552</LatitudeDegrees><LongitudeDegrees>18.760008</LongitudeDegrees></Position><AltitudeMeters>4.106</AltitudeMeters><HeartRateBpm><Value>104</Value></HeartRateBpm></Trackpoint><Trackpoint><Time>2026-05-02T09:53:49.231Z</Time><Position><LatitudeDegrees>60.065536</LatitudeDegrees><LongitudeDegrees>18.760025</LongitudeDegrees></Position><AltitudeMeters>3.646</AltitudeMeters><HeartRateBpm><Value>104</Value></HeartRateBpm></Trackpoint><Trackpoint><Time>2026-05-02T09:53:50.238Z</Time><Position><LatitudeDegrees>60.065556</LatitudeDegrees><LongitudeDegrees>18.76004</LongitudeDegrees></Position><AltitudeMeters>3.248</AltitudeMeters><HeartRateBpm><Value>105</Value></HeartRateBpm></Trackpoint><Trackpoint><Time>2026-05-02T09:53:51.247Z</Time><Position><LatitudeDegrees>60.06557</LatitudeDegrees><LongitudeDegrees>18.760056</LongitudeDegrees></Position><AltitudeMeters>2.773</AltitudeMeters><HeartRateBpm><Value>105</Value></HeartRateBpm></Trackpoint><Trackpoint><Time>2026-05-02T09:53:52.255Z</Time><Position><LatitudeDegrees>60.06559</LatitudeDegrees><LongitudeDegrees>18.76007</LongitudeDegrees></Position><AltitudeMeters>2.893</AltitudeMeters><HeartRateBpm><Value>106</Value></HeartRateBpm></Trackpoint><Trackpoint><Time>2026-05-02T09:53:53.263Z</Time><Position><LatitudeDegrees>60.065605</LatitudeDegrees><LongitudeDegrees>18.760084</LongitudeDegrees></Position><AltitudeMeters>3.13</AltitudeMeters><HeartRateBpm><Value>106</Value></HeartRateBpm></Trackpoint><Trackpoint><Time>2026-05-02T09:53:54.272Z</Time><Position><LatitudeDegrees>60.065624</LatitudeDegrees><LongitudeDegrees>18.760098</LongitudeDegrees></Position><AltitudeMeters>3.564</AltitudeMeters><HeartRateBpm><Value>107</Value></HeartRateBpm></Trackpoint><Trackpoint><Time>2026-05-02T09:53:55.281Z</Time><Position><LatitudeDegrees>60.065643</LatitudeDegrees><LongitudeDegrees>18.76011</LongitudeDegrees></Position><AltitudeMeters>3.184</AltitudeMeters><HeartRateBpm><Value>107</Value></HeartRateBpm></Trackpoint><Trackpoint><Time>2026-05-02T09:53:56.288Z</Time><Position><LatitudeDegrees>60.065662</LatitudeDegrees><LongitudeDegrees>18.760124</LongitudeDegrees></Position><AltitudeMeters>2.925</AltitudeMeters><HeartRateBpm><Value>107</Value></HeartRateBpm></Trackpoint><Trackpoint><Time>2026-05-02T09:53:57.295Z</Time><Position><LatitudeDegrees>60.06568</LatitudeDegrees><LongitudeDegrees>18.760138</LongitudeDegrees></Position><AltitudeMeters>2.897</AltitudeMeters><HeartRateBpm><Value>107</Value></HeartRateBpm></Trackpoint><Trackpoint><Time>2026-05-02T09:53:58.303Z</Time><Position><LatitudeDegrees>60.065697</LatitudeDegrees><LongitudeDegrees>18.76015</LongitudeDegrees></Position><AltitudeMeters>2.995</AltitudeMeters><HeartRateBpm><Value>106</Value></HeartRateBpm></Trackpoint><Trackpoint><Time>2026-05-02T09:53:59.313Z</Time><Position><LatitudeDegrees>60.065716</LatitudeDegrees><LongitudeDegrees>18.760164</LongitudeDegrees></Position><AltitudeMeters>3.128</AltitudeMeters><HeartRateBpm><Value>106</Value></HeartRateBpm></Trackpoint><Trackpoint><Time>2026-05-02T09:54:00.322Z</Time><Position><LatitudeDegrees>60.065735</LatitudeDegrees><LongitudeDegrees>18.760176</LongitudeDegrees></Position><AltitudeMeters>3.388</AltitudeMeters><HeartRateBpm><Value>106</Value></HeartRateBpm></Trackpoint><Trackpoint><Time>2026-05-02T09:54:01.329Z</Time><Position><LatitudeDegrees>60.065754</LatitudeDegrees><LongitudeDegrees>18.76019</LongitudeDegrees></Position><AltitudeMeters>3.444</AltitudeMeters><HeartRateBpm><Value>106</Value></HeartRateBpm></Trackpoint><Trackpoint><Time>2026-05-02T09:54:02.333Z</Time><Position><LatitudeDegrees>60.06577</LatitudeDegrees><LongitudeDegrees>18.760202</LongitudeDegrees></Position><AltitudeMeters>2.926</AltitudeMeters><HeartRateBpm><Value>106</Value></HeartRateBpm></Trackpoint><Trackpoint><Time>2026-05-02T09:54:03.336Z</Time><Position><LatitudeDegrees>60.06579</LatitudeDegrees><LongitudeDegrees>18.760214</LongitudeDegrees></Position><AltitudeMeters>3.234</AltitudeMeters><HeartRateBpm><Value>105</Value></HeartRateBpm></Trackpoint><Trackpoint><Time>2026-05-02T09:54:04.341Z</Time><Position><LatitudeDegrees>60.065807</LatitudeDegrees><LongitudeDegrees>18.760225</LongitudeDegrees></Position><AltitudeMeters>3.249</AltitudeMeters><HeartRateBpm><Value>105</Value></HeartRateBpm></Trackpoint><Trackpoint><Time>2026-05-02T09:54:05.341Z</Time><Position><LatitudeDegrees>60.065823</LatitudeDegrees><LongitudeDegrees>18.760237</LongitudeDegrees></Position><AltitudeMeters>3.466</AltitudeMeters><HeartRateBpm><Value>103</Value></HeartRateBpm></Trackpoint><Trackpoint><Time>2026-05-02T09:54:06.341Z</Time><Position><LatitudeDegrees>60.06584</LatitudeDegrees><LongitudeDegrees>18.76025</LongitudeDegrees></Position><AltitudeMeters>3.214</AltitudeMeters><HeartRateBpm><Value>104</Value></HeartRateBpm></Trackpoint><Trackpoint><Time>2026-05-02T09:54:07.347Z</Time><Position><LatitudeDegrees>60.06586</LatitudeDegrees><LongitudeDegrees>18.760265</LongitudeDegrees></Position><AltitudeMeters>3.246</AltitudeMeters><HeartRateBpm><Value>103</Value></HeartRateBpm></Trackpoint><Trackpoint><Time>2026-05-02T09:54:08.355Z</Time><Position><LatitudeDegrees>60.065876</LatitudeDegrees><LongitudeDegrees>18.76028</LongitudeDegrees></Position><AltitudeMeters>3.308</AltitudeMeters><HeartRateBpm><Value>103</Value></HeartRateBpm></Trackpoint><Trackpoint><Time>2026-05-02T09:54:09.364Z</Time><Position><LatitudeDegrees>60.0659</LatitudeDegrees><LongitudeDegrees>18.760298</LongitudeDegrees></Position><AltitudeMeters>3.417</AltitudeMeters><HeartRateBpm><Value>102</Value></HeartRateBpm></Trackpoint><Trackpoint><Time>2026-05-02T09:54:10.373Z</Time><Position><LatitudeDegrees>60.065918</LatitudeDegrees><LongitudeDegrees>18.760313</LongitudeDegrees></Position><AltitudeMeters>3.643</AltitudeMeters><HeartRateBpm><Value>101</Value></HeartRateBpm></Trackpoint><Trackpoint><Time>2026-05-02T09:54:11.381Z</Time><Position><LatitudeDegrees>60.065937</LatitudeDegrees><LongitudeDegrees>18.76033</LongitudeDegrees></Position><AltitudeMeters>3.633</AltitudeMeters><HeartRateBpm><Value>101</Value></HeartRateBpm></Trackpoint><Trackpoint><Time>2026-05-02T09:54:12.388Z</Time><Position><LatitudeDegrees>60.06596</LatitudeDegrees><LongitudeDegrees>18.760347</LongitudeDegrees></Position><AltitudeMeters>3.442</AltitudeMeters><HeartRateBpm><Value>101</Value></HeartRateBpm></Trackpoint><Trackpoint><Time>2026-05-02T09:54:13.396Z</Time><Position><LatitudeDegrees>60.06598</LatitudeDegrees><LongitudeDegrees>18.760365</LongitudeDegrees></Position><AltitudeMeters>3.238</AltitudeMeters><HeartRateBpm><Value>101</Value></HeartRateBpm></Trackpoint><Trackpoint><Time>2026-05-02T09:54:14.404Z</Time><Position><LatitudeDegrees>60.065998</LatitudeDegrees><LongitudeDegrees>18.760382</LongitudeDegrees></Position><AltitudeMeters>3.314</AltitudeMeters><HeartRateBpm><Value>100</Value></HeartRateBpm></Trackpoint><Trackpoint><Time>2026-05-02T09:54:15.414Z</Time><Position><LatitudeDegrees>60.066017</LatitudeDegrees><LongitudeDegrees>18.760399</LongitudeDegrees></Position><AltitudeMeters>3.259</AltitudeMeters><HeartRateBpm><Value>100</Value></HeartRateBpm></Trackpoint><Trackpoint><Time>2026-05-02T09:54:16.423Z</Time><Position><LatitudeDegrees>60.066036</LatitudeDegrees><LongitudeDegrees>18.760418</LongitudeDegrees></Position><AltitudeMeters>3.281</AltitudeMeters><HeartRateBpm><Value>100</Value></HeartRateBpm></Trackpoint><Trackpoint><Time>2026-05-02T09:54:17.432Z</Time><Position><LatitudeDegrees>60.066055</LatitudeDegrees><LongitudeDegrees>18.760433</LongitudeDegrees></Position><AltitudeMeters>3.288</AltitudeMeters><HeartRateBpm><Value>99</Value></HeartRateBpm></Trackpoint><Trackpoint><Time>2026-05-02T09:54:18.439Z</Time><Position><LatitudeDegrees>60.06608</LatitudeDegrees><LongitudeDegrees>18.760448</LongitudeDegrees></Position><AltitudeMeters>3.433</AltitudeMeters><HeartRateBpm><Value>100</Value></HeartRateBpm></Trackpoint><Trackpoint><Time>2026-05-02T09:54:19.447Z</Time><Position><LatitudeDegrees>60.066097</LatitudeDegrees><LongitudeDegrees>18.760458</LongitudeDegrees></Position><AltitudeMeters>3.39</AltitudeMeters><HeartRateBpm><Value>100</Value></HeartRateBpm></Trackpoint><Trackpoint><Time>2026-05-02T09:54:20.456Z</Time><Position><LatitudeDegrees>60.06612</LatitudeDegrees><LongitudeDegrees>18.760466</LongitudeDegrees></Position><AltitudeMeters>2.969</AltitudeMeters><HeartRateBpm><Value>101</Value></HeartRateBpm></Trackpoint><Trackpoint><Time>2026-05-02T09:54:21.465Z</Time><Position><LatitudeDegrees>60.066143</LatitudeDegrees><LongitudeDegrees>18.760471</LongitudeDegrees></Position><AltitudeMeters>2.932</AltitudeMeters><HeartRateBpm><Value>102</Value></HeartRateBpm></Trackpoint><Trackpoint><Time>2026-05-02T09:54:22.474Z</Time><Position><LatitudeDegrees>60.066162</LatitudeDegrees><LongitudeDegrees>18.760477</LongitudeDegrees></Position><AltitudeMeters>2.921</AltitudeMeters><HeartRateBpm><Value>104</Value></HeartRateBpm></Trackpoint><Trackpoint><Time>2026-05-02T09:54:23.483Z</Time><Position><LatitudeDegrees>60.06618</LatitudeDegrees><LongitudeDegrees>18.760483</LongitudeDegrees></Position><AltitudeMeters>2.892</AltitudeMeters><HeartRateBpm><Value>105</Value></HeartRateBpm></Trackpoint><Trackpoint><Time>2026-05-02T09:54:24.492Z</Time><Position><LatitudeDegrees>60.066196</LatitudeDegrees><LongitudeDegrees>18.760489</LongitudeDegrees></Position><AltitudeMeters>2.922</AltitudeMeters><HeartRateBpm><Value>106</Value></HeartRateBpm></Trackpoint><Trackpoint><Time>2026-05-02T09:54:25.500Z</Time><Position><LatitudeDegrees>60.066208</LatitudeDegrees><LongitudeDegrees>18.760498</LongitudeDegrees></Position><AltitudeMeters>3.117</AltitudeMeters><HeartRateBpm><Value>106</Value></HeartRateBpm></Trackpoint><Trackpoint><Time>2026-05-02T09:54:26.505Z</Time><Position><LatitudeDegrees>60.066223</LatitudeDegrees><LongitudeDegrees>18.760511</LongitudeDegrees></Position><AltitudeMeters>3.02</AltitudeMeters><HeartRateBpm><Value>107</Value></HeartRateBpm></Trackpoint><Trackpoint><Time>2026-05-02T09:54:27.505Z</Time><Position><LatitudeDegrees>60.06624</LatitudeDegrees><LongitudeDegrees>18.760529</LongitudeDegrees></Position><AltitudeMeters>2.924</AltitudeMeters><HeartRateBpm><Value>106</Value></HeartRateBpm></Trackpoint><Trackpoint><Time>2026-05-02T09:54:28.505Z</Time><Position><LatitudeDegrees>60.066254</LatitudeDegrees><LongitudeDegrees>18.76055</LongitudeDegrees></Position><AltitudeMeters>2.776</AltitudeMeters><HeartRateBpm><Value>107</Value></HeartRateBpm></Trackpoint><Trackpoint><Time>2026-05-02T09:54:29.514Z</Time><Position><LatitudeDegrees>60.066277</LatitudeDegrees><LongitudeDegrees>18.760572</LongitudeDegrees></Position><AltitudeMeters>2.628</AltitudeMeters><HeartRateBpm><Value>109</Value></HeartRateBpm></Trackpoint><Trackpoint><Time>2026-05-02T09:55:00.680Z</Time><Position><LatitudeDegrees>60.066296</LatitudeDegrees><LongitudeDegrees>18.760593</LongitudeDegrees></Position><AltitudeMeters>1.577</AltitudeMeters><HeartRateBpm><Value>105</Value></HeartRateBpm></Trackpoint><Trackpoint><Time>2026-05-02T09:55:01.680Z</Time><Position><LatitudeDegrees>60.066315</LatitudeDegrees><LongitudeDegrees>18.760616</LongitudeDegrees></Position><AltitudeMeters>1.475</AltitudeMeters><HeartRateBpm><Value>106</Value></HeartRateBpm></Trackpoint><Trackpoint><Time>2026-05-02T09:55:02.679Z</Time><Position><LatitudeDegrees>60.066338</LatitudeDegrees><LongitudeDegrees>18.76064</LongitudeDegrees></Position><AltitudeMeters>1.414</AltitudeMeters><HeartRateBpm><Value>108</Value></HeartRateBpm></Trackpoint><Trackpoint><Time>2026-05-02T09:55:03.680Z</Time><Position><LatitudeDegrees>60.06636</LatitudeDegrees><LongitudeDegrees>18.760658</LongitudeDegrees></Position><AltitudeMeters>1.213</AltitudeMeters><HeartRateBpm><Value>109</Value></HeartRateBpm></Trackpoint><Trackpoint><Time>2026-05-02T09:55:04.680Z</Time><Position><LatitudeDegrees>60.066383</LatitudeDegrees><LongitudeDegrees>18.760675</LongitudeDegrees></Position><AltitudeMeters>0.883</AltitudeMeters><HeartRateBpm><Value>110</Value></HeartRateBpm></Trackpoint><Trackpoint><Time>2026-05-02T09:55:05.683Z</Time><Position><LatitudeDegrees>60.066406</LatitudeDegrees><LongitudeDegrees>18.760689</LongitudeDegrees></Position><AltitudeMeters>0.741</AltitudeMeters><HeartRateBpm><Value>110</Value></HeartRateBpm></Trackpoint><Trackpoint><Time>2026-05-02T09:55:06.680Z</Time><Position><LatitudeDegrees>60.066425</LatitudeDegrees><LongitudeDegrees>18.760702</LongitudeDegrees></Position><AltitudeMeters>0.641</AltitudeMeters><HeartRateBpm><Value>109</Value></HeartRateBpm></Trackpoint><Trackpoint><Time>2026-05-02T09:55:07.682Z</Time><Position><LatitudeDegrees>60.066444</LatitudeDegrees><LongitudeDegrees>18.760712</LongitudeDegrees></Position><AltitudeMeters>0.376</AltitudeMeters><HeartRateBpm><Value>110</Value></HeartRateBpm></Trackpoint><Trackpoint><Time>2026-05-02T09:55:08.682Z</Time><Position><LatitudeDegrees>60.06646</LatitudeDegrees><LongitudeDegrees>18.760714</LongitudeDegrees></Position><AltitudeMeters>0.562</AltitudeMeters><HeartRateBpm><Value>110</Value></HeartRateBpm></Trackpoint><Trackpoint><Time>2026-05-02T09:55:09.682Z</Time><Position><LatitudeDegrees>60.066475</LatitudeDegrees><LongitudeDegrees>18.760714</LongitudeDegrees></Position><AltitudeMeters>0.716</AltitudeMeters><HeartRateBpm><Value>109</Value></HeartRateBpm></Trackpoint><Trackpoint><Time>2026-05-02T09:55:10.683Z</Time><Position><LatitudeDegrees>60.066494</LatitudeDegrees><LongitudeDegrees>18.760714</LongitudeDegrees></Position><AltitudeMeters>0.823</AltitudeMeters><HeartRateBpm><Value>110</Value></HeartRateBpm></Trackpoint><Trackpoint><Time>2026-05-02T09:55:11.682Z</Time><Position><LatitudeDegrees>60.06651</LatitudeDegrees><LongitudeDegrees>18.760714</LongitudeDegrees></Position><AltitudeMeters>0.95</AltitudeMeters><HeartRateBpm><Value>111</Value></HeartRateBpm></Trackpoint><Trackpoint><Time>2026-05-02T09:55:12.685Z</Time><Position><LatitudeDegrees>60.066525</LatitudeDegrees><LongitudeDegrees>18.760712</LongitudeDegrees></Position><AltitudeMeters>1.124</AltitudeMeters><HeartRateBpm><Value>112</Value></HeartRateBpm></Trackpoint><Trackpoint><Time>2026-05-02T09:55:13.684Z</Time><Position><LatitudeDegrees>60.06654</LatitudeDegrees><LongitudeDegrees>18.760708</LongitudeDegrees></Position><AltitudeMeters>0.935</AltitudeMeters><HeartRateBpm><Value>112</Value></HeartRateBpm></Trackpoint><Trackpoint><Time>2026-05-02T09:55:14.684Z</Time><Position><LatitudeDegrees>60.066555</LatitudeDegrees><LongitudeDegrees>18.760704</LongitudeDegrees></Position><AltitudeMeters>0.707</AltitudeMeters><HeartRateBpm><Value>112</Value></HeartRateBpm></Trackpoint><Trackpoint><Time>2026-05-02T09:55:15.685Z</Time><Position><LatitudeDegrees>60.066566</LatitudeDegrees><LongitudeDegrees>18.760704</LongitudeDegrees></Position><AltitudeMeters>0.511</AltitudeMeters><HeartRateBpm><Value>112</Value></HeartRateBpm></Trackpoint><Trackpoint><Time>2026-05-02T09:55:16.689Z</Time><Position><LatitudeDegrees>60.06658</LatitudeDegrees><LongitudeDegrees>18.760704</LongitudeDegrees></Position><AltitudeMeters>0.352</AltitudeMeters><HeartRateBpm><Value>112</Value></HeartRateBpm></Trackpoint><Trackpoint><Time>2026-05-02T09:55:17.697Z</Time><Position><LatitudeDegrees>60.066597</LatitudeDegrees><LongitudeDegrees>18.760704</LongitudeDegrees></Position><AltitudeMeters>0.195</AltitudeMeters><HeartRateBpm><Value>112</Value></HeartRateBpm></Trackpoint><Trackpoint><Time>2026-05-02T09:55:18.705Z</Time><Position><LatitudeDegrees>60.06661</LatitudeDegrees><LongitudeDegrees>18.760704</LongitudeDegrees></Position><AltitudeMeters>-0.06</AltitudeMeters><HeartRateBpm><Value>112</Value></HeartRateBpm></Trackpoint><Trackpoint><Time>2026-05-02T09:55:19.715Z</Time><Position><LatitudeDegrees>60.066628</LatitudeDegrees><LongitudeDegrees>18.760704</LongitudeDegrees></Position><AltitudeMeters>-0.251</AltitudeMeters><HeartRateBpm><Value>112</Value></HeartRateBpm></Trackpoint><Trackpoint><Time>2026-05-02T09:55:20.724Z</Time><Position><LatitudeDegrees>60.066643</LatitudeDegrees><LongitudeDegrees>18.760706</LongitudeDegrees></Position><AltitudeMeters>-0.146</AltitudeMeters><HeartRateBpm><Value>112</Value></HeartRateBpm></Trackpoint><Trackpoint><Time>2026-05-02T09:55:21.732Z</Time><Position><LatitudeDegrees>60.066658</LatitudeDegrees><LongitudeDegrees>18.760706</LongitudeDegrees></Position><AltitudeMeters>-0.579</AltitudeMeters><HeartRateBpm><Value>112</Value></HeartRateBpm></Trackpoint><Trackpoint><Time>2026-05-02T09:55:22.742Z</Time><Position><LatitudeDegrees>60.066677</LatitudeDegrees><LongitudeDegrees>18.760708</LongitudeDegrees></Position><AltitudeMeters>-0.786</AltitudeMeters><HeartRateBpm><Value>111</Value></HeartRateBpm></Trackpoint><Trackpoint><Time>2026-05-02T09:55:23.750Z</Time><Position><LatitudeDegrees>60.066696</LatitudeDegrees><LongitudeDegrees>18.76071</LongitudeDegrees></Position><AltitudeMeters>-0.672</AltitudeMeters><HeartRateBpm><Value>111</Value></HeartRateBpm></Trackpoint><Trackpoint><Time>2026-05-02T09:55:24.759Z</Time><Position><LatitudeDegrees>60.06671</LatitudeDegrees><LongitudeDegrees>18.760714</LongitudeDegrees></Position><AltitudeMeters>-1.002</AltitudeMeters><HeartRateBpm><Value>110</Value></HeartRateBpm></Trackpoint><Trackpoint><Time>2026-05-02T09:55:25.766Z</Time><Position><LatitudeDegrees>60.06673</LatitudeDegrees><LongitudeDegrees>18.760717</LongitudeDegrees></Position><AltitudeMeters>-0.916</AltitudeMeters><HeartRateBpm><Value>109</Value></HeartRateBpm></Trackpoint><Trackpoint><Time>2026-05-02T09:55:26.775Z</Time><Position><LatitudeDegrees>60.06675</LatitudeDegrees><LongitudeDegrees>18.760721</LongitudeDegrees></Position><AltitudeMeters>-0.717</AltitudeMeters><HeartRateBpm><Value>108</Value></HeartRateBpm></Trackpoint><Trackpoint><Time>2026-05-02T09:55:27.783Z</Time><Position><LatitudeDegrees>60.06677</LatitudeDegrees><LongitudeDegrees>18.760727</LongitudeDegrees></Position><AltitudeMeters>-0.495</AltitudeMeters><HeartRateBpm><Value>107</Value></HeartRateBpm></Trackpoint><Trackpoint><Time>2026-05-02T09:55:28.790Z</Time><Position><LatitudeDegrees>60.066784</LatitudeDegrees><LongitudeDegrees>18.76073</LongitudeDegrees></Position><AltitudeMeters>-0.271</AltitudeMeters><HeartRateBpm><Value>106</Value></HeartRateBpm></Trackpoint><Trackpoint><Time>2026-05-02T09:55:29.800Z</Time><Position><LatitudeDegrees>60.0668</LatitudeDegrees><LongitudeDegrees>18.760735</LongitudeDegrees></Position><AltitudeMeters>-0.121</AltitudeMeters><HeartRateBpm><Value>105</Value></HeartRateBpm></Trackpoint><Trackpoint><Time>2026-05-02T09:55:30.807Z</Time><Position><LatitudeDegrees>60.066814</LatitudeDegrees><LongitudeDegrees>18.760736</LongitudeDegrees></Position><AltitudeMeters>-0.173</AltitudeMeters><HeartRateBpm><Value>105</Value></HeartRateBpm></Trackpoint><Trackpoint><Time>2026-05-02T09:55:31.816Z</Time><Position><LatitudeDegrees>60.06683</LatitudeDegrees><LongitudeDegrees>18.760736</LongitudeDegrees></Position><AltitudeMeters>-0.153</AltitudeMeters><HeartRateBpm><Value>105</Value></HeartRateBpm></Trackpoint><Trackpoint><Time>2026-05-02T09:55:32.825Z</Time><Position><LatitudeDegrees>60.066845</LatitudeDegrees><LongitudeDegrees>18.760735</LongitudeDegrees></Position><AltitudeMeters>-0.216</AltitudeMeters><HeartRateBpm><Value>105</Value></HeartRateBpm></Trackpoint><Trackpoint><Time>2026-05-02T09:55:33.834Z</Time><Position><LatitudeDegrees>60.066856</LatitudeDegrees><LongitudeDegrees>18.760735</LongitudeDegrees></Position><AltitudeMeters>-0.218</AltitudeMeters><HeartRateBpm><Value>106</Value></HeartRateBpm></Trackpoint><Trackpoint><Time>2026-05-02T09:55:34.842Z</Time><Position><LatitudeDegrees>60.06687</LatitudeDegrees><LongitudeDegrees>18.760735</LongitudeDegrees></Position><AltitudeMeters>-0.144</AltitudeMeters><HeartRateBpm><Value>107</Value></HeartRateBpm></Trackpoint><Trackpoint><Time>2026-05-02T09:55:35.852Z</Time><Position><LatitudeDegrees>60.066887</LatitudeDegrees><LongitudeDegrees>18.760736</LongitudeDegrees></Position><AltitudeMeters>-0.239</AltitudeMeters><HeartRateBpm><Value>107</Value></HeartRateBpm></Trackpoint><Trackpoint><Time>2026-05-02T09:55:36.859Z</Time><Position><LatitudeDegrees>60.0669</LatitudeDegrees><LongitudeDegrees>18.760738</LongitudeDegrees></Position><AltitudeMeters>-0.388</AltitudeMeters><HeartRateBpm><Value>107</Value></HeartRateBpm></Trackpoint><Trackpoint><Time>2026-05-02T09:55:37.867Z</Time><Position><LatitudeDegrees>60.066914</LatitudeDegrees><LongitudeDegrees>18.760738</LongitudeDegrees></Position><AltitudeMeters>-0.245</AltitudeMeters><HeartRateBpm><Value>107</Value></HeartRateBpm></Trackpoint><Trackpoint><Time>2026-05-02T09:55:38.874Z</Time><Position><LatitudeDegrees>60.066925</LatitudeDegrees><LongitudeDegrees>18.760738</LongitudeDegrees></Position><AltitudeMeters>0.013</AltitudeMeters><HeartRateBpm><Value>106</Value></HeartRateBpm></Trackpoint><Trackpoint><Time>2026-05-02T09:55:39.882Z</Time><Position><LatitudeDegrees>60.06694</LatitudeDegrees><LongitudeDegrees>18.760736</LongitudeDegrees></Position><AltitudeMeters>-0.199</AltitudeMeters><HeartRateBpm><Value>105</Value></HeartRateBpm></Trackpoint><Trackpoint><Time>2026-05-02T09:55:40.890Z</Time><Position><LatitudeDegrees>60.06695</LatitudeDegrees><LongitudeDegrees>18.760735</LongitudeDegrees></Position><AltitudeMeters>-0.223</AltitudeMeters><HeartRateBpm><Value>104</Value></HeartRateBpm></Trackpoint><Trackpoint><Time>2026-05-02T09:55:41.897Z</Time><Position><LatitudeDegrees>60.066963</LatitudeDegrees><LongitudeDegrees>18.76073</LongitudeDegrees></Position><AltitudeMeters>-0.627</AltitudeMeters><HeartRateBpm><Value>103</Value></HeartRateBpm></Trackpoint><Trackpoint><Time>2026-05-02T09:55:42.906Z</Time><Position><LatitudeDegrees>60.06698</LatitudeDegrees><LongitudeDegrees>18.760727</LongitudeDegrees></Position><AltitudeMeters>-1.149</AltitudeMeters><HeartRateBpm><Value>102</Value></HeartRateBpm></Trackpoint><Trackpoint><Time>2026-05-02T09:55:43.914Z</Time><Position><LatitudeDegrees>60.06699</LatitudeDegrees><LongitudeDegrees>18.760723</LongitudeDegrees></Position><AltitudeMeters>-1.142</AltitudeMeters><HeartRateBpm><Value>101</Value></HeartRateBpm></Trackpoint><Trackpoint><Time>2026-05-02T09:55:44.923Z</Time><Position><LatitudeDegrees>60.067005</LatitudeDegrees><LongitudeDegrees>18.760723</LongitudeDegrees></Position><AltitudeMeters>-1.016</AltitudeMeters><HeartRateBpm><Value>100</Value></HeartRateBpm></Trackpoint><Trackpoint><Time>2026-05-02T09:55:45.932Z</Time><Position><LatitudeDegrees>60.067017</LatitudeDegrees><LongitudeDegrees>18.760723</LongitudeDegrees></Position><AltitudeMeters>-0.585</AltitudeMeters><HeartRateBpm><Value>100</Value></HeartRateBpm></Trackpoint><Trackpoint><Time>2026-05-02T09:55:46.938Z</Time><Position><LatitudeDegrees>60.06703</LatitudeDegrees><LongitudeDegrees>18.760727</LongitudeDegrees></Position><AltitudeMeters>-0.226</AltitudeMeters><HeartRateBpm><Value>100</Value></HeartRateBpm></Trackpoint><Trackpoint><Time>2026-05-02T09:55:47.950Z</Time><Position><LatitudeDegrees>60.067047</LatitudeDegrees><LongitudeDegrees>18.760733</LongitudeDegrees></Position><AltitudeMeters>-0.083</AltitudeMeters><HeartRateBpm><Value>100</Value></HeartRateBpm></Trackpoint><Trackpoint><Time>2026-05-02T09:55:48.956Z</Time><Position><LatitudeDegrees>60.06706</LatitudeDegrees><LongitudeDegrees>18.76074</LongitudeDegrees></Position><AltitudeMeters>-0.294</AltitudeMeters><HeartRateBpm><Value>100</Value></HeartRateBpm></Trackpoint><Trackpoint><Time>2026-05-02T09:55:49.966Z</Time><Position><LatitudeDegrees>60.067074</LatitudeDegrees><LongitudeDegrees>18.760748</LongitudeDegrees></Position><AltitudeMeters>-0.432</AltitudeMeters><HeartRateBpm><Value>100</Value></HeartRateBpm></Trackpoint><Trackpoint><Time>2026-05-02T09:55:50.974Z</Time><Position><LatitudeDegrees>60.067085</LatitudeDegrees><LongitudeDegrees>18.760754</LongitudeDegrees></Position><AltitudeMeters>-0.028</AltitudeMeters><HeartRateBpm><Value>100</Value></HeartRateBpm></Trackpoint><Trackpoint><Time>2026-05-02T09:55:51.983Z</Time><Position><LatitudeDegrees>60.067097</LatitudeDegrees><LongitudeDegrees>18.76076</LongitudeDegrees></Position><AltitudeMeters>0.362</AltitudeMeters><HeartRateBpm><Value>100</Value></HeartRateBpm></Trackpoint><Trackpoint><Time>2026-05-02T09:55:52.992Z</Time><Position><LatitudeDegrees>60.06711</LatitudeDegrees><LongitudeDegrees>18.760763</LongitudeDegrees></Position><AltitudeMeters>0.3</AltitudeMeters><HeartRateBpm><Value>100</Value></HeartRateBpm></Trackpoint><Trackpoint><Time>2026-05-02T09:55:53.999Z</Time><Position><LatitudeDegrees>60.067123</LatitudeDegrees><LongitudeDegrees>18.760767</LongitudeDegrees></Position><AltitudeMeters>0.062</AltitudeMeters><HeartRateBpm><Value>101</Value></HeartRateBpm></Trackpoint><Trackpoint><Time>2026-05-02T09:55:55.007Z</Time><Position><LatitudeDegrees>60.067135</LatitudeDegrees><LongitudeDegrees>18.76077</LongitudeDegrees></Position><AltitudeMeters>-0.096</AltitudeMeters><HeartRateBpm><Value>101</Value></HeartRateBpm></Trackpoint><Trackpoint><Time>2026-05-02T09:55:56.015Z</Time><Position><LatitudeDegrees>60.067146</LatitudeDegrees><LongitudeDegrees>18.760773</LongitudeDegrees></Position><AltitudeMeters>-0.245</AltitudeMeters><HeartRateBpm><Value>101</Value></HeartRateBpm></Trackpoint><Trackpoint><Time>2026-05-02T09:55:57.023Z</Time><Position><LatitudeDegrees>60.067158</LatitudeDegrees><LongitudeDegrees>18.760775</LongitudeDegrees></Position><AltitudeMeters>-0.425</AltitudeMeters><HeartRateBpm><Value>102</Value></HeartRateBpm></Trackpoint><Trackpoint><Time>2026-05-02T09:55:58.030Z</Time><Position><LatitudeDegrees>60.067173</LatitudeDegrees><LongitudeDegrees>18.760777</LongitudeDegrees></Position><AltitudeMeters>-0.421</AltitudeMeters><HeartRateBpm><Value>101</Value></HeartRateBpm></Trackpoint><Trackpoint><Time>2026-05-02T09:55:59.038Z</Time><Position><LatitudeDegrees>60.06719</LatitudeDegrees><LongitudeDegrees>18.760777</LongitudeDegrees></Position><AltitudeMeters>-0.493</AltitudeMeters><HeartRateBpm><Value>101</Value></HeartRateBpm></Trackpoint><Trackpoint><Time>2026-05-02T09:56:00.047Z</Time><Position><LatitudeDegrees>60.0672</LatitudeDegrees><LongitudeDegrees>18.760777</LongitudeDegrees></Position><AltitudeMeters>-0.476</AltitudeMeters><HeartRateBpm><Value>101</Value></HeartRateBpm></Trackpoint><Trackpoint><Time>2026-05-02T09:56:01.056Z</Time><Position><LatitudeDegrees>60.067215</LatitudeDegrees><LongitudeDegrees>18.760777</LongitudeDegrees></Position><AltitudeMeters>-0.365</AltitudeMeters><HeartRateBpm><Value>101</Value></HeartRateBpm></Trackpoint><Trackpoint><Time>2026-05-02T09:56:02.064Z</Time><Position><LatitudeDegrees>60.06723</LatitudeDegrees><LongitudeDegrees>18.760778</LongitudeDegrees></Position><AltitudeMeters>-0.181</AltitudeMeters><HeartRateBpm><Value>101</Value></HeartRateBpm></Trackpoint><Trackpoint><Time>2026-05-02T09:56:03.073Z</Time><Position><LatitudeDegrees>60.06725</LatitudeDegrees><LongitudeDegrees>18.760782</LongitudeDegrees></Position><AltitudeMeters>-0.227</AltitudeMeters><HeartRateBpm><Value>101</Value></HeartRateBpm></Trackpoint><Trackpoint><Time>2026-05-02T09:56:04.082Z</Time><Position><LatitudeDegrees>60.067265</LatitudeDegrees><LongitudeDegrees>18.760784</LongitudeDegrees></Position><AltitudeMeters>-0.233</AltitudeMeters><HeartRateBpm><Value>101</Value></HeartRateBpm></Trackpoint><Trackpoint><Time>2026-05-02T09:56:05.089Z</Time><Position><LatitudeDegrees>60.06728</LatitudeDegrees><LongitudeDegrees>18.760788</LongitudeDegrees></Position><AltitudeMeters>-0.104</AltitudeMeters><HeartRateBpm><Value>100</Value></HeartRateBpm></Trackpoint><Trackpoint><Time>2026-05-02T09:56:06.097Z</Time><Position><LatitudeDegrees>60.0673</LatitudeDegrees><LongitudeDegrees>18.760792</LongitudeDegrees></Position><AltitudeMeters>0.263</AltitudeMeters><HeartRateBpm><Value>100</Value></HeartRateBpm></Trackpoint><Trackpoint><Time>2026-05-02T09:56:07.106Z</Time><Position><LatitudeDegrees>60.067314</LatitudeDegrees><LongitudeDegrees>18.760796</LongitudeDegrees></Position><AltitudeMeters>0.389</AltitudeMeters><HeartRateBpm><Value>99</Value></HeartRateBpm></Trackpoint><Trackpoint><Time>2026-05-02T09:56:08.115Z</Time><Position><LatitudeDegrees>60.067333</LatitudeDegrees><LongitudeDegrees>18.760803</LongitudeDegrees></Position><AltitudeMeters>0.375</AltitudeMeters><HeartRateBpm><Value>100</Value></HeartRateBpm></Trackpoint><Trackpoint><Time>2026-05-02T09:56:09.124Z</Time><Position><LatitudeDegrees>60.067352</LatitudeDegrees><LongitudeDegrees>18.76081</LongitudeDegrees></Position><AltitudeMeters>0.221</AltitudeMeters><HeartRateBpm><Value>100</Value></HeartRateBpm></Trackpoint><Trackpoint><Time>2026-05-02T09:56:10.133Z</Time><Position><LatitudeDegrees>60.06737</LatitudeDegrees><LongitudeDegrees>18.760817</LongitudeDegrees></Position><AltitudeMeters>0.234</AltitudeMeters><HeartRateBpm><Value>101</Value></HeartRateBpm></Trackpoint><Trackpoint><Time>2026-05-02T09:56:11.142Z</Time><Position><LatitudeDegrees>60.06739</LatitudeDegrees><LongitudeDegrees>18.76082</LongitudeDegrees></Position><AltitudeMeters>0.27</AltitudeMeters><HeartRateBpm><Value>101</Value></HeartRateBpm></Trackpoint><Trackpoint><Time>2026-05-02T09:56:12.148Z</Time><Position><LatitudeDegrees>60.06741</LatitudeDegrees><LongitudeDegrees>18.760826</LongitudeDegrees></Position><AltitudeMeters>0.587</AltitudeMeters><HeartRateBpm><Value>101</Value></HeartRateBpm></Trackpoint><Trackpoint><Time>2026-05-02T09:56:13.155Z</Time><Position><LatitudeDegrees>60.06743</LatitudeDegrees><LongitudeDegrees>18.76083</LongitudeDegrees></Position><AltitudeMeters>0.965</AltitudeMeters><HeartRateBpm><Value>101</Value></HeartRateBpm></Trackpoint><Trackpoint><Time>2026-05-02T09:56:14.164Z</Time><Position><LatitudeDegrees>60.067448</LatitudeDegrees><LongitudeDegrees>18.760836</LongitudeDegrees></Position><AltitudeMeters>0.94</AltitudeMeters><HeartRateBpm><Value>101</Value></HeartRateBpm></Trackpoint><Trackpoint><Time>2026-05-02T09:56:15.173Z</Time><Position><LatitudeDegrees>60.067467</LatitudeDegrees><LongitudeDegrees>18.760841</LongitudeDegrees></Position><AltitudeMeters>0.796</AltitudeMeters><HeartRateBpm><Value>101</Value></HeartRateBpm></Trackpoint><Trackpoint><Time>2026-05-02T09:56:16.182Z</Time><Position><LatitudeDegrees>60.067486</LatitudeDegrees><LongitudeDegrees>18.760849</LongitudeDegrees></Position><AltitudeMeters>0.88</AltitudeMeters><HeartRateBpm><Value>101</Value></HeartRateBpm></Trackpoint><Trackpoint><Time>2026-05-02T09:56:17.189Z</Time><Position><LatitudeDegrees>60.067505</LatitudeDegrees><LongitudeDegrees>18.760853</LongitudeDegrees></Position><AltitudeMeters>0.88</AltitudeMeters><HeartRateBpm><Value>101</Value></HeartRateBpm></Trackpoint><Trackpoint><Time>2026-05-02T09:56:18.198Z</Time><Position><LatitudeDegrees>60.067524</LatitudeDegrees><LongitudeDegrees>18.760859</LongitudeDegrees></Position><AltitudeMeters>0.799</AltitudeMeters><HeartRateBpm><Value>101</Value></HeartRateBpm></Trackpoint><Trackpoint><Time>2026-05-02T09:56:19.207Z</Time><Position><LatitudeDegrees>60.067543</LatitudeDegrees><LongitudeDegrees>18.760862</LongitudeDegrees></Position><AltitudeMeters>0.811</AltitudeMeters><HeartRateBpm><Value>100</Value></HeartRateBpm></Trackpoint><Trackpoint><Time>2026-05-02T09:56:20.215Z</Time><Position><LatitudeDegrees>60.067562</LatitudeDegrees><LongitudeDegrees>18.760866</LongitudeDegrees></Position><AltitudeMeters>0.845</AltitudeMeters><HeartRateBpm><Value>100</Value></HeartRateBpm></Trackpoint><Trackpoint><Time>2026-05-02T09:56:21.223Z</Time><Position><LatitudeDegrees>60.067577</LatitudeDegrees><LongitudeDegrees>18.760868</LongitudeDegrees></Position><AltitudeMeters>0.911</AltitudeMeters><HeartRateBpm><Value>100</Value></HeartRateBpm></Trackpoint><Trackpoint><Time>2026-05-02T09:56:22.230Z</Time><Position><LatitudeDegrees>60.067596</LatitudeDegrees><LongitudeDegrees>18.760872</LongitudeDegrees></Position><AltitudeMeters>0.788</AltitudeMeters><HeartRateBpm><Value>99</Value></HeartRateBpm></Trackpoint><Trackpoint><Time>2026-05-02T09:56:23.238Z</Time><Position><LatitudeDegrees>60.067616</LatitudeDegrees><LongitudeDegrees>18.760876</LongitudeDegrees></Position><AltitudeMeters>1.012</AltitudeMeters><HeartRateBpm><Value>99</Value></HeartRateBpm></Trackpoint><Trackpoint><Time>2026-05-02T09:56:24.246Z</Time><Position><LatitudeDegrees>60.067635</LatitudeDegrees><LongitudeDegrees>18.76088</LongitudeDegrees></Position><AltitudeMeters>1.176</AltitudeMeters><HeartRateBpm><Value>98</Value></HeartRateBpm></Trackpoint><Trackpoint><Time>2026-05-02T09:56:25.255Z</Time><Position><LatitudeDegrees>60.067654</LatitudeDegrees><LongitudeDegrees>18.760883</LongitudeDegrees></Position><AltitudeMeters>1.407</AltitudeMeters><HeartRateBpm><Value>98</Value></HeartRateBpm></Trackpoint><Trackpoint><Time>2026-05-02T09:56:26.264Z</Time><Position><LatitudeDegrees>60.06767</LatitudeDegrees><LongitudeDegrees>18.760887</LongitudeDegrees></Position><AltitudeMeters>1.535</AltitudeMeters><HeartRateBpm><Value>98</Value></HeartRateBpm></Trackpoint><Trackpoint><Time>2026-05-02T09:56:27.273Z</Time><Position><LatitudeDegrees>60.06769</LatitudeDegrees><LongitudeDegrees>18.760891</LongitudeDegrees></Position><AltitudeMeters>1.472</AltitudeMeters><HeartRateBpm><Value>99</Value></HeartRateBpm></Trackpoint><Trackpoint><Time>2026-05-02T09:56:28.282Z</Time><Position><LatitudeDegrees>60.06771</LatitudeDegrees><LongitudeDegrees>18.760897</LongitudeDegrees></Position><AltitudeMeters>1.256</AltitudeMeters><HeartRateBpm><Value>100</Value></HeartRateBpm></Trackpoint><Trackpoint><Time>2026-05-02T09:56:29.289Z</Time><Position><LatitudeDegrees>60.06773</LatitudeDegrees><LongitudeDegrees>18.7609</LongitudeDegrees></Position><AltitudeMeters>1.325</AltitudeMeters><HeartRateBpm><Value>101</Value></HeartRateBpm></Trackpoint><Trackpoint><Time>2026-05-02T09:56:30.296Z</Time><Position><LatitudeDegrees>60.06775</LatitudeDegrees><LongitudeDegrees>18.760906</LongitudeDegrees></Position><AltitudeMeters>1.531</AltitudeMeters><HeartRateBpm><Value>102</Value></HeartRateBpm></Trackpoint><Trackpoint><Time>2026-05-02T09:56:31.304Z</Time><Position><LatitudeDegrees>60.067764</LatitudeDegrees><LongitudeDegrees>18.760912</LongitudeDegrees></Position><AltitudeMeters>1.534</AltitudeMeters><HeartRateBpm><Value>102</Value></HeartRateBpm></Trackpoint><Trackpoint><Time>2026-05-02T09:56:32.313Z</Time><Position><LatitudeDegrees>60.067783</LatitudeDegrees><LongitudeDegrees>18.76092</LongitudeDegrees></Position><AltitudeMeters>1.66</AltitudeMeters><HeartRateBpm><Value>102</Value></HeartRateBpm></Trackpoint><Trackpoint><Time>2026-05-02T09:56:33.320Z</Time><Position><LatitudeDegrees>60.0678</LatitudeDegrees><LongitudeDegrees>18.760925</LongitudeDegrees></Position><AltitudeMeters>1.796</AltitudeMeters><HeartRateBpm><Value>102</Value></HeartRateBpm></Trackpoint><Trackpoint><Time>2026-05-02T09:56:34.328Z</Time><Position><LatitudeDegrees>60.067818</LatitudeDegrees><LongitudeDegrees>18.760931</LongitudeDegrees></Position><AltitudeMeters>1.634</AltitudeMeters><HeartRateBpm><Value>103</Value></HeartRateBpm></Trackpoint><Trackpoint><Time>2026-05-02T09:56:35.337Z</Time><Position><LatitudeDegrees>60.067833</LatitudeDegrees><LongitudeDegrees>18.760937</LongitudeDegrees></Position><AltitudeMeters>1.941</AltitudeMeters><HeartRateBpm><Value>104</Value></HeartRateBpm></Trackpoint><Trackpoint><Time>2026-05-02T09:56:36.346Z</Time><Position><LatitudeDegrees>60.06785</LatitudeDegrees><LongitudeDegrees>18.760942</LongitudeDegrees></Position><AltitudeMeters>2.4</AltitudeMeters><HeartRateBpm><Value>105</Value></HeartRateBpm></Trackpoint><Trackpoint><Time>2026-05-02T09:56:37.355Z</Time><Position><LatitudeDegrees>60.067863</LatitudeDegrees><LongitudeDegrees>18.760948</LongitudeDegrees></Position><AltitudeMeters>2.546</AltitudeMeters><HeartRateBpm><Value>105</Value></HeartRateBpm></Trackpoint><Trackpoint><Time>2026-05-02T09:56:38.364Z</Time><Position><LatitudeDegrees>60.06788</LatitudeDegrees><LongitudeDegrees>18.760952</LongitudeDegrees></Position><AltitudeMeters>2.555</AltitudeMeters><HeartRateBpm><Value>106</Value></HeartRateBpm></Trackpoint><Trackpoint><Time>2026-05-02T09:56:39.372Z</Time><Position><LatitudeDegrees>60.067894</LatitudeDegrees><LongitudeDegrees>18.760958</LongitudeDegrees></Position><AltitudeMeters>2.421</AltitudeMeters><HeartRateBpm><Value>107</Value></HeartRateBpm></Trackpoint><Trackpoint><Time>2026-05-02T09:56:40.379Z</Time><Position><LatitudeDegrees>60.06791</LatitudeDegrees><LongitudeDegrees>18.760963</LongitudeDegrees></Position><AltitudeMeters>2.446</AltitudeMeters><HeartRateBpm><Value>107</Value></HeartRateBpm></Trackpoint><Trackpoint><Time>2026-05-02T09:56:41.390Z</Time><Position><LatitudeDegrees>60.067924</LatitudeDegrees><LongitudeDegrees>18.760967</LongitudeDegrees></Position><AltitudeMeters>2.413</AltitudeMeters><HeartRateBpm><Value>108</Value></HeartRateBpm></Trackpoint><Trackpoint><Time>2026-05-02T09:56:42.397Z</Time><Position><LatitudeDegrees>60.06794</LatitudeDegrees><LongitudeDegrees>18.760973</LongitudeDegrees></Position><AltitudeMeters>2.298</AltitudeMeters><HeartRateBpm><Value>108</Value></HeartRateBpm></Trackpoint><Trackpoint><Time>2026-05-02T09:56:43.406Z</Time><Position><LatitudeDegrees>60.06795</LatitudeDegrees><LongitudeDegrees>18.760975</LongitudeDegrees></Position><AltitudeMeters>2.247</AltitudeMeters><HeartRateBpm><Value>108</Value></HeartRateBpm></Trackpoint><Trackpoint><Time>2026-05-02T09:56:44.413Z</Time><Position><LatitudeDegrees>60.067966</LatitudeDegrees><LongitudeDegrees>18.760979</LongitudeDegrees></Position><AltitudeMeters>2.223</AltitudeMeters><HeartRateBpm><Value>108</Value></HeartRateBpm></Trackpoint><Trackpoint><Time>2026-05-02T09:56:45.420Z</Time><Position><LatitudeDegrees>60.06798</LatitudeDegrees><LongitudeDegrees>18.76098</LongitudeDegrees></Position><AltitudeMeters>2.143</AltitudeMeters><HeartRateBpm><Value>108</Value></HeartRateBpm></Trackpoint><Trackpoint><Time>2026-05-02T09:56:46.427Z</Time><Position><LatitudeDegrees>60.067997</LatitudeDegrees><LongitudeDegrees>18.760983</LongitudeDegrees></Position><AltitudeMeters>2.219</AltitudeMeters><HeartRateBpm><Value>108</Value></HeartRateBpm></Trackpoint><Trackpoint><Time>2026-05-02T09:56:47.436Z</Time><Position><LatitudeDegrees>60.068012</LatitudeDegrees><LongitudeDegrees>18.760986</LongitudeDegrees></Position><AltitudeMeters>2.21</AltitudeMeters><HeartRateBpm><Value>109</Value></HeartRateBpm></Trackpoint><Trackpoint><Time>2026-05-02T09:56:48.445Z</Time><Position><LatitudeDegrees>60.068027</LatitudeDegrees><LongitudeDegrees>18.760988</LongitudeDegrees></Position><AltitudeMeters>1.964</AltitudeMeters><HeartRateBpm><Value>109</Value></HeartRateBpm></Trackpoint><Trackpoint><Time>2026-05-02T09:56:49.454Z</Time><Position><LatitudeDegrees>60.06804</LatitudeDegrees><LongitudeDegrees>18.76099</LongitudeDegrees></Position><AltitudeMeters>2.153</AltitudeMeters><HeartRateBpm><Value>110</Value></HeartRateBpm></Trackpoint><Trackpoint><Time>2026-05-02T09:56:50.462Z</Time><Position><LatitudeDegrees>60.068054</LatitudeDegrees><LongitudeDegrees>18.760994</LongitudeDegrees></Position><AltitudeMeters>2.039</AltitudeMeters><HeartRateBpm><Value>111</Value></HeartRateBpm></Trackpoint><Trackpoint><Time>2026-05-02T09:56:51.470Z</Time><Position><LatitudeDegrees>60.06807</LatitudeDegrees><LongitudeDegrees>18.760998</LongitudeDegrees></Position><AltitudeMeters>2.105</AltitudeMeters><HeartRateBpm><Value>111</Value></HeartRateBpm></Trackpoint><Trackpoint><Time>2026-05-02T09:56:52.477Z</Time><Position><LatitudeDegrees>60.06808</LatitudeDegrees><LongitudeDegrees>18.761002</LongitudeDegrees></Position><AltitudeMeters>1.876</AltitudeMeters><HeartRateBpm><Value>110</Value></HeartRateBpm></Trackpoint><Trackpoint><Time>2026-05-02T09:56:53.485Z</Time><Position><LatitudeDegrees>60.068096</LatitudeDegrees><LongitudeDegrees>18.761005</LongitudeDegrees></Position><AltitudeMeters>1.5</AltitudeMeters><HeartRateBpm><Value>110</Value></HeartRateBpm></Trackpoint><Trackpoint><Time>2026-05-02T09:56:54.494Z</Time><Position><LatitudeDegrees>60.068108</LatitudeDegrees><LongitudeDegrees>18.761005</LongitudeDegrees></Position><AltitudeMeters>1.427</AltitudeMeters><HeartRateBpm><Value>110</Value></HeartRateBpm></Trackpoint><Trackpoint><Time>2026-05-02T09:56:55.503Z</Time><Position><LatitudeDegrees>60.068123</LatitudeDegrees><LongitudeDegrees>18.760996</LongitudeDegrees></Position><AltitudeMeters>1.19</AltitudeMeters><HeartRateBpm><Value>110</Value></HeartRateBpm></Trackpoint><Trackpoint><Time>2026-05-02T09:56:56.511Z</Time><Position><LatitudeDegrees>60.06814</LatitudeDegrees><LongitudeDegrees>18.760986</LongitudeDegrees></Position><AltitudeMeters>1.451</AltitudeMeters><HeartRateBpm><Value>110</Value></HeartRateBpm></Trackpoint><Trackpoint><Time>2026-05-02T09:56:57.517Z</Time><Position><LatitudeDegrees>60.068153</LatitudeDegrees><LongitudeDegrees>18.76097</LongitudeDegrees></Position><AltitudeMeters>1.671</AltitudeMeters><HeartRateBpm><Value>111</Value></HeartRateBpm></Trackpoint><Trackpoint><Time>2026-05-02T09:56:58.526Z</Time><Position><LatitudeDegrees>60.068165</LatitudeDegrees><LongitudeDegrees>18.760952</LongitudeDegrees></Position><AltitudeMeters>1.23</AltitudeMeters><HeartRateBpm><Value>111</Value></HeartRateBpm></Trackpoint><Trackpoint><Time>2026-05-02T09:56:59.534Z</Time><Position><LatitudeDegrees>60.068176</LatitudeDegrees><LongitudeDegrees>18.76093</LongitudeDegrees></Position><AltitudeMeters>0.706</AltitudeMeters><HeartRateBpm><Value>112</Value></HeartRateBpm></Trackpoint><Trackpoint><Time>2026-05-02T09:57:00.544Z</Time><Position><LatitudeDegrees>60.068184</LatitudeDegrees><LongitudeDegrees>18.760904</LongitudeDegrees></Position><AltitudeMeters>0.693</AltitudeMeters><HeartRateBpm><Value>112</Value></HeartRateBpm></Trackpoint><Trackpoint><Time>2026-05-02T09:57:01.554Z</Time><Position><LatitudeDegrees>60.06819</LatitudeDegrees><LongitudeDegrees>18.760878</LongitudeDegrees></Position><AltitudeMeters>0.805</AltitudeMeters><HeartRateBpm><Value>112</Value></HeartRateBpm></Trackpoint><Trackpoint><Time>2026-05-02T09:57:02.563Z</Time><Position><LatitudeDegrees>60.0682</LatitudeDegrees><LongitudeDegrees>18.76085</LongitudeDegrees></Position><AltitudeMeters>0.603</AltitudeMeters><HeartRateBpm><Value>111</Value></HeartRateBpm></Trackpoint><Trackpoint><Time>2026-05-02T09:57:03.569Z</Time><Position><LatitudeDegrees>60.068203</LatitudeDegrees><LongitudeDegrees>18.760824</LongitudeDegrees></Position><AltitudeMeters>0.82</AltitudeMeters><HeartRateBpm><Value>110</Value></HeartRateBpm></Trackpoint><Trackpoint><Time>2026-05-02T09:57:04.577Z</Time><Position><LatitudeDegrees>60.06821</LatitudeDegrees><LongitudeDegrees>18.760796</LongitudeDegrees></Position><AltitudeMeters>1.367</AltitudeMeters><HeartRateBpm><Value>110</Value></HeartRateBpm></Trackpoint><Trackpoint><Time>2026-05-02T09:57:05.584Z</Time><Position><LatitudeDegrees>60.06822</LatitudeDegrees><LongitudeDegrees>18.760767</LongitudeDegrees></Position><AltitudeMeters>1.641</AltitudeMeters><HeartRateBpm><Value>110</Value></HeartRateBpm></Trackpoint><Trackpoint><Time>2026-05-02T09:57:06.593Z</Time><Position><LatitudeDegrees>60.068222</LatitudeDegrees><LongitudeDegrees>18.760733</LongitudeDegrees></Position><AltitudeMeters>1.335</AltitudeMeters><HeartRateBpm><Value>109</Value></HeartRateBpm></Trackpoint><Trackpoint><Time>2026-05-02T09:57:07.600Z</Time><Position><LatitudeDegrees>60.068226</LatitudeDegrees><LongitudeDegrees>18.760696</LongitudeDegrees></Position><AltitudeMeters>1.292</AltitudeMeters><HeartRateBpm><Value>109</Value></HeartRateBpm></Trackpoint><Trackpoint><Time>2026-05-02T09:57:08.608Z</Time><Position><LatitudeDegrees>60.068233</LatitudeDegrees><LongitudeDegrees>18.760662</LongitudeDegrees></Position><AltitudeMeters>1.404</AltitudeMeters><HeartRateBpm><Value>108</Value></HeartRateBpm></Trackpoint><Trackpoint><Time>2026-05-02T09:57:09.617Z</Time><Position><LatitudeDegrees>60.068237</LatitudeDegrees><LongitudeDegrees>18.760628</LongitudeDegrees></Position><AltitudeMeters>1.484</AltitudeMeters><HeartRateBpm><Value>108</Value></HeartRateBpm></Trackpoint><Trackpoint><Time>2026-05-02T09:57:10.626Z</Time><Position><LatitudeDegrees>60.06824</LatitudeDegrees><LongitudeDegrees>18.760597</LongitudeDegrees></Position><AltitudeMeters>1.629</AltitudeMeters><HeartRateBpm><Value>107</Value></HeartRateBpm></Trackpoint><Trackpoint><Time>2026-05-02T09:57:11.635Z</Time><Position><LatitudeDegrees>60.06825</LatitudeDegrees><LongitudeDegrees>18.760565</LongitudeDegrees></Position><AltitudeMeters>1.825</AltitudeMeters><HeartRateBpm><Value>106</Value></HeartRateBpm></Trackpoint><Trackpoint><Time>2026-05-02T09:57:12.641Z</Time><Position><LatitudeDegrees>60.068253</LatitudeDegrees><LongitudeDegrees>18.760532</LongitudeDegrees></Position><AltitudeMeters>1.951</AltitudeMeters><HeartRateBpm><Value>106</Value></HeartRateBpm></Trackpoint><Trackpoint><Time>2026-05-02T09:57:13.648Z</Time><Position><LatitudeDegrees>60.068256</LatitudeDegrees><LongitudeDegrees>18.760506</LongitudeDegrees></Position><AltitudeMeters>2.014</AltitudeMeters><HeartRateBpm><Value>105</Value></HeartRateBpm></Trackpoint><Trackpoint><Time>2026-05-02T09:57:14.657Z</Time><Position><LatitudeDegrees>60.068264</LatitudeDegrees><LongitudeDegrees>18.760479</LongitudeDegrees></Position><AltitudeMeters>2.099</AltitudeMeters><HeartRateBpm><Value>105</Value></HeartRateBpm></Trackpoint><Trackpoint><Time>2026-05-02T09:57:15.666Z</Time><Position><LatitudeDegrees>60.068268</LatitudeDegrees><LongitudeDegrees>18.760456</LongitudeDegrees></Position><AltitudeMeters>2.21</AltitudeMeters><HeartRateBpm><Value>105</Value></HeartRateBpm></Trackpoint><Trackpoint><Time>2026-05-02T09:57:16.668Z</Time><Position><LatitudeDegrees>60.068268</LatitudeDegrees><LongitudeDegrees>18.760433</LongitudeDegrees></Position><AltitudeMeters>2.122</AltitudeMeters><HeartRateBpm><Value>105</Value></HeartRateBpm></Trackpoint><Trackpoint><Time>2026-05-02T09:57:17.672Z</Time><Position><LatitudeDegrees>60.06827</LatitudeDegrees><LongitudeDegrees>18.76041</LongitudeDegrees></Position><AltitudeMeters>2.236</AltitudeMeters><HeartRateBpm><Value>105</Value></HeartRateBpm></Trackpoint><Trackpoint><Time>2026-05-02T09:57:18.679Z</Time><Position><LatitudeDegrees>60.068275</LatitudeDegrees><LongitudeDegrees>18.760386</LongitudeDegrees></Position><AltitudeMeters>2.136</AltitudeMeters><HeartRateBpm><Value>104</Value></HeartRateBpm></Trackpoint><Trackpoint><Time>2026-05-02T09:57:19.687Z</Time><Position><LatitudeDegrees>60.068275</LatitudeDegrees><LongitudeDegrees>18.760363</LongitudeDegrees></Position><AltitudeMeters>2.408</AltitudeMeters><HeartRateBpm><Value>103</Value></HeartRateBpm></Trackpoint><Trackpoint><Time>2026-05-02T09:57:20.696Z</Time><Position><LatitudeDegrees>60.06828</LatitudeDegrees><LongitudeDegrees>18.760338</LongitudeDegrees></Position><AltitudeMeters>2.816</AltitudeMeters><HeartRateBpm><Value>103</Value></HeartRateBpm></Trackpoint><Trackpoint><Time>2026-05-02T09:57:21.706Z</Time><Position><LatitudeDegrees>60.06828</LatitudeDegrees><LongitudeDegrees>18.760313</LongitudeDegrees></Position><AltitudeMeters>3.297</AltitudeMeters><HeartRateBpm><Value>102</Value></HeartRateBpm></Trackpoint><Trackpoint><Time>2026-05-02T09:57:22.715Z</Time><Position><LatitudeDegrees>60.06828</LatitudeDegrees><LongitudeDegrees>18.760286</LongitudeDegrees></Position><AltitudeMeters>2.907</AltitudeMeters><HeartRateBpm><Value>102</Value></HeartRateBpm></Trackpoint><Trackpoint><Time>2026-05-02T09:57:23.722Z</Time><Position><LatitudeDegrees>60.068283</LatitudeDegrees><LongitudeDegrees>18.760256</LongitudeDegrees></Position><AltitudeMeters>2.479</AltitudeMeters><HeartRateBpm><Value>103</Value></HeartRateBpm></Trackpoint><Trackpoint><Time>2026-05-02T09:57:24.731Z</Time><Position><LatitudeDegrees>60.068283</LatitudeDegrees><LongitudeDegrees>18.760227</LongitudeDegrees></Position><AltitudeMeters>2.341</AltitudeMeters><HeartRateBpm><Value>103</Value></HeartRateBpm></Trackpoint><Trackpoint><Time>2026-05-02T09:57:25.735Z</Time><Position><LatitudeDegrees>60.068287</LatitudeDegrees><LongitudeDegrees>18.760202</LongitudeDegrees></Position><AltitudeMeters>2.405</AltitudeMeters><HeartRateBpm><Value>104</Value></HeartRateBpm></Trackpoint><Trackpoint><Time>2026-05-02T09:57:26.735Z</Time><Position><LatitudeDegrees>60.0683</LatitudeDegrees><LongitudeDegrees>18.760185</LongitudeDegrees></Position><AltitudeMeters>2.592</AltitudeMeters><HeartRateBpm><Value>104</Value></HeartRateBpm></Trackpoint><Trackpoint><Time>2026-05-02T09:57:27.736Z</Time><Position><LatitudeDegrees>60.068314</LatitudeDegrees><LongitudeDegrees>18.76017</LongitudeDegrees></Position><AltitudeMeters>2.909</AltitudeMeters><HeartRateBpm><Value>104</Value></HeartRateBpm></Trackpoint><Trackpoint><Time>2026-05-02T09:57:28.744Z</Time><Position><LatitudeDegrees>60.068325</LatitudeDegrees><LongitudeDegrees>18.760149</LongitudeDegrees></Position><AltitudeMeters>3.693</AltitudeMeters><HeartRateBpm><Value>105</Value></HeartRateBpm></Trackpoint><Trackpoint><Time>2026-05-02T09:57:29.752Z</Time><Position><LatitudeDegrees>60.06833</LatitudeDegrees><LongitudeDegrees>18.76013</LongitudeDegrees></Position><AltitudeMeters>3.821</AltitudeMeters><HeartRateBpm><Value>106</Value></HeartRateBpm></Trackpoint><Trackpoint><Time>2026-05-02T09:57:30.760Z</Time><Position><LatitudeDegrees>60.068336</LatitudeDegrees><LongitudeDegrees>18.760107</LongitudeDegrees></Position><AltitudeMeters>3.79</AltitudeMeters><HeartRateBpm><Value>106</Value></HeartRateBpm></Trackpoint><Trackpoint><Time>2026-05-02T09:57:31.769Z</Time><Position><LatitudeDegrees>60.068344</LatitudeDegrees><LongitudeDegrees>18.760094</LongitudeDegrees></Position><AltitudeMeters>3.714</AltitudeMeters><HeartRateBpm><Value>106</Value></HeartRateBpm></Trackpoint><Trackpoint><Time>2026-05-02T09:57:32.776Z</Time><Position><LatitudeDegrees>60.068344</LatitudeDegrees><LongitudeDegrees>18.760094</LongitudeDegrees></Position><AltitudeMeters>3.646</AltitudeMeters><HeartRateBpm><Value>107</Value></HeartRateBpm></Trackpoint><Trackpoint><Time>2026-05-02T09:57:33.783Z</Time><Position><LatitudeDegrees>60.06834</LatitudeDegrees><LongitudeDegrees>18.760113</LongitudeDegrees></Position><AltitudeMeters>3.651</AltitudeMeters><HeartRateBpm><Value>107</Value></HeartRateBpm></Trackpoint><Trackpoint><Time>2026-05-02T09:57:34.790Z</Time><Position><LatitudeDegrees>60.068336</LatitudeDegrees><LongitudeDegrees>18.760149</LongitudeDegrees></Position><AltitudeMeters>3.712</AltitudeMeters><HeartRateBpm><Value>106</Value></HeartRateBpm></Trackpoint><Trackpoint><Time>2026-05-02T09:57:35.798Z</Time><Position><LatitudeDegrees>60.06833</LatitudeDegrees><LongitudeDegrees>18.760202</LongitudeDegrees></Position><AltitudeMeters>3.753</AltitudeMeters><HeartRateBpm><Value>104</Value></HeartRateBpm></Trackpoint><Trackpoint><Time>2026-05-02T09:58:15.476Z</Time><Position><LatitudeDegrees>60.06833</LatitudeDegrees><LongitudeDegrees>18.760216</LongitudeDegrees></Position><AltitudeMeters>5.409</AltitudeMeters><HeartRateBpm><Value>108</Value></HeartRateBpm></Trackpoint><Trackpoint><Time>2026-05-02T09:58:16.476Z</Time><Position><LatitudeDegrees>60.06833</LatitudeDegrees><LongitudeDegrees>18.760208</LongitudeDegrees></Position><AltitudeMeters>5.578</AltitudeMeters><HeartRateBpm><Value>108</Value></HeartRateBpm></Trackpoint><Trackpoint><Time>2026-05-02T09:58:17.476Z</Time><Position><LatitudeDegrees>60.068333</LatitudeDegrees><LongitudeDegrees>18.760202</LongitudeDegrees></Position><AltitudeMeters>5.532</AltitudeMeters><HeartRateBpm><Value>108</Value></HeartRateBpm></Trackpoint><Trackpoint><Time>2026-05-02T09:58:18.481Z</Time><Position><LatitudeDegrees>60.068336</LatitudeDegrees><LongitudeDegrees>18.760199</LongitudeDegrees></Position><AltitudeMeters>5.421</AltitudeMeters><HeartRateBpm><Value>109</Value></HeartRateBpm></Trackpoint><Trackpoint><Time>2026-05-02T09:58:19.490Z</Time><Position><LatitudeDegrees>60.068336</LatitudeDegrees><LongitudeDegrees>18.760199</LongitudeDegrees></Position><AltitudeMeters>5.336</AltitudeMeters><HeartRateBpm><Value>110</Value></HeartRateBpm></Trackpoint><Trackpoint><Time>2026-05-02T09:58:20.499Z</Time><Position><LatitudeDegrees>60.06834</LatitudeDegrees><LongitudeDegrees>18.760202</LongitudeDegrees></Position><AltitudeMeters>5.231</AltitudeMeters><HeartRateBpm><Value>111</Value></HeartRateBpm></Trackpoint><Trackpoint><Time>2026-05-02T09:58:21.507Z</Time><Position><LatitudeDegrees>60.06834</LatitudeDegrees><LongitudeDegrees>18.760212</LongitudeDegrees></Position><AltitudeMeters>5.181</AltitudeMeters><HeartRateBpm><Value>111</Value></HeartRateBpm></Trackpoint><Trackpoint><Time>2026-05-02T09:58:22.516Z</Time><Position><LatitudeDegrees>60.06834</LatitudeDegrees><LongitudeDegrees>18.760225</LongitudeDegrees></Position><AltitudeMeters>5.257</AltitudeMeters><HeartRateBpm><Value>110</Value></HeartRateBpm></Trackpoint><Trackpoint><Time>2026-05-02T09:58:23.526Z</Time><Position><LatitudeDegrees>60.06834</LatitudeDegrees><LongitudeDegrees>18.760242</LongitudeDegrees></Position><AltitudeMeters>5.439</AltitudeMeters><HeartRateBpm><Value>109</Value></HeartRateBpm></Trackpoint><Trackpoint><Time>2026-05-02T09:58:24.534Z</Time><Position><LatitudeDegrees>60.068336</LatitudeDegrees><LongitudeDegrees>18.760267</LongitudeDegrees></Position><AltitudeMeters>5.484</AltitudeMeters><HeartRateBpm><Value>109</Value></HeartRateBpm></Trackpoint><Trackpoint><Time>2026-05-02T09:58:25.542Z</Time><Position><LatitudeDegrees>60.06833</LatitudeDegrees><LongitudeDegrees>18.760298</LongitudeDegrees></Position><AltitudeMeters>5.444</AltitudeMeters><HeartRateBpm><Value>109</Value></HeartRateBpm></Trackpoint><Trackpoint><Time>2026-05-02T09:58:26.550Z</Time><Position><LatitudeDegrees>60.068314</LatitudeDegrees><LongitudeDegrees>18.760351</LongitudeDegrees></Position><AltitudeMeters>5.328</AltitudeMeters><HeartRateBpm><Value>109</Value></HeartRateBpm></Trackpoint><Trackpoint><Time>2026-05-02T09:58:27.561Z</Time><Position><LatitudeDegrees>60.068302</LatitudeDegrees><LongitudeDegrees>18.760433</LongitudeDegrees></Position><AltitudeMeters>5.256</AltitudeMeters><HeartRateBpm><Value>110</Value></HeartRateBpm></Trackpoint><Trackpoint><Time>2026-05-02T09:58:28.569Z</Time><Position><LatitudeDegrees>60.068283</LatitudeDegrees><LongitudeDegrees>18.760517</LongitudeDegrees></Position><AltitudeMeters>5.13</AltitudeMeters><HeartRateBpm><Value>110</Value></HeartRateBpm></Trackpoint><Trackpoint><Time>2026-05-02T09:58:29.578Z</Time><Position><LatitudeDegrees>60.068283</LatitudeDegrees><LongitudeDegrees>18.760601</LongitudeDegrees></Position><AltitudeMeters>5.151</AltitudeMeters><HeartRateBpm><Value>110</Value></HeartRateBpm></Trackpoint><Trackpoint><Time>2026-05-02T09:58:30.587Z</Time><Position><LatitudeDegrees>60.06827</LatitudeDegrees><LongitudeDegrees>18.760704</LongitudeDegrees></Position><AltitudeMeters>5.172</AltitudeMeters><HeartRateBpm><Value>111</Value></HeartRateBpm></Trackpoint><Trackpoint><Time>2026-05-02T09:58:31.596Z</Time><Position><LatitudeDegrees>60.06827</LatitudeDegrees><LongitudeDegrees>18.760767</LongitudeDegrees></Position><AltitudeMeters>5.227</AltitudeMeters><HeartRateBpm><Value>112</Value></HeartRateBpm></Trackpoint><Trackpoint><Time>2026-05-02T09:58:32.605Z</Time><Position><LatitudeDegrees>60.068275</LatitudeDegrees><LongitudeDegrees>18.76082</LongitudeDegrees></Position><AltitudeMeters>5.261</AltitudeMeters><HeartRateBpm><Value>112</Value></HeartRateBpm></Trackpoint><Trackpoint><Time>2026-05-02T09:58:33.614Z</Time><Position><LatitudeDegrees>60.068275</LatitudeDegrees><LongitudeDegrees>18.760895</LongitudeDegrees></Position><AltitudeMeters>5.322</AltitudeMeters><HeartRateBpm><Value>112</Value></HeartRateBpm></Trackpoint><Trackpoint><Time>2026-05-02T09:58:34.621Z</Time><Position><LatitudeDegrees>60.06827</LatitudeDegrees><LongitudeDegrees>18.760986</LongitudeDegrees></Position><AltitudeMeters>5.475</AltitudeMeters><HeartRateBpm><Value>112</Value></HeartRateBpm></Trackpoint><Trackpoint><Time>2026-05-02T09:58:35.630Z</Time><Position><LatitudeDegrees>60.068275</LatitudeDegrees><LongitudeDegrees>18.76103</LongitudeDegrees></Position><AltitudeMeters>5.536</AltitudeMeters><HeartRateBpm><Value>112</Value></HeartRateBpm></Trackpoint><Trackpoint><Time>2026-05-02T09:58:36.639Z</Time><Position><LatitudeDegrees>60.06828</LatitudeDegrees><LongitudeDegrees>18.761093</LongitudeDegrees></Position><AltitudeMeters>5.58</AltitudeMeters><HeartRateBpm><Value>112</Value></HeartRateBpm></Trackpoint><Trackpoint><Time>2026-05-02T09:58:37.647Z</Time><Position><LatitudeDegrees>60.068275</LatitudeDegrees><LongitudeDegrees>18.761137</LongitudeDegrees></Position><AltitudeMeters>5.64</AltitudeMeters><HeartRateBpm><Value>111</Value></HeartRateBpm></Trackpoint><Trackpoint><Time>2026-05-02T09:58:38.657Z</Time><Position><LatitudeDegrees>60.068275</LatitudeDegrees><LongitudeDegrees>18.761154</LongitudeDegrees></Position><AltitudeMeters>5.71</AltitudeMeters><HeartRateBpm><Value>111</Value></HeartRateBpm></Trackpoint><Trackpoint><Time>2026-05-02T09:58:39.666Z</Time><Position><LatitudeDegrees>60.068275</LatitudeDegrees><LongitudeDegrees>18.761145</LongitudeDegrees></Position><AltitudeMeters>5.783</AltitudeMeters><HeartRateBpm><Value>110</Value></HeartRateBpm></Trackpoint><Trackpoint><Time>2026-05-02T09:58:40.674Z</Time><Position><LatitudeDegrees>60.068275</LatitudeDegrees><LongitudeDegrees>18.761114</LongitudeDegrees></Position><AltitudeMeters>5.981</AltitudeMeters><HeartRateBpm><Value>110</Value></HeartRateBpm></Trackpoint><Trackpoint><Time>2026-05-02T09:58:41.684Z</Time><Position><LatitudeDegrees>60.068275</LatitudeDegrees><LongitudeDegrees>18.761164</LongitudeDegrees></Position><AltitudeMeters>6.086</AltitudeMeters><HeartRateBpm><Value>109</Value></HeartRateBpm></Trackpoint><Trackpoint><Time>2026-05-02T09:58:42.691Z</Time><Position><LatitudeDegrees>60.068275</LatitudeDegrees><LongitudeDegrees>18.761206</LongitudeDegrees></Position><AltitudeMeters>6.156</AltitudeMeters><HeartRateBpm><Value>109</Value></HeartRateBpm></Trackpoint><Trackpoint><Time>2026-05-02T09:58:43.700Z</Time><Position><LatitudeDegrees>60.06828</LatitudeDegrees><LongitudeDegrees>18.76124</LongitudeDegrees></Position><AltitudeMeters>6.112</AltitudeMeters><HeartRateBpm><Value>108</Value></HeartRateBpm></Trackpoint><Trackpoint><Time>2026-05-02T09:58:44.708Z</Time><Position><LatitudeDegrees>60.068283</LatitudeDegrees><LongitudeDegrees>18.761261</LongitudeDegrees></Position><AltitudeMeters>5.886</AltitudeMeters><HeartRateBpm><Value>108</Value></HeartRateBpm></Trackpoint><Trackpoint><Time>2026-05-02T09:58:45.718Z</Time><Position><LatitudeDegrees>60.068283</LatitudeDegrees><LongitudeDegrees>18.76127</LongitudeDegrees></Position><AltitudeMeters>5.486</AltitudeMeters><HeartRateBpm><Value>107</Value></HeartRateBpm></Trackpoint><Trackpoint><Time>2026-05-02T09:58:46.727Z</Time><Position><LatitudeDegrees>60.068283</LatitudeDegrees><LongitudeDegrees>18.761272</LongitudeDegrees></Position><AltitudeMeters>5.231</AltitudeMeters><HeartRateBpm><Value>106</Value></HeartRateBpm></Trackpoint><Trackpoint><Time>2026-05-02T09:58:47.735Z</Time><Position><LatitudeDegrees>60.06828</LatitudeDegrees><LongitudeDegrees>18.761272</LongitudeDegrees></Position><AltitudeMeters>5.105</AltitudeMeters><HeartRateBpm><Value>104</Value></HeartRateBpm></Trackpoint><Trackpoint><Time>2026-05-02T09:58:48.744Z</Time><Position><LatitudeDegrees>60.068275</LatitudeDegrees><LongitudeDegrees>18.761269</LongitudeDegrees></Position><AltitudeMeters>4.99</AltitudeMeters><HeartRateBpm><Value>103</Value></HeartRateBpm></Trackpoint><Trackpoint><Time>2026-05-02T09:58:49.752Z</Time><Position><LatitudeDegrees>60.06827</LatitudeDegrees><LongitudeDegrees>18.761242</LongitudeDegrees></Position><AltitudeMeters>4.883</AltitudeMeters><HeartRateBpm><Value>102</Value></HeartRateBpm></Trackpoint><Trackpoint><Time>2026-05-02T09:58:50.760Z</Time><Position><LatitudeDegrees>60.06828</LatitudeDegrees><LongitudeDegrees>18.761112</LongitudeDegrees></Position><AltitudeMeters>4.742</AltitudeMeters><HeartRateBpm><Value>103</Value></HeartRateBpm></Trackpoint><Trackpoint><Time>2026-05-02T09:58:51.769Z</Time><Position><LatitudeDegrees>60.068287</LatitudeDegrees><LongitudeDegrees>18.761007</LongitudeDegrees></Position><AltitudeMeters>4.758</AltitudeMeters><HeartRateBpm><Value>105</Value></HeartRateBpm></Trackpoint><Trackpoint><Time>2026-05-02T09:58:52.779Z</Time><Position><LatitudeDegrees>60.068295</LatitudeDegrees><LongitudeDegrees>18.760956</LongitudeDegrees></Position><AltitudeMeters>4.672</AltitudeMeters><HeartRateBpm><Value>105</Value></HeartRateBpm></Trackpoint><Trackpoint><Time>2026-05-02T09:58:53.788Z</Time><Position><LatitudeDegrees>60.0683</LatitudeDegrees><LongitudeDegrees>18.760918</LongitudeDegrees></Position><AltitudeMeters>4.533</AltitudeMeters><HeartRateBpm><Value>106</Value></HeartRateBpm></Trackpoint><Trackpoint><Time>2026-05-02T09:58:54.797Z</Time><Position><LatitudeDegrees>60.068306</LatitudeDegrees><LongitudeDegrees>18.760893</LongitudeDegrees></Position><AltitudeMeters>4.425</AltitudeMeters><HeartRateBpm><Value>106</Value></HeartRateBpm></Trackpoint><Trackpoint><Time>2026-05-02T09:58:55.806Z</Time><Position><LatitudeDegrees>60.068314</LatitudeDegrees><LongitudeDegrees>18.760876</LongitudeDegrees></Position><AltitudeMeters>4.428</AltitudeMeters><HeartRateBpm><Value>106</Value></HeartRateBpm></Trackpoint><Trackpoint><Time>2026-05-02T09:58:56.815Z</Time><Position><LatitudeDegrees>60.06832</LatitudeDegrees><LongitudeDegrees>18.760866</LongitudeDegrees></Position><AltitudeMeters>4.587</AltitudeMeters><HeartRateBpm><Value>106</Value></HeartRateBpm></Trackpoint><Trackpoint><Time>2026-05-02T09:58:57.824Z</Time><Position><LatitudeDegrees>60.068336</LatitudeDegrees><LongitudeDegrees>18.76086</LongitudeDegrees></Position><AltitudeMeters>4.623</AltitudeMeters><HeartRateBpm><Value>106</Value></HeartRateBpm></Trackpoint><Trackpoint><Time>2026-05-02T09:58:58.825Z</Time><Position><LatitudeDegrees>60.068348</LatitudeDegrees><LongitudeDegrees>18.760857</LongitudeDegrees></Position><AltitudeMeters>4.557</AltitudeMeters><HeartRateBpm><Value>107</Value></HeartRateBpm></Trackpoint><Trackpoint><Time>2026-05-02T09:58:59.827Z</Time><Position><LatitudeDegrees>60.06836</LatitudeDegrees><LongitudeDegrees>18.760853</LongitudeDegrees></Position><AltitudeMeters>4.477</AltitudeMeters><HeartRateBpm><Value>108</Value></HeartRateBpm></Trackpoint><Trackpoint><Time>2026-05-02T09:59:06.122Z</Time><Position><LatitudeDegrees>60.068367</LatitudeDegrees><LongitudeDegrees>18.760817</LongitudeDegrees></Position><AltitudeMeters>3.814</AltitudeMeters><HeartRateBpm><Value>111</Value></HeartRateBpm></Trackpoint><Trackpoint><Time>2026-05-02T09:59:07.121Z</Time><Position><LatitudeDegrees>60.06837</LatitudeDegrees><LongitudeDegrees>18.760769</LongitudeDegrees></Position><AltitudeMeters>3.876</AltitudeMeters><HeartRateBpm><Value>110</Value></HeartRateBpm></Trackpoint><Trackpoint><Time>2026-05-02T09:59:08.123Z</Time><Position><LatitudeDegrees>60.068382</LatitudeDegrees><LongitudeDegrees>18.760723</LongitudeDegrees></Position><AltitudeMeters>3.95</AltitudeMeters><HeartRateBpm><Value>110</Value></HeartRateBpm></Trackpoint><Trackpoint><Time>2026-05-02T09:59:09.128Z</Time><Position><LatitudeDegrees>60.068394</LatitudeDegrees><LongitudeDegrees>18.760693</LongitudeDegrees></Position><AltitudeMeters>4.02</AltitudeMeters><HeartRateBpm><Value>109</Value></HeartRateBpm></Trackpoint><Trackpoint><Time>2026-05-02T09:59:10.138Z</Time><Position><LatitudeDegrees>60.068405</LatitudeDegrees><LongitudeDegrees>18.760687</LongitudeDegrees></Position><AltitudeMeters>4.137</AltitudeMeters><HeartRateBpm><Value>110</Value></HeartRateBpm></Trackpoint><Trackpoint><Time>2026-05-02T09:59:11.147Z</Time><Position><LatitudeDegrees>60.068417</LatitudeDegrees><LongitudeDegrees>18.760714</LongitudeDegrees></Position><AltitudeMeters>4.489</AltitudeMeters><HeartRateBpm><Value>110</Value></HeartRateBpm></Trackpoint><Trackpoint><Time>2026-05-02T09:59:12.155Z</Time><Position><LatitudeDegrees>60.068428</LatitudeDegrees><LongitudeDegrees>18.760727</LongitudeDegrees></Position><AltitudeMeters>4.896</AltitudeMeters><HeartRateBpm><Value>111</Value></HeartRateBpm></Trackpoint><Trackpoint><Time>2026-05-02T09:59:13.164Z</Time><Position><LatitudeDegrees>60.06844</LatitudeDegrees><LongitudeDegrees>18.760746</LongitudeDegrees></Position><AltitudeMeters>5.047</AltitudeMeters><HeartRateBpm><Value>111</Value></HeartRateBpm></Trackpoint><Trackpoint><Time>2026-05-02T09:59:14.174Z</Time><Position><LatitudeDegrees>60.06845</LatitudeDegrees><LongitudeDegrees>18.760778</LongitudeDegrees></Position><AltitudeMeters>5.208</AltitudeMeters><HeartRateBpm><Value>112</Value></HeartRateBpm></Trackpoint><Trackpoint><Time>2026-05-02T09:59:15.181Z</Time><Position><LatitudeDegrees>60.06846</LatitudeDegrees><LongitudeDegrees>18.760778</LongitudeDegrees></Position><AltitudeMeters>5.436</AltitudeMeters><HeartRateBpm><Value>112</Value></HeartRateBpm></Trackpoint><Trackpoint><Time>2026-05-02T09:59:16.189Z</Time><Position><LatitudeDegrees>60.068462</LatitudeDegrees><LongitudeDegrees>18.760773</LongitudeDegrees></Position><AltitudeMeters>5.495</AltitudeMeters><HeartRateBpm><Value>113</Value></HeartRateBpm></Trackpoint><Trackpoint><Time>2026-05-02T09:59:17.199Z</Time><Position><LatitudeDegrees>60.068462</LatitudeDegrees><LongitudeDegrees>18.76076</LongitudeDegrees></Position><AltitudeMeters>5.47</AltitudeMeters><HeartRateBpm><Value>114</Value></HeartRateBpm></Trackpoint><Trackpoint><Time>2026-05-02T09:59:18.208Z</Time><Position><LatitudeDegrees>60.068462</LatitudeDegrees><LongitudeDegrees>18.760746</LongitudeDegrees></Position><AltitudeMeters>5.439</AltitudeMeters><HeartRateBpm><Value>116</Value></HeartRateBpm></Trackpoint><Trackpoint><Time>2026-05-02T09:59:19.217Z</Time><Position><LatitudeDegrees>60.068462</LatitudeDegrees><LongitudeDegrees>18.760729</LongitudeDegrees></Position><AltitudeMeters>5.352</AltitudeMeters><HeartRateBpm><Value>116</Value></HeartRateBpm></Trackpoint><Trackpoint><Time>2026-05-02T09:59:20.227Z</Time><Position><LatitudeDegrees>60.068462</LatitudeDegrees><LongitudeDegrees>18.760714</LongitudeDegrees></Position><AltitudeMeters>5.278</AltitudeMeters><HeartRateBpm><Value>116</Value></HeartRateBpm></Trackpoint><Trackpoint><Time>2026-05-02T09:59:21.235Z</Time><Position><LatitudeDegrees>60.068462</LatitudeDegrees><LongitudeDegrees>18.760702</LongitudeDegrees></Position><AltitudeMeters>5.185</AltitudeMeters><HeartRateBpm><Value>118</Value></HeartRateBpm></Trackpoint><Trackpoint><Time>2026-05-02T09:59:22.244Z</Time><Position><LatitudeDegrees>60.068462</LatitudeDegrees><LongitudeDegrees>18.760693</LongitudeDegrees></Position><AltitudeMeters>5.124</AltitudeMeters><HeartRateBpm><Value>119</Value></HeartRateBpm></Trackpoint><Trackpoint><Time>2026-05-02T09:59:23.253Z</Time><Position><LatitudeDegrees>60.068462</LatitudeDegrees><LongitudeDegrees>18.760685</LongitudeDegrees></Position><AltitudeMeters>4.957</AltitudeMeters><HeartRateBpm><Value>119</Value></HeartRateBpm></Trackpoint><Trackpoint><Time>2026-05-02T09:59:24.260Z</Time><Position><LatitudeDegrees>60.06847</LatitudeDegrees><LongitudeDegrees>18.760695</LongitudeDegrees></Position><AltitudeMeters>4.921</AltitudeMeters><HeartRateBpm><Value>120</Value></HeartRateBpm></Trackpoint><Trackpoint><Time>2026-05-02T09:59:25.268Z</Time><Position><LatitudeDegrees>60.068474</LatitudeDegrees><LongitudeDegrees>18.760687</LongitudeDegrees></Position><AltitudeMeters>4.795</AltitudeMeters><HeartRateBpm><Value>120</Value></HeartRateBpm></Trackpoint><Trackpoint><Time>2026-05-02T09:59:26.278Z</Time><Position><LatitudeDegrees>60.06848</LatitudeDegrees><LongitudeDegrees>18.760681</LongitudeDegrees></Position><AltitudeMeters>4.559</AltitudeMeters><HeartRateBpm><Value>120</Value></HeartRateBpm></Trackpoint><Trackpoint><Time>2026-05-02T09:59:27.287Z</Time><Position><LatitudeDegrees>60.068485</LatitudeDegrees><LongitudeDegrees>18.760672</LongitudeDegrees></Position><AltitudeMeters>4.508</AltitudeMeters><HeartRateBpm><Value>121</Value></HeartRateBpm></Trackpoint><Trackpoint><Time>2026-05-02T09:59:28.290Z</Time><Position><LatitudeDegrees>60.068485</LatitudeDegrees><LongitudeDegrees>18.76066</LongitudeDegrees></Position><AltitudeMeters>4.567</AltitudeMeters><HeartRateBpm><Value>122</Value></HeartRateBpm></Trackpoint><Trackpoint><Time>2026-05-02T09:59:29.296Z</Time><Position><LatitudeDegrees>60.068485</LatitudeDegrees><LongitudeDegrees>18.760645</LongitudeDegrees></Position><AltitudeMeters>4.58</AltitudeMeters><HeartRateBpm><Value>122</Value></HeartRateBpm></Trackpoint><Trackpoint><Time>2026-05-02T09:59:30.301Z</Time><Position><LatitudeDegrees>60.068485</LatitudeDegrees><LongitudeDegrees>18.760643</LongitudeDegrees></Position><AltitudeMeters>4.503</AltitudeMeters><HeartRateBpm><Value>122</Value></HeartRateBpm></Trackpoint><Trackpoint><Time>2026-05-02T09:59:31.301Z</Time><Position><LatitudeDegrees>60.068485</LatitudeDegrees><LongitudeDegrees>18.760643</LongitudeDegrees></Position><AltitudeMeters>4.425</AltitudeMeters><HeartRateBpm><Value>122</Value></HeartRateBpm></Trackpoint><Trackpoint><Time>2026-05-02T09:59:32.301Z</Time><Position><LatitudeDegrees>60.06849</LatitudeDegrees><LongitudeDegrees>18.760641</LongitudeDegrees></Position><AltitudeMeters>4.475</AltitudeMeters><HeartRateBpm><Value>122</Value></HeartRateBpm></Trackpoint><Trackpoint><Time>2026-05-02T09:59:33.300Z</Time><Position><LatitudeDegrees>60.068485</LatitudeDegrees><LongitudeDegrees>18.760628</LongitudeDegrees></Position><AltitudeMeters>4.467</AltitudeMeters><HeartRateBpm><Value>123</Value></HeartRateBpm></Trackpoint><Trackpoint><Time>2026-05-02T09:59:34.301Z</Time><Position><LatitudeDegrees>60.06848</LatitudeDegrees><LongitudeDegrees>18.760614</LongitudeDegrees></Position><AltitudeMeters>4.408</AltitudeMeters><HeartRateBpm><Value>123</Value></HeartRateBpm></Trackpoint><Trackpoint><Time>2026-05-02T09:59:35.309Z</Time><Position><LatitudeDegrees>60.06848</LatitudeDegrees><LongitudeDegrees>18.760616</LongitudeDegrees></Position><AltitudeMeters>4.314</AltitudeMeters><HeartRateBpm><Value>124</Value></HeartRateBpm></Trackpoint><Trackpoint><Time>2026-05-02T09:59:36.318Z</Time><Position><LatitudeDegrees>60.068485</LatitudeDegrees><LongitudeDegrees>18.760618</LongitudeDegrees></Position><AltitudeMeters>4.197</AltitudeMeters><HeartRateBpm><Value>124</Value></HeartRateBpm></Trackpoint><Trackpoint><Time>2026-05-02T09:59:37.327Z</Time><Position><LatitudeDegrees>60.06849</LatitudeDegrees><LongitudeDegrees>18.760614</LongitudeDegrees></Position><AltitudeMeters>3.958</AltitudeMeters><HeartRateBpm><Value>125</Value></HeartRateBpm></Trackpoint><Trackpoint><Time>2026-05-02T09:59:38.337Z</Time><Position><LatitudeDegrees>60.06849</LatitudeDegrees><LongitudeDegrees>18.760601</LongitudeDegrees></Position><AltitudeMeters>3.719</AltitudeMeters><HeartRateBpm><Value>125</Value></HeartRateBpm></Trackpoint><Trackpoint><Time>2026-05-02T09:59:39.346Z</Time><Position><LatitudeDegrees>60.06849</LatitudeDegrees><LongitudeDegrees>18.760578</LongitudeDegrees></Position><AltitudeMeters>3.577</AltitudeMeters><HeartRateBpm><Value>125</Value></HeartRateBpm></Trackpoint><Trackpoint><Time>2026-05-02T09:59:40.355Z</Time><Position><LatitudeDegrees>60.06849</LatitudeDegrees><LongitudeDegrees>18.760551</LongitudeDegrees></Position><AltitudeMeters>3.439</AltitudeMeters><HeartRateBpm><Value>125</Value></HeartRateBpm></Trackpoint><Trackpoint><Time>2026-05-02T09:59:41.362Z</Time><Position><LatitudeDegrees>60.068493</LatitudeDegrees><LongitudeDegrees>18.760525</LongitudeDegrees></Position><AltitudeMeters>3.326</AltitudeMeters><HeartRateBpm><Value>125</Value></HeartRateBpm></Trackpoint><Trackpoint><Time>2026-05-02T09:59:42.373Z</Time><Position><LatitudeDegrees>60.068497</LatitudeDegrees><LongitudeDegrees>18.7605</LongitudeDegrees></Position><AltitudeMeters>3.188</AltitudeMeters><HeartRateBpm><Value>125</Value></HeartRateBpm></Trackpoint><Trackpoint><Time>2026-05-02T09:59:43.380Z</Time><Position><LatitudeDegrees>60.0685</LatitudeDegrees><LongitudeDegrees>18.760475</LongitudeDegrees></Position><AltitudeMeters>3.32</AltitudeMeters><HeartRateBpm><Value>126</Value></HeartRateBpm></Trackpoint><Trackpoint><Time>2026-05-02T09:59:44.389Z</Time><Position><LatitudeDegrees>60.068497</LatitudeDegrees><LongitudeDegrees>18.760462</LongitudeDegrees></Position><AltitudeMeters>3.496</AltitudeMeters><HeartRateBpm><Value>126</Value></HeartRateBpm></Trackpoint><Trackpoint><Time>2026-05-02T09:59:45.396Z</Time><Position><LatitudeDegrees>60.0685</LatitudeDegrees><LongitudeDegrees>18.760437</LongitudeDegrees></Position><AltitudeMeters>3.638</AltitudeMeters><HeartRateBpm><Value>127</Value></HeartRateBpm></Trackpoint><Trackpoint><Time>2026-05-02T09:59:46.397Z</Time><Position><LatitudeDegrees>60.068504</LatitudeDegrees><LongitudeDegrees>18.760416</LongitudeDegrees></Position><AltitudeMeters>3.754</AltitudeMeters><HeartRateBpm><Value>126</Value></HeartRateBpm></Trackpoint><Trackpoint><Time>2026-05-02T09:59:47.400Z</Time><Position><LatitudeDegrees>60.068504</LatitudeDegrees><LongitudeDegrees>18.7604</LongitudeDegrees></Position><AltitudeMeters>3.958</AltitudeMeters><HeartRateBpm><Value>126</Value></HeartRateBpm></Trackpoint><Trackpoint><Time>2026-05-02T09:59:48.401Z</Time><Position><LatitudeDegrees>60.068504</LatitudeDegrees><LongitudeDegrees>18.760384</LongitudeDegrees></Position><AltitudeMeters>4.194</AltitudeMeters><HeartRateBpm><Value>126</Value></HeartRateBpm></Trackpoint><Trackpoint><Time>2026-05-02T09:59:49.403Z</Time><Position><LatitudeDegrees>60.06851</LatitudeDegrees><LongitudeDegrees>18.76037</LongitudeDegrees></Position><AltitudeMeters>4.494</AltitudeMeters><HeartRateBpm><Value>127</Value></HeartRateBpm></Trackpoint><Trackpoint><Time>2026-05-02T09:59:50.402Z</Time><Position><LatitudeDegrees>60.068512</LatitudeDegrees><LongitudeDegrees>18.760351</LongitudeDegrees></Position><AltitudeMeters>4.726</AltitudeMeters><HeartRateBpm><Value>127</Value></HeartRateBpm></Trackpoint><Trackpoint><Time>2026-05-02T09:59:51.403Z</Time><Position><LatitudeDegrees>60.068516</LatitudeDegrees><LongitudeDegrees>18.760338</LongitudeDegrees></Position><AltitudeMeters>4.721</AltitudeMeters><HeartRateBpm><Value>127</Value></HeartRateBpm></Trackpoint><Trackpoint><Time>2026-05-02T09:59:52.410Z</Time><Position><LatitudeDegrees>60.06852</LatitudeDegrees><LongitudeDegrees>18.760328</LongitudeDegrees></Position><AltitudeMeters>4.728</AltitudeMeters><HeartRateBpm><Value>128</Value></HeartRateBpm></Trackpoint><Trackpoint><Time>2026-05-02T09:59:53.418Z</Time><Position><LatitudeDegrees>60.068523</LatitudeDegrees><LongitudeDegrees>18.760323</LongitudeDegrees></Position><AltitudeMeters>4.959</AltitudeMeters><HeartRateBpm><Value>128</Value></HeartRateBpm></Trackpoint><Trackpoint><Time>2026-05-02T09:59:59.614Z</Time><Position><LatitudeDegrees>60.068527</LatitudeDegrees><LongitudeDegrees>18.76031</LongitudeDegrees></Position><AltitudeMeters>4.546</AltitudeMeters><HeartRateBpm><Value>125</Value></HeartRateBpm></Trackpoint><Trackpoint><Time>2026-05-02T10:00:00.612Z</Time><Position><LatitudeDegrees>60.06853</LatitudeDegrees><LongitudeDegrees>18.760298</LongitudeDegrees></Position><AltitudeMeters>4.545</AltitudeMeters><HeartRateBpm><Value>124</Value></HeartRateBpm></Trackpoint><Trackpoint><Time>2026-05-02T10:00:01.614Z</Time><Position><LatitudeDegrees>60.068535</LatitudeDegrees><LongitudeDegrees>18.760284</LongitudeDegrees></Position><AltitudeMeters>4.553</AltitudeMeters><HeartRateBpm><Value>123</Value></HeartRateBpm></Trackpoint><Trackpoint><Time>2026-05-02T10:00:02.612Z</Time><Position><LatitudeDegrees>60.06854</LatitudeDegrees><LongitudeDegrees>18.760271</LongitudeDegrees></Position><AltitudeMeters>4.573</AltitudeMeters><HeartRateBpm><Value>122</Value></HeartRateBpm></Trackpoint><Trackpoint><Time>2026-05-02T10:00:03.614Z</Time><Position><LatitudeDegrees>60.068542</LatitudeDegrees><LongitudeDegrees>18.760254</LongitudeDegrees></Position><AltitudeMeters>4.56</AltitudeMeters><HeartRateBpm><Value>122</Value></HeartRateBpm></Trackpoint><Trackpoint><Time>2026-05-02T10:00:04.612Z</Time><Position><LatitudeDegrees>60.068546</LatitudeDegrees><LongitudeDegrees>18.760235</LongitudeDegrees></Position><AltitudeMeters>4.632</AltitudeMeters><HeartRateBpm><Value>121</Value></HeartRateBpm></Trackpoint><Trackpoint><Time>2026-05-02T10:00:05.615Z</Time><Position><LatitudeDegrees>60.06855</LatitudeDegrees><LongitudeDegrees>18.76021</LongitudeDegrees></Position><AltitudeMeters>4.605</AltitudeMeters><HeartRateBpm><Value>120</Value></HeartRateBpm></Trackpoint><Trackpoint><Time>2026-05-02T10:00:06.613Z</Time><Position><LatitudeDegrees>60.068554</LatitudeDegrees><LongitudeDegrees>18.760181</LongitudeDegrees></Position><AltitudeMeters>4.525</AltitudeMeters><HeartRateBpm><Value>119</Value></HeartRateBpm></Trackpoint><Trackpoint><Time>2026-05-02T10:00:07.615Z</Time><Position><LatitudeDegrees>60.068558</LatitudeDegrees><LongitudeDegrees>18.76015</LongitudeDegrees></Position><AltitudeMeters>4.462</AltitudeMeters><HeartRateBpm><Value>118</Value></HeartRateBpm></Trackpoint><Trackpoint><Time>2026-05-02T10:00:08.613Z</Time><Position><LatitudeDegrees>60.06856</LatitudeDegrees><LongitudeDegrees>18.760117</LongitudeDegrees></Position><AltitudeMeters>4.372</AltitudeMeters><HeartRateBpm><Value>117</Value></HeartRateBpm></Trackpoint><Trackpoint><Time>2026-05-02T10:00:09.615Z</Time><Position><LatitudeDegrees>60.068565</LatitudeDegrees><LongitudeDegrees>18.760084</LongitudeDegrees></Position><AltitudeMeters>4.247</AltitudeMeters><HeartRateBpm><Value>116</Value></HeartRateBpm></Trackpoint><Trackpoint><Time>2026-05-02T10:00:10.616Z</Time><Position><LatitudeDegrees>60.06857</LatitudeDegrees><LongitudeDegrees>18.760105</LongitudeDegrees></Position><AltitudeMeters>4.223</AltitudeMeters><HeartRateBpm><Value>116</Value></HeartRateBpm></Trackpoint><Trackpoint><Time>2026-05-02T10:00:11.625Z</Time><Position><LatitudeDegrees>60.068573</LatitudeDegrees><LongitudeDegrees>18.760126</LongitudeDegrees></Position><AltitudeMeters>4.282</AltitudeMeters><HeartRateBpm><Value>116</Value></HeartRateBpm></Trackpoint><Trackpoint><Time>2026-05-02T10:00:12.635Z</Time><Position><LatitudeDegrees>60.068577</LatitudeDegrees><LongitudeDegrees>18.760149</LongitudeDegrees></Position><AltitudeMeters>4.39</AltitudeMeters><HeartRateBpm><Value>115</Value></HeartRateBpm></Trackpoint><Trackpoint><Time>2026-05-02T10:00:13.645Z</Time><Position><LatitudeDegrees>60.06858</LatitudeDegrees><LongitudeDegrees>18.760172</LongitudeDegrees></Position><AltitudeMeters>4.315</AltitudeMeters><HeartRateBpm><Value>115</Value></HeartRateBpm></Trackpoint><Trackpoint><Time>2026-05-02T10:00:14.654Z</Time><Position><LatitudeDegrees>60.068584</LatitudeDegrees><LongitudeDegrees>18.760155</LongitudeDegrees></Position><AltitudeMeters>4.188</AltitudeMeters><HeartRateBpm><Value>115</Value></HeartRateBpm></Trackpoint><Trackpoint><Time>2026-05-02T10:00:15.663Z</Time><Position><LatitudeDegrees>60.06859</LatitudeDegrees><LongitudeDegrees>18.76014</LongitudeDegrees></Position><AltitudeMeters>4.233</AltitudeMeters><HeartRateBpm><Value>115</Value></HeartRateBpm></Trackpoint><Trackpoint><Time>2026-05-02T10:00:16.672Z</Time><Position><LatitudeDegrees>60.068592</LatitudeDegrees><LongitudeDegrees>18.760166</LongitudeDegrees></Position><AltitudeMeters>4.34</AltitudeMeters><HeartRateBpm><Value>114</Value></HeartRateBpm></Trackpoint><Trackpoint><Time>2026-05-02T10:00:17.678Z</Time><Position><LatitudeDegrees>60.068596</LatitudeDegrees><LongitudeDegrees>18.760168</LongitudeDegrees></Position><AltitudeMeters>4.418</AltitudeMeters><HeartRateBpm><Value>113</Value></HeartRateBpm></Trackpoint><Trackpoint><Time>2026-05-02T10:00:18.687Z</Time><Position><LatitudeDegrees>60.068604</LatitudeDegrees><LongitudeDegrees>18.760181</LongitudeDegrees></Position><AltitudeMeters>4.358</AltitudeMeters><HeartRateBpm><Value>112</Value></HeartRateBpm></Trackpoint><Trackpoint><Time>2026-05-02T10:00:19.695Z</Time><Position><LatitudeDegrees>60.068604</LatitudeDegrees><LongitudeDegrees>18.760212</LongitudeDegrees></Position><AltitudeMeters>4.287</AltitudeMeters><HeartRateBpm><Value>111</Value></HeartRateBpm></Trackpoint><Trackpoint><Time>2026-05-02T10:00:20.703Z</Time><Position><LatitudeDegrees>60.068607</LatitudeDegrees><LongitudeDegrees>18.760237</LongitudeDegrees></Position><AltitudeMeters>4.156</AltitudeMeters><HeartRateBpm><Value>111</Value></HeartRateBpm></Trackpoint><Trackpoint><Time>2026-05-02T10:00:21.712Z</Time><Position><LatitudeDegrees>60.068615</LatitudeDegrees><LongitudeDegrees>18.760262</LongitudeDegrees></Position><AltitudeMeters>3.922</AltitudeMeters><HeartRateBpm><Value>111</Value></HeartRateBpm></Trackpoint><Trackpoint><Time>2026-05-02T10:00:22.722Z</Time><Position><LatitudeDegrees>60.068615</LatitudeDegrees><LongitudeDegrees>18.760288</LongitudeDegrees></Position><AltitudeMeters>3.781</AltitudeMeters><HeartRateBpm><Value>111</Value></HeartRateBpm></Trackpoint><Trackpoint><Time>2026-05-02T10:00:23.732Z</Time><Position><LatitudeDegrees>60.06861</LatitudeDegrees><LongitudeDegrees>18.760313</LongitudeDegrees></Position><AltitudeMeters>3.711</AltitudeMeters><HeartRateBpm><Value>111</Value></HeartRateBpm></Trackpoint><Trackpoint><Time>2026-05-02T10:00:24.741Z</Time><Position><LatitudeDegrees>60.068615</LatitudeDegrees><LongitudeDegrees>18.760342</LongitudeDegrees></Position><AltitudeMeters>3.74</AltitudeMeters><HeartRateBpm><Value>110</Value></HeartRateBpm></Trackpoint><Trackpoint><Time>2026-05-02T10:00:25.748Z</Time><Position><LatitudeDegrees>60.06861</LatitudeDegrees><LongitudeDegrees>18.760366</LongitudeDegrees></Position><AltitudeMeters>3.864</AltitudeMeters><HeartRateBpm><Value>110</Value></HeartRateBpm></Trackpoint><Trackpoint><Time>2026-05-02T10:00:26.757Z</Time><Position><LatitudeDegrees>60.06861</LatitudeDegrees><LongitudeDegrees>18.760393</LongitudeDegrees></Position><AltitudeMeters>3.947</AltitudeMeters><HeartRateBpm><Value>110</Value></HeartRateBpm></Trackpoint><Trackpoint><Time>2026-05-02T10:00:27.765Z</Time><Position><LatitudeDegrees>60.068607</LatitudeDegrees><LongitudeDegrees>18.76042</LongitudeDegrees></Position><AltitudeMeters>4.084</AltitudeMeters><HeartRateBpm><Value>109</Value></HeartRateBpm></Trackpoint><Trackpoint><Time>2026-05-02T10:00:28.775Z</Time><Position><LatitudeDegrees>60.06861</LatitudeDegrees><LongitudeDegrees>18.760447</LongitudeDegrees></Position><AltitudeMeters>4.215</AltitudeMeters><HeartRateBpm><Value>108</Value></HeartRateBpm></Trackpoint><Trackpoint><Time>2026-05-02T10:00:29.784Z</Time><Position><LatitudeDegrees>60.06861</LatitudeDegrees><LongitudeDegrees>18.760475</LongitudeDegrees></Position><AltitudeMeters>4.289</AltitudeMeters><HeartRateBpm><Value>108</Value></HeartRateBpm></Trackpoint><Trackpoint><Time>2026-05-02T10:00:30.793Z</Time><Position><LatitudeDegrees>60.06861</LatitudeDegrees><LongitudeDegrees>18.760506</LongitudeDegrees></Position><AltitudeMeters>4.301</AltitudeMeters><HeartRateBpm><Value>108</Value></HeartRateBpm></Trackpoint><Trackpoint><Time>2026-05-02T10:00:31.801Z</Time><Position><LatitudeDegrees>60.06861</LatitudeDegrees><LongitudeDegrees>18.760538</LongitudeDegrees></Position><AltitudeMeters>4.25</AltitudeMeters><HeartRateBpm><Value>107</Value></HeartRateBpm></Trackpoint><Trackpoint><Time>2026-05-02T10:00:32.811Z</Time><Position><LatitudeDegrees>60.068615</LatitudeDegrees><LongitudeDegrees>18.760563</LongitudeDegrees></Position><AltitudeMeters>4.342</AltitudeMeters><HeartRateBpm><Value>106</Value></HeartRateBpm></Trackpoint><Trackpoint><Time>2026-05-02T10:00:33.818Z</Time><Position><LatitudeDegrees>60.068623</LatitudeDegrees><LongitudeDegrees>18.760586</LongitudeDegrees></Position><AltitudeMeters>4.43</AltitudeMeters><HeartRateBpm><Value>106</Value></HeartRateBpm></Trackpoint><Trackpoint><Time>2026-05-02T10:00:34.827Z</Time><Position><LatitudeDegrees>60.06863</LatitudeDegrees><LongitudeDegrees>18.760605</LongitudeDegrees></Position><AltitudeMeters>4.509</AltitudeMeters><HeartRateBpm><Value>106</Value></HeartRateBpm></Trackpoint><Trackpoint><Time>2026-05-02T10:00:35.836Z</Time><Position><LatitudeDegrees>60.06864</LatitudeDegrees><LongitudeDegrees>18.760626</LongitudeDegrees></Position><AltitudeMeters>4.525</AltitudeMeters><HeartRateBpm><Value>106</Value></HeartRateBpm></Trackpoint><Trackpoint><Time>2026-05-02T10:00:36.845Z</Time><Position><LatitudeDegrees>60.068653</LatitudeDegrees><LongitudeDegrees>18.760645</LongitudeDegrees></Position><AltitudeMeters>4.353</AltitudeMeters><HeartRateBpm><Value>106</Value></HeartRateBpm></Trackpoint><Trackpoint><Time>2026-05-02T10:01:17.728Z</Time><Position><LatitudeDegrees>60.068657</LatitudeDegrees><LongitudeDegrees>18.760674</LongitudeDegrees></Position><AltitudeMeters>4.786</AltitudeMeters><HeartRateBpm><Value>115</Value></HeartRateBpm></Trackpoint><Trackpoint><Time>2026-05-02T10:01:18.728Z</Time><Position><LatitudeDegrees>60.068657</LatitudeDegrees><LongitudeDegrees>18.760702</LongitudeDegrees></Position><AltitudeMeters>4.968</AltitudeMeters><HeartRateBpm><Value>115</Value></HeartRateBpm></Trackpoint><Trackpoint><Time>2026-05-02T10:01:19.727Z</Time><Position><LatitudeDegrees>60.06866</LatitudeDegrees><LongitudeDegrees>18.760727</LongitudeDegrees></Position><AltitudeMeters>5.046</AltitudeMeters><HeartRateBpm><Value>115</Value></HeartRateBpm></Trackpoint><Trackpoint><Time>2026-05-02T10:01:20.727Z</Time><Position><LatitudeDegrees>60.06866</LatitudeDegrees><LongitudeDegrees>18.760752</LongitudeDegrees></Position><AltitudeMeters>5.147</AltitudeMeters><HeartRateBpm><Value>115</Value></HeartRateBpm></Trackpoint><Trackpoint><Time>2026-05-02T10:01:21.727Z</Time><Position><LatitudeDegrees>60.068665</LatitudeDegrees><LongitudeDegrees>18.760775</LongitudeDegrees></Position><AltitudeMeters>5.231</AltitudeMeters><HeartRateBpm><Value>115</Value></HeartRateBpm></Trackpoint><Trackpoint><Time>2026-05-02T10:01:22.728Z</Time><Position><LatitudeDegrees>60.06867</LatitudeDegrees><LongitudeDegrees>18.760796</LongitudeDegrees></Position><AltitudeMeters>5.576</AltitudeMeters><HeartRateBpm><Value>115</Value></HeartRateBpm></Trackpoint><Trackpoint><Time>2026-05-02T10:01:23.727Z</Time><Position><LatitudeDegrees>60.06867</LatitudeDegrees><LongitudeDegrees>18.760813</LongitudeDegrees></Position><AltitudeMeters>5.783</AltitudeMeters><HeartRateBpm><Value>114</Value></HeartRateBpm></Trackpoint><Trackpoint><Time>2026-05-02T10:01:24.728Z</Time><Position><LatitudeDegrees>60.068676</LatitudeDegrees><LongitudeDegrees>18.760832</LongitudeDegrees></Position><AltitudeMeters>5.878</AltitudeMeters><HeartRateBpm><Value>113</Value></HeartRateBpm></Trackpoint><Trackpoint><Time>2026-05-02T10:01:25.728Z</Time><Position><LatitudeDegrees>60.06868</LatitudeDegrees><LongitudeDegrees>18.76085</LongitudeDegrees></Position><AltitudeMeters>5.913</AltitudeMeters><HeartRateBpm><Value>113</Value></HeartRateBpm></Trackpoint><Trackpoint><Time>2026-05-02T10:01:26.731Z</Time><Position><LatitudeDegrees>60.068684</LatitudeDegrees><LongitudeDegrees>18.760872</LongitudeDegrees></Position><AltitudeMeters>5.853</AltitudeMeters><HeartRateBpm><Value>113</Value></HeartRateBpm></Trackpoint><Trackpoint><Time>2026-05-02T10:01:27.729Z</Time><Position><LatitudeDegrees>60.06869</LatitudeDegrees><LongitudeDegrees>18.760895</LongitudeDegrees></Position><AltitudeMeters>5.814</AltitudeMeters><HeartRateBpm><Value>113</Value></HeartRateBpm></Trackpoint><Trackpoint><Time>2026-05-02T10:01:28.731Z</Time><Position><LatitudeDegrees>60.068718</LatitudeDegrees><LongitudeDegrees>18.760906</LongitudeDegrees></Position><AltitudeMeters>5.887</AltitudeMeters><HeartRateBpm><Value>114</Value></HeartRateBpm></Trackpoint><Trackpoint><Time>2026-05-02T10:01:29.730Z</Time><Position><LatitudeDegrees>60.06873</LatitudeDegrees><LongitudeDegrees>18.76093</LongitudeDegrees></Position><AltitudeMeters>5.948</AltitudeMeters><HeartRateBpm><Value>114</Value></HeartRateBpm></Trackpoint><Trackpoint><Time>2026-05-02T10:01:30.731Z</Time><Position><LatitudeDegrees>60.068745</LatitudeDegrees><LongitudeDegrees>18.760952</LongitudeDegrees></Position><AltitudeMeters>5.995</AltitudeMeters><HeartRateBpm><Value>116</Value></HeartRateBpm></Trackpoint><Trackpoint><Time>2026-05-02T10:01:31.732Z</Time><Position><LatitudeDegrees>60.068764</LatitudeDegrees><LongitudeDegrees>18.760973</LongitudeDegrees></Position><AltitudeMeters>5.919</AltitudeMeters><HeartRateBpm><Value>116</Value></HeartRateBpm></Trackpoint><Trackpoint><Time>2026-05-02T10:01:32.732Z</Time><Position><LatitudeDegrees>60.068787</LatitudeDegrees><LongitudeDegrees>18.760992</LongitudeDegrees></Position><AltitudeMeters>5.66</AltitudeMeters><HeartRateBpm><Value>116</Value></HeartRateBpm></Trackpoint><Trackpoint><Time>2026-05-02T10:01:33.737Z</Time><Position><LatitudeDegrees>60.068817</LatitudeDegrees><LongitudeDegrees>18.761005</LongitudeDegrees></Position><AltitudeMeters>5.465</AltitudeMeters><HeartRateBpm><Value>116</Value></HeartRateBpm></Trackpoint><Trackpoint><Time>2026-05-02T10:01:34.746Z</Time><Position><LatitudeDegrees>60.068844</LatitudeDegrees><LongitudeDegrees>18.76101</LongitudeDegrees></Position><AltitudeMeters>5.368</AltitudeMeters><HeartRateBpm><Value>116</Value></HeartRateBpm></Trackpoint><Trackpoint><Time>2026-05-02T10:01:35.755Z</Time><Position><LatitudeDegrees>60.068874</LatitudeDegrees><LongitudeDegrees>18.761015</LongitudeDegrees></Position><AltitudeMeters>5.4</AltitudeMeters><HeartRateBpm><Value>116</Value></HeartRateBpm></Trackpoint><Trackpoint><Time>2026-05-02T10:01:36.762Z</Time><Position><LatitudeDegrees>60.068897</LatitudeDegrees><LongitudeDegrees>18.761017</LongitudeDegrees></Position><AltitudeMeters>5.405</AltitudeMeters><HeartRateBpm><Value>114</Value></HeartRateBpm></Trackpoint><Trackpoint><Time>2026-05-02T10:01:37.772Z</Time><Position><LatitudeDegrees>60.06893</LatitudeDegrees><LongitudeDegrees>18.761019</LongitudeDegrees></Position><AltitudeMeters>5.286</AltitudeMeters><HeartRateBpm><Value>112</Value></HeartRateBpm></Trackpoint><Trackpoint><Time>2026-05-02T10:01:38.781Z</Time><Position><LatitudeDegrees>60.068947</LatitudeDegrees><LongitudeDegrees>18.761019</LongitudeDegrees></Position><AltitudeMeters>5.377</AltitudeMeters><HeartRateBpm><Value>111</Value></HeartRateBpm></Trackpoint><Trackpoint><Time>2026-05-02T10:01:39.790Z</Time><Position><LatitudeDegrees>60.068977</LatitudeDegrees><LongitudeDegrees>18.761019</LongitudeDegrees></Position><AltitudeMeters>5.39</AltitudeMeters><HeartRateBpm><Value>111</Value></HeartRateBpm></Trackpoint><Trackpoint><Time>2026-05-02T10:01:40.799Z</Time><Position><LatitudeDegrees>60.068996</LatitudeDegrees><LongitudeDegrees>18.761019</LongitudeDegrees></Position><AltitudeMeters>5.446</AltitudeMeters><HeartRateBpm><Value>111</Value></HeartRateBpm></Trackpoint><Trackpoint><Time>2026-05-02T10:01:41.808Z</Time><Position><LatitudeDegrees>60.069004</LatitudeDegrees><LongitudeDegrees>18.761026</LongitudeDegrees></Position><AltitudeMeters>5.397</AltitudeMeters><HeartRateBpm><Value>111</Value></HeartRateBpm></Trackpoint><Trackpoint><Time>2026-05-02T10:01:42.817Z</Time><Position><LatitudeDegrees>60.06901</LatitudeDegrees><LongitudeDegrees>18.761042</LongitudeDegrees></Position><AltitudeMeters>5.368</AltitudeMeters><HeartRateBpm><Value>109</Value></HeartRateBpm></Trackpoint><Trackpoint><Time>2026-05-02T10:01:43.824Z</Time><Position><LatitudeDegrees>60.069016</LatitudeDegrees><LongitudeDegrees>18.761068</LongitudeDegrees></Position><AltitudeMeters>5.377</AltitudeMeters><HeartRateBpm><Value>109</Value></HeartRateBpm></Trackpoint><Trackpoint><Time>2026-05-02T10:01:44.833Z</Time><Position><LatitudeDegrees>60.06902</LatitudeDegrees><LongitudeDegrees>18.7611</LongitudeDegrees></Position><AltitudeMeters>5.548</AltitudeMeters><HeartRateBpm><Value>109</Value></HeartRateBpm></Trackpoint><Trackpoint><Time>2026-05-02T10:01:45.842Z</Time><Position><LatitudeDegrees>60.069023</LatitudeDegrees><LongitudeDegrees>18.76113</LongitudeDegrees></Position><AltitudeMeters>5.711</AltitudeMeters><HeartRateBpm><Value>109</Value></HeartRateBpm></Trackpoint><Trackpoint><Time>2026-05-02T10:01:46.851Z</Time><Position><LatitudeDegrees>60.069027</LatitudeDegrees><LongitudeDegrees>18.761154</LongitudeDegrees></Position><AltitudeMeters>5.712</AltitudeMeters><HeartRateBpm><Value>109</Value></HeartRateBpm></Trackpoint><Trackpoint><Time>2026-05-02T10:01:47.860Z</Time><Position><LatitudeDegrees>60.06903</LatitudeDegrees><LongitudeDegrees>18.761173</LongitudeDegrees></Position><AltitudeMeters>5.488</AltitudeMeters><HeartRateBpm><Value>109</Value></HeartRateBpm></Trackpoint><Trackpoint><Time>2026-05-02T10:01:48.868Z</Time><Position><LatitudeDegrees>60.069035</LatitudeDegrees><LongitudeDegrees>18.761189</LongitudeDegrees></Position><AltitudeMeters>5.23</AltitudeMeters><HeartRateBpm><Value>110</Value></HeartRateBpm></Trackpoint><Trackpoint><Time>2026-05-02T10:01:49.876Z</Time><Position><LatitudeDegrees>60.069042</LatitudeDegrees><LongitudeDegrees>18.761204</LongitudeDegrees></Position><AltitudeMeters>5.047</AltitudeMeters><HeartRateBpm><Value>111</Value></HeartRateBpm></Trackpoint><Trackpoint><Time>2026-05-02T10:01:50.883Z</Time><Position><LatitudeDegrees>60.069054</LatitudeDegrees><LongitudeDegrees>18.761223</LongitudeDegrees></Position><AltitudeMeters>4.883</AltitudeMeters><HeartRateBpm><Value>113</Value></HeartRateBpm></Trackpoint><Trackpoint><Time>2026-05-02T10:01:51.894Z</Time><Position><LatitudeDegrees>60.069054</LatitudeDegrees><LongitudeDegrees>18.761238</LongitudeDegrees></Position><AltitudeMeters>4.728</AltitudeMeters><HeartRateBpm><Value>114</Value></HeartRateBpm></Trackpoint><Trackpoint><Time>2026-05-02T10:01:52.902Z</Time><Position><LatitudeDegrees>60.069046</LatitudeDegrees><LongitudeDegrees>18.761248</LongitudeDegrees></Position><AltitudeMeters>4.631</AltitudeMeters><HeartRateBpm><Value>115</Value></HeartRateBpm></Trackpoint><Trackpoint><Time>2026-05-02T10:01:53.908Z</Time><Position><LatitudeDegrees>60.06904</LatitudeDegrees><LongitudeDegrees>18.761251</LongitudeDegrees></Position><AltitudeMeters>4.574</AltitudeMeters><HeartRateBpm><Value>115</Value></HeartRateBpm></Trackpoint><Trackpoint><Time>2026-05-02T10:01:54.917Z</Time><Position><LatitudeDegrees>60.06904</LatitudeDegrees><LongitudeDegrees>18.761269</LongitudeDegrees></Position><AltitudeMeters>4.647</AltitudeMeters><HeartRateBpm><Value>115</Value></HeartRateBpm></Trackpoint><Trackpoint><Time>2026-05-02T10:01:55.926Z</Time><Position><LatitudeDegrees>60.06904</LatitudeDegrees><LongitudeDegrees>18.761286</LongitudeDegrees></Position><AltitudeMeters>4.617</AltitudeMeters><HeartRateBpm><Value>115</Value></HeartRateBpm></Trackpoint><Trackpoint><Time>2026-05-02T10:01:56.933Z</Time><Position><LatitudeDegrees>60.069023</LatitudeDegrees><LongitudeDegrees>18.761278</LongitudeDegrees></Position><AltitudeMeters>4.403</AltitudeMeters><HeartRateBpm><Value>115</Value></HeartRateBpm></Trackpoint><Trackpoint><Time>2026-05-02T10:01:57.941Z</Time><Position><LatitudeDegrees>60.069008</LatitudeDegrees><LongitudeDegrees>18.761263</LongitudeDegrees></Position><AltitudeMeters>4.118</AltitudeMeters><HeartRateBpm><Value>115</Value></HeartRateBpm></Trackpoint><Trackpoint><Time>2026-05-02T10:01:58.950Z</Time><Position><LatitudeDegrees>60.068993</LatitudeDegrees><LongitudeDegrees>18.761246</LongitudeDegrees></Position><AltitudeMeters>3.927</AltitudeMeters><HeartRateBpm><Value>115</Value></HeartRateBpm></Trackpoint><Trackpoint><Time>2026-05-02T10:01:59.958Z</Time><Position><LatitudeDegrees>60.068974</LatitudeDegrees><LongitudeDegrees>18.76122</LongitudeDegrees></Position><AltitudeMeters>3.828</AltitudeMeters><HeartRateBpm><Value>115</Value></HeartRateBpm></Trackpoint><Trackpoint><Time>2026-05-02T10:02:00.965Z</Time><Position><LatitudeDegrees>60.06896</LatitudeDegrees><LongitudeDegrees>18.761187</LongitudeDegrees></Position><AltitudeMeters>3.79</AltitudeMeters><HeartRateBpm><Value>115</Value></HeartRateBpm></Trackpoint><Trackpoint><Time>2026-05-02T10:02:01.975Z</Time><Position><LatitudeDegrees>60.068943</LatitudeDegrees><LongitudeDegrees>18.761145</LongitudeDegrees></Position><AltitudeMeters>3.911</AltitudeMeters><HeartRateBpm><Value>115</Value></HeartRateBpm></Trackpoint><Trackpoint><Time>2026-05-02T10:02:02.982Z</Time><Position><LatitudeDegrees>60.068928</LatitudeDegrees><LongitudeDegrees>18.761105</LongitudeDegrees></Position><AltitudeMeters>3.891</AltitudeMeters><HeartRateBpm><Value>116</Value></HeartRateBpm></Trackpoint><Trackpoint><Time>2026-05-02T10:02:03.991Z</Time><Position><LatitudeDegrees>60.068913</LatitudeDegrees><LongitudeDegrees>18.761063</LongitudeDegrees></Position><AltitudeMeters>3.871</AltitudeMeters><HeartRateBpm><Value>116</Value></HeartRateBpm></Trackpoint><Trackpoint><Time>2026-05-02T10:02:05Z</Time><Position><LatitudeDegrees>60.068897</LatitudeDegrees><LongitudeDegrees>18.761023</LongitudeDegrees></Position><AltitudeMeters>3.995</AltitudeMeters><HeartRateBpm><Value>116</Value></HeartRateBpm></Trackpoint><Trackpoint><Time>2026-05-02T10:02:11.617Z</Time><Position><LatitudeDegrees>60.06889</LatitudeDegrees><LongitudeDegrees>18.761017</LongitudeDegrees></Position><AltitudeMeters>4.39</AltitudeMeters><HeartRateBpm><Value>116</Value></HeartRateBpm></Trackpoint><Trackpoint><Time>2026-05-02T10:02:12.615Z</Time><Position><LatitudeDegrees>60.06888</LatitudeDegrees><LongitudeDegrees>18.761011</LongitudeDegrees></Position><AltitudeMeters>4.311</AltitudeMeters><HeartRateBpm><Value>116</Value></HeartRateBpm></Trackpoint><Trackpoint><Time>2026-05-02T10:02:13.617Z</Time><Position><LatitudeDegrees>60.068867</LatitudeDegrees><LongitudeDegrees>18.761003</LongitudeDegrees></Position><AltitudeMeters>4.424</AltitudeMeters><HeartRateBpm><Value>116</Value></HeartRateBpm></Trackpoint><Trackpoint><Time>2026-05-02T10:02:14.616Z</Time><Position><LatitudeDegrees>60.068855</LatitudeDegrees><LongitudeDegrees>18.760992</LongitudeDegrees></Position><AltitudeMeters>4.495</AltitudeMeters><HeartRateBpm><Value>115</Value></HeartRateBpm></Trackpoint><Trackpoint><Time>2026-05-02T10:02:15.617Z</Time><Position><LatitudeDegrees>60.068844</LatitudeDegrees><LongitudeDegrees>18.760975</LongitudeDegrees></Position><AltitudeMeters>4.427</AltitudeMeters><HeartRateBpm><Value>115</Value></HeartRateBpm></Trackpoint><Trackpoint><Time>2026-05-02T10:02:16.617Z</Time><Position><LatitudeDegrees>60.06883</LatitudeDegrees><LongitudeDegrees>18.760948</LongitudeDegrees></Position><AltitudeMeters>4.372</AltitudeMeters><HeartRateBpm><Value>115</Value></HeartRateBpm></Trackpoint><Trackpoint><Time>2026-05-02T10:02:17.625Z</Time><Position><LatitudeDegrees>60.06881</LatitudeDegrees><LongitudeDegrees>18.760912</LongitudeDegrees></Position><AltitudeMeters>4.234</AltitudeMeters><HeartRateBpm><Value>116</Value></HeartRateBpm></Trackpoint><Trackpoint><Time>2026-05-02T10:02:18.634Z</Time><Position><LatitudeDegrees>60.068794</LatitudeDegrees><LongitudeDegrees>18.760868</LongitudeDegrees></Position><AltitudeMeters>4.145</AltitudeMeters><HeartRateBpm><Value>115</Value></HeartRateBpm></Trackpoint><Trackpoint><Time>2026-05-02T10:02:19.641Z</Time><Position><LatitudeDegrees>60.06877</LatitudeDegrees><LongitudeDegrees>18.76082</LongitudeDegrees></Position><AltitudeMeters>4.077</AltitudeMeters><HeartRateBpm><Value>115</Value></HeartRateBpm></Trackpoint><Trackpoint><Time>2026-05-02T10:02:20.652Z</Time><Position><LatitudeDegrees>60.068752</LatitudeDegrees><LongitudeDegrees>18.760767</LongitudeDegrees></Position><AltitudeMeters>4.138</AltitudeMeters><HeartRateBpm><Value>115</Value></HeartRateBpm></Trackpoint><Trackpoint><Time>2026-05-02T10:02:21.659Z</Time><Position><LatitudeDegrees>60.068737</LatitudeDegrees><LongitudeDegrees>18.760712</LongitudeDegrees></Position><AltitudeMeters>4.322</AltitudeMeters><HeartRateBpm><Value>116</Value></HeartRateBpm></Trackpoint><Trackpoint><Time>2026-05-02T10:02:22.668Z</Time><Position><LatitudeDegrees>60.068714</LatitudeDegrees><LongitudeDegrees>18.760656</LongitudeDegrees></Position><AltitudeMeters>4.487</AltitudeMeters><HeartRateBpm><Value>116</Value></HeartRateBpm></Trackpoint><Trackpoint><Time>2026-05-02T10:02:23.676Z</Time><Position><LatitudeDegrees>60.068687</LatitudeDegrees><LongitudeDegrees>18.760595</LongitudeDegrees></Position><AltitudeMeters>4.483</AltitudeMeters><HeartRateBpm><Value>116</Value></HeartRateBpm></Trackpoint><Trackpoint><Time>2026-05-02T10:02:24.685Z</Time><Position><LatitudeDegrees>60.06867</LatitudeDegrees><LongitudeDegrees>18.760529</LongitudeDegrees></Position><AltitudeMeters>4.316</AltitudeMeters><HeartRateBpm><Value>116</Value></HeartRateBpm></Trackpoint><Trackpoint><Time>2026-05-02T10:02:25.694Z</Time><Position><LatitudeDegrees>60.068653</LatitudeDegrees><LongitudeDegrees>18.760456</LongitudeDegrees></Position><AltitudeMeters>4.273</AltitudeMeters><HeartRateBpm><Value>116</Value></HeartRateBpm></Trackpoint><Trackpoint><Time>2026-05-02T10:02:26.703Z</Time><Position><LatitudeDegrees>60.068638</LatitudeDegrees><LongitudeDegrees>18.760386</LongitudeDegrees></Position><AltitudeMeters>4.273</AltitudeMeters><HeartRateBpm><Value>116</Value></HeartRateBpm></Trackpoint><Trackpoint><Time>2026-05-02T10:02:27.710Z</Time><Position><LatitudeDegrees>60.068626</LatitudeDegrees><LongitudeDegrees>18.760313</LongitudeDegrees></Position><AltitudeMeters>4.314</AltitudeMeters><HeartRateBpm><Value>118</Value></HeartRateBpm></Trackpoint><Trackpoint><Time>2026-05-02T10:02:28.719Z</Time><Position><LatitudeDegrees>60.06862</LatitudeDegrees><LongitudeDegrees>18.76024</LongitudeDegrees></Position><AltitudeMeters>4.223</AltitudeMeters><HeartRateBpm><Value>119</Value></HeartRateBpm></Trackpoint><Trackpoint><Time>2026-05-02T10:02:29.728Z</Time><Position><LatitudeDegrees>60.068615</LatitudeDegrees><LongitudeDegrees>18.760214</LongitudeDegrees></Position><AltitudeMeters>4.116</AltitudeMeters><HeartRateBpm><Value>119</Value></HeartRateBpm></Trackpoint><Trackpoint><Time>2026-05-02T10:02:30.737Z</Time><Position><LatitudeDegrees>60.06861</LatitudeDegrees><LongitudeDegrees>18.760172</LongitudeDegrees></Position><AltitudeMeters>4.082</AltitudeMeters><HeartRateBpm><Value>118</Value></HeartRateBpm></Trackpoint><Trackpoint><Time>2026-05-02T10:02:31.745Z</Time><Position><LatitudeDegrees>60.06861</LatitudeDegrees><LongitudeDegrees>18.760159</LongitudeDegrees></Position><AltitudeMeters>4.331</AltitudeMeters><HeartRateBpm><Value>118</Value></HeartRateBpm></Trackpoint><Trackpoint><Time>2026-05-02T10:02:32.754Z</Time><Position><LatitudeDegrees>60.06861</LatitudeDegrees><LongitudeDegrees>18.76015</LongitudeDegrees></Position><AltitudeMeters>4.56</AltitudeMeters><HeartRateBpm><Value>118</Value></HeartRateBpm></Trackpoint><Trackpoint><Time>2026-05-02T10:02:33.763Z</Time><Position><LatitudeDegrees>60.06862</LatitudeDegrees><LongitudeDegrees>18.760147</LongitudeDegrees></Position><AltitudeMeters>4.714</AltitudeMeters><HeartRateBpm><Value>117</Value></HeartRateBpm></Trackpoint><Trackpoint><Time>2026-05-02T10:02:34.769Z</Time><Position><LatitudeDegrees>60.068626</LatitudeDegrees><LongitudeDegrees>18.760147</LongitudeDegrees></Position><AltitudeMeters>4.738</AltitudeMeters><HeartRateBpm><Value>117</Value></HeartRateBpm></Trackpoint><Trackpoint><Time>2026-05-02T10:02:35.778Z</Time><Position><LatitudeDegrees>60.06863</LatitudeDegrees><LongitudeDegrees>18.760149</LongitudeDegrees></Position><AltitudeMeters>4.726</AltitudeMeters><HeartRateBpm><Value>117</Value></HeartRateBpm></Trackpoint><Trackpoint><Time>2026-05-02T10:02:36.786Z</Time><Position><LatitudeDegrees>60.06863</LatitudeDegrees><LongitudeDegrees>18.760153</LongitudeDegrees></Position><AltitudeMeters>4.584</AltitudeMeters><HeartRateBpm><Value>117</Value></HeartRateBpm></Trackpoint><Trackpoint><Time>2026-05-02T10:02:37.794Z</Time><Position><LatitudeDegrees>60.068626</LatitudeDegrees><LongitudeDegrees>18.760159</LongitudeDegrees></Position><AltitudeMeters>4.474</AltitudeMeters><HeartRateBpm><Value>117</Value></HeartRateBpm></Trackpoint><Trackpoint><Time>2026-05-02T10:02:38.798Z</Time><Position><LatitudeDegrees>60.068626</LatitudeDegrees><LongitudeDegrees>18.760132</LongitudeDegrees></Position><AltitudeMeters>4.388</AltitudeMeters><HeartRateBpm><Value>117</Value></HeartRateBpm></Trackpoint><Trackpoint><Time>2026-05-02T10:02:39.807Z</Time><Position><LatitudeDegrees>60.068623</LatitudeDegrees><LongitudeDegrees>18.760141</LongitudeDegrees></Position><AltitudeMeters>4.41</AltitudeMeters><HeartRateBpm><Value>117</Value></HeartRateBpm></Trackpoint><Trackpoint><Time>2026-05-02T10:02:40.816Z</Time><Position><LatitudeDegrees>60.06862</LatitudeDegrees><LongitudeDegrees>18.760149</LongitudeDegrees></Position><AltitudeMeters>4.528</AltitudeMeters><HeartRateBpm><Value>116</Value></HeartRateBpm></Trackpoint><Trackpoint><Time>2026-05-02T10:02:41.825Z</Time><Position><LatitudeDegrees>60.068615</LatitudeDegrees><LongitudeDegrees>18.760174</LongitudeDegrees></Position><AltitudeMeters>4.655</AltitudeMeters><HeartRateBpm><Value>116</Value></HeartRateBpm></Trackpoint><Trackpoint><Time>2026-05-02T10:02:42.834Z</Time><Position><LatitudeDegrees>60.06861</LatitudeDegrees><LongitudeDegrees>18.760166</LongitudeDegrees></Position><AltitudeMeters>4.633</AltitudeMeters><HeartRateBpm><Value>116</Value></HeartRateBpm></Trackpoint><Trackpoint><Time>2026-05-02T10:02:43.841Z</Time><Position><LatitudeDegrees>60.06861</LatitudeDegrees><LongitudeDegrees>18.76017</LongitudeDegrees></Position><AltitudeMeters>4.551</AltitudeMeters><HeartRateBpm><Value>116</Value></HeartRateBpm></Trackpoint><Trackpoint><Time>2026-05-02T10:02:44.849Z</Time><Position><LatitudeDegrees>60.06861</LatitudeDegrees><LongitudeDegrees>18.760176</LongitudeDegrees></Position><AltitudeMeters>4.385</AltitudeMeters><HeartRateBpm><Value>115</Value></HeartRateBpm></Trackpoint><Trackpoint><Time>2026-05-02T10:02:45.858Z</Time><Position><LatitudeDegrees>60.06861</LatitudeDegrees><LongitudeDegrees>18.760183</LongitudeDegrees></Position><AltitudeMeters>4.386</AltitudeMeters><HeartRateBpm><Value>114</Value></HeartRateBpm></Trackpoint><Trackpoint><Time>2026-05-02T10:02:46.867Z</Time><Position><LatitudeDegrees>60.06861</LatitudeDegrees><LongitudeDegrees>18.760237</LongitudeDegrees></Position><AltitudeMeters>4.406</AltitudeMeters><HeartRateBpm><Value>113</Value></HeartRateBpm></Trackpoint><Trackpoint><Time>2026-05-02T10:02:47.877Z</Time><Position><LatitudeDegrees>60.06861</LatitudeDegrees><LongitudeDegrees>18.760288</LongitudeDegrees></Position><AltitudeMeters>4.377</AltitudeMeters><HeartRateBpm><Value>112</Value></HeartRateBpm></Trackpoint><Trackpoint><Time>2026-05-02T10:02:48.886Z</Time><Position><LatitudeDegrees>60.06861</LatitudeDegrees><LongitudeDegrees>18.76034</LongitudeDegrees></Position><AltitudeMeters>4.468</AltitudeMeters><HeartRateBpm><Value>111</Value></HeartRateBpm></Trackpoint><Trackpoint><Time>2026-05-02T10:02:49.895Z</Time><Position><LatitudeDegrees>60.068615</LatitudeDegrees><LongitudeDegrees>18.760387</LongitudeDegrees></Position><AltitudeMeters>4.436</AltitudeMeters><HeartRateBpm><Value>111</Value></HeartRateBpm></Trackpoint><Trackpoint><Time>2026-05-02T10:02:50.904Z</Time><Position><LatitudeDegrees>60.068615</LatitudeDegrees><LongitudeDegrees>18.760422</LongitudeDegrees></Position><AltitudeMeters>4.416</AltitudeMeters><HeartRateBpm><Value>112</Value></HeartRateBpm></Trackpoint><Trackpoint><Time>2026-05-02T10:02:51.913Z</Time><Position><LatitudeDegrees>60.068615</LatitudeDegrees><LongitudeDegrees>18.760452</LongitudeDegrees></Position><AltitudeMeters>4.548</AltitudeMeters><HeartRateBpm><Value>113</Value></HeartRateBpm></Trackpoint><Trackpoint><Time>2026-05-02T10:02:52.920Z</Time><Position><LatitudeDegrees>60.068615</LatitudeDegrees><LongitudeDegrees>18.76047</LongitudeDegrees></Position><AltitudeMeters>4.496</AltitudeMeters><HeartRateBpm><Value>113</Value></HeartRateBpm></Trackpoint><Trackpoint><Time>2026-05-02T10:02:53.929Z</Time><Position><LatitudeDegrees>60.068615</LatitudeDegrees><LongitudeDegrees>18.760508</LongitudeDegrees></Position><AltitudeMeters>4.287</AltitudeMeters><HeartRateBpm><Value>114</Value></HeartRateBpm></Trackpoint><Trackpoint><Time>2026-05-02T10:02:54.937Z</Time><Position><LatitudeDegrees>60.06861</LatitudeDegrees><LongitudeDegrees>18.760548</LongitudeDegrees></Position><AltitudeMeters>3.97</AltitudeMeters><HeartRateBpm><Value>115</Value></HeartRateBpm></Trackpoint><Trackpoint><Time>2026-05-02T10:02:55.946Z</Time><Position><LatitudeDegrees>60.068615</LatitudeDegrees><LongitudeDegrees>18.7606</LongitudeDegrees></Position><AltitudeMeters>3.634</AltitudeMeters><HeartRateBpm><Value>115</Value></HeartRateBpm></Trackpoint><Trackpoint><Time>2026-05-02T10:02:56.955Z</Time><Position><LatitudeDegrees>60.068623</LatitudeDegrees><LongitudeDegrees>18.760647</LongitudeDegrees></Position><AltitudeMeters>3.547</AltitudeMeters><HeartRateBpm><Value>116</Value></HeartRateBpm></Trackpoint><Trackpoint><Time>2026-05-02T10:02:57.964Z</Time><Position><LatitudeDegrees>60.068626</LatitudeDegrees><LongitudeDegrees>18.76069</LongitudeDegrees></Position><AltitudeMeters>3.511</AltitudeMeters><HeartRateBpm><Value>116</Value></HeartRateBpm></Trackpoint><Trackpoint><Time>2026-05-02T10:06:58.773Z</Time><Position><LatitudeDegrees>60.068626</LatitudeDegrees><LongitudeDegrees>18.760735</LongitudeDegrees></Position><AltitudeMeters>1.015</AltitudeMeters><HeartRateBpm><Value>108</Value></HeartRateBpm></Trackpoint><Trackpoint><Time>2026-05-02T10:06:59.776Z</Time><Position><LatitudeDegrees>60.06863</LatitudeDegrees><LongitudeDegrees>18.760782</LongitudeDegrees></Position><AltitudeMeters>0.991</AltitudeMeters><HeartRateBpm><Value>108</Value></HeartRateBpm></Trackpoint><Trackpoint><Time>2026-05-02T10:07:00.774Z</Time><Position><LatitudeDegrees>60.06863</LatitudeDegrees><LongitudeDegrees>18.760832</LongitudeDegrees></Position><AltitudeMeters>0.939</AltitudeMeters><HeartRateBpm><Value>108</Value></HeartRateBpm></Trackpoint><Trackpoint><Time>2026-05-02T10:07:01.775Z</Time><Position><LatitudeDegrees>60.068634</LatitudeDegrees><LongitudeDegrees>18.760885</LongitudeDegrees></Position><AltitudeMeters>0.831</AltitudeMeters><HeartRateBpm><Value>107</Value></HeartRateBpm></Trackpoint><Trackpoint><Time>2026-05-02T10:07:02.781Z</Time><Position><LatitudeDegrees>60.068634</LatitudeDegrees><LongitudeDegrees>18.760971</LongitudeDegrees></Position><AltitudeMeters>0.634</AltitudeMeters><HeartRateBpm><Value>107</Value></HeartRateBpm></Trackpoint><Trackpoint><Time>2026-05-02T10:07:03.789Z</Time><Position><LatitudeDegrees>60.06864</LatitudeDegrees><LongitudeDegrees>18.761068</LongitudeDegrees></Position><AltitudeMeters>0.41</AltitudeMeters><HeartRateBpm><Value>107</Value></HeartRateBpm></Trackpoint><Trackpoint><Time>2026-05-02T10:07:04.796Z</Time><Position><LatitudeDegrees>60.068657</LatitudeDegrees><LongitudeDegrees>18.761148</LongitudeDegrees></Position><AltitudeMeters>0.313</AltitudeMeters><HeartRateBpm><Value>107</Value></HeartRateBpm></Trackpoint><Trackpoint><Time>2026-05-02T10:07:05.803Z</Time><Position><LatitudeDegrees>60.06867</LatitudeDegrees><LongitudeDegrees>18.761183</LongitudeDegrees></Position><AltitudeMeters>0.361</AltitudeMeters><HeartRateBpm><Value>107</Value></HeartRateBpm></Trackpoint><Trackpoint><Time>2026-05-02T10:07:06.811Z</Time><Position><LatitudeDegrees>60.068676</LatitudeDegrees><LongitudeDegrees>18.7612</LongitudeDegrees></Position><AltitudeMeters>0.377</AltitudeMeters><HeartRateBpm><Value>107</Value></HeartRateBpm></Trackpoint><Trackpoint><Time>2026-05-02T10:07:07.821Z</Time><Position><LatitudeDegrees>60.068684</LatitudeDegrees><LongitudeDegrees>18.761211</LongitudeDegrees></Position><AltitudeMeters>0.137</AltitudeMeters><HeartRateBpm><Value>107</Value></HeartRateBpm></Trackpoint><Trackpoint><Time>2026-05-02T10:07:08.829Z</Time><Position><LatitudeDegrees>60.068687</LatitudeDegrees><LongitudeDegrees>18.761223</LongitudeDegrees></Position><AltitudeMeters>0.287</AltitudeMeters><HeartRateBpm><Value>107</Value></HeartRateBpm></Trackpoint><Trackpoint><Time>2026-05-02T10:07:09.838Z</Time><Position><LatitudeDegrees>60.068695</LatitudeDegrees><LongitudeDegrees>18.761234</LongitudeDegrees></Position><AltitudeMeters>0.447</AltitudeMeters><HeartRateBpm><Value>107</Value></HeartRateBpm></Trackpoint><Trackpoint><Time>2026-05-02T10:07:10.847Z</Time><Position><LatitudeDegrees>60.068703</LatitudeDegrees><LongitudeDegrees>18.761246</LongitudeDegrees></Position><AltitudeMeters>0.539</AltitudeMeters><HeartRateBpm><Value>107</Value></HeartRateBpm></Trackpoint><Trackpoint><Time>2026-05-02T10:07:11.853Z</Time><Position><LatitudeDegrees>60.06871</LatitudeDegrees><LongitudeDegrees>18.761257</LongitudeDegrees></Position><AltitudeMeters>0.492</AltitudeMeters><HeartRateBpm><Value>107</Value></HeartRateBpm></Trackpoint><Trackpoint><Time>2026-05-02T10:07:12.862Z</Time><Position><LatitudeDegrees>60.068718</LatitudeDegrees><LongitudeDegrees>18.761269</LongitudeDegrees></Position><AltitudeMeters>0.409</AltitudeMeters><HeartRateBpm><Value>107</Value></HeartRateBpm></Trackpoint><Trackpoint><Time>2026-05-02T10:07:13.870Z</Time><Position><LatitudeDegrees>60.06873</LatitudeDegrees><LongitudeDegrees>18.76128</LongitudeDegrees></Position><AltitudeMeters>0.366</AltitudeMeters><HeartRateBpm><Value>107</Value></HeartRateBpm></Trackpoint><Trackpoint><Time>2026-05-02T10:07:14.879Z</Time><Position><LatitudeDegrees>60.068737</LatitudeDegrees><LongitudeDegrees>18.761292</LongitudeDegrees></Position><AltitudeMeters>0.446</AltitudeMeters><HeartRateBpm><Value>107</Value></HeartRateBpm></Trackpoint><Trackpoint><Time>2026-05-02T10:07:15.882Z</Time><Position><LatitudeDegrees>60.06875</LatitudeDegrees><LongitudeDegrees>18.761301</LongitudeDegrees></Position><AltitudeMeters>0.419</AltitudeMeters><HeartRateBpm><Value>107</Value></HeartRateBpm></Trackpoint><Trackpoint><Time>2026-05-02T10:07:16.891Z</Time><Position><LatitudeDegrees>60.06876</LatitudeDegrees><LongitudeDegrees>18.761307</LongitudeDegrees></Position><AltitudeMeters>0.314</AltitudeMeters><HeartRateBpm><Value>107</Value></HeartRateBpm></Trackpoint><Trackpoint><Time>2026-05-02T10:07:17.900Z</Time><Position><LatitudeDegrees>60.06877</LatitudeDegrees><LongitudeDegrees>18.761312</LongitudeDegrees></Position><AltitudeMeters>0.238</AltitudeMeters><HeartRateBpm><Value>107</Value></HeartRateBpm></Trackpoint><Trackpoint><Time>2026-05-02T10:07:18.909Z</Time><Position><LatitudeDegrees>60.068783</LatitudeDegrees><LongitudeDegrees>18.761316</LongitudeDegrees></Position><AltitudeMeters>0.171</AltitudeMeters><HeartRateBpm><Value>107</Value></HeartRateBpm></Trackpoint><Trackpoint><Time>2026-05-02T10:07:19.918Z</Time><Position><LatitudeDegrees>60.068798</LatitudeDegrees><LongitudeDegrees>18.761322</LongitudeDegrees></Position><AltitudeMeters>0.158</AltitudeMeters><HeartRateBpm><Value>107</Value></HeartRateBpm></Trackpoint><Trackpoint><Time>2026-05-02T10:07:20.928Z</Time><Position><LatitudeDegrees>60.06881</LatitudeDegrees><LongitudeDegrees>18.761326</LongitudeDegrees></Position><AltitudeMeters>0.205</AltitudeMeters><HeartRateBpm><Value>107</Value></HeartRateBpm></Trackpoint><Trackpoint><Time>2026-05-02T10:07:21.936Z</Time><Position><LatitudeDegrees>60.068825</LatitudeDegrees><LongitudeDegrees>18.761332</LongitudeDegrees></Position><AltitudeMeters>0.318</AltitudeMeters><HeartRateBpm><Value>107</Value></HeartRateBpm></Trackpoint><Trackpoint><Time>2026-05-02T10:07:22.943Z</Time><Position><LatitudeDegrees>60.068836</LatitudeDegrees><LongitudeDegrees>18.761337</LongitudeDegrees></Position><AltitudeMeters>0.378</AltitudeMeters><HeartRateBpm><Value>108</Value></HeartRateBpm></Trackpoint><Trackpoint><Time>2026-05-02T10:07:23.952Z</Time><Position><LatitudeDegrees>60.068848</LatitudeDegrees><LongitudeDegrees>18.761341</LongitudeDegrees></Position><AltitudeMeters>0.38</AltitudeMeters><HeartRateBpm><Value>108</Value></HeartRateBpm></Trackpoint><Trackpoint><Time>2026-05-02T10:07:24.960Z</Time><Position><LatitudeDegrees>60.068863</LatitudeDegrees><LongitudeDegrees>18.761347</LongitudeDegrees></Position><AltitudeMeters>0.335</AltitudeMeters><HeartRateBpm><Value>108</Value></HeartRateBpm></Trackpoint><Trackpoint><Time>2026-05-02T10:07:25.969Z</Time><Position><LatitudeDegrees>60.068874</LatitudeDegrees><LongitudeDegrees>18.761353</LongitudeDegrees></Position><AltitudeMeters>0.342</AltitudeMeters><HeartRateBpm><Value>108</Value></HeartRateBpm></Trackpoint><Trackpoint><Time>2026-05-02T10:07:26.977Z</Time><Position><LatitudeDegrees>60.068886</LatitudeDegrees><LongitudeDegrees>18.761358</LongitudeDegrees></Position><AltitudeMeters>0.381</AltitudeMeters><HeartRateBpm><Value>109</Value></HeartRateBpm></Trackpoint><Trackpoint><Time>2026-05-02T10:07:27.985Z</Time><Position><LatitudeDegrees>60.068897</LatitudeDegrees><LongitudeDegrees>18.761366</LongitudeDegrees></Position><AltitudeMeters>0.393</AltitudeMeters><HeartRateBpm><Value>109</Value></HeartRateBpm></Trackpoint><Trackpoint><Time>2026-05-02T10:07:28.992Z</Time><Position><LatitudeDegrees>60.06891</LatitudeDegrees><LongitudeDegrees>18.761375</LongitudeDegrees></Position><AltitudeMeters>0.55</AltitudeMeters><HeartRateBpm><Value>109</Value></HeartRateBpm></Trackpoint><Trackpoint><Time>2026-05-02T10:07:30.001Z</Time><Position><LatitudeDegrees>60.06892</LatitudeDegrees><LongitudeDegrees>18.761387</LongitudeDegrees></Position><AltitudeMeters>0.612</AltitudeMeters><HeartRateBpm><Value>109</Value></HeartRateBpm></Trackpoint><Trackpoint><Time>2026-05-02T10:07:31.010Z</Time><Position><LatitudeDegrees>60.06893</LatitudeDegrees><LongitudeDegrees>18.761396</LongitudeDegrees></Position><AltitudeMeters>0.608</AltitudeMeters><HeartRateBpm><Value>108</Value></HeartRateBpm></Trackpoint><Trackpoint><Time>2026-05-02T10:07:32.018Z</Time><Position><LatitudeDegrees>60.068943</LatitudeDegrees><LongitudeDegrees>18.761408</LongitudeDegrees></Position><AltitudeMeters>0.506</AltitudeMeters><HeartRateBpm><Value>109</Value></HeartRateBpm></Trackpoint><Trackpoint><Time>2026-05-02T10:07:33.027Z</Time><Position><LatitudeDegrees>60.06895</LatitudeDegrees><LongitudeDegrees>18.76142</LongitudeDegrees></Position><AltitudeMeters>0.4</AltitudeMeters><HeartRateBpm><Value>109</Value></HeartRateBpm></Trackpoint><Trackpoint><Time>2026-05-02T10:07:34.036Z</Time><Position><LatitudeDegrees>60.068962</LatitudeDegrees><LongitudeDegrees>18.761429</LongitudeDegrees></Position><AltitudeMeters>0.155</AltitudeMeters><HeartRateBpm><Value>109</Value></HeartRateBpm></Trackpoint><Trackpoint><Time>2026-05-02T10:07:35.043Z</Time><Position><LatitudeDegrees>60.068974</LatitudeDegrees><LongitudeDegrees>18.761438</LongitudeDegrees></Position><AltitudeMeters>-0.188</AltitudeMeters><HeartRateBpm><Value>109</Value></HeartRateBpm></Trackpoint><Trackpoint><Time>2026-05-02T10:07:36.051Z</Time><Position><LatitudeDegrees>60.068985</LatitudeDegrees><LongitudeDegrees>18.761446</LongitudeDegrees></Position><AltitudeMeters>-0.655</AltitudeMeters><HeartRateBpm><Value>108</Value></HeartRateBpm></Trackpoint><Trackpoint><Time>2026-05-02T10:07:37.057Z</Time><Position><LatitudeDegrees>60.068996</LatitudeDegrees><LongitudeDegrees>18.761452</LongitudeDegrees></Position><AltitudeMeters>-1.025</AltitudeMeters><HeartRateBpm><Value>108</Value></HeartRateBpm></Trackpoint><Trackpoint><Time>2026-05-02T10:07:38.062Z</Time><Position><LatitudeDegrees>60.06901</LatitudeDegrees><LongitudeDegrees>18.761457</LongitudeDegrees></Position><AltitudeMeters>-1.199</AltitudeMeters><HeartRateBpm><Value>108</Value></HeartRateBpm></Trackpoint><Trackpoint><Time>2026-05-02T10:07:39.071Z</Time><Position><LatitudeDegrees>60.069023</LatitudeDegrees><LongitudeDegrees>18.761463</LongitudeDegrees></Position><AltitudeMeters>-1.405</AltitudeMeters><HeartRateBpm><Value>108</Value></HeartRateBpm></Trackpoint><Trackpoint><Time>2026-05-02T10:07:40.081Z</Time><Position><LatitudeDegrees>60.06904</LatitudeDegrees><LongitudeDegrees>18.761469</LongitudeDegrees></Position><AltitudeMeters>-1.526</AltitudeMeters><HeartRateBpm><Value>108</Value></HeartRateBpm></Trackpoint><Trackpoint><Time>2026-05-02T10:07:41.089Z</Time><Position><LatitudeDegrees>60.069054</LatitudeDegrees><LongitudeDegrees>18.761477</LongitudeDegrees></Position><AltitudeMeters>-1.367</AltitudeMeters><HeartRateBpm><Value>108</Value></HeartRateBpm></Trackpoint><Trackpoint><Time>2026-05-02T10:07:42.098Z</Time><Position><LatitudeDegrees>60.069073</LatitudeDegrees><LongitudeDegrees>18.761486</LongitudeDegrees></Position><AltitudeMeters>-1.088</AltitudeMeters><HeartRateBpm><Value>108</Value></HeartRateBpm></Trackpoint><Trackpoint><Time>2026-05-02T10:07:43.107Z</Time><Position><LatitudeDegrees>60.06909</LatitudeDegrees><LongitudeDegrees>18.761497</LongitudeDegrees></Position><AltitudeMeters>-0.893</AltitudeMeters><HeartRateBpm><Value>109</Value></HeartRateBpm></Trackpoint><Trackpoint><Time>2026-05-02T10:07:44.113Z</Time><Position><LatitudeDegrees>60.069115</LatitudeDegrees><LongitudeDegrees>18.761513</LongitudeDegrees></Position><AltitudeMeters>-0.764</AltitudeMeters><HeartRateBpm><Value>109</Value></HeartRateBpm></Trackpoint><Trackpoint><Time>2026-05-02T10:07:45.121Z</Time><Position><LatitudeDegrees>60.06914</LatitudeDegrees><LongitudeDegrees>18.761532</LongitudeDegrees></Position><AltitudeMeters>-0.701</AltitudeMeters><HeartRateBpm><Value>109</Value></HeartRateBpm></Trackpoint><Trackpoint><Time>2026-05-02T10:07:46.131Z</Time><Position><LatitudeDegrees>60.06917</LatitudeDegrees><LongitudeDegrees>18.761553</LongitudeDegrees></Position><AltitudeMeters>-0.624</AltitudeMeters><HeartRateBpm><Value>109</Value></HeartRateBpm></Trackpoint><Trackpoint><Time>2026-05-02T10:07:47.139Z</Time><Position><LatitudeDegrees>60.069206</LatitudeDegrees><LongitudeDegrees>18.761574</LongitudeDegrees></Position><AltitudeMeters>-0.547</AltitudeMeters><HeartRateBpm><Value>109</Value></HeartRateBpm></Trackpoint><Trackpoint><Time>2026-05-02T10:07:48.148Z</Time><Position><LatitudeDegrees>60.06924</LatitudeDegrees><LongitudeDegrees>18.761595</LongitudeDegrees></Position><AltitudeMeters>-0.605</AltitudeMeters><HeartRateBpm><Value>109</Value></HeartRateBpm></Trackpoint><Trackpoint><Time>2026-05-02T10:09:10.689Z</Time><Position><LatitudeDegrees>60.069275</LatitudeDegrees><LongitudeDegrees>18.761618</LongitudeDegrees></Position><AltitudeMeters>0.227</AltitudeMeters><HeartRateBpm><Value>109</Value></HeartRateBpm></Trackpoint><Trackpoint><Time>2026-05-02T10:09:11.690Z</Time><Position><LatitudeDegrees>60.069313</LatitudeDegrees><LongitudeDegrees>18.761639</LongitudeDegrees></Position><AltitudeMeters>0.116</AltitudeMeters><HeartRateBpm><Value>109</Value></HeartRateBpm></Trackpoint><Trackpoint><Time>2026-05-02T10:09:12.688Z</Time><Position><LatitudeDegrees>60.069347</LatitudeDegrees><LongitudeDegrees>18.761658</LongitudeDegrees></Position><AltitudeMeters>0.004</AltitudeMeters><HeartRateBpm><Value>109</Value></HeartRateBpm></Trackpoint><Trackpoint><Time>2026-05-02T10:09:13.694Z</Time><Position><LatitudeDegrees>60.069374</LatitudeDegrees><LongitudeDegrees>18.76167</LongitudeDegrees></Position><AltitudeMeters>-0.033</AltitudeMeters><HeartRateBpm><Value>108</Value></HeartRateBpm></Trackpoint><Trackpoint><Time>2026-05-02T10:09:14.701Z</Time><Position><LatitudeDegrees>60.069386</LatitudeDegrees><LongitudeDegrees>18.761671</LongitudeDegrees></Position><AltitudeMeters>-0.035</AltitudeMeters><HeartRateBpm><Value>108</Value></HeartRateBpm></Trackpoint><Trackpoint><Time>2026-05-02T10:09:15.710Z</Time><Position><LatitudeDegrees>60.06938</LatitudeDegrees><LongitudeDegrees>18.761663</LongitudeDegrees></Position><AltitudeMeters>-0.055</AltitudeMeters><HeartRateBpm><Value>108</Value></HeartRateBpm></Trackpoint><Trackpoint><Time>2026-05-02T10:09:16.718Z</Time><Position><LatitudeDegrees>60.069378</LatitudeDegrees><LongitudeDegrees>18.761654</LongitudeDegrees></Position><AltitudeMeters>-0.032</AltitudeMeters><HeartRateBpm><Value>107</Value></HeartRateBpm></Trackpoint><Trackpoint><Time>2026-05-02T10:09:17.727Z</Time><Position><LatitudeDegrees>60.06937</LatitudeDegrees><LongitudeDegrees>18.761646</LongitudeDegrees></Position><AltitudeMeters>0.024</AltitudeMeters><HeartRateBpm><Value>107</Value></HeartRateBpm></Trackpoint><Trackpoint><Time>2026-05-02T10:09:18.734Z</Time><Position><LatitudeDegrees>60.06936</LatitudeDegrees><LongitudeDegrees>18.761639</LongitudeDegrees></Position><AltitudeMeters>0.171</AltitudeMeters><HeartRateBpm><Value>107</Value></HeartRateBpm></Trackpoint><Trackpoint><Time>2026-05-02T10:09:19.744Z</Time><Position><LatitudeDegrees>60.06935</LatitudeDegrees><LongitudeDegrees>18.761631</LongitudeDegrees></Position><AltitudeMeters>0.074</AltitudeMeters><HeartRateBpm><Value>107</Value></HeartRateBpm></Trackpoint><Trackpoint><Time>2026-05-02T10:09:20.746Z</Time><Position><LatitudeDegrees>60.069344</LatitudeDegrees><LongitudeDegrees>18.761625</LongitudeDegrees></Position><AltitudeMeters>0.017</AltitudeMeters><HeartRateBpm><Value>107</Value></HeartRateBpm></Trackpoint><Trackpoint><Time>2026-05-02T10:09:21.746Z</Time><Position><LatitudeDegrees>60.069332</LatitudeDegrees><LongitudeDegrees>18.761621</LongitudeDegrees></Position><AltitudeMeters>0.014</AltitudeMeters><HeartRateBpm><Value>107</Value></HeartRateBpm></Trackpoint><Trackpoint><Time>2026-05-02T10:09:22.745Z</Time><Position><LatitudeDegrees>60.06932</LatitudeDegrees><LongitudeDegrees>18.761625</LongitudeDegrees></Position><AltitudeMeters>-0.082</AltitudeMeters><HeartRateBpm><Value>107</Value></HeartRateBpm></Trackpoint><Trackpoint><Time>2026-05-02T10:09:23.746Z</Time><Position><LatitudeDegrees>60.069313</LatitudeDegrees><LongitudeDegrees>18.761623</LongitudeDegrees></Position><AltitudeMeters>-0.085</AltitudeMeters><HeartRateBpm><Value>107</Value></HeartRateBpm></Trackpoint></Track></Lap></Activity></Activities></TrainingCenterDatabase>