<?xml version='1.0' encoding='UTF-8' standalone='yes' ?><TrainingCenterDatabase xsi:schemaLocation="http://www.garmin.com/xmlschemas/TrainingCenterDatabase/v2 http://www.garmin.com/xmlschemas/TrainingCenterDatabasev2.xsd" xmlns:ns5="http://www.garmin.com/xmlschemas/ActivityGoals/v1" xmlns:ns3="http://www.garmin.com/xmlschemas/ActivityExtension/v2" xmlns:ns2="http://www.garmin.com/xmlschemas/UserProfile/v2" xmlns="http://www.garmin.com/xmlschemas/TrainingCenterDatabase/v2" xmlns:xsi="http://www.w3.org/2001/XMLSchema-instance" xmlns:ns4="http://www.garmin.com/xmlschemas/ProfileExtension/v1"><Activities><Activity Sport="WALKING"><Id>2026-05-01T20:12:27.463Z</Id><Author><Name>Samsung Health</Name></Author><Lap StartTime="2026-05-01T20:12:27.463Z"><TotalTimeSeconds>1226</TotalTimeSeconds><DistanceMeters>1538.629</DistanceMeters><Calories>131</Calories><MaximumSpeed>1.5403962</MaximumSpeed><AverageHeartRateBpm><Value>115</Value></AverageHeartRateBpm><MaximumHeartRateBpm><Value>135</Value></MaximumHeartRateBpm><Intensity>Active</Intensity><TriggerMethod>Manual</TriggerMethod><Track><Trackpoint><Time>2026-05-01T20:12:38.652Z</Time><Position><LatitudeDegrees>60.068645</LatitudeDegrees><LongitudeDegrees>18.761225</LongitudeDegrees></Position><AltitudeMeters>8.474</AltitudeMeters><HeartRateBpm><Value>98</Value></HeartRateBpm><Cadence>53</Cadence></Trackpoint><Trackpoint><Time>2026-05-01T20:12:39.652Z</Time><Position><LatitudeDegrees>60.068657</LatitudeDegrees><LongitudeDegrees>18.761198</LongitudeDegrees></Position><AltitudeMeters>8.512</AltitudeMeters><HeartRateBpm><Value>98</Value></HeartRateBpm><Cadence>55</Cadence></Trackpoint><Trackpoint><Time>2026-05-01T20:12:40.653Z</Time><Position><LatitudeDegrees>60.06867</LatitudeDegrees><LongitudeDegrees>18.761196</LongitudeDegrees></Position><AltitudeMeters>8.477</AltitudeMeters><HeartRateBpm><Value>98</Value></HeartRateBpm><Cadence>56</Cadence></Trackpoint><Trackpoint><Time>2026-05-01T20:12:41.653Z</Time><Position><LatitudeDegrees>60.068684</LatitudeDegrees><LongitudeDegrees>18.7612</LongitudeDegrees></Position><AltitudeMeters>8.375</AltitudeMeters><HeartRateBpm><Value>98</Value></HeartRateBpm><Cadence>58</Cadence></Trackpoint><Trackpoint><Time>2026-05-01T20:12:42.653Z</Time><Position><LatitudeDegrees>60.0687</LatitudeDegrees><LongitudeDegrees>18.761206</LongitudeDegrees></Position><AltitudeMeters>8.182</AltitudeMeters><HeartRateBpm><Value>98</Value></HeartRateBpm><Cadence>60</Cadence></Trackpoint><Trackpoint><Time>2026-05-01T20:12:43.652Z</Time><Position><LatitudeDegrees>60.06871</LatitudeDegrees><LongitudeDegrees>18.761213</LongitudeDegrees></Position><AltitudeMeters>8.135</AltitudeMeters><HeartRateBpm><Value>98</Value></HeartRateBpm><Cadence>60</Cadence></Trackpoint><Trackpoint><Time>2026-05-01T20:12:44.653Z</Time><Position><LatitudeDegrees>60.06872</LatitudeDegrees><LongitudeDegrees>18.761223</LongitudeDegrees></Position><AltitudeMeters>8.016</AltitudeMeters><HeartRateBpm><Value>98</Value></HeartRateBpm><Cadence>60</Cadence></Trackpoint><Trackpoint><Time>2026-05-01T20:12:45.653Z</Time><Position><LatitudeDegrees>60.068737</LatitudeDegrees><LongitudeDegrees>18.761232</LongitudeDegrees></Position><AltitudeMeters>7.912</AltitudeMeters><HeartRateBpm><Value>98</Value></HeartRateBpm><Cadence>60</Cadence></Trackpoint><Trackpoint><Time>2026-05-01T20:12:46.654Z</Time><Position><LatitudeDegrees>60.068752</LatitudeDegrees><LongitudeDegrees>18.761242</LongitudeDegrees></Position><AltitudeMeters>7.831</AltitudeMeters><HeartRateBpm><Value>98</Value></HeartRateBpm><Cadence>60</Cadence></Trackpoint><Trackpoint><Time>2026-05-01T20:12:47.661Z</Time><Position><LatitudeDegrees>60.068768</LatitudeDegrees><LongitudeDegrees>18.76125</LongitudeDegrees></Position><AltitudeMeters>7.815</AltitudeMeters><HeartRateBpm><Value>99</Value></HeartRateBpm><Cadence>60</Cadence></Trackpoint><Trackpoint><Time>2026-05-01T20:12:48.670Z</Time><Position><LatitudeDegrees>60.06878</LatitudeDegrees><LongitudeDegrees>18.761257</LongitudeDegrees></Position><AltitudeMeters>7.8</AltitudeMeters><HeartRateBpm><Value>98</Value></HeartRateBpm><Cadence>60</Cadence></Trackpoint><Trackpoint><Time>2026-05-01T20:12:49.678Z</Time><Position><LatitudeDegrees>60.06879</LatitudeDegrees><LongitudeDegrees>18.761263</LongitudeDegrees></Position><AltitudeMeters>7.744</AltitudeMeters><HeartRateBpm><Value>98</Value></HeartRateBpm><Cadence>60</Cadence></Trackpoint><Trackpoint><Time>2026-05-01T20:12:50.685Z</Time><Position><LatitudeDegrees>60.0688</LatitudeDegrees><LongitudeDegrees>18.761269</LongitudeDegrees></Position><AltitudeMeters>7.694</AltitudeMeters><HeartRateBpm><Value>98</Value></HeartRateBpm><Cadence>59</Cadence></Trackpoint><Trackpoint><Time>2026-05-01T20:12:51.694Z</Time><Position><LatitudeDegrees>60.068813</LatitudeDegrees><LongitudeDegrees>18.761274</LongitudeDegrees></Position><AltitudeMeters>7.645</AltitudeMeters><HeartRateBpm><Value>98</Value></HeartRateBpm><Cadence>59</Cadence></Trackpoint><Trackpoint><Time>2026-05-01T20:12:52.703Z</Time><Position><LatitudeDegrees>60.06882</LatitudeDegrees><LongitudeDegrees>18.761278</LongitudeDegrees></Position><AltitudeMeters>7.504</AltitudeMeters><HeartRateBpm><Value>98</Value></HeartRateBpm><Cadence>59</Cadence></Trackpoint><Trackpoint><Time>2026-05-01T20:12:53.712Z</Time><Position><LatitudeDegrees>60.06883</LatitudeDegrees><LongitudeDegrees>18.76128</LongitudeDegrees></Position><AltitudeMeters>7.443</AltitudeMeters><HeartRateBpm><Value>98</Value></HeartRateBpm><Cadence>59</Cadence></Trackpoint><Trackpoint><Time>2026-05-01T20:12:54.721Z</Time><Position><LatitudeDegrees>60.068836</LatitudeDegrees><LongitudeDegrees>18.761284</LongitudeDegrees></Position><AltitudeMeters>7.377</AltitudeMeters><HeartRateBpm><Value>98</Value></HeartRateBpm><Cadence>59</Cadence></Trackpoint><Trackpoint><Time>2026-05-01T20:12:55.730Z</Time><Position><LatitudeDegrees>60.06884</LatitudeDegrees><LongitudeDegrees>18.761288</LongitudeDegrees></Position><AltitudeMeters>7.384</AltitudeMeters><HeartRateBpm><Value>98</Value></HeartRateBpm><Cadence>58</Cadence></Trackpoint><Trackpoint><Time>2026-05-01T20:12:56.736Z</Time><Position><LatitudeDegrees>60.068844</LatitudeDegrees><LongitudeDegrees>18.761292</LongitudeDegrees></Position><AltitudeMeters>7.385</AltitudeMeters><HeartRateBpm><Value>98</Value></HeartRateBpm><Cadence>58</Cadence></Trackpoint><Trackpoint><Time>2026-05-01T20:12:57.745Z</Time><Position><LatitudeDegrees>60.06885</LatitudeDegrees><LongitudeDegrees>18.761295</LongitudeDegrees></Position><AltitudeMeters>7.398</AltitudeMeters><HeartRateBpm><Value>97</Value></HeartRateBpm><Cadence>58</Cadence></Trackpoint><Trackpoint><Time>2026-05-01T20:12:58.754Z</Time><Position><LatitudeDegrees>60.068855</LatitudeDegrees><LongitudeDegrees>18.761301</LongitudeDegrees></Position><AltitudeMeters>7.43</AltitudeMeters><HeartRateBpm><Value>97</Value></HeartRateBpm><Cadence>54</Cadence></Trackpoint><Trackpoint><Time>2026-05-01T20:12:59.763Z</Time><Position><LatitudeDegrees>60.06886</LatitudeDegrees><LongitudeDegrees>18.761305</LongitudeDegrees></Position><AltitudeMeters>7.462</AltitudeMeters><HeartRateBpm><Value>97</Value></HeartRateBpm><Cadence>51</Cadence></Trackpoint><Trackpoint><Time>2026-05-01T20:13:00.772Z</Time><Position><LatitudeDegrees>60.068867</LatitudeDegrees><LongitudeDegrees>18.76131</LongitudeDegrees></Position><AltitudeMeters>7.47</AltitudeMeters><HeartRateBpm><Value>97</Value></HeartRateBpm><Cadence>47</Cadence></Trackpoint><Trackpoint><Time>2026-05-01T20:13:01.781Z</Time><Position><LatitudeDegrees>60.06887</LatitudeDegrees><LongitudeDegrees>18.761316</LongitudeDegrees></Position><AltitudeMeters>7.465</AltitudeMeters><HeartRateBpm><Value>97</Value></HeartRateBpm><Cadence>44</Cadence></Trackpoint><Trackpoint><Time>2026-05-01T20:13:02.790Z</Time><Position><LatitudeDegrees>60.06888</LatitudeDegrees><LongitudeDegrees>18.761322</LongitudeDegrees></Position><AltitudeMeters>7.482</AltitudeMeters><HeartRateBpm><Value>97</Value></HeartRateBpm><Cadence>40</Cadence></Trackpoint><Trackpoint><Time>2026-05-01T20:13:03.796Z</Time><Position><LatitudeDegrees>60.068882</LatitudeDegrees><LongitudeDegrees>18.761328</LongitudeDegrees></Position><AltitudeMeters>7.485</AltitudeMeters><HeartRateBpm><Value>96</Value></HeartRateBpm><Cadence>39</Cadence></Trackpoint><Trackpoint><Time>2026-05-01T20:13:04.804Z</Time><Position><LatitudeDegrees>60.06889</LatitudeDegrees><LongitudeDegrees>18.76133</LongitudeDegrees></Position><AltitudeMeters>7.478</AltitudeMeters><HeartRateBpm><Value>96</Value></HeartRateBpm><Cadence>39</Cadence></Trackpoint><Trackpoint><Time>2026-05-01T20:13:05.812Z</Time><Position><LatitudeDegrees>60.068893</LatitudeDegrees><LongitudeDegrees>18.761332</LongitudeDegrees></Position><AltitudeMeters>7.512</AltitudeMeters><HeartRateBpm><Value>95</Value></HeartRateBpm><Cadence>38</Cadence></Trackpoint><Trackpoint><Time>2026-05-01T20:13:19.362Z</Time><Position><LatitudeDegrees>60.068893</LatitudeDegrees><LongitudeDegrees>18.761332</LongitudeDegrees></Position><AltitudeMeters>7.512</AltitudeMeters><HeartRateBpm><Value>87</Value></HeartRateBpm><Cadence>31</Cadence></Trackpoint><Trackpoint><Time>2026-05-01T20:13:20.363Z</Time><Position><LatitudeDegrees>60.068893</LatitudeDegrees><LongitudeDegrees>18.761337</LongitudeDegrees></Position><AltitudeMeters>7.379</AltitudeMeters><HeartRateBpm><Value>87</Value></HeartRateBpm><Cadence>30</Cadence></Trackpoint><Trackpoint><Time>2026-05-01T20:13:21.364Z</Time><Position><LatitudeDegrees>60.068893</LatitudeDegrees><LongitudeDegrees>18.761345</LongitudeDegrees></Position><AltitudeMeters>7.311</AltitudeMeters><HeartRateBpm><Value>87</Value></HeartRateBpm><Cadence>30</Cadence></Trackpoint><Trackpoint><Time>2026-05-01T20:13:22.365Z</Time><Position><LatitudeDegrees>60.0689</LatitudeDegrees><LongitudeDegrees>18.761354</LongitudeDegrees></Position><AltitudeMeters>7.311</AltitudeMeters><HeartRateBpm><Value>87</Value></HeartRateBpm><Cadence>29</Cadence></Trackpoint><Trackpoint><Time>2026-05-01T20:13:23.370Z</Time><Position><LatitudeDegrees>60.06891</LatitudeDegrees><LongitudeDegrees>18.761362</LongitudeDegrees></Position><AltitudeMeters>7.216</AltitudeMeters><HeartRateBpm><Value>87</Value></HeartRateBpm><Cadence>29</Cadence></Trackpoint><Trackpoint><Time>2026-05-01T20:13:24.377Z</Time><Position><LatitudeDegrees>60.068916</LatitudeDegrees><LongitudeDegrees>18.761372</LongitudeDegrees></Position><AltitudeMeters>7.129</AltitudeMeters><HeartRateBpm><Value>88</Value></HeartRateBpm><Cadence>28</Cadence></Trackpoint><Trackpoint><Time>2026-05-01T20:13:25.385Z</Time><Position><LatitudeDegrees>60.068924</LatitudeDegrees><LongitudeDegrees>18.76138</LongitudeDegrees></Position><AltitudeMeters>7.058</AltitudeMeters><HeartRateBpm><Value>88</Value></HeartRateBpm><Cadence>28</Cadence></Trackpoint><Trackpoint><Time>2026-05-01T20:13:26.393Z</Time><Position><LatitudeDegrees>60.068935</LatitudeDegrees><LongitudeDegrees>18.761387</LongitudeDegrees></Position><AltitudeMeters>7.007</AltitudeMeters><HeartRateBpm><Value>88</Value></HeartRateBpm><Cadence>27</Cadence></Trackpoint><Trackpoint><Time>2026-05-01T20:13:27.401Z</Time><Position><LatitudeDegrees>60.068943</LatitudeDegrees><LongitudeDegrees>18.761396</LongitudeDegrees></Position><AltitudeMeters>6.962</AltitudeMeters><HeartRateBpm><Value>89</Value></HeartRateBpm><Cadence>33</Cadence></Trackpoint><Trackpoint><Time>2026-05-01T20:13:28.410Z</Time><Position><LatitudeDegrees>60.068954</LatitudeDegrees><LongitudeDegrees>18.761404</LongitudeDegrees></Position><AltitudeMeters>6.921</AltitudeMeters><HeartRateBpm><Value>89</Value></HeartRateBpm><Cadence>39</Cadence></Trackpoint><Trackpoint><Time>2026-05-01T20:13:29.416Z</Time><Position><LatitudeDegrees>60.068966</LatitudeDegrees><LongitudeDegrees>18.76141</LongitudeDegrees></Position><AltitudeMeters>6.79</AltitudeMeters><HeartRateBpm><Value>89</Value></HeartRateBpm><Cadence>45</Cadence></Trackpoint><Trackpoint><Time>2026-05-01T20:13:30.425Z</Time><Position><LatitudeDegrees>60.068974</LatitudeDegrees><LongitudeDegrees>18.761417</LongitudeDegrees></Position><AltitudeMeters>6.742</AltitudeMeters><HeartRateBpm><Value>89</Value></HeartRateBpm><Cadence>51</Cadence></Trackpoint><Trackpoint><Time>2026-05-01T20:13:31.434Z</Time><Position><LatitudeDegrees>60.068985</LatitudeDegrees><LongitudeDegrees>18.761423</LongitudeDegrees></Position><AltitudeMeters>6.754</AltitudeMeters><HeartRateBpm><Value>89</Value></HeartRateBpm><Cadence>57</Cadence></Trackpoint><Trackpoint><Time>2026-05-01T20:13:32.443Z</Time><Position><LatitudeDegrees>60.068996</LatitudeDegrees><LongitudeDegrees>18.761429</LongitudeDegrees></Position><AltitudeMeters>6.717</AltitudeMeters><HeartRateBpm><Value>89</Value></HeartRateBpm><Cadence>57</Cadence></Trackpoint><Trackpoint><Time>2026-05-01T20:13:33.452Z</Time><Position><LatitudeDegrees>60.069008</LatitudeDegrees><LongitudeDegrees>18.761435</LongitudeDegrees></Position><AltitudeMeters>6.685</AltitudeMeters><HeartRateBpm><Value>89</Value></HeartRateBpm><Cadence>57</Cadence></Trackpoint><Trackpoint><Time>2026-05-01T20:13:34.460Z</Time><Position><LatitudeDegrees>60.06902</LatitudeDegrees><LongitudeDegrees>18.761442</LongitudeDegrees></Position><AltitudeMeters>6.716</AltitudeMeters><HeartRateBpm><Value>89</Value></HeartRateBpm><Cadence>58</Cadence></Trackpoint><Trackpoint><Time>2026-05-01T20:13:35.466Z</Time><Position><LatitudeDegrees>60.06903</LatitudeDegrees><LongitudeDegrees>18.761448</LongitudeDegrees></Position><AltitudeMeters>6.77</AltitudeMeters><HeartRateBpm><Value>90</Value></HeartRateBpm><Cadence>58</Cadence></Trackpoint><Trackpoint><Time>2026-05-01T20:13:36.474Z</Time><Position><LatitudeDegrees>60.069042</LatitudeDegrees><LongitudeDegrees>18.761454</LongitudeDegrees></Position><AltitudeMeters>6.782</AltitudeMeters><HeartRateBpm><Value>90</Value></HeartRateBpm><Cadence>59</Cadence></Trackpoint><Trackpoint><Time>2026-05-01T20:13:37.483Z</Time><Position><LatitudeDegrees>60.069054</LatitudeDegrees><LongitudeDegrees>18.76146</LongitudeDegrees></Position><AltitudeMeters>6.792</AltitudeMeters><HeartRateBpm><Value>90</Value></HeartRateBpm><Cadence>59</Cadence></Trackpoint><Trackpoint><Time>2026-05-01T20:13:38.492Z</Time><Position><LatitudeDegrees>60.069065</LatitudeDegrees><LongitudeDegrees>18.761465</LongitudeDegrees></Position><AltitudeMeters>6.802</AltitudeMeters><HeartRateBpm><Value>90</Value></HeartRateBpm><Cadence>59</Cadence></Trackpoint><Trackpoint><Time>2026-05-01T20:13:39.500Z</Time><Position><LatitudeDegrees>60.06908</LatitudeDegrees><LongitudeDegrees>18.76147</LongitudeDegrees></Position><AltitudeMeters>6.804</AltitudeMeters><HeartRateBpm><Value>90</Value></HeartRateBpm><Cadence>59</Cadence></Trackpoint><Trackpoint><Time>2026-05-01T20:13:40.507Z</Time><Position><LatitudeDegrees>60.06909</LatitudeDegrees><LongitudeDegrees>18.761477</LongitudeDegrees></Position><AltitudeMeters>6.871</AltitudeMeters><HeartRateBpm><Value>91</Value></HeartRateBpm><Cadence>60</Cadence></Trackpoint><Trackpoint><Time>2026-05-01T20:13:41.515Z</Time><Position><LatitudeDegrees>60.069103</LatitudeDegrees><LongitudeDegrees>18.761484</LongitudeDegrees></Position><AltitudeMeters>6.846</AltitudeMeters><HeartRateBpm><Value>90</Value></HeartRateBpm><Cadence>60</Cadence></Trackpoint><Trackpoint><Time>2026-05-01T20:13:42.524Z</Time><Position><LatitudeDegrees>60.06912</LatitudeDegrees><LongitudeDegrees>18.76149</LongitudeDegrees></Position><AltitudeMeters>6.848</AltitudeMeters><HeartRateBpm><Value>90</Value></HeartRateBpm><Cadence>60</Cadence></Trackpoint><Trackpoint><Time>2026-05-01T20:13:43.532Z</Time><Position><LatitudeDegrees>60.06913</LatitudeDegrees><LongitudeDegrees>18.761497</LongitudeDegrees></Position><AltitudeMeters>6.849</AltitudeMeters><HeartRateBpm><Value>90</Value></HeartRateBpm><Cadence>60</Cadence></Trackpoint><Trackpoint><Time>2026-05-01T20:13:44.541Z</Time><Position><LatitudeDegrees>60.06914</LatitudeDegrees><LongitudeDegrees>18.761505</LongitudeDegrees></Position><AltitudeMeters>6.862</AltitudeMeters><HeartRateBpm><Value>91</Value></HeartRateBpm><Cadence>60</Cadence></Trackpoint><Trackpoint><Time>2026-05-01T20:13:45.550Z</Time><Position><LatitudeDegrees>60.069153</LatitudeDegrees><LongitudeDegrees>18.761515</LongitudeDegrees></Position><AltitudeMeters>6.847</AltitudeMeters><HeartRateBpm><Value>91</Value></HeartRateBpm><Cadence>60</Cadence></Trackpoint><Trackpoint><Time>2026-05-01T20:13:46.556Z</Time><Position><LatitudeDegrees>60.069164</LatitudeDegrees><LongitudeDegrees>18.761522</LongitudeDegrees></Position><AltitudeMeters>6.889</AltitudeMeters><HeartRateBpm><Value>91</Value></HeartRateBpm><Cadence>60</Cadence></Trackpoint><Trackpoint><Time>2026-05-01T20:13:47.565Z</Time><Position><LatitudeDegrees>60.069176</LatitudeDegrees><LongitudeDegrees>18.76153</LongitudeDegrees></Position><AltitudeMeters>6.9</AltitudeMeters><HeartRateBpm><Value>91</Value></HeartRateBpm><Cadence>59</Cadence></Trackpoint><Trackpoint><Time>2026-05-01T20:13:48.568Z</Time><Position><LatitudeDegrees>60.069187</LatitudeDegrees><LongitudeDegrees>18.761538</LongitudeDegrees></Position><AltitudeMeters>6.886</AltitudeMeters><HeartRateBpm><Value>91</Value></HeartRateBpm><Cadence>59</Cadence></Trackpoint><Trackpoint><Time>2026-05-01T20:13:49.576Z</Time><Position><LatitudeDegrees>60.069202</LatitudeDegrees><LongitudeDegrees>18.761545</LongitudeDegrees></Position><AltitudeMeters>6.861</AltitudeMeters><HeartRateBpm><Value>91</Value></HeartRateBpm><Cadence>59</Cadence></Trackpoint><Trackpoint><Time>2026-05-01T20:13:50.584Z</Time><Position><LatitudeDegrees>60.069214</LatitudeDegrees><LongitudeDegrees>18.76155</LongitudeDegrees></Position><AltitudeMeters>6.823</AltitudeMeters><HeartRateBpm><Value>92</Value></HeartRateBpm><Cadence>59</Cadence></Trackpoint><Trackpoint><Time>2026-05-01T20:13:51.593Z</Time><Position><LatitudeDegrees>60.069225</LatitudeDegrees><LongitudeDegrees>18.761559</LongitudeDegrees></Position><AltitudeMeters>6.887</AltitudeMeters><HeartRateBpm><Value>92</Value></HeartRateBpm><Cadence>59</Cadence></Trackpoint><Trackpoint><Time>2026-05-01T20:13:52.601Z</Time><Position><LatitudeDegrees>60.069237</LatitudeDegrees><LongitudeDegrees>18.761566</LongitudeDegrees></Position><AltitudeMeters>6.874</AltitudeMeters><HeartRateBpm><Value>92</Value></HeartRateBpm><Cadence>59</Cadence></Trackpoint><Trackpoint><Time>2026-05-01T20:13:53.610Z</Time><Position><LatitudeDegrees>60.06925</LatitudeDegrees><LongitudeDegrees>18.761574</LongitudeDegrees></Position><AltitudeMeters>6.954</AltitudeMeters><HeartRateBpm><Value>92</Value></HeartRateBpm><Cadence>58</Cadence></Trackpoint><Trackpoint><Time>2026-05-01T20:13:54.619Z</Time><Position><LatitudeDegrees>60.06926</LatitudeDegrees><LongitudeDegrees>18.761581</LongitudeDegrees></Position><AltitudeMeters>6.997</AltitudeMeters><HeartRateBpm><Value>93</Value></HeartRateBpm><Cadence>58</Cadence></Trackpoint><Trackpoint><Time>2026-05-01T20:13:55.626Z</Time><Position><LatitudeDegrees>60.069275</LatitudeDegrees><LongitudeDegrees>18.76159</LongitudeDegrees></Position><AltitudeMeters>7.059</AltitudeMeters><HeartRateBpm><Value>93</Value></HeartRateBpm><Cadence>58</Cadence></Trackpoint><Trackpoint><Time>2026-05-01T20:13:56.635Z</Time><Position><LatitudeDegrees>60.069286</LatitudeDegrees><LongitudeDegrees>18.761597</LongitudeDegrees></Position><AltitudeMeters>7.142</AltitudeMeters><HeartRateBpm><Value>93</Value></HeartRateBpm><Cadence>58</Cadence></Trackpoint><Trackpoint><Time>2026-05-01T20:13:57.643Z</Time><Position><LatitudeDegrees>60.069298</LatitudeDegrees><LongitudeDegrees>18.761604</LongitudeDegrees></Position><AltitudeMeters>7.191</AltitudeMeters><HeartRateBpm><Value>94</Value></HeartRateBpm><Cadence>58</Cadence></Trackpoint><Trackpoint><Time>2026-05-01T20:13:58.652Z</Time><Position><LatitudeDegrees>60.06931</LatitudeDegrees><LongitudeDegrees>18.761612</LongitudeDegrees></Position><AltitudeMeters>7.236</AltitudeMeters><HeartRateBpm><Value>94</Value></HeartRateBpm><Cadence>59</Cadence></Trackpoint><Trackpoint><Time>2026-05-01T20:13:59.660Z</Time><Position><LatitudeDegrees>60.06932</LatitudeDegrees><LongitudeDegrees>18.761621</LongitudeDegrees></Position><AltitudeMeters>7.264</AltitudeMeters><HeartRateBpm><Value>94</Value></HeartRateBpm><Cadence>59</Cadence></Trackpoint><Trackpoint><Time>2026-05-01T20:14:00.667Z</Time><Position><LatitudeDegrees>60.069332</LatitudeDegrees><LongitudeDegrees>18.76163</LongitudeDegrees></Position><AltitudeMeters>7.294</AltitudeMeters><HeartRateBpm><Value>94</Value></HeartRateBpm><Cadence>59</Cadence></Trackpoint><Trackpoint><Time>2026-05-01T20:14:01.676Z</Time><Position><LatitudeDegrees>60.069344</LatitudeDegrees><LongitudeDegrees>18.761637</LongitudeDegrees></Position><AltitudeMeters>7.33</AltitudeMeters><HeartRateBpm><Value>95</Value></HeartRateBpm><Cadence>59</Cadence></Trackpoint><Trackpoint><Time>2026-05-01T20:14:02.684Z</Time><Position><LatitudeDegrees>60.069355</LatitudeDegrees><LongitudeDegrees>18.761644</LongitudeDegrees></Position><AltitudeMeters>7.346</AltitudeMeters><HeartRateBpm><Value>96</Value></HeartRateBpm><Cadence>59</Cadence></Trackpoint><Trackpoint><Time>2026-05-01T20:14:03.693Z</Time><Position><LatitudeDegrees>60.069363</LatitudeDegrees><LongitudeDegrees>18.761652</LongitudeDegrees></Position><AltitudeMeters>7.379</AltitudeMeters><HeartRateBpm><Value>96</Value></HeartRateBpm><Cadence>59</Cadence></Trackpoint><Trackpoint><Time>2026-05-01T20:14:04.702Z</Time><Position><LatitudeDegrees>60.069374</LatitudeDegrees><LongitudeDegrees>18.76166</LongitudeDegrees></Position><AltitudeMeters>7.392</AltitudeMeters><HeartRateBpm><Value>96</Value></HeartRateBpm><Cadence>59</Cadence></Trackpoint><Trackpoint><Time>2026-05-01T20:14:05.711Z</Time><Position><LatitudeDegrees>60.069386</LatitudeDegrees><LongitudeDegrees>18.761667</LongitudeDegrees></Position><AltitudeMeters>7.456</AltitudeMeters><HeartRateBpm><Value>96</Value></HeartRateBpm><Cadence>59</Cadence></Trackpoint><Trackpoint><Time>2026-05-01T20:14:06.718Z</Time><Position><LatitudeDegrees>60.069397</LatitudeDegrees><LongitudeDegrees>18.761675</LongitudeDegrees></Position><AltitudeMeters>7.476</AltitudeMeters><HeartRateBpm><Value>96</Value></HeartRateBpm><Cadence>59</Cadence></Trackpoint><Trackpoint><Time>2026-05-01T20:14:07.727Z</Time><Position><LatitudeDegrees>60.06941</LatitudeDegrees><LongitudeDegrees>18.761683</LongitudeDegrees></Position><AltitudeMeters>7.46</AltitudeMeters><HeartRateBpm><Value>96</Value></HeartRateBpm><Cadence>59</Cadence></Trackpoint><Trackpoint><Time>2026-05-01T20:14:08.735Z</Time><Position><LatitudeDegrees>60.069424</LatitudeDegrees><LongitudeDegrees>18.76169</LongitudeDegrees></Position><AltitudeMeters>7.487</AltitudeMeters><HeartRateBpm><Value>97</Value></HeartRateBpm><Cadence>59</Cadence></Trackpoint><Trackpoint><Time>2026-05-01T20:14:09.744Z</Time><Position><LatitudeDegrees>60.069435</LatitudeDegrees><LongitudeDegrees>18.761696</LongitudeDegrees></Position><AltitudeMeters>7.485</AltitudeMeters><HeartRateBpm><Value>98</Value></HeartRateBpm><Cadence>59</Cadence></Trackpoint><Trackpoint><Time>2026-05-01T20:14:10.752Z</Time><Position><LatitudeDegrees>60.069447</LatitudeDegrees><LongitudeDegrees>18.761702</LongitudeDegrees></Position><AltitudeMeters>7.485</AltitudeMeters><HeartRateBpm><Value>99</Value></HeartRateBpm><Cadence>59</Cadence></Trackpoint><Trackpoint><Time>2026-05-01T20:14:11.762Z</Time><Position><LatitudeDegrees>60.069458</LatitudeDegrees><LongitudeDegrees>18.761707</LongitudeDegrees></Position><AltitudeMeters>7.483</AltitudeMeters><HeartRateBpm><Value>98</Value></HeartRateBpm><Cadence>59</Cadence></Trackpoint><Trackpoint><Time>2026-05-01T20:14:12.771Z</Time><Position><LatitudeDegrees>60.069473</LatitudeDegrees><LongitudeDegrees>18.761713</LongitudeDegrees></Position><AltitudeMeters>7.528</AltitudeMeters><HeartRateBpm><Value>98</Value></HeartRateBpm><Cadence>59</Cadence></Trackpoint><Trackpoint><Time>2026-05-01T20:14:13.777Z</Time><Position><LatitudeDegrees>60.069485</LatitudeDegrees><LongitudeDegrees>18.761719</LongitudeDegrees></Position><AltitudeMeters>7.555</AltitudeMeters><HeartRateBpm><Value>98</Value></HeartRateBpm><Cadence>60</Cadence></Trackpoint><Trackpoint><Time>2026-05-01T20:14:14.786Z</Time><Position><LatitudeDegrees>60.069496</LatitudeDegrees><LongitudeDegrees>18.761723</LongitudeDegrees></Position><AltitudeMeters>7.566</AltitudeMeters><HeartRateBpm><Value>98</Value></HeartRateBpm><Cadence>60</Cadence></Trackpoint><Trackpoint><Time>2026-05-01T20:14:15.795Z</Time><Position><LatitudeDegrees>60.06951</LatitudeDegrees><LongitudeDegrees>18.761726</LongitudeDegrees></Position><AltitudeMeters>7.616</AltitudeMeters><HeartRateBpm><Value>98</Value></HeartRateBpm><Cadence>60</Cadence></Trackpoint><Trackpoint><Time>2026-05-01T20:14:16.804Z</Time><Position><LatitudeDegrees>60.069523</LatitudeDegrees><LongitudeDegrees>18.76173</LongitudeDegrees></Position><AltitudeMeters>7.574</AltitudeMeters><HeartRateBpm><Value>98</Value></HeartRateBpm><Cadence>60</Cadence></Trackpoint><Trackpoint><Time>2026-05-01T20:14:17.812Z</Time><Position><LatitudeDegrees>60.06954</LatitudeDegrees><LongitudeDegrees>18.761734</LongitudeDegrees></Position><AltitudeMeters>7.535</AltitudeMeters><HeartRateBpm><Value>98</Value></HeartRateBpm><Cadence>59</Cadence></Trackpoint><Trackpoint><Time>2026-05-01T20:14:18.820Z</Time><Position><LatitudeDegrees>60.069553</LatitudeDegrees><LongitudeDegrees>18.761738</LongitudeDegrees></Position><AltitudeMeters>7.526</AltitudeMeters><HeartRateBpm><Value>99</Value></HeartRateBpm><Cadence>59</Cadence></Trackpoint><Trackpoint><Time>2026-05-01T20:14:19.827Z</Time><Position><LatitudeDegrees>60.069565</LatitudeDegrees><LongitudeDegrees>18.761742</LongitudeDegrees></Position><AltitudeMeters>7.559</AltitudeMeters><HeartRateBpm><Value>100</Value></HeartRateBpm><Cadence>59</Cadence></Trackpoint><Trackpoint><Time>2026-05-01T20:14:20.835Z</Time><Position><LatitudeDegrees>60.06958</LatitudeDegrees><LongitudeDegrees>18.761745</LongitudeDegrees></Position><AltitudeMeters>7.594</AltitudeMeters><HeartRateBpm><Value>101</Value></HeartRateBpm><Cadence>59</Cadence></Trackpoint><Trackpoint><Time>2026-05-01T20:14:21.844Z</Time><Position><LatitudeDegrees>60.06959</LatitudeDegrees><LongitudeDegrees>18.761751</LongitudeDegrees></Position><AltitudeMeters>7.622</AltitudeMeters><HeartRateBpm><Value>101</Value></HeartRateBpm><Cadence>59</Cadence></Trackpoint><Trackpoint><Time>2026-05-01T20:14:22.853Z</Time><Position><LatitudeDegrees>60.069607</LatitudeDegrees><LongitudeDegrees>18.761757</LongitudeDegrees></Position><AltitudeMeters>7.661</AltitudeMeters><HeartRateBpm><Value>100</Value></HeartRateBpm><Cadence>59</Cadence></Trackpoint><Trackpoint><Time>2026-05-01T20:14:23.861Z</Time><Position><LatitudeDegrees>60.06962</LatitudeDegrees><LongitudeDegrees>18.761763</LongitudeDegrees></Position><AltitudeMeters>7.67</AltitudeMeters><HeartRateBpm><Value>100</Value></HeartRateBpm><Cadence>59</Cadence></Trackpoint><Trackpoint><Time>2026-05-01T20:14:24.869Z</Time><Position><LatitudeDegrees>60.069633</LatitudeDegrees><LongitudeDegrees>18.761768</LongitudeDegrees></Position><AltitudeMeters>7.673</AltitudeMeters><HeartRateBpm><Value>100</Value></HeartRateBpm><Cadence>59</Cadence></Trackpoint><Trackpoint><Time>2026-05-01T20:14:25.878Z</Time><Position><LatitudeDegrees>60.069645</LatitudeDegrees><LongitudeDegrees>18.761776</LongitudeDegrees></Position><AltitudeMeters>7.784</AltitudeMeters><HeartRateBpm><Value>99</Value></HeartRateBpm><Cadence>59</Cadence></Trackpoint><Trackpoint><Time>2026-05-01T20:14:26.881Z</Time><Position><LatitudeDegrees>60.069656</LatitudeDegrees><LongitudeDegrees>18.761784</LongitudeDegrees></Position><AltitudeMeters>7.753</AltitudeMeters><HeartRateBpm><Value>99</Value></HeartRateBpm><Cadence>58</Cadence></Trackpoint><Trackpoint><Time>2026-05-01T20:14:27.884Z</Time><Position><LatitudeDegrees>60.069668</LatitudeDegrees><LongitudeDegrees>18.761791</LongitudeDegrees></Position><AltitudeMeters>7.786</AltitudeMeters><HeartRateBpm><Value>99</Value></HeartRateBpm><Cadence>58</Cadence></Trackpoint><Trackpoint><Time>2026-05-01T20:14:28.887Z</Time><Position><LatitudeDegrees>60.06968</LatitudeDegrees><LongitudeDegrees>18.761799</LongitudeDegrees></Position><AltitudeMeters>7.759</AltitudeMeters><HeartRateBpm><Value>99</Value></HeartRateBpm><Cadence>58</Cadence></Trackpoint><Trackpoint><Time>2026-05-01T20:14:29.891Z</Time><Position><LatitudeDegrees>60.06969</LatitudeDegrees><LongitudeDegrees>18.761806</LongitudeDegrees></Position><AltitudeMeters>7.773</AltitudeMeters><HeartRateBpm><Value>99</Value></HeartRateBpm><Cadence>58</Cadence></Trackpoint><Trackpoint><Time>2026-05-01T20:14:30.898Z</Time><Position><LatitudeDegrees>60.069702</LatitudeDegrees><LongitudeDegrees>18.761814</LongitudeDegrees></Position><AltitudeMeters>7.807</AltitudeMeters><HeartRateBpm><Value>99</Value></HeartRateBpm><Cadence>58</Cadence></Trackpoint><Trackpoint><Time>2026-05-01T20:14:31.905Z</Time><Position><LatitudeDegrees>60.069714</LatitudeDegrees><LongitudeDegrees>18.76182</LongitudeDegrees></Position><AltitudeMeters>7.84</AltitudeMeters><HeartRateBpm><Value>99</Value></HeartRateBpm><Cadence>58</Cadence></Trackpoint><Trackpoint><Time>2026-05-01T20:14:32.913Z</Time><Position><LatitudeDegrees>60.06972</LatitudeDegrees><LongitudeDegrees>18.761826</LongitudeDegrees></Position><AltitudeMeters>7.893</AltitudeMeters><HeartRateBpm><Value>100</Value></HeartRateBpm><Cadence>57</Cadence></Trackpoint><Trackpoint><Time>2026-05-01T20:14:33.922Z</Time><Position><LatitudeDegrees>60.069733</LatitudeDegrees><LongitudeDegrees>18.76183</LongitudeDegrees></Position><AltitudeMeters>7.938</AltitudeMeters><HeartRateBpm><Value>100</Value></HeartRateBpm><Cadence>57</Cadence></Trackpoint><Trackpoint><Time>2026-05-01T20:14:34.931Z</Time><Position><LatitudeDegrees>60.069744</LatitudeDegrees><LongitudeDegrees>18.761831</LongitudeDegrees></Position><AltitudeMeters>7.985</AltitudeMeters><HeartRateBpm><Value>100</Value></HeartRateBpm><Cadence>56</Cadence></Trackpoint><Trackpoint><Time>2026-05-01T20:14:35.937Z</Time><Position><LatitudeDegrees>60.069756</LatitudeDegrees><LongitudeDegrees>18.761837</LongitudeDegrees></Position><AltitudeMeters>8.034</AltitudeMeters><HeartRateBpm><Value>101</Value></HeartRateBpm><Cadence>56</Cadence></Trackpoint><Trackpoint><Time>2026-05-01T20:14:36.945Z</Time><Position><LatitudeDegrees>60.069767</LatitudeDegrees><LongitudeDegrees>18.76184</LongitudeDegrees></Position><AltitudeMeters>8.108</AltitudeMeters><HeartRateBpm><Value>101</Value></HeartRateBpm><Cadence>56</Cadence></Trackpoint><Trackpoint><Time>2026-05-01T20:14:37.954Z</Time><Position><LatitudeDegrees>60.06978</LatitudeDegrees><LongitudeDegrees>18.761847</LongitudeDegrees></Position><AltitudeMeters>8.138</AltitudeMeters><HeartRateBpm><Value>101</Value></HeartRateBpm><Cadence>56</Cadence></Trackpoint><Trackpoint><Time>2026-05-01T20:14:38.962Z</Time><Position><LatitudeDegrees>60.06979</LatitudeDegrees><LongitudeDegrees>18.76185</LongitudeDegrees></Position><AltitudeMeters>8.186</AltitudeMeters><HeartRateBpm><Value>101</Value></HeartRateBpm><Cadence>56</Cadence></Trackpoint><Trackpoint><Time>2026-05-01T20:14:39.971Z</Time><Position><LatitudeDegrees>60.0698</LatitudeDegrees><LongitudeDegrees>18.761856</LongitudeDegrees></Position><AltitudeMeters>8.17</AltitudeMeters><HeartRateBpm><Value>102</Value></HeartRateBpm><Cadence>56</Cadence></Trackpoint><Trackpoint><Time>2026-05-01T20:14:40.978Z</Time><Position><LatitudeDegrees>60.06981</LatitudeDegrees><LongitudeDegrees>18.76186</LongitudeDegrees></Position><AltitudeMeters>8.222</AltitudeMeters><HeartRateBpm><Value>102</Value></HeartRateBpm><Cadence>57</Cadence></Trackpoint><Trackpoint><Time>2026-05-01T20:14:41.980Z</Time><Position><LatitudeDegrees>60.06982</LatitudeDegrees><LongitudeDegrees>18.761868</LongitudeDegrees></Position><AltitudeMeters>8.351</AltitudeMeters><HeartRateBpm><Value>102</Value></HeartRateBpm><Cadence>57</Cadence></Trackpoint><Trackpoint><Time>2026-05-01T20:14:42.980Z</Time><Position><LatitudeDegrees>60.06983</LatitudeDegrees><LongitudeDegrees>18.761873</LongitudeDegrees></Position><AltitudeMeters>8.374</AltitudeMeters><HeartRateBpm><Value>102</Value></HeartRateBpm><Cadence>57</Cadence></Trackpoint><Trackpoint><Time>2026-05-01T20:14:43.982Z</Time><Position><LatitudeDegrees>60.069843</LatitudeDegrees><LongitudeDegrees>18.761879</LongitudeDegrees></Position><AltitudeMeters>8.392</AltitudeMeters><HeartRateBpm><Value>103</Value></HeartRateBpm><Cadence>58</Cadence></Trackpoint><Trackpoint><Time>2026-05-01T20:14:44.992Z</Time><Position><LatitudeDegrees>60.069855</LatitudeDegrees><LongitudeDegrees>18.761883</LongitudeDegrees></Position><AltitudeMeters>8.511</AltitudeMeters><HeartRateBpm><Value>103</Value></HeartRateBpm><Cadence>58</Cadence></Trackpoint><Trackpoint><Time>2026-05-01T20:14:45.999Z</Time><Position><LatitudeDegrees>60.069866</LatitudeDegrees><LongitudeDegrees>18.761885</LongitudeDegrees></Position><AltitudeMeters>8.536</AltitudeMeters><HeartRateBpm><Value>103</Value></HeartRateBpm><Cadence>58</Cadence></Trackpoint><Trackpoint><Time>2026-05-01T20:14:47.006Z</Time><Position><LatitudeDegrees>60.069878</LatitudeDegrees><LongitudeDegrees>18.761887</LongitudeDegrees></Position><AltitudeMeters>8.51</AltitudeMeters><HeartRateBpm><Value>104</Value></HeartRateBpm><Cadence>58</Cadence></Trackpoint><Trackpoint><Time>2026-05-01T20:14:48.015Z</Time><Position><LatitudeDegrees>60.069885</LatitudeDegrees><LongitudeDegrees>18.761889</LongitudeDegrees></Position><AltitudeMeters>8.515</AltitudeMeters><HeartRateBpm><Value>104</Value></HeartRateBpm><Cadence>58</Cadence></Trackpoint><Trackpoint><Time>2026-05-01T20:14:49.023Z</Time><Position><LatitudeDegrees>60.069897</LatitudeDegrees><LongitudeDegrees>18.76189</LongitudeDegrees></Position><AltitudeMeters>8.543</AltitudeMeters><HeartRateBpm><Value>104</Value></HeartRateBpm><Cadence>58</Cadence></Trackpoint><Trackpoint><Time>2026-05-01T20:14:50.031Z</Time><Position><LatitudeDegrees>60.06991</LatitudeDegrees><LongitudeDegrees>18.761892</LongitudeDegrees></Position><AltitudeMeters>8.643</AltitudeMeters><HeartRateBpm><Value>104</Value></HeartRateBpm><Cadence>58</Cadence></Trackpoint><Trackpoint><Time>2026-05-01T20:14:51.039Z</Time><Position><LatitudeDegrees>60.06992</LatitudeDegrees><LongitudeDegrees>18.761894</LongitudeDegrees></Position><AltitudeMeters>8.833</AltitudeMeters><HeartRateBpm><Value>105</Value></HeartRateBpm><Cadence>58</Cadence></Trackpoint><Trackpoint><Time>2026-05-01T20:14:52.046Z</Time><Position><LatitudeDegrees>60.06993</LatitudeDegrees><LongitudeDegrees>18.761894</LongitudeDegrees></Position><AltitudeMeters>8.863</AltitudeMeters><HeartRateBpm><Value>105</Value></HeartRateBpm><Cadence>58</Cadence></Trackpoint><Trackpoint><Time>2026-05-01T20:14:53.054Z</Time><Position><LatitudeDegrees>60.069942</LatitudeDegrees><LongitudeDegrees>18.761896</LongitudeDegrees></Position><AltitudeMeters>8.907</AltitudeMeters><HeartRateBpm><Value>105</Value></HeartRateBpm><Cadence>58</Cadence></Trackpoint><Trackpoint><Time>2026-05-01T20:14:54.063Z</Time><Position><LatitudeDegrees>60.06995</LatitudeDegrees><LongitudeDegrees>18.761898</LongitudeDegrees></Position><AltitudeMeters>8.885</AltitudeMeters><HeartRateBpm><Value>105</Value></HeartRateBpm><Cadence>58</Cadence></Trackpoint><Trackpoint><Time>2026-05-01T20:14:55.072Z</Time><Position><LatitudeDegrees>60.06996</LatitudeDegrees><LongitudeDegrees>18.761898</LongitudeDegrees></Position><AltitudeMeters>8.928</AltitudeMeters><HeartRateBpm><Value>105</Value></HeartRateBpm><Cadence>58</Cadence></Trackpoint><Trackpoint><Time>2026-05-01T20:14:56.080Z</Time><Position><LatitudeDegrees>60.069973</LatitudeDegrees><LongitudeDegrees>18.7619</LongitudeDegrees></Position><AltitudeMeters>9.008</AltitudeMeters><HeartRateBpm><Value>105</Value></HeartRateBpm><Cadence>58</Cadence></Trackpoint><Trackpoint><Time>2026-05-01T20:14:57.087Z</Time><Position><LatitudeDegrees>60.069984</LatitudeDegrees><LongitudeDegrees>18.7619</LongitudeDegrees></Position><AltitudeMeters>9.065</AltitudeMeters><HeartRateBpm><Value>105</Value></HeartRateBpm><Cadence>58</Cadence></Trackpoint><Trackpoint><Time>2026-05-01T20:14:58.096Z</Time><Position><LatitudeDegrees>60.069992</LatitudeDegrees><LongitudeDegrees>18.7619</LongitudeDegrees></Position><AltitudeMeters>9.184</AltitudeMeters><HeartRateBpm><Value>105</Value></HeartRateBpm><Cadence>57</Cadence></Trackpoint><Trackpoint><Time>2026-05-01T20:14:59.104Z</Time><Position><LatitudeDegrees>60.070004</LatitudeDegrees><LongitudeDegrees>18.761902</LongitudeDegrees></Position><AltitudeMeters>9.218</AltitudeMeters><HeartRateBpm><Value>105</Value></HeartRateBpm><Cadence>57</Cadence></Trackpoint><Trackpoint><Time>2026-05-01T20:15:00.112Z</Time><Position><LatitudeDegrees>60.070015</LatitudeDegrees><LongitudeDegrees>18.761902</LongitudeDegrees></Position><AltitudeMeters>9.293</AltitudeMeters><HeartRateBpm><Value>105</Value></HeartRateBpm><Cadence>57</Cadence></Trackpoint><Trackpoint><Time>2026-05-01T20:15:01.114Z</Time><Position><LatitudeDegrees>60.070023</LatitudeDegrees><LongitudeDegrees>18.761902</LongitudeDegrees></Position><AltitudeMeters>9.401</AltitudeMeters><HeartRateBpm><Value>105</Value></HeartRateBpm><Cadence>57</Cadence></Trackpoint><Trackpoint><Time>2026-05-01T20:15:02.124Z</Time><Position><LatitudeDegrees>60.070034</LatitudeDegrees><LongitudeDegrees>18.7619</LongitudeDegrees></Position><AltitudeMeters>9.484</AltitudeMeters><HeartRateBpm><Value>105</Value></HeartRateBpm><Cadence>57</Cadence></Trackpoint><Trackpoint><Time>2026-05-01T20:15:03.132Z</Time><Position><LatitudeDegrees>60.070045</LatitudeDegrees><LongitudeDegrees>18.7619</LongitudeDegrees></Position><AltitudeMeters>9.466</AltitudeMeters><HeartRateBpm><Value>105</Value></HeartRateBpm><Cadence>57</Cadence></Trackpoint><Trackpoint><Time>2026-05-01T20:15:04.142Z</Time><Position><LatitudeDegrees>60.070053</LatitudeDegrees><LongitudeDegrees>18.761898</LongitudeDegrees></Position><AltitudeMeters>9.517</AltitudeMeters><HeartRateBpm><Value>105</Value></HeartRateBpm><Cadence>57</Cadence></Trackpoint><Trackpoint><Time>2026-05-01T20:15:05.151Z</Time><Position><LatitudeDegrees>60.070065</LatitudeDegrees><LongitudeDegrees>18.761896</LongitudeDegrees></Position><AltitudeMeters>9.634</AltitudeMeters><HeartRateBpm><Value>105</Value></HeartRateBpm><Cadence>57</Cadence></Trackpoint><Trackpoint><Time>2026-05-01T20:15:06.158Z</Time><Position><LatitudeDegrees>60.070076</LatitudeDegrees><LongitudeDegrees>18.761894</LongitudeDegrees></Position><AltitudeMeters>9.784</AltitudeMeters><HeartRateBpm><Value>105</Value></HeartRateBpm><Cadence>57</Cadence></Trackpoint><Trackpoint><Time>2026-05-01T20:15:07.166Z</Time><Position><LatitudeDegrees>60.070084</LatitudeDegrees><LongitudeDegrees>18.761892</LongitudeDegrees></Position><AltitudeMeters>9.977</AltitudeMeters><HeartRateBpm><Value>105</Value></HeartRateBpm><Cadence>56</Cadence></Trackpoint><Trackpoint><Time>2026-05-01T20:15:08.175Z</Time><Position><LatitudeDegrees>60.070095</LatitudeDegrees><LongitudeDegrees>18.761889</LongitudeDegrees></Position><AltitudeMeters>10.016</AltitudeMeters><HeartRateBpm><Value>105</Value></HeartRateBpm><Cadence>56</Cadence></Trackpoint><Trackpoint><Time>2026-05-01T20:15:09.183Z</Time><Position><LatitudeDegrees>60.070107</LatitudeDegrees><LongitudeDegrees>18.761885</LongitudeDegrees></Position><AltitudeMeters>10.011</AltitudeMeters><HeartRateBpm><Value>104</Value></HeartRateBpm><Cadence>56</Cadence></Trackpoint><Trackpoint><Time>2026-05-01T20:15:10.192Z</Time><Position><LatitudeDegrees>60.070114</LatitudeDegrees><LongitudeDegrees>18.76188</LongitudeDegrees></Position><AltitudeMeters>10.024</AltitudeMeters><HeartRateBpm><Value>104</Value></HeartRateBpm><Cadence>56</Cadence></Trackpoint><Trackpoint><Time>2026-05-01T20:15:11.201Z</Time><Position><LatitudeDegrees>60.070126</LatitudeDegrees><LongitudeDegrees>18.761877</LongitudeDegrees></Position><AltitudeMeters>10.121</AltitudeMeters><HeartRateBpm><Value>104</Value></HeartRateBpm><Cadence>56</Cadence></Trackpoint><Trackpoint><Time>2026-05-01T20:15:12.207Z</Time><Position><LatitudeDegrees>60.070133</LatitudeDegrees><LongitudeDegrees>18.761871</LongitudeDegrees></Position><AltitudeMeters>10.205</AltitudeMeters><HeartRateBpm><Value>104</Value></HeartRateBpm><Cadence>55</Cadence></Trackpoint><Trackpoint><Time>2026-05-01T20:15:13.216Z</Time><Position><LatitudeDegrees>60.070145</LatitudeDegrees><LongitudeDegrees>18.761866</LongitudeDegrees></Position><AltitudeMeters>10.24</AltitudeMeters><HeartRateBpm><Value>104</Value></HeartRateBpm><Cadence>55</Cadence></Trackpoint><Trackpoint><Time>2026-05-01T20:15:14.224Z</Time><Position><LatitudeDegrees>60.070156</LatitudeDegrees><LongitudeDegrees>18.76186</LongitudeDegrees></Position><AltitudeMeters>10.334</AltitudeMeters><HeartRateBpm><Value>104</Value></HeartRateBpm><Cadence>55</Cadence></Trackpoint><Trackpoint><Time>2026-05-01T20:15:15.233Z</Time><Position><LatitudeDegrees>60.070164</LatitudeDegrees><LongitudeDegrees>18.761854</LongitudeDegrees></Position><AltitudeMeters>10.385</AltitudeMeters><HeartRateBpm><Value>104</Value></HeartRateBpm><Cadence>55</Cadence></Trackpoint><Trackpoint><Time>2026-05-01T20:15:16.242Z</Time><Position><LatitudeDegrees>60.070175</LatitudeDegrees><LongitudeDegrees>18.761848</LongitudeDegrees></Position><AltitudeMeters>10.451</AltitudeMeters><HeartRateBpm><Value>105</Value></HeartRateBpm><Cadence>55</Cadence></Trackpoint><Trackpoint><Time>2026-05-01T20:15:17.250Z</Time><Position><LatitudeDegrees>60.070183</LatitudeDegrees><LongitudeDegrees>18.76184</LongitudeDegrees></Position><AltitudeMeters>10.541</AltitudeMeters><HeartRateBpm><Value>105</Value></HeartRateBpm><Cadence>54</Cadence></Trackpoint><Trackpoint><Time>2026-05-01T20:15:18.255Z</Time><Position><LatitudeDegrees>60.070194</LatitudeDegrees><LongitudeDegrees>18.761835</LongitudeDegrees></Position><AltitudeMeters>10.675</AltitudeMeters><HeartRateBpm><Value>105</Value></HeartRateBpm><Cadence>54</Cadence></Trackpoint><Trackpoint><Time>2026-05-01T20:15:19.261Z</Time><Position><LatitudeDegrees>60.0702</LatitudeDegrees><LongitudeDegrees>18.761827</LongitudeDegrees></Position><AltitudeMeters>10.795</AltitudeMeters><HeartRateBpm><Value>105</Value></HeartRateBpm><Cadence>54</Cadence></Trackpoint><Trackpoint><Time>2026-05-01T20:15:20.271Z</Time><Position><LatitudeDegrees>60.070213</LatitudeDegrees><LongitudeDegrees>18.761822</LongitudeDegrees></Position><AltitudeMeters>10.868</AltitudeMeters><HeartRateBpm><Value>105</Value></HeartRateBpm><Cadence>54</Cadence></Trackpoint><Trackpoint><Time>2026-05-01T20:15:21.277Z</Time><Position><LatitudeDegrees>60.07022</LatitudeDegrees><LongitudeDegrees>18.761814</LongitudeDegrees></Position><AltitudeMeters>10.978</AltitudeMeters><HeartRateBpm><Value>106</Value></HeartRateBpm><Cadence>54</Cadence></Trackpoint><Trackpoint><Time>2026-05-01T20:15:22.286Z</Time><Position><LatitudeDegrees>60.070232</LatitudeDegrees><LongitudeDegrees>18.761806</LongitudeDegrees></Position><AltitudeMeters>11.113</AltitudeMeters><HeartRateBpm><Value>106</Value></HeartRateBpm><Cadence>53</Cadence></Trackpoint><Trackpoint><Time>2026-05-01T20:15:23.293Z</Time><Position><LatitudeDegrees>60.07024</LatitudeDegrees><LongitudeDegrees>18.761799</LongitudeDegrees></Position><AltitudeMeters>11.18</AltitudeMeters><HeartRateBpm><Value>106</Value></HeartRateBpm><Cadence>53</Cadence></Trackpoint><Trackpoint><Time>2026-05-01T20:15:24.301Z</Time><Position><LatitudeDegrees>60.07025</LatitudeDegrees><LongitudeDegrees>18.761791</LongitudeDegrees></Position><AltitudeMeters>11.254</AltitudeMeters><HeartRateBpm><Value>106</Value></HeartRateBpm><Cadence>52</Cadence></Trackpoint><Trackpoint><Time>2026-05-01T20:15:25.308Z</Time><Position><LatitudeDegrees>60.07026</LatitudeDegrees><LongitudeDegrees>18.761784</LongitudeDegrees></Position><AltitudeMeters>11.362</AltitudeMeters><HeartRateBpm><Value>106</Value></HeartRateBpm><Cadence>52</Cadence></Trackpoint><Trackpoint><Time>2026-05-01T20:15:26.317Z</Time><Position><LatitudeDegrees>60.07027</LatitudeDegrees><LongitudeDegrees>18.761778</LongitudeDegrees></Position><AltitudeMeters>11.432</AltitudeMeters><HeartRateBpm><Value>106</Value></HeartRateBpm><Cadence>51</Cadence></Trackpoint><Trackpoint><Time>2026-05-01T20:15:27.326Z</Time><Position><LatitudeDegrees>60.07028</LatitudeDegrees><LongitudeDegrees>18.76177</LongitudeDegrees></Position><AltitudeMeters>11.506</AltitudeMeters><HeartRateBpm><Value>106</Value></HeartRateBpm><Cadence>51</Cadence></Trackpoint><Trackpoint><Time>2026-05-01T20:15:28.335Z</Time><Position><LatitudeDegrees>60.07029</LatitudeDegrees><LongitudeDegrees>18.761763</LongitudeDegrees></Position><AltitudeMeters>11.562</AltitudeMeters><HeartRateBpm><Value>106</Value></HeartRateBpm><Cadence>51</Cadence></Trackpoint><Trackpoint><Time>2026-05-01T20:15:29.343Z</Time><Position><LatitudeDegrees>60.0703</LatitudeDegrees><LongitudeDegrees>18.761755</LongitudeDegrees></Position><AltitudeMeters>11.634</AltitudeMeters><HeartRateBpm><Value>106</Value></HeartRateBpm><Cadence>51</Cadence></Trackpoint><Trackpoint><Time>2026-05-01T20:15:30.351Z</Time><Position><LatitudeDegrees>60.07031</LatitudeDegrees><LongitudeDegrees>18.761747</LongitudeDegrees></Position><AltitudeMeters>11.696</AltitudeMeters><HeartRateBpm><Value>106</Value></HeartRateBpm><Cadence>51</Cadence></Trackpoint><Trackpoint><Time>2026-05-01T20:15:31.360Z</Time><Position><LatitudeDegrees>60.07032</LatitudeDegrees><LongitudeDegrees>18.76174</LongitudeDegrees></Position><AltitudeMeters>11.802</AltitudeMeters><HeartRateBpm><Value>106</Value></HeartRateBpm><Cadence>51</Cadence></Trackpoint><Trackpoint><Time>2026-05-01T20:15:32.367Z</Time><Position><LatitudeDegrees>60.07033</LatitudeDegrees><LongitudeDegrees>18.761734</LongitudeDegrees></Position><AltitudeMeters>11.876</AltitudeMeters><HeartRateBpm><Value>105</Value></HeartRateBpm><Cadence>52</Cadence></Trackpoint><Trackpoint><Time>2026-05-01T20:15:33.375Z</Time><Position><LatitudeDegrees>60.070343</LatitudeDegrees><LongitudeDegrees>18.761728</LongitudeDegrees></Position><AltitudeMeters>11.942</AltitudeMeters><HeartRateBpm><Value>105</Value></HeartRateBpm><Cadence>52</Cadence></Trackpoint><Trackpoint><Time>2026-05-01T20:15:34.383Z</Time><Position><LatitudeDegrees>60.070354</LatitudeDegrees><LongitudeDegrees>18.761723</LongitudeDegrees></Position><AltitudeMeters>11.95</AltitudeMeters><HeartRateBpm><Value>105</Value></HeartRateBpm><Cadence>53</Cadence></Trackpoint><Trackpoint><Time>2026-05-01T20:15:35.392Z</Time><Position><LatitudeDegrees>60.070362</LatitudeDegrees><LongitudeDegrees>18.761715</LongitudeDegrees></Position><AltitudeMeters>11.986</AltitudeMeters><HeartRateBpm><Value>105</Value></HeartRateBpm><Cadence>53</Cadence></Trackpoint><Trackpoint><Time>2026-05-01T20:15:36.400Z</Time><Position><LatitudeDegrees>60.070374</LatitudeDegrees><LongitudeDegrees>18.761711</LongitudeDegrees></Position><AltitudeMeters>12.038</AltitudeMeters><HeartRateBpm><Value>105</Value></HeartRateBpm><Cadence>54</Cadence></Trackpoint><Trackpoint><Time>2026-05-01T20:15:37.407Z</Time><Position><LatitudeDegrees>60.070385</LatitudeDegrees><LongitudeDegrees>18.761705</LongitudeDegrees></Position><AltitudeMeters>12.049</AltitudeMeters><HeartRateBpm><Value>105</Value></HeartRateBpm><Cadence>54</Cadence></Trackpoint><Trackpoint><Time>2026-05-01T20:15:38.415Z</Time><Position><LatitudeDegrees>60.070396</LatitudeDegrees><LongitudeDegrees>18.7617</LongitudeDegrees></Position><AltitudeMeters>12.084</AltitudeMeters><HeartRateBpm><Value>105</Value></HeartRateBpm><Cadence>54</Cadence></Trackpoint><Trackpoint><Time>2026-05-01T20:15:39.424Z</Time><Position><LatitudeDegrees>60.07041</LatitudeDegrees><LongitudeDegrees>18.761696</LongitudeDegrees></Position><AltitudeMeters>12.13</AltitudeMeters><HeartRateBpm><Value>105</Value></HeartRateBpm><Cadence>54</Cadence></Trackpoint><Trackpoint><Time>2026-05-01T20:15:40.429Z</Time><Position><LatitudeDegrees>60.070423</LatitudeDegrees><LongitudeDegrees>18.761692</LongitudeDegrees></Position><AltitudeMeters>12.167</AltitudeMeters><HeartRateBpm><Value>105</Value></HeartRateBpm><Cadence>54</Cadence></Trackpoint><Trackpoint><Time>2026-05-01T20:15:41.429Z</Time><Position><LatitudeDegrees>60.070435</LatitudeDegrees><LongitudeDegrees>18.761686</LongitudeDegrees></Position><AltitudeMeters>12.175</AltitudeMeters><HeartRateBpm><Value>105</Value></HeartRateBpm><Cadence>55</Cadence></Trackpoint><Trackpoint><Time>2026-05-01T20:15:42.429Z</Time><Position><LatitudeDegrees>60.070446</LatitudeDegrees><LongitudeDegrees>18.761683</LongitudeDegrees></Position><AltitudeMeters>12.203</AltitudeMeters><HeartRateBpm><Value>106</Value></HeartRateBpm><Cadence>55</Cadence></Trackpoint><Trackpoint><Time>2026-05-01T20:15:43.436Z</Time><Position><LatitudeDegrees>60.070457</LatitudeDegrees><LongitudeDegrees>18.76168</LongitudeDegrees></Position><AltitudeMeters>12.253</AltitudeMeters><HeartRateBpm><Value>105</Value></HeartRateBpm><Cadence>55</Cadence></Trackpoint><Trackpoint><Time>2026-05-01T20:15:44.444Z</Time><Position><LatitudeDegrees>60.070473</LatitudeDegrees><LongitudeDegrees>18.761677</LongitudeDegrees></Position><AltitudeMeters>12.269</AltitudeMeters><HeartRateBpm><Value>106</Value></HeartRateBpm><Cadence>54</Cadence></Trackpoint><Trackpoint><Time>2026-05-01T20:15:45.453Z</Time><Position><LatitudeDegrees>60.070484</LatitudeDegrees><LongitudeDegrees>18.761673</LongitudeDegrees></Position><AltitudeMeters>12.291</AltitudeMeters><HeartRateBpm><Value>106</Value></HeartRateBpm><Cadence>54</Cadence></Trackpoint><Trackpoint><Time>2026-05-01T20:15:46.461Z</Time><Position><LatitudeDegrees>60.070496</LatitudeDegrees><LongitudeDegrees>18.761671</LongitudeDegrees></Position><AltitudeMeters>12.32</AltitudeMeters><HeartRateBpm><Value>106</Value></HeartRateBpm><Cadence>54</Cadence></Trackpoint><Trackpoint><Time>2026-05-01T20:15:47.470Z</Time><Position><LatitudeDegrees>60.070507</LatitudeDegrees><LongitudeDegrees>18.76167</LongitudeDegrees></Position><AltitudeMeters>12.381</AltitudeMeters><HeartRateBpm><Value>106</Value></HeartRateBpm><Cadence>54</Cadence></Trackpoint><Trackpoint><Time>2026-05-01T20:15:48.477Z</Time><Position><LatitudeDegrees>60.07052</LatitudeDegrees><LongitudeDegrees>18.761667</LongitudeDegrees></Position><AltitudeMeters>12.383</AltitudeMeters><HeartRateBpm><Value>107</Value></HeartRateBpm><Cadence>54</Cadence></Trackpoint><Trackpoint><Time>2026-05-01T20:15:49.485Z</Time><Position><LatitudeDegrees>60.07053</LatitudeDegrees><LongitudeDegrees>18.761665</LongitudeDegrees></Position><AltitudeMeters>12.363</AltitudeMeters><HeartRateBpm><Value>107</Value></HeartRateBpm><Cadence>54</Cadence></Trackpoint><Trackpoint><Time>2026-05-01T20:15:50.494Z</Time><Position><LatitudeDegrees>60.07054</LatitudeDegrees><LongitudeDegrees>18.761663</LongitudeDegrees></Position><AltitudeMeters>12.349</AltitudeMeters><HeartRateBpm><Value>107</Value></HeartRateBpm><Cadence>54</Cadence></Trackpoint><Trackpoint><Time>2026-05-01T20:15:51.502Z</Time><Position><LatitudeDegrees>60.070553</LatitudeDegrees><LongitudeDegrees>18.761663</LongitudeDegrees></Position><AltitudeMeters>12.353</AltitudeMeters><HeartRateBpm><Value>108</Value></HeartRateBpm><Cadence>54</Cadence></Trackpoint><Trackpoint><Time>2026-05-01T20:15:52.511Z</Time><Position><LatitudeDegrees>60.070564</LatitudeDegrees><LongitudeDegrees>18.761662</LongitudeDegrees></Position><AltitudeMeters>12.335</AltitudeMeters><HeartRateBpm><Value>108</Value></HeartRateBpm><Cadence>54</Cadence></Trackpoint><Trackpoint><Time>2026-05-01T20:15:53.518Z</Time><Position><LatitudeDegrees>60.070576</LatitudeDegrees><LongitudeDegrees>18.761662</LongitudeDegrees></Position><AltitudeMeters>12.331</AltitudeMeters><HeartRateBpm><Value>109</Value></HeartRateBpm><Cadence>54</Cadence></Trackpoint><Trackpoint><Time>2026-05-01T20:15:54.525Z</Time><Position><LatitudeDegrees>60.070587</LatitudeDegrees><LongitudeDegrees>18.76166</LongitudeDegrees></Position><AltitudeMeters>12.332</AltitudeMeters><HeartRateBpm><Value>109</Value></HeartRateBpm><Cadence>54</Cadence></Trackpoint><Trackpoint><Time>2026-05-01T20:15:55.533Z</Time><Position><LatitudeDegrees>60.0706</LatitudeDegrees><LongitudeDegrees>18.76166</LongitudeDegrees></Position><AltitudeMeters>12.299</AltitudeMeters><HeartRateBpm><Value>109</Value></HeartRateBpm><Cadence>54</Cadence></Trackpoint><Trackpoint><Time>2026-05-01T20:15:56.541Z</Time><Position><LatitudeDegrees>60.07061</LatitudeDegrees><LongitudeDegrees>18.76166</LongitudeDegrees></Position><AltitudeMeters>12.29</AltitudeMeters><HeartRateBpm><Value>110</Value></HeartRateBpm><Cadence>55</Cadence></Trackpoint><Trackpoint><Time>2026-05-01T20:15:57.550Z</Time><Position><LatitudeDegrees>60.07062</LatitudeDegrees><LongitudeDegrees>18.76166</LongitudeDegrees></Position><AltitudeMeters>12.226</AltitudeMeters><HeartRateBpm><Value>110</Value></HeartRateBpm><Cadence>55</Cadence></Trackpoint><Trackpoint><Time>2026-05-01T20:15:58.557Z</Time><Position><LatitudeDegrees>60.070633</LatitudeDegrees><LongitudeDegrees>18.76166</LongitudeDegrees></Position><AltitudeMeters>12.226</AltitudeMeters><HeartRateBpm><Value>110</Value></HeartRateBpm><Cadence>55</Cadence></Trackpoint><Trackpoint><Time>2026-05-01T20:15:59.564Z</Time><Position><LatitudeDegrees>60.070644</LatitudeDegrees><LongitudeDegrees>18.76166</LongitudeDegrees></Position><AltitudeMeters>12.274</AltitudeMeters><HeartRateBpm><Value>111</Value></HeartRateBpm><Cadence>56</Cadence></Trackpoint><Trackpoint><Time>2026-05-01T20:16:00.573Z</Time><Position><LatitudeDegrees>60.070656</LatitudeDegrees><LongitudeDegrees>18.76166</LongitudeDegrees></Position><AltitudeMeters>12.285</AltitudeMeters><HeartRateBpm><Value>111</Value></HeartRateBpm><Cadence>56</Cadence></Trackpoint><Trackpoint><Time>2026-05-01T20:16:01.582Z</Time><Position><LatitudeDegrees>60.070667</LatitudeDegrees><LongitudeDegrees>18.76166</LongitudeDegrees></Position><AltitudeMeters>12.325</AltitudeMeters><HeartRateBpm><Value>111</Value></HeartRateBpm><Cadence>56</Cadence></Trackpoint><Trackpoint><Time>2026-05-01T20:16:02.591Z</Time><Position><LatitudeDegrees>60.07068</LatitudeDegrees><LongitudeDegrees>18.76166</LongitudeDegrees></Position><AltitudeMeters>12.316</AltitudeMeters><HeartRateBpm><Value>111</Value></HeartRateBpm><Cadence>56</Cadence></Trackpoint><Trackpoint><Time>2026-05-01T20:16:03.598Z</Time><Position><LatitudeDegrees>60.07069</LatitudeDegrees><LongitudeDegrees>18.76166</LongitudeDegrees></Position><AltitudeMeters>12.319</AltitudeMeters><HeartRateBpm><Value>111</Value></HeartRateBpm><Cadence>57</Cadence></Trackpoint><Trackpoint><Time>2026-05-01T20:16:04.606Z</Time><Position><LatitudeDegrees>60.0707</LatitudeDegrees><LongitudeDegrees>18.761656</LongitudeDegrees></Position><AltitudeMeters>12.373</AltitudeMeters><HeartRateBpm><Value>111</Value></HeartRateBpm><Cadence>57</Cadence></Trackpoint><Trackpoint><Time>2026-05-01T20:16:05.615Z</Time><Position><LatitudeDegrees>60.070717</LatitudeDegrees><LongitudeDegrees>18.761654</LongitudeDegrees></Position><AltitudeMeters>12.392</AltitudeMeters><HeartRateBpm><Value>111</Value></HeartRateBpm><Cadence>57</Cadence></Trackpoint><Trackpoint><Time>2026-05-01T20:16:06.623Z</Time><Position><LatitudeDegrees>60.07073</LatitudeDegrees><LongitudeDegrees>18.761652</LongitudeDegrees></Position><AltitudeMeters>12.414</AltitudeMeters><HeartRateBpm><Value>112</Value></HeartRateBpm><Cadence>57</Cadence></Trackpoint><Trackpoint><Time>2026-05-01T20:16:07.632Z</Time><Position><LatitudeDegrees>60.07074</LatitudeDegrees><LongitudeDegrees>18.76165</LongitudeDegrees></Position><AltitudeMeters>12.46</AltitudeMeters><HeartRateBpm><Value>112</Value></HeartRateBpm><Cadence>57</Cadence></Trackpoint><Trackpoint><Time>2026-05-01T20:16:08.641Z</Time><Position><LatitudeDegrees>60.07075</LatitudeDegrees><LongitudeDegrees>18.761648</LongitudeDegrees></Position><AltitudeMeters>12.531</AltitudeMeters><HeartRateBpm><Value>112</Value></HeartRateBpm><Cadence>58</Cadence></Trackpoint><Trackpoint><Time>2026-05-01T20:16:09.647Z</Time><Position><LatitudeDegrees>60.070763</LatitudeDegrees><LongitudeDegrees>18.761646</LongitudeDegrees></Position><AltitudeMeters>12.539</AltitudeMeters><HeartRateBpm><Value>113</Value></HeartRateBpm><Cadence>58</Cadence></Trackpoint><Trackpoint><Time>2026-05-01T20:16:10.656Z</Time><Position><LatitudeDegrees>60.070774</LatitudeDegrees><LongitudeDegrees>18.761646</LongitudeDegrees></Position><AltitudeMeters>12.585</AltitudeMeters><HeartRateBpm><Value>113</Value></HeartRateBpm><Cadence>58</Cadence></Trackpoint><Trackpoint><Time>2026-05-01T20:16:11.665Z</Time><Position><LatitudeDegrees>60.070786</LatitudeDegrees><LongitudeDegrees>18.761644</LongitudeDegrees></Position><AltitudeMeters>12.663</AltitudeMeters><HeartRateBpm><Value>113</Value></HeartRateBpm><Cadence>58</Cadence></Trackpoint><Trackpoint><Time>2026-05-01T20:16:12.673Z</Time><Position><LatitudeDegrees>60.070797</LatitudeDegrees><LongitudeDegrees>18.761642</LongitudeDegrees></Position><AltitudeMeters>12.757</AltitudeMeters><HeartRateBpm><Value>114</Value></HeartRateBpm><Cadence>57</Cadence></Trackpoint><Trackpoint><Time>2026-05-01T20:16:13.682Z</Time><Position><LatitudeDegrees>60.07081</LatitudeDegrees><LongitudeDegrees>18.761642</LongitudeDegrees></Position><AltitudeMeters>12.793</AltitudeMeters><HeartRateBpm><Value>114</Value></HeartRateBpm><Cadence>57</Cadence></Trackpoint><Trackpoint><Time>2026-05-01T20:16:14.691Z</Time><Position><LatitudeDegrees>60.07082</LatitudeDegrees><LongitudeDegrees>18.76164</LongitudeDegrees></Position><AltitudeMeters>12.83</AltitudeMeters><HeartRateBpm><Value>114</Value></HeartRateBpm><Cadence>57</Cadence></Trackpoint><Trackpoint><Time>2026-05-01T20:16:15.697Z</Time><Position><LatitudeDegrees>60.07083</LatitudeDegrees><LongitudeDegrees>18.761639</LongitudeDegrees></Position><AltitudeMeters>12.964</AltitudeMeters><HeartRateBpm><Value>114</Value></HeartRateBpm><Cadence>57</Cadence></Trackpoint><Trackpoint><Time>2026-05-01T20:16:16.705Z</Time><Position><LatitudeDegrees>60.070843</LatitudeDegrees><LongitudeDegrees>18.761637</LongitudeDegrees></Position><AltitudeMeters>13.091</AltitudeMeters><HeartRateBpm><Value>114</Value></HeartRateBpm><Cadence>57</Cadence></Trackpoint><Trackpoint><Time>2026-05-01T20:16:17.713Z</Time><Position><LatitudeDegrees>60.070854</LatitudeDegrees><LongitudeDegrees>18.761635</LongitudeDegrees></Position><AltitudeMeters>13.201</AltitudeMeters><HeartRateBpm><Value>114</Value></HeartRateBpm><Cadence>56</Cadence></Trackpoint><Trackpoint><Time>2026-05-01T20:16:18.722Z</Time><Position><LatitudeDegrees>60.070866</LatitudeDegrees><LongitudeDegrees>18.761633</LongitudeDegrees></Position><AltitudeMeters>13.246</AltitudeMeters><HeartRateBpm><Value>114</Value></HeartRateBpm><Cadence>56</Cadence></Trackpoint><Trackpoint><Time>2026-05-01T20:16:19.731Z</Time><Position><LatitudeDegrees>60.070877</LatitudeDegrees><LongitudeDegrees>18.761631</LongitudeDegrees></Position><AltitudeMeters>13.317</AltitudeMeters><HeartRateBpm><Value>114</Value></HeartRateBpm><Cadence>55</Cadence></Trackpoint><Trackpoint><Time>2026-05-01T20:16:20.740Z</Time><Position><LatitudeDegrees>60.07089</LatitudeDegrees><LongitudeDegrees>18.761631</LongitudeDegrees></Position><AltitudeMeters>13.407</AltitudeMeters><HeartRateBpm><Value>114</Value></HeartRateBpm><Cadence>55</Cadence></Trackpoint><Trackpoint><Time>2026-05-01T20:16:21.747Z</Time><Position><LatitudeDegrees>60.0709</LatitudeDegrees><LongitudeDegrees>18.76163</LongitudeDegrees></Position><AltitudeMeters>13.501</AltitudeMeters><HeartRateBpm><Value>114</Value></HeartRateBpm><Cadence>55</Cadence></Trackpoint><Trackpoint><Time>2026-05-01T20:16:22.756Z</Time><Position><LatitudeDegrees>60.07091</LatitudeDegrees><LongitudeDegrees>18.761627</LongitudeDegrees></Position><AltitudeMeters>13.584</AltitudeMeters><HeartRateBpm><Value>114</Value></HeartRateBpm><Cadence>54</Cadence></Trackpoint><Trackpoint><Time>2026-05-01T20:16:23.761Z</Time><Position><LatitudeDegrees>60.070923</LatitudeDegrees><LongitudeDegrees>18.761625</LongitudeDegrees></Position><AltitudeMeters>13.656</AltitudeMeters><HeartRateBpm><Value>114</Value></HeartRateBpm><Cadence>54</Cadence></Trackpoint><Trackpoint><Time>2026-05-01T20:16:24.767Z</Time><Position><LatitudeDegrees>60.070934</LatitudeDegrees><LongitudeDegrees>18.761623</LongitudeDegrees></Position><AltitudeMeters>13.7</AltitudeMeters><HeartRateBpm><Value>114</Value></HeartRateBpm><Cadence>54</Cadence></Trackpoint><Trackpoint><Time>2026-05-01T20:16:25.776Z</Time><Position><LatitudeDegrees>60.070946</LatitudeDegrees><LongitudeDegrees>18.761621</LongitudeDegrees></Position><AltitudeMeters>13.672</AltitudeMeters><HeartRateBpm><Value>113</Value></HeartRateBpm><Cadence>53</Cadence></Trackpoint><Trackpoint><Time>2026-05-01T20:16:26.784Z</Time><Position><LatitudeDegrees>60.070957</LatitudeDegrees><LongitudeDegrees>18.761618</LongitudeDegrees></Position><AltitudeMeters>13.648</AltitudeMeters><HeartRateBpm><Value>114</Value></HeartRateBpm><Cadence>53</Cadence></Trackpoint><Trackpoint><Time>2026-05-01T20:16:27.792Z</Time><Position><LatitudeDegrees>60.07097</LatitudeDegrees><LongitudeDegrees>18.761616</LongitudeDegrees></Position><AltitudeMeters>13.574</AltitudeMeters><HeartRateBpm><Value>114</Value></HeartRateBpm><Cadence>53</Cadence></Trackpoint><Trackpoint><Time>2026-05-01T20:16:28.801Z</Time><Position><LatitudeDegrees>60.07098</LatitudeDegrees><LongitudeDegrees>18.761614</LongitudeDegrees></Position><AltitudeMeters>13.527</AltitudeMeters><HeartRateBpm><Value>114</Value></HeartRateBpm><Cadence>53</Cadence></Trackpoint><Trackpoint><Time>2026-05-01T20:16:29.807Z</Time><Position><LatitudeDegrees>60.07099</LatitudeDegrees><LongitudeDegrees>18.761612</LongitudeDegrees></Position><AltitudeMeters>13.544</AltitudeMeters><HeartRateBpm><Value>114</Value></HeartRateBpm><Cadence>53</Cadence></Trackpoint><Trackpoint><Time>2026-05-01T20:16:30.816Z</Time><Position><LatitudeDegrees>60.071003</LatitudeDegrees><LongitudeDegrees>18.76161</LongitudeDegrees></Position><AltitudeMeters>13.494</AltitudeMeters><HeartRateBpm><Value>114</Value></HeartRateBpm><Cadence>53</Cadence></Trackpoint><Trackpoint><Time>2026-05-01T20:16:31.825Z</Time><Position><LatitudeDegrees>60.071014</LatitudeDegrees><LongitudeDegrees>18.761608</LongitudeDegrees></Position><AltitudeMeters>13.387</AltitudeMeters><HeartRateBpm><Value>114</Value></HeartRateBpm><Cadence>53</Cadence></Trackpoint><Trackpoint><Time>2026-05-01T20:16:32.833Z</Time><Position><LatitudeDegrees>60.071026</LatitudeDegrees><LongitudeDegrees>18.761606</LongitudeDegrees></Position><AltitudeMeters>13.348</AltitudeMeters><HeartRateBpm><Value>113</Value></HeartRateBpm><Cadence>53</Cadence></Trackpoint><Trackpoint><Time>2026-05-01T20:16:33.842Z</Time><Position><LatitudeDegrees>60.071037</LatitudeDegrees><LongitudeDegrees>18.761604</LongitudeDegrees></Position><AltitudeMeters>13.282</AltitudeMeters><HeartRateBpm><Value>113</Value></HeartRateBpm><Cadence>53</Cadence></Trackpoint><Trackpoint><Time>2026-05-01T20:16:34.850Z</Time><Position><LatitudeDegrees>60.07105</LatitudeDegrees><LongitudeDegrees>18.761602</LongitudeDegrees></Position><AltitudeMeters>13.226</AltitudeMeters><HeartRateBpm><Value>113</Value></HeartRateBpm><Cadence>54</Cadence></Trackpoint><Trackpoint><Time>2026-05-01T20:16:35.857Z</Time><Position><LatitudeDegrees>60.07106</LatitudeDegrees><LongitudeDegrees>18.7616</LongitudeDegrees></Position><AltitudeMeters>13.216</AltitudeMeters><HeartRateBpm><Value>113</Value></HeartRateBpm><Cadence>54</Cadence></Trackpoint><Trackpoint><Time>2026-05-01T20:16:36.865Z</Time><Position><LatitudeDegrees>60.07107</LatitudeDegrees><LongitudeDegrees>18.761599</LongitudeDegrees></Position><AltitudeMeters>13.192</AltitudeMeters><HeartRateBpm><Value>112</Value></HeartRateBpm><Cadence>55</Cadence></Trackpoint><Trackpoint><Time>2026-05-01T20:16:37.872Z</Time><Position><LatitudeDegrees>60.071083</LatitudeDegrees><LongitudeDegrees>18.761597</LongitudeDegrees></Position><AltitudeMeters>13.19</AltitudeMeters><HeartRateBpm><Value>112</Value></HeartRateBpm><Cadence>55</Cadence></Trackpoint><Trackpoint><Time>2026-05-01T20:16:38.880Z</Time><Position><LatitudeDegrees>60.071095</LatitudeDegrees><LongitudeDegrees>18.761595</LongitudeDegrees></Position><AltitudeMeters>13.202</AltitudeMeters><HeartRateBpm><Value>112</Value></HeartRateBpm><Cadence>56</Cadence></Trackpoint><Trackpoint><Time>2026-05-01T20:16:39.887Z</Time><Position><LatitudeDegrees>60.071106</LatitudeDegrees><LongitudeDegrees>18.761593</LongitudeDegrees></Position><AltitudeMeters>13.174</AltitudeMeters><HeartRateBpm><Value>112</Value></HeartRateBpm><Cadence>56</Cadence></Trackpoint><Trackpoint><Time>2026-05-01T20:16:40.896Z</Time><Position><LatitudeDegrees>60.071117</LatitudeDegrees><LongitudeDegrees>18.761591</LongitudeDegrees></Position><AltitudeMeters>13.189</AltitudeMeters><HeartRateBpm><Value>112</Value></HeartRateBpm><Cadence>57</Cadence></Trackpoint><Trackpoint><Time>2026-05-01T20:16:41.905Z</Time><Position><LatitudeDegrees>60.07113</LatitudeDegrees><LongitudeDegrees>18.76159</LongitudeDegrees></Position><AltitudeMeters>13.196</AltitudeMeters><HeartRateBpm><Value>113</Value></HeartRateBpm><Cadence>57</Cadence></Trackpoint><Trackpoint><Time>2026-05-01T20:16:42.914Z</Time><Position><LatitudeDegrees>60.07114</LatitudeDegrees><LongitudeDegrees>18.761587</LongitudeDegrees></Position><AltitudeMeters>13.182</AltitudeMeters><HeartRateBpm><Value>113</Value></HeartRateBpm><Cadence>57</Cadence></Trackpoint><Trackpoint><Time>2026-05-01T20:16:43.922Z</Time><Position><LatitudeDegrees>60.07115</LatitudeDegrees><LongitudeDegrees>18.761583</LongitudeDegrees></Position><AltitudeMeters>13.155</AltitudeMeters><HeartRateBpm><Value>113</Value></HeartRateBpm><Cadence>57</Cadence></Trackpoint><Trackpoint><Time>2026-05-01T20:16:44.931Z</Time><Position><LatitudeDegrees>60.071167</LatitudeDegrees><LongitudeDegrees>18.761581</LongitudeDegrees></Position><AltitudeMeters>13.18</AltitudeMeters><HeartRateBpm><Value>113</Value></HeartRateBpm><Cadence>58</Cadence></Trackpoint><Trackpoint><Time>2026-05-01T20:16:45.940Z</Time><Position><LatitudeDegrees>60.07118</LatitudeDegrees><LongitudeDegrees>18.761578</LongitudeDegrees></Position><AltitudeMeters>13.155</AltitudeMeters><HeartRateBpm><Value>113</Value></HeartRateBpm><Cadence>58</Cadence></Trackpoint><Trackpoint><Time>2026-05-01T20:16:46.947Z</Time><Position><LatitudeDegrees>60.07119</LatitudeDegrees><LongitudeDegrees>18.761576</LongitudeDegrees></Position><AltitudeMeters>13.143</AltitudeMeters><HeartRateBpm><Value>114</Value></HeartRateBpm><Cadence>58</Cadence></Trackpoint><Trackpoint><Time>2026-05-01T20:16:47.955Z</Time><Position><LatitudeDegrees>60.0712</LatitudeDegrees><LongitudeDegrees>18.761574</LongitudeDegrees></Position><AltitudeMeters>13.082</AltitudeMeters><HeartRateBpm><Value>114</Value></HeartRateBpm><Cadence>58</Cadence></Trackpoint><Trackpoint><Time>2026-05-01T20:16:48.964Z</Time><Position><LatitudeDegrees>60.071217</LatitudeDegrees><LongitudeDegrees>18.761572</LongitudeDegrees></Position><AltitudeMeters>13.025</AltitudeMeters><HeartRateBpm><Value>114</Value></HeartRateBpm><Cadence>57</Cadence></Trackpoint><Trackpoint><Time>2026-05-01T20:16:49.972Z</Time><Position><LatitudeDegrees>60.071228</LatitudeDegrees><LongitudeDegrees>18.76157</LongitudeDegrees></Position><AltitudeMeters>13.046</AltitudeMeters><HeartRateBpm><Value>114</Value></HeartRateBpm><Cadence>57</Cadence></Trackpoint><Trackpoint><Time>2026-05-01T20:16:50.981Z</Time><Position><LatitudeDegrees>60.07124</LatitudeDegrees><LongitudeDegrees>18.761566</LongitudeDegrees></Position><AltitudeMeters>13.013</AltitudeMeters><HeartRateBpm><Value>114</Value></HeartRateBpm><Cadence>57</Cadence></Trackpoint><Trackpoint><Time>2026-05-01T20:16:51.987Z</Time><Position><LatitudeDegrees>60.07125</LatitudeDegrees><LongitudeDegrees>18.761564</LongitudeDegrees></Position><AltitudeMeters>12.967</AltitudeMeters><HeartRateBpm><Value>114</Value></HeartRateBpm><Cadence>57</Cadence></Trackpoint><Trackpoint><Time>2026-05-01T20:16:52.995Z</Time><Position><LatitudeDegrees>60.071266</LatitudeDegrees><LongitudeDegrees>18.761562</LongitudeDegrees></Position><AltitudeMeters>12.95</AltitudeMeters><HeartRateBpm><Value>114</Value></HeartRateBpm><Cadence>57</Cadence></Trackpoint><Trackpoint><Time>2026-05-01T20:16:54.004Z</Time><Position><LatitudeDegrees>60.071278</LatitudeDegrees><LongitudeDegrees>18.76156</LongitudeDegrees></Position><AltitudeMeters>12.979</AltitudeMeters><HeartRateBpm><Value>114</Value></HeartRateBpm><Cadence>57</Cadence></Trackpoint><Trackpoint><Time>2026-05-01T20:16:55.012Z</Time><Position><LatitudeDegrees>60.07129</LatitudeDegrees><LongitudeDegrees>18.761559</LongitudeDegrees></Position><AltitudeMeters>13.041</AltitudeMeters><HeartRateBpm><Value>114</Value></HeartRateBpm><Cadence>57</Cadence></Trackpoint><Trackpoint><Time>2026-05-01T20:16:56.022Z</Time><Position><LatitudeDegrees>60.071304</LatitudeDegrees><LongitudeDegrees>18.761557</LongitudeDegrees></Position><AltitudeMeters>13.026</AltitudeMeters><HeartRateBpm><Value>114</Value></HeartRateBpm><Cadence>57</Cadence></Trackpoint><Trackpoint><Time>2026-05-01T20:16:57.031Z</Time><Position><LatitudeDegrees>60.071316</LatitudeDegrees><LongitudeDegrees>18.761555</LongitudeDegrees></Position><AltitudeMeters>13.017</AltitudeMeters><HeartRateBpm><Value>115</Value></HeartRateBpm><Cadence>57</Cadence></Trackpoint><Trackpoint><Time>2026-05-01T20:16:58.038Z</Time><Position><LatitudeDegrees>60.071327</LatitudeDegrees><LongitudeDegrees>18.761553</LongitudeDegrees></Position><AltitudeMeters>13.037</AltitudeMeters><HeartRateBpm><Value>115</Value></HeartRateBpm><Cadence>57</Cadence></Trackpoint><Trackpoint><Time>2026-05-01T20:16:59.046Z</Time><Position><LatitudeDegrees>60.071342</LatitudeDegrees><LongitudeDegrees>18.76155</LongitudeDegrees></Position><AltitudeMeters>13.009</AltitudeMeters><HeartRateBpm><Value>115</Value></HeartRateBpm><Cadence>56</Cadence></Trackpoint><Trackpoint><Time>2026-05-01T20:17:00.054Z</Time><Position><LatitudeDegrees>60.071354</LatitudeDegrees><LongitudeDegrees>18.761549</LongitudeDegrees></Position><AltitudeMeters>13.016</AltitudeMeters><HeartRateBpm><Value>115</Value></HeartRateBpm><Cadence>56</Cadence></Trackpoint><Trackpoint><Time>2026-05-01T20:17:01.062Z</Time><Position><LatitudeDegrees>60.071365</LatitudeDegrees><LongitudeDegrees>18.761547</LongitudeDegrees></Position><AltitudeMeters>13.008</AltitudeMeters><HeartRateBpm><Value>115</Value></HeartRateBpm><Cadence>56</Cadence></Trackpoint><Trackpoint><Time>2026-05-01T20:17:02.071Z</Time><Position><LatitudeDegrees>60.07138</LatitudeDegrees><LongitudeDegrees>18.761545</LongitudeDegrees></Position><AltitudeMeters>13.027</AltitudeMeters><HeartRateBpm><Value>115</Value></HeartRateBpm><Cadence>56</Cadence></Trackpoint><Trackpoint><Time>2026-05-01T20:17:03.077Z</Time><Position><LatitudeDegrees>60.071392</LatitudeDegrees><LongitudeDegrees>18.761543</LongitudeDegrees></Position><AltitudeMeters>13.059</AltitudeMeters><HeartRateBpm><Value>115</Value></HeartRateBpm><Cadence>56</Cadence></Trackpoint><Trackpoint><Time>2026-05-01T20:17:04.086Z</Time><Position><LatitudeDegrees>60.071404</LatitudeDegrees><LongitudeDegrees>18.76154</LongitudeDegrees></Position><AltitudeMeters>13.082</AltitudeMeters><HeartRateBpm><Value>115</Value></HeartRateBpm><Cadence>56</Cadence></Trackpoint><Trackpoint><Time>2026-05-01T20:17:05.095Z</Time><Position><LatitudeDegrees>60.071415</LatitudeDegrees><LongitudeDegrees>18.761538</LongitudeDegrees></Position><AltitudeMeters>13.096</AltitudeMeters><HeartRateBpm><Value>115</Value></HeartRateBpm><Cadence>56</Cadence></Trackpoint><Trackpoint><Time>2026-05-01T20:17:06.103Z</Time><Position><LatitudeDegrees>60.071426</LatitudeDegrees><LongitudeDegrees>18.761536</LongitudeDegrees></Position><AltitudeMeters>13.154</AltitudeMeters><HeartRateBpm><Value>115</Value></HeartRateBpm><Cadence>55</Cadence></Trackpoint><Trackpoint><Time>2026-05-01T20:17:07.112Z</Time><Position><LatitudeDegrees>60.071438</LatitudeDegrees><LongitudeDegrees>18.761532</LongitudeDegrees></Position><AltitudeMeters>13.267</AltitudeMeters><HeartRateBpm><Value>115</Value></HeartRateBpm><Cadence>55</Cadence></Trackpoint><Trackpoint><Time>2026-05-01T20:17:08.121Z</Time><Position><LatitudeDegrees>60.07145</LatitudeDegrees><LongitudeDegrees>18.76153</LongitudeDegrees></Position><AltitudeMeters>13.352</AltitudeMeters><HeartRateBpm><Value>115</Value></HeartRateBpm><Cadence>55</Cadence></Trackpoint><Trackpoint><Time>2026-05-01T20:17:09.128Z</Time><Position><LatitudeDegrees>60.07146</LatitudeDegrees><LongitudeDegrees>18.761526</LongitudeDegrees></Position><AltitudeMeters>13.45</AltitudeMeters><HeartRateBpm><Value>116</Value></HeartRateBpm><Cadence>55</Cadence></Trackpoint><Trackpoint><Time>2026-05-01T20:17:10.136Z</Time><Position><LatitudeDegrees>60.071472</LatitudeDegrees><LongitudeDegrees>18.761524</LongitudeDegrees></Position><AltitudeMeters>13.587</AltitudeMeters><HeartRateBpm><Value>116</Value></HeartRateBpm><Cadence>55</Cadence></Trackpoint><Trackpoint><Time>2026-05-01T20:17:11.145Z</Time><Position><LatitudeDegrees>60.07148</LatitudeDegrees><LongitudeDegrees>18.76152</LongitudeDegrees></Position><AltitudeMeters>13.692</AltitudeMeters><HeartRateBpm><Value>116</Value></HeartRateBpm><Cadence>54</Cadence></Trackpoint><Trackpoint><Time>2026-05-01T20:17:12.153Z</Time><Position><LatitudeDegrees>60.07149</LatitudeDegrees><LongitudeDegrees>18.761517</LongitudeDegrees></Position><AltitudeMeters>13.82</AltitudeMeters><HeartRateBpm><Value>116</Value></HeartRateBpm><Cadence>54</Cadence></Trackpoint><Trackpoint><Time>2026-05-01T20:17:13.162Z</Time><Position><LatitudeDegrees>60.071503</LatitudeDegrees><LongitudeDegrees>18.761515</LongitudeDegrees></Position><AltitudeMeters>13.953</AltitudeMeters><HeartRateBpm><Value>116</Value></HeartRateBpm><Cadence>54</Cadence></Trackpoint><Trackpoint><Time>2026-05-01T20:17:14.171Z</Time><Position><LatitudeDegrees>60.07151</LatitudeDegrees><LongitudeDegrees>18.76151</LongitudeDegrees></Position><AltitudeMeters>14.033</AltitudeMeters><HeartRateBpm><Value>116</Value></HeartRateBpm><Cadence>53</Cadence></Trackpoint><Trackpoint><Time>2026-05-01T20:17:15.178Z</Time><Position><LatitudeDegrees>60.071518</LatitudeDegrees><LongitudeDegrees>18.761507</LongitudeDegrees></Position><AltitudeMeters>14.089</AltitudeMeters><HeartRateBpm><Value>115</Value></HeartRateBpm><Cadence>53</Cadence></Trackpoint><Trackpoint><Time>2026-05-01T20:17:16.186Z</Time><Position><LatitudeDegrees>60.07153</LatitudeDegrees><LongitudeDegrees>18.761501</LongitudeDegrees></Position><AltitudeMeters>14.153</AltitudeMeters><HeartRateBpm><Value>115</Value></HeartRateBpm><Cadence>52</Cadence></Trackpoint><Trackpoint><Time>2026-05-01T20:17:17.194Z</Time><Position><LatitudeDegrees>60.071537</LatitudeDegrees><LongitudeDegrees>18.761497</LongitudeDegrees></Position><AltitudeMeters>14.255</AltitudeMeters><HeartRateBpm><Value>115</Value></HeartRateBpm><Cadence>52</Cadence></Trackpoint><Trackpoint><Time>2026-05-01T20:17:18.203Z</Time><Position><LatitudeDegrees>60.071545</LatitudeDegrees><LongitudeDegrees>18.761492</LongitudeDegrees></Position><AltitudeMeters>14.356</AltitudeMeters><HeartRateBpm><Value>115</Value></HeartRateBpm><Cadence>52</Cadence></Trackpoint><Trackpoint><Time>2026-05-01T20:17:19.211Z</Time><Position><LatitudeDegrees>60.071552</LatitudeDegrees><LongitudeDegrees>18.761486</LongitudeDegrees></Position><AltitudeMeters>14.489</AltitudeMeters><HeartRateBpm><Value>114</Value></HeartRateBpm><Cadence>52</Cadence></Trackpoint><Trackpoint><Time>2026-05-01T20:17:20.218Z</Time><Position><LatitudeDegrees>60.071564</LatitudeDegrees><LongitudeDegrees>18.761478</LongitudeDegrees></Position><AltitudeMeters>14.557</AltitudeMeters><HeartRateBpm><Value>114</Value></HeartRateBpm><Cadence>51</Cadence></Trackpoint><Trackpoint><Time>2026-05-01T20:17:21.226Z</Time><Position><LatitudeDegrees>60.07157</LatitudeDegrees><LongitudeDegrees>18.76147</LongitudeDegrees></Position><AltitudeMeters>14.619</AltitudeMeters><HeartRateBpm><Value>114</Value></HeartRateBpm><Cadence>51</Cadence></Trackpoint><Trackpoint><Time>2026-05-01T20:17:22.235Z</Time><Position><LatitudeDegrees>60.07158</LatitudeDegrees><LongitudeDegrees>18.761463</LongitudeDegrees></Position><AltitudeMeters>14.701</AltitudeMeters><HeartRateBpm><Value>114</Value></HeartRateBpm><Cadence>51</Cadence></Trackpoint><Trackpoint><Time>2026-05-01T20:17:23.243Z</Time><Position><LatitudeDegrees>60.071583</LatitudeDegrees><LongitudeDegrees>18.761454</LongitudeDegrees></Position><AltitudeMeters>14.788</AltitudeMeters><HeartRateBpm><Value>114</Value></HeartRateBpm><Cadence>51</Cadence></Trackpoint><Trackpoint><Time>2026-05-01T20:17:24.251Z</Time><Position><LatitudeDegrees>60.07159</LatitudeDegrees><LongitudeDegrees>18.761444</LongitudeDegrees></Position><AltitudeMeters>14.875</AltitudeMeters><HeartRateBpm><Value>114</Value></HeartRateBpm><Cadence>51</Cadence></Trackpoint><Trackpoint><Time>2026-05-01T20:17:25.260Z</Time><Position><LatitudeDegrees>60.071598</LatitudeDegrees><LongitudeDegrees>18.761436</LongitudeDegrees></Position><AltitudeMeters>14.973</AltitudeMeters><HeartRateBpm><Value>113</Value></HeartRateBpm><Cadence>51</Cadence></Trackpoint><Trackpoint><Time>2026-05-01T20:17:26.267Z</Time><Position><LatitudeDegrees>60.071606</LatitudeDegrees><LongitudeDegrees>18.761427</LongitudeDegrees></Position><AltitudeMeters>15.068</AltitudeMeters><HeartRateBpm><Value>113</Value></HeartRateBpm><Cadence>51</Cadence></Trackpoint><Trackpoint><Time>2026-05-01T20:17:27.275Z</Time><Position><LatitudeDegrees>60.071613</LatitudeDegrees><LongitudeDegrees>18.761417</LongitudeDegrees></Position><AltitudeMeters>15.193</AltitudeMeters><HeartRateBpm><Value>113</Value></HeartRateBpm><Cadence>51</Cadence></Trackpoint><Trackpoint><Time>2026-05-01T20:17:28.284Z</Time><Position><LatitudeDegrees>60.07162</LatitudeDegrees><LongitudeDegrees>18.761408</LongitudeDegrees></Position><AltitudeMeters>15.314</AltitudeMeters><HeartRateBpm><Value>114</Value></HeartRateBpm><Cadence>51</Cadence></Trackpoint><Trackpoint><Time>2026-05-01T20:17:29.293Z</Time><Position><LatitudeDegrees>60.07163</LatitudeDegrees><LongitudeDegrees>18.761398</LongitudeDegrees></Position><AltitudeMeters>15.424</AltitudeMeters><HeartRateBpm><Value>114</Value></HeartRateBpm><Cadence>51</Cadence></Trackpoint><Trackpoint><Time>2026-05-01T20:17:30.302Z</Time><Position><LatitudeDegrees>60.071636</LatitudeDegrees><LongitudeDegrees>18.761389</LongitudeDegrees></Position><AltitudeMeters>15.516</AltitudeMeters><HeartRateBpm><Value>114</Value></HeartRateBpm><Cadence>51</Cadence></Trackpoint><Trackpoint><Time>2026-05-01T20:17:31.311Z</Time><Position><LatitudeDegrees>60.07164</LatitudeDegrees><LongitudeDegrees>18.761377</LongitudeDegrees></Position><AltitudeMeters>15.649</AltitudeMeters><HeartRateBpm><Value>113</Value></HeartRateBpm><Cadence>51</Cadence></Trackpoint><Trackpoint><Time>2026-05-01T20:17:32.318Z</Time><Position><LatitudeDegrees>60.071648</LatitudeDegrees><LongitudeDegrees>18.761368</LongitudeDegrees></Position><AltitudeMeters>15.794</AltitudeMeters><HeartRateBpm><Value>113</Value></HeartRateBpm><Cadence>51</Cadence></Trackpoint><Trackpoint><Time>2026-05-01T20:17:33.326Z</Time><Position><LatitudeDegrees>60.071655</LatitudeDegrees><LongitudeDegrees>18.761356</LongitudeDegrees></Position><AltitudeMeters>15.838</AltitudeMeters><HeartRateBpm><Value>113</Value></HeartRateBpm><Cadence>51</Cadence></Trackpoint><Trackpoint><Time>2026-05-01T20:17:34.335Z</Time><Position><LatitudeDegrees>60.071663</LatitudeDegrees><LongitudeDegrees>18.761345</LongitudeDegrees></Position><AltitudeMeters>15.952</AltitudeMeters><HeartRateBpm><Value>113</Value></HeartRateBpm><Cadence>51</Cadence></Trackpoint><Trackpoint><Time>2026-05-01T20:17:35.342Z</Time><Position><LatitudeDegrees>60.07167</LatitudeDegrees><LongitudeDegrees>18.761333</LongitudeDegrees></Position><AltitudeMeters>16.042</AltitudeMeters><HeartRateBpm><Value>113</Value></HeartRateBpm><Cadence>51</Cadence></Trackpoint><Trackpoint><Time>2026-05-01T20:17:36.350Z</Time><Position><LatitudeDegrees>60.07168</LatitudeDegrees><LongitudeDegrees>18.761322</LongitudeDegrees></Position><AltitudeMeters>16.056</AltitudeMeters><HeartRateBpm><Value>113</Value></HeartRateBpm><Cadence>51</Cadence></Trackpoint><Trackpoint><Time>2026-05-01T20:17:37.358Z</Time><Position><LatitudeDegrees>60.071686</LatitudeDegrees><LongitudeDegrees>18.761309</LongitudeDegrees></Position><AltitudeMeters>16.095</AltitudeMeters><HeartRateBpm><Value>113</Value></HeartRateBpm><Cadence>51</Cadence></Trackpoint><Trackpoint><Time>2026-05-01T20:17:38.366Z</Time><Position><LatitudeDegrees>60.071693</LatitudeDegrees><LongitudeDegrees>18.761297</LongitudeDegrees></Position><AltitudeMeters>16.22</AltitudeMeters><HeartRateBpm><Value>113</Value></HeartRateBpm><Cadence>51</Cadence></Trackpoint><Trackpoint><Time>2026-05-01T20:17:39.375Z</Time><Position><LatitudeDegrees>60.071697</LatitudeDegrees><LongitudeDegrees>18.761284</LongitudeDegrees></Position><AltitudeMeters>16.277</AltitudeMeters><HeartRateBpm><Value>113</Value></HeartRateBpm><Cadence>51</Cadence></Trackpoint><Trackpoint><Time>2026-05-01T20:17:40.384Z</Time><Position><LatitudeDegrees>60.07171</LatitudeDegrees><LongitudeDegrees>18.76127</LongitudeDegrees></Position><AltitudeMeters>16.337</AltitudeMeters><HeartRateBpm><Value>112</Value></HeartRateBpm><Cadence>51</Cadence></Trackpoint><Trackpoint><Time>2026-05-01T20:17:41.393Z</Time><Position><LatitudeDegrees>60.071716</LatitudeDegrees><LongitudeDegrees>18.761257</LongitudeDegrees></Position><AltitudeMeters>16.379</AltitudeMeters><HeartRateBpm><Value>112</Value></HeartRateBpm><Cadence>51</Cadence></Trackpoint><Trackpoint><Time>2026-05-01T20:17:42.401Z</Time><Position><LatitudeDegrees>60.071724</LatitudeDegrees><LongitudeDegrees>18.761244</LongitudeDegrees></Position><AltitudeMeters>16.455</AltitudeMeters><HeartRateBpm><Value>112</Value></HeartRateBpm><Cadence>51</Cadence></Trackpoint><Trackpoint><Time>2026-05-01T20:17:43.408Z</Time><Position><LatitudeDegrees>60.07173</LatitudeDegrees><LongitudeDegrees>18.76123</LongitudeDegrees></Position><AltitudeMeters>16.511</AltitudeMeters><HeartRateBpm><Value>112</Value></HeartRateBpm><Cadence>51</Cadence></Trackpoint><Trackpoint><Time>2026-05-01T20:17:44.416Z</Time><Position><LatitudeDegrees>60.07174</LatitudeDegrees><LongitudeDegrees>18.761219</LongitudeDegrees></Position><AltitudeMeters>16.618</AltitudeMeters><HeartRateBpm><Value>112</Value></HeartRateBpm><Cadence>51</Cadence></Trackpoint><Trackpoint><Time>2026-05-01T20:17:45.425Z</Time><Position><LatitudeDegrees>60.07175</LatitudeDegrees><LongitudeDegrees>18.761206</LongitudeDegrees></Position><AltitudeMeters>16.69</AltitudeMeters><HeartRateBpm><Value>112</Value></HeartRateBpm><Cadence>52</Cadence></Trackpoint><Trackpoint><Time>2026-05-01T20:17:46.433Z</Time><Position><LatitudeDegrees>60.07176</LatitudeDegrees><LongitudeDegrees>18.761196</LongitudeDegrees></Position><AltitudeMeters>16.738</AltitudeMeters><HeartRateBpm><Value>112</Value></HeartRateBpm><Cadence>52</Cadence></Trackpoint><Trackpoint><Time>2026-05-01T20:17:47.442Z</Time><Position><LatitudeDegrees>60.071766</LatitudeDegrees><LongitudeDegrees>18.761185</LongitudeDegrees></Position><AltitudeMeters>16.802</AltitudeMeters><HeartRateBpm><Value>112</Value></HeartRateBpm><Cadence>51</Cadence></Trackpoint><Trackpoint><Time>2026-05-01T20:17:48.450Z</Time><Position><LatitudeDegrees>60.071777</LatitudeDegrees><LongitudeDegrees>18.761173</LongitudeDegrees></Position><AltitudeMeters>16.968</AltitudeMeters><HeartRateBpm><Value>112</Value></HeartRateBpm><Cadence>51</Cadence></Trackpoint><Trackpoint><Time>2026-05-01T20:17:49.457Z</Time><Position><LatitudeDegrees>60.071785</LatitudeDegrees><LongitudeDegrees>18.761164</LongitudeDegrees></Position><AltitudeMeters>17.06</AltitudeMeters><HeartRateBpm><Value>112</Value></HeartRateBpm><Cadence>51</Cadence></Trackpoint><Trackpoint><Time>2026-05-01T20:17:50.466Z</Time><Position><LatitudeDegrees>60.071793</LatitudeDegrees><LongitudeDegrees>18.76115</LongitudeDegrees></Position><AltitudeMeters>17.106</AltitudeMeters><HeartRateBpm><Value>112</Value></HeartRateBpm><Cadence>51</Cadence></Trackpoint><Trackpoint><Time>2026-05-01T20:17:51.474Z</Time><Position><LatitudeDegrees>60.0718</LatitudeDegrees><LongitudeDegrees>18.76114</LongitudeDegrees></Position><AltitudeMeters>17.147</AltitudeMeters><HeartRateBpm><Value>112</Value></HeartRateBpm><Cadence>51</Cadence></Trackpoint><Trackpoint><Time>2026-05-01T20:17:52.481Z</Time><Position><LatitudeDegrees>60.07181</LatitudeDegrees><LongitudeDegrees>18.761127</LongitudeDegrees></Position><AltitudeMeters>17.248</AltitudeMeters><HeartRateBpm><Value>112</Value></HeartRateBpm><Cadence>51</Cadence></Trackpoint><Trackpoint><Time>2026-05-01T20:17:53.481Z</Time><Position><LatitudeDegrees>60.07182</LatitudeDegrees><LongitudeDegrees>18.761118</LongitudeDegrees></Position><AltitudeMeters>17.337</AltitudeMeters><HeartRateBpm><Value>112</Value></HeartRateBpm><Cadence>50</Cadence></Trackpoint><Trackpoint><Time>2026-05-01T20:17:54.481Z</Time><Position><LatitudeDegrees>60.071827</LatitudeDegrees><LongitudeDegrees>18.761105</LongitudeDegrees></Position><AltitudeMeters>17.465</AltitudeMeters><HeartRateBpm><Value>112</Value></HeartRateBpm><Cadence>50</Cadence></Trackpoint><Trackpoint><Time>2026-05-01T20:17:55.486Z</Time><Position><LatitudeDegrees>60.071835</LatitudeDegrees><LongitudeDegrees>18.761091</LongitudeDegrees></Position><AltitudeMeters>17.547</AltitudeMeters><HeartRateBpm><Value>112</Value></HeartRateBpm><Cadence>50</Cadence></Trackpoint><Trackpoint><Time>2026-05-01T20:17:56.494Z</Time><Position><LatitudeDegrees>60.071846</LatitudeDegrees><LongitudeDegrees>18.76108</LongitudeDegrees></Position><AltitudeMeters>17.582</AltitudeMeters><HeartRateBpm><Value>112</Value></HeartRateBpm><Cadence>50</Cadence></Trackpoint><Trackpoint><Time>2026-05-01T20:17:57.502Z</Time><Position><LatitudeDegrees>60.071854</LatitudeDegrees><LongitudeDegrees>18.761068</LongitudeDegrees></Position><AltitudeMeters>17.585</AltitudeMeters><HeartRateBpm><Value>112</Value></HeartRateBpm><Cadence>50</Cadence></Trackpoint><Trackpoint><Time>2026-05-01T20:17:58.511Z</Time><Position><LatitudeDegrees>60.071865</LatitudeDegrees><LongitudeDegrees>18.761057</LongitudeDegrees></Position><AltitudeMeters>17.659</AltitudeMeters><HeartRateBpm><Value>112</Value></HeartRateBpm><Cadence>51</Cadence></Trackpoint><Trackpoint><Time>2026-05-01T20:17:59.518Z</Time><Position><LatitudeDegrees>60.071873</LatitudeDegrees><LongitudeDegrees>18.761047</LongitudeDegrees></Position><AltitudeMeters>17.71</AltitudeMeters><HeartRateBpm><Value>112</Value></HeartRateBpm><Cadence>51</Cadence></Trackpoint><Trackpoint><Time>2026-05-01T20:18:00.526Z</Time><Position><LatitudeDegrees>60.07188</LatitudeDegrees><LongitudeDegrees>18.761038</LongitudeDegrees></Position><AltitudeMeters>17.803</AltitudeMeters><HeartRateBpm><Value>112</Value></HeartRateBpm><Cadence>51</Cadence></Trackpoint><Trackpoint><Time>2026-05-01T20:18:01.535Z</Time><Position><LatitudeDegrees>60.07189</LatitudeDegrees><LongitudeDegrees>18.761028</LongitudeDegrees></Position><AltitudeMeters>17.881</AltitudeMeters><HeartRateBpm><Value>112</Value></HeartRateBpm><Cadence>51</Cadence></Trackpoint><Trackpoint><Time>2026-05-01T20:18:02.544Z</Time><Position><LatitudeDegrees>60.0719</LatitudeDegrees><LongitudeDegrees>18.761019</LongitudeDegrees></Position><AltitudeMeters>17.891</AltitudeMeters><HeartRateBpm><Value>112</Value></HeartRateBpm><Cadence>51</Cadence></Trackpoint><Trackpoint><Time>2026-05-01T20:18:03.554Z</Time><Position><LatitudeDegrees>60.071907</LatitudeDegrees><LongitudeDegrees>18.76101</LongitudeDegrees></Position><AltitudeMeters>17.91</AltitudeMeters><HeartRateBpm><Value>113</Value></HeartRateBpm><Cadence>51</Cadence></Trackpoint><Trackpoint><Time>2026-05-01T20:18:04.563Z</Time><Position><LatitudeDegrees>60.07192</LatitudeDegrees><LongitudeDegrees>18.761</LongitudeDegrees></Position><AltitudeMeters>17.954</AltitudeMeters><HeartRateBpm><Value>113</Value></HeartRateBpm><Cadence>51</Cadence></Trackpoint><Trackpoint><Time>2026-05-01T20:18:05.572Z</Time><Position><LatitudeDegrees>60.071926</LatitudeDegrees><LongitudeDegrees>18.76099</LongitudeDegrees></Position><AltitudeMeters>17.938</AltitudeMeters><HeartRateBpm><Value>113</Value></HeartRateBpm><Cadence>51</Cadence></Trackpoint><Trackpoint><Time>2026-05-01T20:18:06.580Z</Time><Position><LatitudeDegrees>60.071934</LatitudeDegrees><LongitudeDegrees>18.760979</LongitudeDegrees></Position><AltitudeMeters>17.952</AltitudeMeters><HeartRateBpm><Value>113</Value></HeartRateBpm><Cadence>52</Cadence></Trackpoint><Trackpoint><Time>2026-05-01T20:18:07.587Z</Time><Position><LatitudeDegrees>60.071945</LatitudeDegrees><LongitudeDegrees>18.76097</LongitudeDegrees></Position><AltitudeMeters>18.009</AltitudeMeters><HeartRateBpm><Value>113</Value></HeartRateBpm><Cadence>52</Cadence></Trackpoint><Trackpoint><Time>2026-05-01T20:18:08.596Z</Time><Position><LatitudeDegrees>60.071953</LatitudeDegrees><LongitudeDegrees>18.760958</LongitudeDegrees></Position><AltitudeMeters>18.064</AltitudeMeters><HeartRateBpm><Value>113</Value></HeartRateBpm><Cadence>53</Cadence></Trackpoint><Trackpoint><Time>2026-05-01T20:18:09.604Z</Time><Position><LatitudeDegrees>60.07196</LatitudeDegrees><LongitudeDegrees>18.760948</LongitudeDegrees></Position><AltitudeMeters>18.116</AltitudeMeters><HeartRateBpm><Value>113</Value></HeartRateBpm><Cadence>53</Cadence></Trackpoint><Trackpoint><Time>2026-05-01T20:18:10.612Z</Time><Position><LatitudeDegrees>60.071968</LatitudeDegrees><LongitudeDegrees>18.760937</LongitudeDegrees></Position><AltitudeMeters>18.174</AltitudeMeters><HeartRateBpm><Value>113</Value></HeartRateBpm><Cadence>54</Cadence></Trackpoint><Trackpoint><Time>2026-05-01T20:18:11.620Z</Time><Position><LatitudeDegrees>60.07198</LatitudeDegrees><LongitudeDegrees>18.760923</LongitudeDegrees></Position><AltitudeMeters>18.234</AltitudeMeters><HeartRateBpm><Value>113</Value></HeartRateBpm><Cadence>54</Cadence></Trackpoint><Trackpoint><Time>2026-05-01T20:18:12.627Z</Time><Position><LatitudeDegrees>60.071987</LatitudeDegrees><LongitudeDegrees>18.760914</LongitudeDegrees></Position><AltitudeMeters>18.328</AltitudeMeters><HeartRateBpm><Value>113</Value></HeartRateBpm><Cadence>54</Cadence></Trackpoint><Trackpoint><Time>2026-05-01T20:18:13.635Z</Time><Position><LatitudeDegrees>60.071995</LatitudeDegrees><LongitudeDegrees>18.760902</LongitudeDegrees></Position><AltitudeMeters>18.465</AltitudeMeters><HeartRateBpm><Value>113</Value></HeartRateBpm><Cadence>55</Cadence></Trackpoint><Trackpoint><Time>2026-05-01T20:18:14.644Z</Time><Position><LatitudeDegrees>60.072002</LatitudeDegrees><LongitudeDegrees>18.76089</LongitudeDegrees></Position><AltitudeMeters>18.575</AltitudeMeters><HeartRateBpm><Value>113</Value></HeartRateBpm><Cadence>55</Cadence></Trackpoint><Trackpoint><Time>2026-05-01T20:18:15.653Z</Time><Position><LatitudeDegrees>60.072014</LatitudeDegrees><LongitudeDegrees>18.760876</LongitudeDegrees></Position><AltitudeMeters>18.681</AltitudeMeters><HeartRateBpm><Value>113</Value></HeartRateBpm><Cadence>56</Cadence></Trackpoint><Trackpoint><Time>2026-05-01T20:18:16.662Z</Time><Position><LatitudeDegrees>60.07202</LatitudeDegrees><LongitudeDegrees>18.76086</LongitudeDegrees></Position><AltitudeMeters>18.785</AltitudeMeters><HeartRateBpm><Value>113</Value></HeartRateBpm><Cadence>55</Cadence></Trackpoint><Trackpoint><Time>2026-05-01T20:18:17.670Z</Time><Position><LatitudeDegrees>60.07203</LatitudeDegrees><LongitudeDegrees>18.760845</LongitudeDegrees></Position><AltitudeMeters>18.916</AltitudeMeters><HeartRateBpm><Value>113</Value></HeartRateBpm><Cadence>55</Cadence></Trackpoint><Trackpoint><Time>2026-05-01T20:18:18.677Z</Time><Position><LatitudeDegrees>60.072033</LatitudeDegrees><LongitudeDegrees>18.76083</LongitudeDegrees></Position><AltitudeMeters>19.006</AltitudeMeters><HeartRateBpm><Value>113</Value></HeartRateBpm><Cadence>55</Cadence></Trackpoint><Trackpoint><Time>2026-05-01T20:18:19.685Z</Time><Position><LatitudeDegrees>60.07204</LatitudeDegrees><LongitudeDegrees>18.760813</LongitudeDegrees></Position><AltitudeMeters>19.143</AltitudeMeters><HeartRateBpm><Value>113</Value></HeartRateBpm><Cadence>54</Cadence></Trackpoint><Trackpoint><Time>2026-05-01T20:18:20.694Z</Time><Position><LatitudeDegrees>60.072044</LatitudeDegrees><LongitudeDegrees>18.760796</LongitudeDegrees></Position><AltitudeMeters>19.266</AltitudeMeters><HeartRateBpm><Value>113</Value></HeartRateBpm><Cadence>54</Cadence></Trackpoint><Trackpoint><Time>2026-05-01T20:18:21.702Z</Time><Position><LatitudeDegrees>60.07205</LatitudeDegrees><LongitudeDegrees>18.760777</LongitudeDegrees></Position><AltitudeMeters>19.426</AltitudeMeters><HeartRateBpm><Value>113</Value></HeartRateBpm><Cadence>54</Cadence></Trackpoint><Trackpoint><Time>2026-05-01T20:18:22.711Z</Time><Position><LatitudeDegrees>60.072052</LatitudeDegrees><LongitudeDegrees>18.76076</LongitudeDegrees></Position><AltitudeMeters>19.522</AltitudeMeters><HeartRateBpm><Value>113</Value></HeartRateBpm><Cadence>54</Cadence></Trackpoint><Trackpoint><Time>2026-05-01T20:18:23.718Z</Time><Position><LatitudeDegrees>60.07206</LatitudeDegrees><LongitudeDegrees>18.760742</LongitudeDegrees></Position><AltitudeMeters>19.684</AltitudeMeters><HeartRateBpm><Value>113</Value></HeartRateBpm><Cadence>54</Cadence></Trackpoint><Trackpoint><Time>2026-05-01T20:18:24.727Z</Time><Position><LatitudeDegrees>60.07206</LatitudeDegrees><LongitudeDegrees>18.760725</LongitudeDegrees></Position><AltitudeMeters>19.795</AltitudeMeters><HeartRateBpm><Value>113</Value></HeartRateBpm><Cadence>53</Cadence></Trackpoint><Trackpoint><Time>2026-05-01T20:18:25.735Z</Time><Position><LatitudeDegrees>60.072063</LatitudeDegrees><LongitudeDegrees>18.760706</LongitudeDegrees></Position><AltitudeMeters>19.937</AltitudeMeters><HeartRateBpm><Value>113</Value></HeartRateBpm><Cadence>53</Cadence></Trackpoint><Trackpoint><Time>2026-05-01T20:18:26.744Z</Time><Position><LatitudeDegrees>60.072067</LatitudeDegrees><LongitudeDegrees>18.760689</LongitudeDegrees></Position><AltitudeMeters>20.003</AltitudeMeters><HeartRateBpm><Value>113</Value></HeartRateBpm><Cadence>53</Cadence></Trackpoint><Trackpoint><Time>2026-05-01T20:18:27.753Z</Time><Position><LatitudeDegrees>60.07207</LatitudeDegrees><LongitudeDegrees>18.760672</LongitudeDegrees></Position><AltitudeMeters>20.083</AltitudeMeters><HeartRateBpm><Value>113</Value></HeartRateBpm><Cadence>53</Cadence></Trackpoint><Trackpoint><Time>2026-05-01T20:18:28.762Z</Time><Position><LatitudeDegrees>60.072075</LatitudeDegrees><LongitudeDegrees>18.760654</LongitudeDegrees></Position><AltitudeMeters>20.137</AltitudeMeters><HeartRateBpm><Value>113</Value></HeartRateBpm><Cadence>52</Cadence></Trackpoint><Trackpoint><Time>2026-05-01T20:18:29.770Z</Time><Position><LatitudeDegrees>60.072075</LatitudeDegrees><LongitudeDegrees>18.760635</LongitudeDegrees></Position><AltitudeMeters>20.177</AltitudeMeters><HeartRateBpm><Value>112</Value></HeartRateBpm><Cadence>52</Cadence></Trackpoint><Trackpoint><Time>2026-05-01T20:18:30.777Z</Time><Position><LatitudeDegrees>60.07208</LatitudeDegrees><LongitudeDegrees>18.760618</LongitudeDegrees></Position><AltitudeMeters>20.311</AltitudeMeters><HeartRateBpm><Value>112</Value></HeartRateBpm><Cadence>52</Cadence></Trackpoint><Trackpoint><Time>2026-05-01T20:18:31.784Z</Time><Position><LatitudeDegrees>60.07208</LatitudeDegrees><LongitudeDegrees>18.7606</LongitudeDegrees></Position><AltitudeMeters>20.515</AltitudeMeters><HeartRateBpm><Value>112</Value></HeartRateBpm><Cadence>52</Cadence></Trackpoint><Trackpoint><Time>2026-05-01T20:18:32.793Z</Time><Position><LatitudeDegrees>60.072083</LatitudeDegrees><LongitudeDegrees>18.760582</LongitudeDegrees></Position><AltitudeMeters>20.671</AltitudeMeters><HeartRateBpm><Value>113</Value></HeartRateBpm><Cadence>51</Cadence></Trackpoint><Trackpoint><Time>2026-05-01T20:18:33.801Z</Time><Position><LatitudeDegrees>60.072083</LatitudeDegrees><LongitudeDegrees>18.760563</LongitudeDegrees></Position><AltitudeMeters>20.823</AltitudeMeters><HeartRateBpm><Value>114</Value></HeartRateBpm><Cadence>51</Cadence></Trackpoint><Trackpoint><Time>2026-05-01T20:18:34.810Z</Time><Position><LatitudeDegrees>60.072083</LatitudeDegrees><LongitudeDegrees>18.760544</LongitudeDegrees></Position><AltitudeMeters>20.917</AltitudeMeters><HeartRateBpm><Value>114</Value></HeartRateBpm><Cadence>50</Cadence></Trackpoint><Trackpoint><Time>2026-05-01T20:18:35.819Z</Time><Position><LatitudeDegrees>60.072083</LatitudeDegrees><LongitudeDegrees>18.760525</LongitudeDegrees></Position><AltitudeMeters>21.03</AltitudeMeters><HeartRateBpm><Value>115</Value></HeartRateBpm><Cadence>50</Cadence></Trackpoint><Trackpoint><Time>2026-05-01T20:18:36.827Z</Time><Position><LatitudeDegrees>60.072083</LatitudeDegrees><LongitudeDegrees>18.760504</LongitudeDegrees></Position><AltitudeMeters>21.105</AltitudeMeters><HeartRateBpm><Value>115</Value></HeartRateBpm><Cadence>49</Cadence></Trackpoint><Trackpoint><Time>2026-05-01T20:18:37.836Z</Time><Position><LatitudeDegrees>60.072083</LatitudeDegrees><LongitudeDegrees>18.760483</LongitudeDegrees></Position><AltitudeMeters>21.216</AltitudeMeters><HeartRateBpm><Value>116</Value></HeartRateBpm><Cadence>49</Cadence></Trackpoint><Trackpoint><Time>2026-05-01T20:18:38.844Z</Time><Position><LatitudeDegrees>60.07208</LatitudeDegrees><LongitudeDegrees>18.760462</LongitudeDegrees></Position><AltitudeMeters>21.285</AltitudeMeters><HeartRateBpm><Value>117</Value></HeartRateBpm><Cadence>49</Cadence></Trackpoint><Trackpoint><Time>2026-05-01T20:18:39.853Z</Time><Position><LatitudeDegrees>60.07208</LatitudeDegrees><LongitudeDegrees>18.76044</LongitudeDegrees></Position><AltitudeMeters>21.411</AltitudeMeters><HeartRateBpm><Value>119</Value></HeartRateBpm><Cadence>49</Cadence></Trackpoint><Trackpoint><Time>2026-05-01T20:18:40.862Z</Time><Position><LatitudeDegrees>60.072075</LatitudeDegrees><LongitudeDegrees>18.760422</LongitudeDegrees></Position><AltitudeMeters>21.519</AltitudeMeters><HeartRateBpm><Value>120</Value></HeartRateBpm><Cadence>49</Cadence></Trackpoint><Trackpoint><Time>2026-05-01T20:18:41.870Z</Time><Position><LatitudeDegrees>60.072075</LatitudeDegrees><LongitudeDegrees>18.7604</LongitudeDegrees></Position><AltitudeMeters>21.607</AltitudeMeters><HeartRateBpm><Value>120</Value></HeartRateBpm><Cadence>49</Cadence></Trackpoint><Trackpoint><Time>2026-05-01T20:18:42.879Z</Time><Position><LatitudeDegrees>60.07207</LatitudeDegrees><LongitudeDegrees>18.76038</LongitudeDegrees></Position><AltitudeMeters>21.708</AltitudeMeters><HeartRateBpm><Value>120</Value></HeartRateBpm><Cadence>49</Cadence></Trackpoint><Trackpoint><Time>2026-05-01T20:18:43.886Z</Time><Position><LatitudeDegrees>60.07207</LatitudeDegrees><LongitudeDegrees>18.760359</LongitudeDegrees></Position><AltitudeMeters>21.845</AltitudeMeters><HeartRateBpm><Value>120</Value></HeartRateBpm><Cadence>49</Cadence></Trackpoint><Trackpoint><Time>2026-05-01T20:18:44.895Z</Time><Position><LatitudeDegrees>60.072067</LatitudeDegrees><LongitudeDegrees>18.76034</LongitudeDegrees></Position><AltitudeMeters>21.995</AltitudeMeters><HeartRateBpm><Value>120</Value></HeartRateBpm><Cadence>49</Cadence></Trackpoint><Trackpoint><Time>2026-05-01T20:18:45.896Z</Time><Position><LatitudeDegrees>60.072067</LatitudeDegrees><LongitudeDegrees>18.760319</LongitudeDegrees></Position><AltitudeMeters>22.102</AltitudeMeters><HeartRateBpm><Value>120</Value></HeartRateBpm><Cadence>49</Cadence></Trackpoint><Trackpoint><Time>2026-05-01T20:18:46.894Z</Time><Position><LatitudeDegrees>60.072063</LatitudeDegrees><LongitudeDegrees>18.760298</LongitudeDegrees></Position><AltitudeMeters>22.257</AltitudeMeters><HeartRateBpm><Value>120</Value></HeartRateBpm><Cadence>49</Cadence></Trackpoint><Trackpoint><Time>2026-05-01T20:18:47.897Z</Time><Position><LatitudeDegrees>60.07206</LatitudeDegrees><LongitudeDegrees>18.760277</LongitudeDegrees></Position><AltitudeMeters>22.385</AltitudeMeters><HeartRateBpm><Value>120</Value></HeartRateBpm><Cadence>49</Cadence></Trackpoint><Trackpoint><Time>2026-05-01T20:18:48.906Z</Time><Position><LatitudeDegrees>60.07206</LatitudeDegrees><LongitudeDegrees>18.760256</LongitudeDegrees></Position><AltitudeMeters>22.506</AltitudeMeters><HeartRateBpm><Value>120</Value></HeartRateBpm><Cadence>49</Cadence></Trackpoint><Trackpoint><Time>2026-05-01T20:18:49.915Z</Time><Position><LatitudeDegrees>60.072056</LatitudeDegrees><LongitudeDegrees>18.760237</LongitudeDegrees></Position><AltitudeMeters>22.644</AltitudeMeters><HeartRateBpm><Value>121</Value></HeartRateBpm><Cadence>49</Cadence></Trackpoint><Trackpoint><Time>2026-05-01T20:18:50.924Z</Time><Position><LatitudeDegrees>60.072056</LatitudeDegrees><LongitudeDegrees>18.760216</LongitudeDegrees></Position><AltitudeMeters>22.694</AltitudeMeters><HeartRateBpm><Value>121</Value></HeartRateBpm><Cadence>49</Cadence></Trackpoint><Trackpoint><Time>2026-05-01T20:18:51.932Z</Time><Position><LatitudeDegrees>60.072056</LatitudeDegrees><LongitudeDegrees>18.760195</LongitudeDegrees></Position><AltitudeMeters>22.782</AltitudeMeters><HeartRateBpm><Value>121</Value></HeartRateBpm><Cadence>49</Cadence></Trackpoint><Trackpoint><Time>2026-05-01T20:18:52.940Z</Time><Position><LatitudeDegrees>60.072056</LatitudeDegrees><LongitudeDegrees>18.760174</LongitudeDegrees></Position><AltitudeMeters>22.932</AltitudeMeters><HeartRateBpm><Value>121</Value></HeartRateBpm><Cadence>49</Cadence></Trackpoint><Trackpoint><Time>2026-05-01T20:18:53.946Z</Time><Position><LatitudeDegrees>60.072056</LatitudeDegrees><LongitudeDegrees>18.760155</LongitudeDegrees></Position><AltitudeMeters>23.049</AltitudeMeters><HeartRateBpm><Value>121</Value></HeartRateBpm><Cadence>49</Cadence></Trackpoint><Trackpoint><Time>2026-05-01T20:18:54.954Z</Time><Position><LatitudeDegrees>60.072056</LatitudeDegrees><LongitudeDegrees>18.760136</LongitudeDegrees></Position><AltitudeMeters>23.1</AltitudeMeters><HeartRateBpm><Value>121</Value></HeartRateBpm><Cadence>49</Cadence></Trackpoint><Trackpoint><Time>2026-05-01T20:18:55.963Z</Time><Position><LatitudeDegrees>60.07206</LatitudeDegrees><LongitudeDegrees>18.760117</LongitudeDegrees></Position><AltitudeMeters>23.183</AltitudeMeters><HeartRateBpm><Value>122</Value></HeartRateBpm><Cadence>49</Cadence></Trackpoint><Trackpoint><Time>2026-05-01T20:18:56.971Z</Time><Position><LatitudeDegrees>60.07206</LatitudeDegrees><LongitudeDegrees>18.760098</LongitudeDegrees></Position><AltitudeMeters>23.267</AltitudeMeters><HeartRateBpm><Value>122</Value></HeartRateBpm><Cadence>49</Cadence></Trackpoint><Trackpoint><Time>2026-05-01T20:18:57.981Z</Time><Position><LatitudeDegrees>60.07206</LatitudeDegrees><LongitudeDegrees>18.760078</LongitudeDegrees></Position><AltitudeMeters>23.438</AltitudeMeters><HeartRateBpm><Value>122</Value></HeartRateBpm><Cadence>49</Cadence></Trackpoint><Trackpoint><Time>2026-05-01T20:18:58.991Z</Time><Position><LatitudeDegrees>60.07206</LatitudeDegrees><LongitudeDegrees>18.760057</LongitudeDegrees></Position><AltitudeMeters>23.542</AltitudeMeters><HeartRateBpm><Value>122</Value></HeartRateBpm><Cadence>49</Cadence></Trackpoint><Trackpoint><Time>2026-05-01T20:18:59.998Z</Time><Position><LatitudeDegrees>60.07206</LatitudeDegrees><LongitudeDegrees>18.760038</LongitudeDegrees></Position><AltitudeMeters>23.691</AltitudeMeters><HeartRateBpm><Value>122</Value></HeartRateBpm><Cadence>49</Cadence></Trackpoint><Trackpoint><Time>2026-05-01T20:19:01.006Z</Time><Position><LatitudeDegrees>60.07206</LatitudeDegrees><LongitudeDegrees>18.760017</LongitudeDegrees></Position><AltitudeMeters>23.797</AltitudeMeters><HeartRateBpm><Value>122</Value></HeartRateBpm><Cadence>49</Cadence></Trackpoint><Trackpoint><Time>2026-05-01T20:19:02.015Z</Time><Position><LatitudeDegrees>60.072056</LatitudeDegrees><LongitudeDegrees>18.759998</LongitudeDegrees></Position><AltitudeMeters>23.948</AltitudeMeters><HeartRateBpm><Value>122</Value></HeartRateBpm><Cadence>49</Cadence></Trackpoint><Trackpoint><Time>2026-05-01T20:19:03.024Z</Time><Position><LatitudeDegrees>60.072056</LatitudeDegrees><LongitudeDegrees>18.759977</LongitudeDegrees></Position><AltitudeMeters>24.051</AltitudeMeters><HeartRateBpm><Value>122</Value></HeartRateBpm><Cadence>49</Cadence></Trackpoint><Trackpoint><Time>2026-05-01T20:19:04.033Z</Time><Position><LatitudeDegrees>60.072056</LatitudeDegrees><LongitudeDegrees>18.759958</LongitudeDegrees></Position><AltitudeMeters>24.198</AltitudeMeters><HeartRateBpm><Value>123</Value></HeartRateBpm><Cadence>49</Cadence></Trackpoint><Trackpoint><Time>2026-05-01T20:19:05.041Z</Time><Position><LatitudeDegrees>60.072056</LatitudeDegrees><LongitudeDegrees>18.759937</LongitudeDegrees></Position><AltitudeMeters>24.316</AltitudeMeters><HeartRateBpm><Value>123</Value></HeartRateBpm><Cadence>49</Cadence></Trackpoint><Trackpoint><Time>2026-05-01T20:19:06.048Z</Time><Position><LatitudeDegrees>60.072056</LatitudeDegrees><LongitudeDegrees>18.759918</LongitudeDegrees></Position><AltitudeMeters>24.425</AltitudeMeters><HeartRateBpm><Value>124</Value></HeartRateBpm><Cadence>49</Cadence></Trackpoint><Trackpoint><Time>2026-05-01T20:19:07.056Z</Time><Position><LatitudeDegrees>60.072056</LatitudeDegrees><LongitudeDegrees>18.7599</LongitudeDegrees></Position><AltitudeMeters>24.501</AltitudeMeters><HeartRateBpm><Value>124</Value></HeartRateBpm><Cadence>49</Cadence></Trackpoint><Trackpoint><Time>2026-05-01T20:19:08.064Z</Time><Position><LatitudeDegrees>60.072056</LatitudeDegrees><LongitudeDegrees>18.759878</LongitudeDegrees></Position><AltitudeMeters>24.662</AltitudeMeters><HeartRateBpm><Value>124</Value></HeartRateBpm><Cadence>49</Cadence></Trackpoint><Trackpoint><Time>2026-05-01T20:19:09.072Z</Time><Position><LatitudeDegrees>60.072052</LatitudeDegrees><LongitudeDegrees>18.75986</LongitudeDegrees></Position><AltitudeMeters>24.785</AltitudeMeters><HeartRateBpm><Value>125</Value></HeartRateBpm><Cadence>49</Cadence></Trackpoint><Trackpoint><Time>2026-05-01T20:19:10.081Z</Time><Position><LatitudeDegrees>60.072052</LatitudeDegrees><LongitudeDegrees>18.759838</LongitudeDegrees></Position><AltitudeMeters>24.909</AltitudeMeters><HeartRateBpm><Value>125</Value></HeartRateBpm><Cadence>48</Cadence></Trackpoint><Trackpoint><Time>2026-05-01T20:19:11.090Z</Time><Position><LatitudeDegrees>60.072056</LatitudeDegrees><LongitudeDegrees>18.759819</LongitudeDegrees></Position><AltitudeMeters>24.977</AltitudeMeters><HeartRateBpm><Value>124</Value></HeartRateBpm><Cadence>48</Cadence></Trackpoint><Trackpoint><Time>2026-05-01T20:19:12.097Z</Time><Position><LatitudeDegrees>60.072056</LatitudeDegrees><LongitudeDegrees>18.7598</LongitudeDegrees></Position><AltitudeMeters>25.031</AltitudeMeters><HeartRateBpm><Value>124</Value></HeartRateBpm><Cadence>49</Cadence></Trackpoint><Trackpoint><Time>2026-05-01T20:19:13.104Z</Time><Position><LatitudeDegrees>60.072056</LatitudeDegrees><LongitudeDegrees>18.75978</LongitudeDegrees></Position><AltitudeMeters>25.088</AltitudeMeters><HeartRateBpm><Value>124</Value></HeartRateBpm><Cadence>49</Cadence></Trackpoint><Trackpoint><Time>2026-05-01T20:19:14.112Z</Time><Position><LatitudeDegrees>60.07206</LatitudeDegrees><LongitudeDegrees>18.759762</LongitudeDegrees></Position><AltitudeMeters>25.116</AltitudeMeters><HeartRateBpm><Value>125</Value></HeartRateBpm><Cadence>49</Cadence></Trackpoint><Trackpoint><Time>2026-05-01T20:19:15.119Z</Time><Position><LatitudeDegrees>60.07206</LatitudeDegrees><LongitudeDegrees>18.759743</LongitudeDegrees></Position><AltitudeMeters>25.123</AltitudeMeters><HeartRateBpm><Value>125</Value></HeartRateBpm><Cadence>50</Cadence></Trackpoint><Trackpoint><Time>2026-05-01T20:19:16.127Z</Time><Position><LatitudeDegrees>60.07206</LatitudeDegrees><LongitudeDegrees>18.759722</LongitudeDegrees></Position><AltitudeMeters>25.152</AltitudeMeters><HeartRateBpm><Value>125</Value></HeartRateBpm><Cadence>50</Cadence></Trackpoint><Trackpoint><Time>2026-05-01T20:19:17.135Z</Time><Position><LatitudeDegrees>60.072056</LatitudeDegrees><LongitudeDegrees>18.7597</LongitudeDegrees></Position><AltitudeMeters>25.167</AltitudeMeters><HeartRateBpm><Value>126</Value></HeartRateBpm><Cadence>50</Cadence></Trackpoint><Trackpoint><Time>2026-05-01T20:19:18.144Z</Time><Position><LatitudeDegrees>60.072056</LatitudeDegrees><LongitudeDegrees>18.75968</LongitudeDegrees></Position><AltitudeMeters>25.149</AltitudeMeters><HeartRateBpm><Value>126</Value></HeartRateBpm><Cadence>51</Cadence></Trackpoint><Trackpoint><Time>2026-05-01T20:19:19.152Z</Time><Position><LatitudeDegrees>60.072052</LatitudeDegrees><LongitudeDegrees>18.759659</LongitudeDegrees></Position><AltitudeMeters>25.123</AltitudeMeters><HeartRateBpm><Value>126</Value></HeartRateBpm><Cadence>52</Cadence></Trackpoint><Trackpoint><Time>2026-05-01T20:19:20.161Z</Time><Position><LatitudeDegrees>60.07205</LatitudeDegrees><LongitudeDegrees>18.759638</LongitudeDegrees></Position><AltitudeMeters>25.167</AltitudeMeters><HeartRateBpm><Value>127</Value></HeartRateBpm><Cadence>52</Cadence></Trackpoint><Trackpoint><Time>2026-05-01T20:19:21.168Z</Time><Position><LatitudeDegrees>60.07205</LatitudeDegrees><LongitudeDegrees>18.759617</LongitudeDegrees></Position><AltitudeMeters>25.144</AltitudeMeters><HeartRateBpm><Value>127</Value></HeartRateBpm><Cadence>53</Cadence></Trackpoint><Trackpoint><Time>2026-05-01T20:19:22.177Z</Time><Position><LatitudeDegrees>60.072044</LatitudeDegrees><LongitudeDegrees>18.759598</LongitudeDegrees></Position><AltitudeMeters>25.131</AltitudeMeters><HeartRateBpm><Value>127</Value></HeartRateBpm><Cadence>53</Cadence></Trackpoint><Trackpoint><Time>2026-05-01T20:19:23.185Z</Time><Position><LatitudeDegrees>60.07204</LatitudeDegrees><LongitudeDegrees>18.759577</LongitudeDegrees></Position><AltitudeMeters>25.179</AltitudeMeters><HeartRateBpm><Value>127</Value></HeartRateBpm><Cadence>53</Cadence></Trackpoint><Trackpoint><Time>2026-05-01T20:19:24.194Z</Time><Position><LatitudeDegrees>60.072037</LatitudeDegrees><LongitudeDegrees>18.759558</LongitudeDegrees></Position><AltitudeMeters>25.234</AltitudeMeters><HeartRateBpm><Value>127</Value></HeartRateBpm><Cadence>54</Cadence></Trackpoint><Trackpoint><Time>2026-05-01T20:19:25.199Z</Time><Position><LatitudeDegrees>60.072033</LatitudeDegrees><LongitudeDegrees>18.759539</LongitudeDegrees></Position><AltitudeMeters>25.276</AltitudeMeters><HeartRateBpm><Value>127</Value></HeartRateBpm><Cadence>54</Cadence></Trackpoint><Trackpoint><Time>2026-05-01T20:19:26.206Z</Time><Position><LatitudeDegrees>60.072033</LatitudeDegrees><LongitudeDegrees>18.75952</LongitudeDegrees></Position><AltitudeMeters>25.294</AltitudeMeters><HeartRateBpm><Value>128</Value></HeartRateBpm><Cadence>54</Cadence></Trackpoint><Trackpoint><Time>2026-05-01T20:19:27.211Z</Time><Position><LatitudeDegrees>60.07203</LatitudeDegrees><LongitudeDegrees>18.759502</LongitudeDegrees></Position><AltitudeMeters>25.264</AltitudeMeters><HeartRateBpm><Value>128</Value></HeartRateBpm><Cadence>54</Cadence></Trackpoint><Trackpoint><Time>2026-05-01T20:19:28.215Z</Time><Position><LatitudeDegrees>60.072025</LatitudeDegrees><LongitudeDegrees>18.759485</LongitudeDegrees></Position><AltitudeMeters>25.235</AltitudeMeters><HeartRateBpm><Value>128</Value></HeartRateBpm><Cadence>54</Cadence></Trackpoint><Trackpoint><Time>2026-05-01T20:19:29.217Z</Time><Position><LatitudeDegrees>60.07202</LatitudeDegrees><LongitudeDegrees>18.759468</LongitudeDegrees></Position><AltitudeMeters>25.305</AltitudeMeters><HeartRateBpm><Value>128</Value></HeartRateBpm><Cadence>54</Cadence></Trackpoint><Trackpoint><Time>2026-05-01T20:19:30.222Z</Time><Position><LatitudeDegrees>60.072018</LatitudeDegrees><LongitudeDegrees>18.75945</LongitudeDegrees></Position><AltitudeMeters>25.403</AltitudeMeters><HeartRateBpm><Value>128</Value></HeartRateBpm><Cadence>54</Cadence></Trackpoint><Trackpoint><Time>2026-05-01T20:19:31.226Z</Time><Position><LatitudeDegrees>60.072014</LatitudeDegrees><LongitudeDegrees>18.759434</LongitudeDegrees></Position><AltitudeMeters>25.484</AltitudeMeters><HeartRateBpm><Value>127</Value></HeartRateBpm><Cadence>53</Cadence></Trackpoint><Trackpoint><Time>2026-05-01T20:19:32.234Z</Time><Position><LatitudeDegrees>60.072006</LatitudeDegrees><LongitudeDegrees>18.75942</LongitudeDegrees></Position><AltitudeMeters>25.46</AltitudeMeters><HeartRateBpm><Value>127</Value></HeartRateBpm><Cadence>53</Cadence></Trackpoint><Trackpoint><Time>2026-05-01T20:19:33.243Z</Time><Position><LatitudeDegrees>60.072002</LatitudeDegrees><LongitudeDegrees>18.759403</LongitudeDegrees></Position><AltitudeMeters>25.418</AltitudeMeters><HeartRateBpm><Value>126</Value></HeartRateBpm><Cadence>53</Cadence></Trackpoint><Trackpoint><Time>2026-05-01T20:19:34.252Z</Time><Position><LatitudeDegrees>60.072</LatitudeDegrees><LongitudeDegrees>18.759388</LongitudeDegrees></Position><AltitudeMeters>25.499</AltitudeMeters><HeartRateBpm><Value>126</Value></HeartRateBpm><Cadence>53</Cadence></Trackpoint><Trackpoint><Time>2026-05-01T20:19:35.260Z</Time><Position><LatitudeDegrees>60.071995</LatitudeDegrees><LongitudeDegrees>18.759373</LongitudeDegrees></Position><AltitudeMeters>25.552</AltitudeMeters><HeartRateBpm><Value>125</Value></HeartRateBpm><Cadence>52</Cadence></Trackpoint><Trackpoint><Time>2026-05-01T20:19:36.267Z</Time><Position><LatitudeDegrees>60.071987</LatitudeDegrees><LongitudeDegrees>18.75936</LongitudeDegrees></Position><AltitudeMeters>25.609</AltitudeMeters><HeartRateBpm><Value>125</Value></HeartRateBpm><Cadence>52</Cadence></Trackpoint><Trackpoint><Time>2026-05-01T20:19:37.275Z</Time><Position><LatitudeDegrees>60.07198</LatitudeDegrees><LongitudeDegrees>18.759348</LongitudeDegrees></Position><AltitudeMeters>25.608</AltitudeMeters><HeartRateBpm><Value>124</Value></HeartRateBpm><Cadence>52</Cadence></Trackpoint><Trackpoint><Time>2026-05-01T20:19:38.284Z</Time><Position><LatitudeDegrees>60.07197</LatitudeDegrees><LongitudeDegrees>18.759338</LongitudeDegrees></Position><AltitudeMeters>25.612</AltitudeMeters><HeartRateBpm><Value>123</Value></HeartRateBpm><Cadence>52</Cadence></Trackpoint><Trackpoint><Time>2026-05-01T20:19:39.293Z</Time><Position><LatitudeDegrees>60.071964</LatitudeDegrees><LongitudeDegrees>18.759329</LongitudeDegrees></Position><AltitudeMeters>25.604</AltitudeMeters><HeartRateBpm><Value>122</Value></HeartRateBpm><Cadence>51</Cadence></Trackpoint><Trackpoint><Time>2026-05-01T20:19:40.301Z</Time><Position><LatitudeDegrees>60.071957</LatitudeDegrees><LongitudeDegrees>18.759321</LongitudeDegrees></Position><AltitudeMeters>25.574</AltitudeMeters><HeartRateBpm><Value>122</Value></HeartRateBpm><Cadence>51</Cadence></Trackpoint><Trackpoint><Time>2026-05-01T20:19:41.308Z</Time><Position><LatitudeDegrees>60.07195</LatitudeDegrees><LongitudeDegrees>18.759315</LongitudeDegrees></Position><AltitudeMeters>25.603</AltitudeMeters><HeartRateBpm><Value>121</Value></HeartRateBpm><Cadence>51</Cadence></Trackpoint><Trackpoint><Time>2026-05-01T20:19:42.317Z</Time><Position><LatitudeDegrees>60.07194</LatitudeDegrees><LongitudeDegrees>18.75931</LongitudeDegrees></Position><AltitudeMeters>25.585</AltitudeMeters><HeartRateBpm><Value>121</Value></HeartRateBpm><Cadence>51</Cadence></Trackpoint><Trackpoint><Time>2026-05-01T20:19:43.325Z</Time><Position><LatitudeDegrees>60.071934</LatitudeDegrees><LongitudeDegrees>18.759306</LongitudeDegrees></Position><AltitudeMeters>25.673</AltitudeMeters><HeartRateBpm><Value>120</Value></HeartRateBpm><Cadence>51</Cadence></Trackpoint><Trackpoint><Time>2026-05-01T20:19:44.334Z</Time><Position><LatitudeDegrees>60.071922</LatitudeDegrees><LongitudeDegrees>18.759302</LongitudeDegrees></Position><AltitudeMeters>25.75</AltitudeMeters><HeartRateBpm><Value>120</Value></HeartRateBpm><Cadence>51</Cadence></Trackpoint><Trackpoint><Time>2026-05-01T20:19:45.342Z</Time><Position><LatitudeDegrees>60.071915</LatitudeDegrees><LongitudeDegrees>18.7593</LongitudeDegrees></Position><AltitudeMeters>25.817</AltitudeMeters><HeartRateBpm><Value>120</Value></HeartRateBpm><Cadence>51</Cadence></Trackpoint><Trackpoint><Time>2026-05-01T20:19:46.350Z</Time><Position><LatitudeDegrees>60.071907</LatitudeDegrees><LongitudeDegrees>18.759296</LongitudeDegrees></Position><AltitudeMeters>25.83</AltitudeMeters><HeartRateBpm><Value>119</Value></HeartRateBpm><Cadence>52</Cadence></Trackpoint><Trackpoint><Time>2026-05-01T20:19:47.359Z</Time><Position><LatitudeDegrees>60.071896</LatitudeDegrees><LongitudeDegrees>18.759295</LongitudeDegrees></Position><AltitudeMeters>25.849</AltitudeMeters><HeartRateBpm><Value>118</Value></HeartRateBpm><Cadence>52</Cadence></Trackpoint><Trackpoint><Time>2026-05-01T20:19:48.365Z</Time><Position><LatitudeDegrees>60.071888</LatitudeDegrees><LongitudeDegrees>18.759293</LongitudeDegrees></Position><AltitudeMeters>25.833</AltitudeMeters><HeartRateBpm><Value>116</Value></HeartRateBpm><Cadence>52</Cadence></Trackpoint><Trackpoint><Time>2026-05-01T20:19:49.374Z</Time><Position><LatitudeDegrees>60.071877</LatitudeDegrees><LongitudeDegrees>18.759289</LongitudeDegrees></Position><AltitudeMeters>25.86</AltitudeMeters><HeartRateBpm><Value>115</Value></HeartRateBpm><Cadence>52</Cadence></Trackpoint><Trackpoint><Time>2026-05-01T20:19:50.383Z</Time><Position><LatitudeDegrees>60.07187</LatitudeDegrees><LongitudeDegrees>18.759287</LongitudeDegrees></Position><AltitudeMeters>25.94</AltitudeMeters><HeartRateBpm><Value>114</Value></HeartRateBpm><Cadence>53</Cadence></Trackpoint><Trackpoint><Time>2026-05-01T20:19:51.391Z</Time><Position><LatitudeDegrees>60.071857</LatitudeDegrees><LongitudeDegrees>18.759283</LongitudeDegrees></Position><AltitudeMeters>25.961</AltitudeMeters><HeartRateBpm><Value>113</Value></HeartRateBpm><Cadence>53</Cadence></Trackpoint><Trackpoint><Time>2026-05-01T20:19:52.397Z</Time><Position><LatitudeDegrees>60.071846</LatitudeDegrees><LongitudeDegrees>18.75928</LongitudeDegrees></Position><AltitudeMeters>25.954</AltitudeMeters><HeartRateBpm><Value>113</Value></HeartRateBpm><Cadence>53</Cadence></Trackpoint><Trackpoint><Time>2026-05-01T20:19:53.406Z</Time><Position><LatitudeDegrees>60.07184</LatitudeDegrees><LongitudeDegrees>18.759277</LongitudeDegrees></Position><AltitudeMeters>25.926</AltitudeMeters><HeartRateBpm><Value>112</Value></HeartRateBpm><Cadence>53</Cadence></Trackpoint><Trackpoint><Time>2026-05-01T20:19:54.415Z</Time><Position><LatitudeDegrees>60.071827</LatitudeDegrees><LongitudeDegrees>18.759275</LongitudeDegrees></Position><AltitudeMeters>25.792</AltitudeMeters><HeartRateBpm><Value>112</Value></HeartRateBpm><Cadence>53</Cadence></Trackpoint><Trackpoint><Time>2026-05-01T20:19:55.424Z</Time><Position><LatitudeDegrees>60.071815</LatitudeDegrees><LongitudeDegrees>18.759272</LongitudeDegrees></Position><AltitudeMeters>25.551</AltitudeMeters><HeartRateBpm><Value>112</Value></HeartRateBpm><Cadence>53</Cadence></Trackpoint><Trackpoint><Time>2026-05-01T20:19:56.432Z</Time><Position><LatitudeDegrees>60.071804</LatitudeDegrees><LongitudeDegrees>18.75927</LongitudeDegrees></Position><AltitudeMeters>25.338</AltitudeMeters><HeartRateBpm><Value>112</Value></HeartRateBpm><Cadence>53</Cadence></Trackpoint><Trackpoint><Time>2026-05-01T20:19:57.441Z</Time><Position><LatitudeDegrees>60.071793</LatitudeDegrees><LongitudeDegrees>18.75927</LongitudeDegrees></Position><AltitudeMeters>25.23</AltitudeMeters><HeartRateBpm><Value>111</Value></HeartRateBpm><Cadence>53</Cadence></Trackpoint><Trackpoint><Time>2026-05-01T20:19:58.450Z</Time><Position><LatitudeDegrees>60.07178</LatitudeDegrees><LongitudeDegrees>18.759268</LongitudeDegrees></Position><AltitudeMeters>25.06</AltitudeMeters><HeartRateBpm><Value>111</Value></HeartRateBpm><Cadence>53</Cadence></Trackpoint><Trackpoint><Time>2026-05-01T20:19:59.457Z</Time><Position><LatitudeDegrees>60.07177</LatitudeDegrees><LongitudeDegrees>18.759268</LongitudeDegrees></Position><AltitudeMeters>25.038</AltitudeMeters><HeartRateBpm><Value>111</Value></HeartRateBpm><Cadence>53</Cadence></Trackpoint><Trackpoint><Time>2026-05-01T20:20:00.466Z</Time><Position><LatitudeDegrees>60.07176</LatitudeDegrees><LongitudeDegrees>18.759268</LongitudeDegrees></Position><AltitudeMeters>25.043</AltitudeMeters><HeartRateBpm><Value>111</Value></HeartRateBpm><Cadence>53</Cadence></Trackpoint><Trackpoint><Time>2026-05-01T20:20:01.474Z</Time><Position><LatitudeDegrees>60.071747</LatitudeDegrees><LongitudeDegrees>18.759268</LongitudeDegrees></Position><AltitudeMeters>25.041</AltitudeMeters><HeartRateBpm><Value>110</Value></HeartRateBpm><Cadence>54</Cadence></Trackpoint><Trackpoint><Time>2026-05-01T20:20:02.483Z</Time><Position><LatitudeDegrees>60.071735</LatitudeDegrees><LongitudeDegrees>18.75927</LongitudeDegrees></Position><AltitudeMeters>24.942</AltitudeMeters><HeartRateBpm><Value>110</Value></HeartRateBpm><Cadence>54</Cadence></Trackpoint><Trackpoint><Time>2026-05-01T20:20:03.491Z</Time><Position><LatitudeDegrees>60.071724</LatitudeDegrees><LongitudeDegrees>18.75927</LongitudeDegrees></Position><AltitudeMeters>24.977</AltitudeMeters><HeartRateBpm><Value>110</Value></HeartRateBpm><Cadence>54</Cadence></Trackpoint><Trackpoint><Time>2026-05-01T20:20:04.500Z</Time><Position><LatitudeDegrees>60.071712</LatitudeDegrees><LongitudeDegrees>18.759272</LongitudeDegrees></Position><AltitudeMeters>24.951</AltitudeMeters><HeartRateBpm><Value>110</Value></HeartRateBpm><Cadence>54</Cadence></Trackpoint><Trackpoint><Time>2026-05-01T20:20:05.509Z</Time><Position><LatitudeDegrees>60.071705</LatitudeDegrees><LongitudeDegrees>18.759272</LongitudeDegrees></Position><AltitudeMeters>24.879</AltitudeMeters><HeartRateBpm><Value>110</Value></HeartRateBpm><Cadence>54</Cadence></Trackpoint><Trackpoint><Time>2026-05-01T20:20:06.516Z</Time><Position><LatitudeDegrees>60.071697</LatitudeDegrees><LongitudeDegrees>18.759274</LongitudeDegrees></Position><AltitudeMeters>24.84</AltitudeMeters><HeartRateBpm><Value>110</Value></HeartRateBpm><Cadence>54</Cadence></Trackpoint><Trackpoint><Time>2026-05-01T20:20:07.524Z</Time><Position><LatitudeDegrees>60.071686</LatitudeDegrees><LongitudeDegrees>18.759274</LongitudeDegrees></Position><AltitudeMeters>24.73</AltitudeMeters><HeartRateBpm><Value>110</Value></HeartRateBpm><Cadence>54</Cadence></Trackpoint><Trackpoint><Time>2026-05-01T20:20:08.533Z</Time><Position><LatitudeDegrees>60.07168</LatitudeDegrees><LongitudeDegrees>18.759274</LongitudeDegrees></Position><AltitudeMeters>24.606</AltitudeMeters><HeartRateBpm><Value>110</Value></HeartRateBpm><Cadence>54</Cadence></Trackpoint><Trackpoint><Time>2026-05-01T20:20:09.542Z</Time><Position><LatitudeDegrees>60.071667</LatitudeDegrees><LongitudeDegrees>18.759274</LongitudeDegrees></Position><AltitudeMeters>24.488</AltitudeMeters><HeartRateBpm><Value>110</Value></HeartRateBpm><Cadence>54</Cadence></Trackpoint><Trackpoint><Time>2026-05-01T20:20:10.551Z</Time><Position><LatitudeDegrees>60.07166</LatitudeDegrees><LongitudeDegrees>18.759272</LongitudeDegrees></Position><AltitudeMeters>24.366</AltitudeMeters><HeartRateBpm><Value>110</Value></HeartRateBpm><Cadence>54</Cadence></Trackpoint><Trackpoint><Time>2026-05-01T20:20:11.558Z</Time><Position><LatitudeDegrees>60.07165</LatitudeDegrees><LongitudeDegrees>18.75927</LongitudeDegrees></Position><AltitudeMeters>24.298</AltitudeMeters><HeartRateBpm><Value>110</Value></HeartRateBpm><Cadence>54</Cadence></Trackpoint><Trackpoint><Time>2026-05-01T20:20:12.566Z</Time><Position><LatitudeDegrees>60.07164</LatitudeDegrees><LongitudeDegrees>18.759268</LongitudeDegrees></Position><AltitudeMeters>24.188</AltitudeMeters><HeartRateBpm><Value>111</Value></HeartRateBpm><Cadence>54</Cadence></Trackpoint><Trackpoint><Time>2026-05-01T20:20:13.570Z</Time><Position><LatitudeDegrees>60.071632</LatitudeDegrees><LongitudeDegrees>18.759264</LongitudeDegrees></Position><AltitudeMeters>24.147</AltitudeMeters><HeartRateBpm><Value>111</Value></HeartRateBpm><Cadence>54</Cadence></Trackpoint><Trackpoint><Time>2026-05-01T20:20:14.576Z</Time><Position><LatitudeDegrees>60.071625</LatitudeDegrees><LongitudeDegrees>18.75926</LongitudeDegrees></Position><AltitudeMeters>24.126</AltitudeMeters><HeartRateBpm><Value>111</Value></HeartRateBpm><Cadence>54</Cadence></Trackpoint><Trackpoint><Time>2026-05-01T20:20:15.584Z</Time><Position><LatitudeDegrees>60.071613</LatitudeDegrees><LongitudeDegrees>18.759254</LongitudeDegrees></Position><AltitudeMeters>24.119</AltitudeMeters><HeartRateBpm><Value>111</Value></HeartRateBpm><Cadence>54</Cadence></Trackpoint><Trackpoint><Time>2026-05-01T20:20:16.592Z</Time><Position><LatitudeDegrees>60.071606</LatitudeDegrees><LongitudeDegrees>18.759245</LongitudeDegrees></Position><AltitudeMeters>24.066</AltitudeMeters><HeartRateBpm><Value>112</Value></HeartRateBpm><Cadence>54</Cadence></Trackpoint><Trackpoint><Time>2026-05-01T20:20:17.601Z</Time><Position><LatitudeDegrees>60.071594</LatitudeDegrees><LongitudeDegrees>18.759237</LongitudeDegrees></Position><AltitudeMeters>24.083</AltitudeMeters><HeartRateBpm><Value>112</Value></HeartRateBpm><Cadence>55</Cadence></Trackpoint><Trackpoint><Time>2026-05-01T20:20:18.607Z</Time><Position><LatitudeDegrees>60.071587</LatitudeDegrees><LongitudeDegrees>18.759228</LongitudeDegrees></Position><AltitudeMeters>24.07</AltitudeMeters><HeartRateBpm><Value>112</Value></HeartRateBpm><Cadence>55</Cadence></Trackpoint><Trackpoint><Time>2026-05-01T20:20:19.615Z</Time><Position><LatitudeDegrees>60.071575</LatitudeDegrees><LongitudeDegrees>18.759216</LongitudeDegrees></Position><AltitudeMeters>24.035</AltitudeMeters><HeartRateBpm><Value>112</Value></HeartRateBpm><Cadence>55</Cadence></Trackpoint><Trackpoint><Time>2026-05-01T20:20:20.624Z</Time><Position><LatitudeDegrees>60.071568</LatitudeDegrees><LongitudeDegrees>18.759205</LongitudeDegrees></Position><AltitudeMeters>23.993</AltitudeMeters><HeartRateBpm><Value>112</Value></HeartRateBpm><Cadence>55</Cadence></Trackpoint><Trackpoint><Time>2026-05-01T20:20:21.633Z</Time><Position><LatitudeDegrees>60.07156</LatitudeDegrees><LongitudeDegrees>18.759197</LongitudeDegrees></Position><AltitudeMeters>23.984</AltitudeMeters><HeartRateBpm><Value>113</Value></HeartRateBpm><Cadence>55</Cadence></Trackpoint><Trackpoint><Time>2026-05-01T20:20:22.641Z</Time><Position><LatitudeDegrees>60.07155</LatitudeDegrees><LongitudeDegrees>18.759186</LongitudeDegrees></Position><AltitudeMeters>23.988</AltitudeMeters><HeartRateBpm><Value>113</Value></HeartRateBpm><Cadence>55</Cadence></Trackpoint><Trackpoint><Time>2026-05-01T20:20:23.648Z</Time><Position><LatitudeDegrees>60.07154</LatitudeDegrees><LongitudeDegrees>18.759176</LongitudeDegrees></Position><AltitudeMeters>23.948</AltitudeMeters><HeartRateBpm><Value>113</Value></HeartRateBpm><Cadence>55</Cadence></Trackpoint><Trackpoint><Time>2026-05-01T20:20:24.657Z</Time><Position><LatitudeDegrees>60.07153</LatitudeDegrees><LongitudeDegrees>18.759165</LongitudeDegrees></Position><AltitudeMeters>24.068</AltitudeMeters><HeartRateBpm><Value>114</Value></HeartRateBpm><Cadence>55</Cadence></Trackpoint><Trackpoint><Time>2026-05-01T20:20:25.665Z</Time><Position><LatitudeDegrees>60.07152</LatitudeDegrees><LongitudeDegrees>18.759153</LongitudeDegrees></Position><AltitudeMeters>24.114</AltitudeMeters><HeartRateBpm><Value>114</Value></HeartRateBpm><Cadence>55</Cadence></Trackpoint><Trackpoint><Time>2026-05-01T20:20:26.674Z</Time><Position><LatitudeDegrees>60.071514</LatitudeDegrees><LongitudeDegrees>18.75914</LongitudeDegrees></Position><AltitudeMeters>24.139</AltitudeMeters><HeartRateBpm><Value>114</Value></HeartRateBpm><Cadence>55</Cadence></Trackpoint><Trackpoint><Time>2026-05-01T20:20:27.682Z</Time><Position><LatitudeDegrees>60.071503</LatitudeDegrees><LongitudeDegrees>18.759125</LongitudeDegrees></Position><AltitudeMeters>24.044</AltitudeMeters><HeartRateBpm><Value>115</Value></HeartRateBpm><Cadence>55</Cadence></Trackpoint><Trackpoint><Time>2026-05-01T20:20:28.691Z</Time><Position><LatitudeDegrees>60.071495</LatitudeDegrees><LongitudeDegrees>18.75911</LongitudeDegrees></Position><AltitudeMeters>24.127</AltitudeMeters><HeartRateBpm><Value>115</Value></HeartRateBpm><Cadence>55</Cadence></Trackpoint><Trackpoint><Time>2026-05-01T20:20:29.698Z</Time><Position><LatitudeDegrees>60.071487</LatitudeDegrees><LongitudeDegrees>18.759094</LongitudeDegrees></Position><AltitudeMeters>24.099</AltitudeMeters><HeartRateBpm><Value>115</Value></HeartRateBpm><Cadence>55</Cadence></Trackpoint><Trackpoint><Time>2026-05-01T20:20:30.706Z</Time><Position><LatitudeDegrees>60.07148</LatitudeDegrees><LongitudeDegrees>18.759079</LongitudeDegrees></Position><AltitudeMeters>24.245</AltitudeMeters><HeartRateBpm><Value>115</Value></HeartRateBpm><Cadence>55</Cadence></Trackpoint><Trackpoint><Time>2026-05-01T20:20:31.715Z</Time><Position><LatitudeDegrees>60.071472</LatitudeDegrees><LongitudeDegrees>18.759062</LongitudeDegrees></Position><AltitudeMeters>24.329</AltitudeMeters><HeartRateBpm><Value>115</Value></HeartRateBpm><Cadence>55</Cadence></Trackpoint><Trackpoint><Time>2026-05-01T20:20:32.724Z</Time><Position><LatitudeDegrees>60.071465</LatitudeDegrees><LongitudeDegrees>18.759045</LongitudeDegrees></Position><AltitudeMeters>24.351</AltitudeMeters><HeartRateBpm><Value>116</Value></HeartRateBpm><Cadence>55</Cadence></Trackpoint><Trackpoint><Time>2026-05-01T20:20:33.732Z</Time><Position><LatitudeDegrees>60.071457</LatitudeDegrees><LongitudeDegrees>18.759027</LongitudeDegrees></Position><AltitudeMeters>24.185</AltitudeMeters><HeartRateBpm><Value>116</Value></HeartRateBpm><Cadence>55</Cadence></Trackpoint><Trackpoint><Time>2026-05-01T20:20:34.741Z</Time><Position><LatitudeDegrees>60.07145</LatitudeDegrees><LongitudeDegrees>18.759008</LongitudeDegrees></Position><AltitudeMeters>23.992</AltitudeMeters><HeartRateBpm><Value>116</Value></HeartRateBpm><Cadence>55</Cadence></Trackpoint><Trackpoint><Time>2026-05-01T20:20:35.747Z</Time><Position><LatitudeDegrees>60.07144</LatitudeDegrees><LongitudeDegrees>18.75899</LongitudeDegrees></Position><AltitudeMeters>23.757</AltitudeMeters><HeartRateBpm><Value>116</Value></HeartRateBpm><Cadence>55</Cadence></Trackpoint><Trackpoint><Time>2026-05-01T20:20:36.756Z</Time><Position><LatitudeDegrees>60.071434</LatitudeDegrees><LongitudeDegrees>18.75897</LongitudeDegrees></Position><AltitudeMeters>23.606</AltitudeMeters><HeartRateBpm><Value>116</Value></HeartRateBpm><Cadence>55</Cadence></Trackpoint><Trackpoint><Time>2026-05-01T20:20:37.764Z</Time><Position><LatitudeDegrees>60.071426</LatitudeDegrees><LongitudeDegrees>18.758951</LongitudeDegrees></Position><AltitudeMeters>23.647</AltitudeMeters><HeartRateBpm><Value>116</Value></HeartRateBpm><Cadence>55</Cadence></Trackpoint><Trackpoint><Time>2026-05-01T20:20:38.772Z</Time><Position><LatitudeDegrees>60.07142</LatitudeDegrees><LongitudeDegrees>18.75893</LongitudeDegrees></Position><AltitudeMeters>23.656</AltitudeMeters><HeartRateBpm><Value>116</Value></HeartRateBpm><Cadence>55</Cadence></Trackpoint><Trackpoint><Time>2026-05-01T20:20:39.781Z</Time><Position><LatitudeDegrees>60.071415</LatitudeDegrees><LongitudeDegrees>18.758911</LongitudeDegrees></Position><AltitudeMeters>23.621</AltitudeMeters><HeartRateBpm><Value>117</Value></HeartRateBpm><Cadence>55</Cadence></Trackpoint><Trackpoint><Time>2026-05-01T20:20:40.787Z</Time><Position><LatitudeDegrees>60.07141</LatitudeDegrees><LongitudeDegrees>18.758888</LongitudeDegrees></Position><AltitudeMeters>23.46</AltitudeMeters><HeartRateBpm><Value>117</Value></HeartRateBpm><Cadence>55</Cadence></Trackpoint><Trackpoint><Time>2026-05-01T20:20:41.796Z</Time><Position><LatitudeDegrees>60.071407</LatitudeDegrees><LongitudeDegrees>18.758867</LongitudeDegrees></Position><AltitudeMeters>23.184</AltitudeMeters><HeartRateBpm><Value>117</Value></HeartRateBpm><Cadence>55</Cadence></Trackpoint><Trackpoint><Time>2026-05-01T20:20:42.805Z</Time><Position><LatitudeDegrees>60.071404</LatitudeDegrees><LongitudeDegrees>18.758844</LongitudeDegrees></Position><AltitudeMeters>23.016</AltitudeMeters><HeartRateBpm><Value>117</Value></HeartRateBpm><Cadence>55</Cadence></Trackpoint><Trackpoint><Time>2026-05-01T20:20:43.813Z</Time><Position><LatitudeDegrees>60.0714</LatitudeDegrees><LongitudeDegrees>18.758821</LongitudeDegrees></Position><AltitudeMeters>22.777</AltitudeMeters><HeartRateBpm><Value>117</Value></HeartRateBpm><Cadence>56</Cadence></Trackpoint><Trackpoint><Time>2026-05-01T20:20:44.822Z</Time><Position><LatitudeDegrees>60.071396</LatitudeDegrees><LongitudeDegrees>18.758797</LongitudeDegrees></Position><AltitudeMeters>22.498</AltitudeMeters><HeartRateBpm><Value>117</Value></HeartRateBpm><Cadence>56</Cadence></Trackpoint><Trackpoint><Time>2026-05-01T20:20:45.830Z</Time><Position><LatitudeDegrees>60.071396</LatitudeDegrees><LongitudeDegrees>18.758772</LongitudeDegrees></Position><AltitudeMeters>22.198</AltitudeMeters><HeartRateBpm><Value>117</Value></HeartRateBpm><Cadence>56</Cadence></Trackpoint><Trackpoint><Time>2026-05-01T20:20:46.837Z</Time><Position><LatitudeDegrees>60.071396</LatitudeDegrees><LongitudeDegrees>18.758745</LongitudeDegrees></Position><AltitudeMeters>22.059</AltitudeMeters><HeartRateBpm><Value>117</Value></HeartRateBpm><Cadence>56</Cadence></Trackpoint><Trackpoint><Time>2026-05-01T20:20:47.845Z</Time><Position><LatitudeDegrees>60.071396</LatitudeDegrees><LongitudeDegrees>18.75872</LongitudeDegrees></Position><AltitudeMeters>21.892</AltitudeMeters><HeartRateBpm><Value>117</Value></HeartRateBpm><Cadence>56</Cadence></Trackpoint><Trackpoint><Time>2026-05-01T20:20:48.853Z</Time><Position><LatitudeDegrees>60.071396</LatitudeDegrees><LongitudeDegrees>18.758694</LongitudeDegrees></Position><AltitudeMeters>21.834</AltitudeMeters><HeartRateBpm><Value>117</Value></HeartRateBpm><Cadence>57</Cadence></Trackpoint><Trackpoint><Time>2026-05-01T20:20:49.861Z</Time><Position><LatitudeDegrees>60.0714</LatitudeDegrees><LongitudeDegrees>18.758669</LongitudeDegrees></Position><AltitudeMeters>21.833</AltitudeMeters><HeartRateBpm><Value>117</Value></HeartRateBpm><Cadence>57</Cadence></Trackpoint><Trackpoint><Time>2026-05-01T20:20:50.860Z</Time><Position><LatitudeDegrees>60.0714</LatitudeDegrees><LongitudeDegrees>18.758642</LongitudeDegrees></Position><AltitudeMeters>21.9</AltitudeMeters><HeartRateBpm><Value>117</Value></HeartRateBpm><Cadence>57</Cadence></Trackpoint><Trackpoint><Time>2026-05-01T20:20:51.861Z</Time><Position><LatitudeDegrees>60.071404</LatitudeDegrees><LongitudeDegrees>18.758617</LongitudeDegrees></Position><AltitudeMeters>21.84</AltitudeMeters><HeartRateBpm><Value>117</Value></HeartRateBpm><Cadence>57</Cadence></Trackpoint><Trackpoint><Time>2026-05-01T20:20:52.865Z</Time><Position><LatitudeDegrees>60.071407</LatitudeDegrees><LongitudeDegrees>18.758593</LongitudeDegrees></Position><AltitudeMeters>21.81</AltitudeMeters><HeartRateBpm><Value>117</Value></HeartRateBpm><Cadence>57</Cadence></Trackpoint><Trackpoint><Time>2026-05-01T20:20:53.874Z</Time><Position><LatitudeDegrees>60.07141</LatitudeDegrees><LongitudeDegrees>18.75857</LongitudeDegrees></Position><AltitudeMeters>21.887</AltitudeMeters><HeartRateBpm><Value>116</Value></HeartRateBpm><Cadence>57</Cadence></Trackpoint><Trackpoint><Time>2026-05-01T20:20:54.883Z</Time><Position><LatitudeDegrees>60.07142</LatitudeDegrees><LongitudeDegrees>18.758547</LongitudeDegrees></Position><AltitudeMeters>21.834</AltitudeMeters><HeartRateBpm><Value>116</Value></HeartRateBpm><Cadence>57</Cadence></Trackpoint><Trackpoint><Time>2026-05-01T20:20:55.885Z</Time><Position><LatitudeDegrees>60.071423</LatitudeDegrees><LongitudeDegrees>18.758524</LongitudeDegrees></Position><AltitudeMeters>21.809</AltitudeMeters><HeartRateBpm><Value>116</Value></HeartRateBpm><Cadence>57</Cadence></Trackpoint><Trackpoint><Time>2026-05-01T20:20:56.885Z</Time><Position><LatitudeDegrees>60.07143</LatitudeDegrees><LongitudeDegrees>18.758503</LongitudeDegrees></Position><AltitudeMeters>21.875</AltitudeMeters><HeartRateBpm><Value>116</Value></HeartRateBpm><Cadence>57</Cadence></Trackpoint><Trackpoint><Time>2026-05-01T20:20:57.886Z</Time><Position><LatitudeDegrees>60.071438</LatitudeDegrees><LongitudeDegrees>18.758482</LongitudeDegrees></Position><AltitudeMeters>21.899</AltitudeMeters><HeartRateBpm><Value>116</Value></HeartRateBpm><Cadence>57</Cadence></Trackpoint><Trackpoint><Time>2026-05-01T20:20:58.895Z</Time><Position><LatitudeDegrees>60.071445</LatitudeDegrees><LongitudeDegrees>18.758463</LongitudeDegrees></Position><AltitudeMeters>21.886</AltitudeMeters><HeartRateBpm><Value>116</Value></HeartRateBpm><Cadence>56</Cadence></Trackpoint><Trackpoint><Time>2026-05-01T20:20:59.905Z</Time><Position><LatitudeDegrees>60.071453</LatitudeDegrees><LongitudeDegrees>18.758444</LongitudeDegrees></Position><AltitudeMeters>21.918</AltitudeMeters><HeartRateBpm><Value>116</Value></HeartRateBpm><Cadence>56</Cadence></Trackpoint><Trackpoint><Time>2026-05-01T20:21:00.913Z</Time><Position><LatitudeDegrees>60.07146</LatitudeDegrees><LongitudeDegrees>18.758427</LongitudeDegrees></Position><AltitudeMeters>21.922</AltitudeMeters><HeartRateBpm><Value>116</Value></HeartRateBpm><Cadence>56</Cadence></Trackpoint><Trackpoint><Time>2026-05-01T20:21:01.921Z</Time><Position><LatitudeDegrees>60.07147</LatitudeDegrees><LongitudeDegrees>18.758408</LongitudeDegrees></Position><AltitudeMeters>21.987</AltitudeMeters><HeartRateBpm><Value>116</Value></HeartRateBpm><Cadence>56</Cadence></Trackpoint><Trackpoint><Time>2026-05-01T20:21:02.927Z</Time><Position><LatitudeDegrees>60.071476</LatitudeDegrees><LongitudeDegrees>18.75839</LongitudeDegrees></Position><AltitudeMeters>22.084</AltitudeMeters><HeartRateBpm><Value>116</Value></HeartRateBpm><Cadence>56</Cadence></Trackpoint><Trackpoint><Time>2026-05-01T20:21:03.935Z</Time><Position><LatitudeDegrees>60.071484</LatitudeDegrees><LongitudeDegrees>18.758373</LongitudeDegrees></Position><AltitudeMeters>22.056</AltitudeMeters><HeartRateBpm><Value>116</Value></HeartRateBpm><Cadence>57</Cadence></Trackpoint><Trackpoint><Time>2026-05-01T20:21:04.943Z</Time><Position><LatitudeDegrees>60.071487</LatitudeDegrees><LongitudeDegrees>18.758354</LongitudeDegrees></Position><AltitudeMeters>22.097</AltitudeMeters><HeartRateBpm><Value>116</Value></HeartRateBpm><Cadence>57</Cadence></Trackpoint><Trackpoint><Time>2026-05-01T20:21:05.952Z</Time><Position><LatitudeDegrees>60.071495</LatitudeDegrees><LongitudeDegrees>18.758337</LongitudeDegrees></Position><AltitudeMeters>22.083</AltitudeMeters><HeartRateBpm><Value>116</Value></HeartRateBpm><Cadence>57</Cadence></Trackpoint><Trackpoint><Time>2026-05-01T20:21:06.961Z</Time><Position><LatitudeDegrees>60.071503</LatitudeDegrees><LongitudeDegrees>18.75832</LongitudeDegrees></Position><AltitudeMeters>22.128</AltitudeMeters><HeartRateBpm><Value>116</Value></HeartRateBpm><Cadence>58</Cadence></Trackpoint><Trackpoint><Time>2026-05-01T20:21:07.971Z</Time><Position><LatitudeDegrees>60.07151</LatitudeDegrees><LongitudeDegrees>18.758303</LongitudeDegrees></Position><AltitudeMeters>22.157</AltitudeMeters><HeartRateBpm><Value>116</Value></HeartRateBpm><Cadence>58</Cadence></Trackpoint><Trackpoint><Time>2026-05-01T20:21:08.978Z</Time><Position><LatitudeDegrees>60.071518</LatitudeDegrees><LongitudeDegrees>18.758284</LongitudeDegrees></Position><AltitudeMeters>22.15</AltitudeMeters><HeartRateBpm><Value>116</Value></HeartRateBpm><Cadence>58</Cadence></Trackpoint><Trackpoint><Time>2026-05-01T20:21:09.987Z</Time><Position><LatitudeDegrees>60.071526</LatitudeDegrees><LongitudeDegrees>18.758266</LongitudeDegrees></Position><AltitudeMeters>22.205</AltitudeMeters><HeartRateBpm><Value>116</Value></HeartRateBpm><Cadence>58</Cadence></Trackpoint><Trackpoint><Time>2026-05-01T20:21:10.994Z</Time><Position><LatitudeDegrees>60.071533</LatitudeDegrees><LongitudeDegrees>18.75825</LongitudeDegrees></Position><AltitudeMeters>22.284</AltitudeMeters><HeartRateBpm><Value>116</Value></HeartRateBpm><Cadence>59</Cadence></Trackpoint><Trackpoint><Time>2026-05-01T20:21:12.003Z</Time><Position><LatitudeDegrees>60.07154</LatitudeDegrees><LongitudeDegrees>18.758232</LongitudeDegrees></Position><AltitudeMeters>22.345</AltitudeMeters><HeartRateBpm><Value>116</Value></HeartRateBpm><Cadence>58</Cadence></Trackpoint><Trackpoint><Time>2026-05-01T20:21:13.012Z</Time><Position><LatitudeDegrees>60.07155</LatitudeDegrees><LongitudeDegrees>18.758215</LongitudeDegrees></Position><AltitudeMeters>22.446</AltitudeMeters><HeartRateBpm><Value>116</Value></HeartRateBpm><Cadence>58</Cadence></Trackpoint><Trackpoint><Time>2026-05-01T20:21:14.018Z</Time><Position><LatitudeDegrees>60.07156</LatitudeDegrees><LongitudeDegrees>18.758198</LongitudeDegrees></Position><AltitudeMeters>22.513</AltitudeMeters><HeartRateBpm><Value>116</Value></HeartRateBpm><Cadence>57</Cadence></Trackpoint><Trackpoint><Time>2026-05-01T20:21:15.026Z</Time><Position><LatitudeDegrees>60.071568</LatitudeDegrees><LongitudeDegrees>18.758183</LongitudeDegrees></Position><AltitudeMeters>22.514</AltitudeMeters><HeartRateBpm><Value>116</Value></HeartRateBpm><Cadence>57</Cadence></Trackpoint><Trackpoint><Time>2026-05-01T20:21:16.034Z</Time><Position><LatitudeDegrees>60.071575</LatitudeDegrees><LongitudeDegrees>18.758167</LongitudeDegrees></Position><AltitudeMeters>22.639</AltitudeMeters><HeartRateBpm><Value>116</Value></HeartRateBpm><Cadence>56</Cadence></Trackpoint><Trackpoint><Time>2026-05-01T20:21:17.042Z</Time><Position><LatitudeDegrees>60.071587</LatitudeDegrees><LongitudeDegrees>18.75815</LongitudeDegrees></Position><AltitudeMeters>22.721</AltitudeMeters><HeartRateBpm><Value>116</Value></HeartRateBpm><Cadence>56</Cadence></Trackpoint><Trackpoint><Time>2026-05-01T20:21:18.051Z</Time><Position><LatitudeDegrees>60.071594</LatitudeDegrees><LongitudeDegrees>18.758133</LongitudeDegrees></Position><AltitudeMeters>22.75</AltitudeMeters><HeartRateBpm><Value>116</Value></HeartRateBpm><Cadence>56</Cadence></Trackpoint><Trackpoint><Time>2026-05-01T20:21:19.060Z</Time><Position><LatitudeDegrees>60.0716</LatitudeDegrees><LongitudeDegrees>18.758116</LongitudeDegrees></Position><AltitudeMeters>22.699</AltitudeMeters><HeartRateBpm><Value>116</Value></HeartRateBpm><Cadence>55</Cadence></Trackpoint><Trackpoint><Time>2026-05-01T20:21:20.066Z</Time><Position><LatitudeDegrees>60.07161</LatitudeDegrees><LongitudeDegrees>18.758099</LongitudeDegrees></Position><AltitudeMeters>22.68</AltitudeMeters><HeartRateBpm><Value>117</Value></HeartRateBpm><Cadence>55</Cadence></Trackpoint><Trackpoint><Time>2026-05-01T20:21:21.074Z</Time><Position><LatitudeDegrees>60.071617</LatitudeDegrees><LongitudeDegrees>18.758081</LongitudeDegrees></Position><AltitudeMeters>22.664</AltitudeMeters><HeartRateBpm><Value>117</Value></HeartRateBpm><Cadence>55</Cadence></Trackpoint><Trackpoint><Time>2026-05-01T20:21:22.082Z</Time><Position><LatitudeDegrees>60.071625</LatitudeDegrees><LongitudeDegrees>18.758066</LongitudeDegrees></Position><AltitudeMeters>22.665</AltitudeMeters><HeartRateBpm><Value>117</Value></HeartRateBpm><Cadence>55</Cadence></Trackpoint><Trackpoint><Time>2026-05-01T20:21:23.091Z</Time><Position><LatitudeDegrees>60.071636</LatitudeDegrees><LongitudeDegrees>18.758049</LongitudeDegrees></Position><AltitudeMeters>22.685</AltitudeMeters><HeartRateBpm><Value>117</Value></HeartRateBpm><Cadence>55</Cadence></Trackpoint><Trackpoint><Time>2026-05-01T20:21:24.098Z</Time><Position><LatitudeDegrees>60.071644</LatitudeDegrees><LongitudeDegrees>18.758034</LongitudeDegrees></Position><AltitudeMeters>22.732</AltitudeMeters><HeartRateBpm><Value>116</Value></HeartRateBpm><Cadence>55</Cadence></Trackpoint><Trackpoint><Time>2026-05-01T20:21:25.106Z</Time><Position><LatitudeDegrees>60.071655</LatitudeDegrees><LongitudeDegrees>18.758017</LongitudeDegrees></Position><AltitudeMeters>22.823</AltitudeMeters><HeartRateBpm><Value>116</Value></HeartRateBpm><Cadence>55</Cadence></Trackpoint><Trackpoint><Time>2026-05-01T20:21:26.114Z</Time><Position><LatitudeDegrees>60.071663</LatitudeDegrees><LongitudeDegrees>18.758001</LongitudeDegrees></Position><AltitudeMeters>22.853</AltitudeMeters><HeartRateBpm><Value>117</Value></HeartRateBpm><Cadence>55</Cadence></Trackpoint><Trackpoint><Time>2026-05-01T20:21:27.123Z</Time><Position><LatitudeDegrees>60.071674</LatitudeDegrees><LongitudeDegrees>18.757984</LongitudeDegrees></Position><AltitudeMeters>22.878</AltitudeMeters><HeartRateBpm><Value>117</Value></HeartRateBpm><Cadence>55</Cadence></Trackpoint><Trackpoint><Time>2026-05-01T20:21:28.132Z</Time><Position><LatitudeDegrees>60.071682</LatitudeDegrees><LongitudeDegrees>18.757969</LongitudeDegrees></Position><AltitudeMeters>22.928</AltitudeMeters><HeartRateBpm><Value>117</Value></HeartRateBpm><Cadence>56</Cadence></Trackpoint><Trackpoint><Time>2026-05-01T20:21:29.140Z</Time><Position><LatitudeDegrees>60.07169</LatitudeDegrees><LongitudeDegrees>18.757954</LongitudeDegrees></Position><AltitudeMeters>22.996</AltitudeMeters><HeartRateBpm><Value>117</Value></HeartRateBpm><Cadence>56</Cadence></Trackpoint><Trackpoint><Time>2026-05-01T20:21:30.146Z</Time><Position><LatitudeDegrees>60.0717</LatitudeDegrees><LongitudeDegrees>18.757936</LongitudeDegrees></Position><AltitudeMeters>23.075</AltitudeMeters><HeartRateBpm><Value>117</Value></HeartRateBpm><Cadence>56</Cadence></Trackpoint><Trackpoint><Time>2026-05-01T20:21:31.155Z</Time><Position><LatitudeDegrees>60.07171</LatitudeDegrees><LongitudeDegrees>18.75792</LongitudeDegrees></Position><AltitudeMeters>23.113</AltitudeMeters><HeartRateBpm><Value>117</Value></HeartRateBpm><Cadence>56</Cadence></Trackpoint><Trackpoint><Time>2026-05-01T20:21:32.163Z</Time><Position><LatitudeDegrees>60.071716</LatitudeDegrees><LongitudeDegrees>18.757904</LongitudeDegrees></Position><AltitudeMeters>23.096</AltitudeMeters><HeartRateBpm><Value>118</Value></HeartRateBpm><Cadence>56</Cadence></Trackpoint><Trackpoint><Time>2026-05-01T20:21:33.172Z</Time><Position><LatitudeDegrees>60.071724</LatitudeDegrees><LongitudeDegrees>18.757887</LongitudeDegrees></Position><AltitudeMeters>23.133</AltitudeMeters><HeartRateBpm><Value>118</Value></HeartRateBpm><Cadence>56</Cadence></Trackpoint><Trackpoint><Time>2026-05-01T20:21:34.181Z</Time><Position><LatitudeDegrees>60.07173</LatitudeDegrees><LongitudeDegrees>18.75787</LongitudeDegrees></Position><AltitudeMeters>23.231</AltitudeMeters><HeartRateBpm><Value>118</Value></HeartRateBpm><Cadence>56</Cadence></Trackpoint><Trackpoint><Time>2026-05-01T20:21:35.187Z</Time><Position><LatitudeDegrees>60.071735</LatitudeDegrees><LongitudeDegrees>18.757853</LongitudeDegrees></Position><AltitudeMeters>23.355</AltitudeMeters><HeartRateBpm><Value>118</Value></HeartRateBpm><Cadence>56</Cadence></Trackpoint><Trackpoint><Time>2026-05-01T20:21:36.195Z</Time><Position><LatitudeDegrees>60.071743</LatitudeDegrees><LongitudeDegrees>18.757835</LongitudeDegrees></Position><AltitudeMeters>23.474</AltitudeMeters><HeartRateBpm><Value>118</Value></HeartRateBpm><Cadence>56</Cadence></Trackpoint><Trackpoint><Time>2026-05-01T20:21:37.203Z</Time><Position><LatitudeDegrees>60.07175</LatitudeDegrees><LongitudeDegrees>18.757818</LongitudeDegrees></Position><AltitudeMeters>23.459</AltitudeMeters><HeartRateBpm><Value>118</Value></HeartRateBpm><Cadence>56</Cadence></Trackpoint><Trackpoint><Time>2026-05-01T20:21:38.212Z</Time><Position><LatitudeDegrees>60.071754</LatitudeDegrees><LongitudeDegrees>18.7578</LongitudeDegrees></Position><AltitudeMeters>23.446</AltitudeMeters><HeartRateBpm><Value>118</Value></HeartRateBpm><Cadence>56</Cadence></Trackpoint><Trackpoint><Time>2026-05-01T20:21:39.221Z</Time><Position><LatitudeDegrees>60.07176</LatitudeDegrees><LongitudeDegrees>18.75778</LongitudeDegrees></Position><AltitudeMeters>23.438</AltitudeMeters><HeartRateBpm><Value>118</Value></HeartRateBpm><Cadence>56</Cadence></Trackpoint><Trackpoint><Time>2026-05-01T20:21:40.230Z</Time><Position><LatitudeDegrees>60.071762</LatitudeDegrees><LongitudeDegrees>18.757761</LongitudeDegrees></Position><AltitudeMeters>23.376</AltitudeMeters><HeartRateBpm><Value>118</Value></HeartRateBpm><Cadence>56</Cadence></Trackpoint><Trackpoint><Time>2026-05-01T20:21:41.239Z</Time><Position><LatitudeDegrees>60.071762</LatitudeDegrees><LongitudeDegrees>18.75774</LongitudeDegrees></Position><AltitudeMeters>23.314</AltitudeMeters><HeartRateBpm><Value>118</Value></HeartRateBpm><Cadence>56</Cadence></Trackpoint><Trackpoint><Time>2026-05-01T20:21:42.246Z</Time><Position><LatitudeDegrees>60.071766</LatitudeDegrees><LongitudeDegrees>18.75772</LongitudeDegrees></Position><AltitudeMeters>23.367</AltitudeMeters><HeartRateBpm><Value>118</Value></HeartRateBpm><Cadence>56</Cadence></Trackpoint><Trackpoint><Time>2026-05-01T20:21:43.255Z</Time><Position><LatitudeDegrees>60.071766</LatitudeDegrees><LongitudeDegrees>18.757702</LongitudeDegrees></Position><AltitudeMeters>23.353</AltitudeMeters><HeartRateBpm><Value>117</Value></HeartRateBpm><Cadence>56</Cadence></Trackpoint><Trackpoint><Time>2026-05-01T20:21:44.263Z</Time><Position><LatitudeDegrees>60.071766</LatitudeDegrees><LongitudeDegrees>18.757683</LongitudeDegrees></Position><AltitudeMeters>23.354</AltitudeMeters><HeartRateBpm><Value>117</Value></HeartRateBpm><Cadence>56</Cadence></Trackpoint><Trackpoint><Time>2026-05-01T20:21:45.273Z</Time><Position><LatitudeDegrees>60.071762</LatitudeDegrees><LongitudeDegrees>18.757664</LongitudeDegrees></Position><AltitudeMeters>23.323</AltitudeMeters><HeartRateBpm><Value>118</Value></HeartRateBpm><Cadence>56</Cadence></Trackpoint><Trackpoint><Time>2026-05-01T20:21:46.281Z</Time><Position><LatitudeDegrees>60.07176</LatitudeDegrees><LongitudeDegrees>18.757645</LongitudeDegrees></Position><AltitudeMeters>23.302</AltitudeMeters><HeartRateBpm><Value>118</Value></HeartRateBpm><Cadence>56</Cadence></Trackpoint><Trackpoint><Time>2026-05-01T20:21:47.290Z</Time><Position><LatitudeDegrees>60.07176</LatitudeDegrees><LongitudeDegrees>18.757626</LongitudeDegrees></Position><AltitudeMeters>23.32</AltitudeMeters><HeartRateBpm><Value>118</Value></HeartRateBpm><Cadence>56</Cadence></Trackpoint><Trackpoint><Time>2026-05-01T20:21:48.297Z</Time><Position><LatitudeDegrees>60.071754</LatitudeDegrees><LongitudeDegrees>18.757608</LongitudeDegrees></Position><AltitudeMeters>23.343</AltitudeMeters><HeartRateBpm><Value>118</Value></HeartRateBpm><Cadence>56</Cadence></Trackpoint><Trackpoint><Time>2026-05-01T20:21:49.305Z</Time><Position><LatitudeDegrees>60.07175</LatitudeDegrees><LongitudeDegrees>18.757591</LongitudeDegrees></Position><AltitudeMeters>23.464</AltitudeMeters><HeartRateBpm><Value>119</Value></HeartRateBpm><Cadence>56</Cadence></Trackpoint><Trackpoint><Time>2026-05-01T20:21:50.314Z</Time><Position><LatitudeDegrees>60.071743</LatitudeDegrees><LongitudeDegrees>18.757574</LongitudeDegrees></Position><AltitudeMeters>23.491</AltitudeMeters><HeartRateBpm><Value>119</Value></HeartRateBpm><Cadence>55</Cadence></Trackpoint><Trackpoint><Time>2026-05-01T20:21:51.323Z</Time><Position><LatitudeDegrees>60.07174</LatitudeDegrees><LongitudeDegrees>18.757557</LongitudeDegrees></Position><AltitudeMeters>23.508</AltitudeMeters><HeartRateBpm><Value>120</Value></HeartRateBpm><Cadence>55</Cadence></Trackpoint><Trackpoint><Time>2026-05-01T20:21:52.332Z</Time><Position><LatitudeDegrees>60.071735</LatitudeDegrees><LongitudeDegrees>18.75754</LongitudeDegrees></Position><AltitudeMeters>23.515</AltitudeMeters><HeartRateBpm><Value>120</Value></HeartRateBpm><Cadence>55</Cadence></Trackpoint><Trackpoint><Time>2026-05-01T20:21:53.340Z</Time><Position><LatitudeDegrees>60.071728</LatitudeDegrees><LongitudeDegrees>18.757523</LongitudeDegrees></Position><AltitudeMeters>23.561</AltitudeMeters><HeartRateBpm><Value>120</Value></HeartRateBpm><Cadence>55</Cadence></Trackpoint><Trackpoint><Time>2026-05-01T20:21:54.346Z</Time><Position><LatitudeDegrees>60.07172</LatitudeDegrees><LongitudeDegrees>18.757505</LongitudeDegrees></Position><AltitudeMeters>23.656</AltitudeMeters><HeartRateBpm><Value>121</Value></HeartRateBpm><Cadence>55</Cadence></Trackpoint><Trackpoint><Time>2026-05-01T20:21:55.355Z</Time><Position><LatitudeDegrees>60.071716</LatitudeDegrees><LongitudeDegrees>18.757488</LongitudeDegrees></Position><AltitudeMeters>23.724</AltitudeMeters><HeartRateBpm><Value>121</Value></HeartRateBpm><Cadence>54</Cadence></Trackpoint><Trackpoint><Time>2026-05-01T20:21:56.364Z</Time><Position><LatitudeDegrees>60.07171</LatitudeDegrees><LongitudeDegrees>18.757471</LongitudeDegrees></Position><AltitudeMeters>23.778</AltitudeMeters><HeartRateBpm><Value>121</Value></HeartRateBpm><Cadence>54</Cadence></Trackpoint><Trackpoint><Time>2026-05-01T20:21:57.373Z</Time><Position><LatitudeDegrees>60.0717</LatitudeDegrees><LongitudeDegrees>18.757454</LongitudeDegrees></Position><AltitudeMeters>23.826</AltitudeMeters><HeartRateBpm><Value>121</Value></HeartRateBpm><Cadence>54</Cadence></Trackpoint><Trackpoint><Time>2026-05-01T20:21:58.381Z</Time><Position><LatitudeDegrees>60.071693</LatitudeDegrees><LongitudeDegrees>18.757437</LongitudeDegrees></Position><AltitudeMeters>23.867</AltitudeMeters><HeartRateBpm><Value>121</Value></HeartRateBpm><Cadence>54</Cadence></Trackpoint><Trackpoint><Time>2026-05-01T20:21:59.390Z</Time><Position><LatitudeDegrees>60.071686</LatitudeDegrees><LongitudeDegrees>18.75742</LongitudeDegrees></Position><AltitudeMeters>23.865</AltitudeMeters><HeartRateBpm><Value>121</Value></HeartRateBpm><Cadence>54</Cadence></Trackpoint><Trackpoint><Time>2026-05-01T20:22:00.397Z</Time><Position><LatitudeDegrees>60.07168</LatitudeDegrees><LongitudeDegrees>18.757402</LongitudeDegrees></Position><AltitudeMeters>23.929</AltitudeMeters><HeartRateBpm><Value>121</Value></HeartRateBpm><Cadence>54</Cadence></Trackpoint><Trackpoint><Time>2026-05-01T20:22:01.405Z</Time><Position><LatitudeDegrees>60.07167</LatitudeDegrees><LongitudeDegrees>18.757385</LongitudeDegrees></Position><AltitudeMeters>24.014</AltitudeMeters><HeartRateBpm><Value>121</Value></HeartRateBpm><Cadence>54</Cadence></Trackpoint><Trackpoint><Time>2026-05-01T20:22:02.413Z</Time><Position><LatitudeDegrees>60.071663</LatitudeDegrees><LongitudeDegrees>18.757368</LongitudeDegrees></Position><AltitudeMeters>24.023</AltitudeMeters><HeartRateBpm><Value>121</Value></HeartRateBpm><Cadence>54</Cadence></Trackpoint><Trackpoint><Time>2026-05-01T20:22:03.422Z</Time><Position><LatitudeDegrees>60.071655</LatitudeDegrees><LongitudeDegrees>18.75735</LongitudeDegrees></Position><AltitudeMeters>24.104</AltitudeMeters><HeartRateBpm><Value>121</Value></HeartRateBpm><Cadence>54</Cadence></Trackpoint><Trackpoint><Time>2026-05-01T20:22:04.432Z</Time><Position><LatitudeDegrees>60.071648</LatitudeDegrees><LongitudeDegrees>18.757338</LongitudeDegrees></Position><AltitudeMeters>24.182</AltitudeMeters><HeartRateBpm><Value>121</Value></HeartRateBpm><Cadence>54</Cadence></Trackpoint><Trackpoint><Time>2026-05-01T20:22:05.440Z</Time><Position><LatitudeDegrees>60.07164</LatitudeDegrees><LongitudeDegrees>18.757322</LongitudeDegrees></Position><AltitudeMeters>24.229</AltitudeMeters><HeartRateBpm><Value>121</Value></HeartRateBpm><Cadence>54</Cadence></Trackpoint><Trackpoint><Time>2026-05-01T20:22:06.447Z</Time><Position><LatitudeDegrees>60.071632</LatitudeDegrees><LongitudeDegrees>18.75731</LongitudeDegrees></Position><AltitudeMeters>24.253</AltitudeMeters><HeartRateBpm><Value>120</Value></HeartRateBpm><Cadence>54</Cadence></Trackpoint><Trackpoint><Time>2026-05-01T20:22:07.455Z</Time><Position><LatitudeDegrees>60.071625</LatitudeDegrees><LongitudeDegrees>18.757301</LongitudeDegrees></Position><AltitudeMeters>24.293</AltitudeMeters><HeartRateBpm><Value>120</Value></HeartRateBpm><Cadence>54</Cadence></Trackpoint><Trackpoint><Time>2026-05-01T20:22:08.464Z</Time><Position><LatitudeDegrees>60.071617</LatitudeDegrees><LongitudeDegrees>18.757292</LongitudeDegrees></Position><AltitudeMeters>24.384</AltitudeMeters><HeartRateBpm><Value>120</Value></HeartRateBpm><Cadence>54</Cadence></Trackpoint><Trackpoint><Time>2026-05-01T20:22:09.473Z</Time><Position><LatitudeDegrees>60.07161</LatitudeDegrees><LongitudeDegrees>18.757282</LongitudeDegrees></Position><AltitudeMeters>24.451</AltitudeMeters><HeartRateBpm><Value>120</Value></HeartRateBpm><Cadence>54</Cadence></Trackpoint><Trackpoint><Time>2026-05-01T20:22:10.481Z</Time><Position><LatitudeDegrees>60.0716</LatitudeDegrees><LongitudeDegrees>18.757273</LongitudeDegrees></Position><AltitudeMeters>24.523</AltitudeMeters><HeartRateBpm><Value>120</Value></HeartRateBpm><Cadence>54</Cadence></Trackpoint><Trackpoint><Time>2026-05-01T20:22:11.488Z</Time><Position><LatitudeDegrees>60.071594</LatitudeDegrees><LongitudeDegrees>18.757263</LongitudeDegrees></Position><AltitudeMeters>24.565</AltitudeMeters><HeartRateBpm><Value>120</Value></HeartRateBpm><Cadence>54</Cadence></Trackpoint><Trackpoint><Time>2026-05-01T20:22:12.495Z</Time><Position><LatitudeDegrees>60.071587</LatitudeDegrees><LongitudeDegrees>18.757254</LongitudeDegrees></Position><AltitudeMeters>24.568</AltitudeMeters><HeartRateBpm><Value>120</Value></HeartRateBpm><Cadence>54</Cadence></Trackpoint><Trackpoint><Time>2026-05-01T20:22:13.504Z</Time><Position><LatitudeDegrees>60.07158</LatitudeDegrees><LongitudeDegrees>18.757244</LongitudeDegrees></Position><AltitudeMeters>24.601</AltitudeMeters><HeartRateBpm><Value>119</Value></HeartRateBpm><Cadence>54</Cadence></Trackpoint><Trackpoint><Time>2026-05-01T20:22:14.512Z</Time><Position><LatitudeDegrees>60.07157</LatitudeDegrees><LongitudeDegrees>18.757236</LongitudeDegrees></Position><AltitudeMeters>24.673</AltitudeMeters><HeartRateBpm><Value>119</Value></HeartRateBpm><Cadence>53</Cadence></Trackpoint><Trackpoint><Time>2026-05-01T20:22:15.520Z</Time><Position><LatitudeDegrees>60.071564</LatitudeDegrees><LongitudeDegrees>18.75723</LongitudeDegrees></Position><AltitudeMeters>24.755</AltitudeMeters><HeartRateBpm><Value>119</Value></HeartRateBpm><Cadence>53</Cadence></Trackpoint><Trackpoint><Time>2026-05-01T20:22:16.527Z</Time><Position><LatitudeDegrees>60.071556</LatitudeDegrees><LongitudeDegrees>18.757223</LongitudeDegrees></Position><AltitudeMeters>24.792</AltitudeMeters><HeartRateBpm><Value>119</Value></HeartRateBpm><Cadence>53</Cadence></Trackpoint><Trackpoint><Time>2026-05-01T20:22:17.536Z</Time><Position><LatitudeDegrees>60.07155</LatitudeDegrees><LongitudeDegrees>18.757217</LongitudeDegrees></Position><AltitudeMeters>24.836</AltitudeMeters><HeartRateBpm><Value>118</Value></HeartRateBpm><Cadence>53</Cadence></Trackpoint><Trackpoint><Time>2026-05-01T20:22:18.545Z</Time><Position><LatitudeDegrees>60.071537</LatitudeDegrees><LongitudeDegrees>18.757212</LongitudeDegrees></Position><AltitudeMeters>24.909</AltitudeMeters><HeartRateBpm><Value>118</Value></HeartRateBpm><Cadence>53</Cadence></Trackpoint><Trackpoint><Time>2026-05-01T20:22:19.553Z</Time><Position><LatitudeDegrees>60.07153</LatitudeDegrees><LongitudeDegrees>18.757206</LongitudeDegrees></Position><AltitudeMeters>24.974</AltitudeMeters><HeartRateBpm><Value>118</Value></HeartRateBpm><Cadence>53</Cadence></Trackpoint><Trackpoint><Time>2026-05-01T20:22:20.562Z</Time><Position><LatitudeDegrees>60.071518</LatitudeDegrees><LongitudeDegrees>18.7572</LongitudeDegrees></Position><AltitudeMeters>24.997</AltitudeMeters><HeartRateBpm><Value>119</Value></HeartRateBpm><Cadence>53</Cadence></Trackpoint><Trackpoint><Time>2026-05-01T20:22:21.571Z</Time><Position><LatitudeDegrees>60.07151</LatitudeDegrees><LongitudeDegrees>18.757195</LongitudeDegrees></Position><AltitudeMeters>24.995</AltitudeMeters><HeartRateBpm><Value>119</Value></HeartRateBpm><Cadence>53</Cadence></Trackpoint><Trackpoint><Time>2026-05-01T20:22:22.580Z</Time><Position><LatitudeDegrees>60.0715</LatitudeDegrees><LongitudeDegrees>18.757189</LongitudeDegrees></Position><AltitudeMeters>25.046</AltitudeMeters><HeartRateBpm><Value>119</Value></HeartRateBpm><Cadence>54</Cadence></Trackpoint><Trackpoint><Time>2026-05-01T20:22:23.587Z</Time><Position><LatitudeDegrees>60.071487</LatitudeDegrees><LongitudeDegrees>18.757181</LongitudeDegrees></Position><AltitudeMeters>25.084</AltitudeMeters><HeartRateBpm><Value>119</Value></HeartRateBpm><Cadence>54</Cadence></Trackpoint><Trackpoint><Time>2026-05-01T20:22:24.595Z</Time><Position><LatitudeDegrees>60.071476</LatitudeDegrees><LongitudeDegrees>18.757175</LongitudeDegrees></Position><AltitudeMeters>25.164</AltitudeMeters><HeartRateBpm><Value>119</Value></HeartRateBpm><Cadence>54</Cadence></Trackpoint><Trackpoint><Time>2026-05-01T20:22:25.603Z</Time><Position><LatitudeDegrees>60.071465</LatitudeDegrees><LongitudeDegrees>18.75717</LongitudeDegrees></Position><AltitudeMeters>25.201</AltitudeMeters><HeartRateBpm><Value>119</Value></HeartRateBpm><Cadence>54</Cadence></Trackpoint><Trackpoint><Time>2026-05-01T20:22:26.606Z</Time><Position><LatitudeDegrees>60.071453</LatitudeDegrees><LongitudeDegrees>18.757162</LongitudeDegrees></Position><AltitudeMeters>25.302</AltitudeMeters><HeartRateBpm><Value>119</Value></HeartRateBpm><Cadence>54</Cadence></Trackpoint><Trackpoint><Time>2026-05-01T20:22:27.614Z</Time><Position><LatitudeDegrees>60.07144</LatitudeDegrees><LongitudeDegrees>18.757154</LongitudeDegrees></Position><AltitudeMeters>25.38</AltitudeMeters><HeartRateBpm><Value>119</Value></HeartRateBpm><Cadence>54</Cadence></Trackpoint><Trackpoint><Time>2026-05-01T20:22:28.622Z</Time><Position><LatitudeDegrees>60.07143</LatitudeDegrees><LongitudeDegrees>18.757149</LongitudeDegrees></Position><AltitudeMeters>25.455</AltitudeMeters><HeartRateBpm><Value>119</Value></HeartRateBpm><Cadence>54</Cadence></Trackpoint><Trackpoint><Time>2026-05-01T20:22:29.632Z</Time><Position><LatitudeDegrees>60.07142</LatitudeDegrees><LongitudeDegrees>18.757143</LongitudeDegrees></Position><AltitudeMeters>25.557</AltitudeMeters><HeartRateBpm><Value>119</Value></HeartRateBpm><Cadence>54</Cadence></Trackpoint><Trackpoint><Time>2026-05-01T20:22:30.641Z</Time><Position><LatitudeDegrees>60.071407</LatitudeDegrees><LongitudeDegrees>18.757137</LongitudeDegrees></Position><AltitudeMeters>25.618</AltitudeMeters><HeartRateBpm><Value>119</Value></HeartRateBpm><Cadence>54</Cadence></Trackpoint><Trackpoint><Time>2026-05-01T20:22:31.647Z</Time><Position><LatitudeDegrees>60.071396</LatitudeDegrees><LongitudeDegrees>18.75713</LongitudeDegrees></Position><AltitudeMeters>25.711</AltitudeMeters><HeartRateBpm><Value>119</Value></HeartRateBpm><Cadence>54</Cadence></Trackpoint><Trackpoint><Time>2026-05-01T20:22:32.656Z</Time><Position><LatitudeDegrees>60.071384</LatitudeDegrees><LongitudeDegrees>18.757124</LongitudeDegrees></Position><AltitudeMeters>25.737</AltitudeMeters><HeartRateBpm><Value>119</Value></HeartRateBpm><Cadence>54</Cadence></Trackpoint><Trackpoint><Time>2026-05-01T20:22:33.665Z</Time><Position><LatitudeDegrees>60.071377</LatitudeDegrees><LongitudeDegrees>18.757118</LongitudeDegrees></Position><AltitudeMeters>25.835</AltitudeMeters><HeartRateBpm><Value>118</Value></HeartRateBpm><Cadence>54</Cadence></Trackpoint><Trackpoint><Time>2026-05-01T20:22:34.674Z</Time><Position><LatitudeDegrees>60.071365</LatitudeDegrees><LongitudeDegrees>18.757114</LongitudeDegrees></Position><AltitudeMeters>25.915</AltitudeMeters><HeartRateBpm><Value>118</Value></HeartRateBpm><Cadence>54</Cadence></Trackpoint><Trackpoint><Time>2026-05-01T20:22:35.682Z</Time><Position><LatitudeDegrees>60.071354</LatitudeDegrees><LongitudeDegrees>18.75711</LongitudeDegrees></Position><AltitudeMeters>25.951</AltitudeMeters><HeartRateBpm><Value>118</Value></HeartRateBpm><Cadence>54</Cadence></Trackpoint><Trackpoint><Time>2026-05-01T20:22:36.690Z</Time><Position><LatitudeDegrees>60.071342</LatitudeDegrees><LongitudeDegrees>18.757109</LongitudeDegrees></Position><AltitudeMeters>25.972</AltitudeMeters><HeartRateBpm><Value>118</Value></HeartRateBpm><Cadence>54</Cadence></Trackpoint><Trackpoint><Time>2026-05-01T20:22:37.697Z</Time><Position><LatitudeDegrees>60.07133</LatitudeDegrees><LongitudeDegrees>18.757105</LongitudeDegrees></Position><AltitudeMeters>26.005</AltitudeMeters><HeartRateBpm><Value>118</Value></HeartRateBpm><Cadence>54</Cadence></Trackpoint><Trackpoint><Time>2026-05-01T20:22:38.706Z</Time><Position><LatitudeDegrees>60.07132</LatitudeDegrees><LongitudeDegrees>18.757105</LongitudeDegrees></Position><AltitudeMeters>26.014</AltitudeMeters><HeartRateBpm><Value>118</Value></HeartRateBpm><Cadence>54</Cadence></Trackpoint><Trackpoint><Time>2026-05-01T20:22:39.714Z</Time><Position><LatitudeDegrees>60.07131</LatitudeDegrees><LongitudeDegrees>18.757105</LongitudeDegrees></Position><AltitudeMeters>26.01</AltitudeMeters><HeartRateBpm><Value>118</Value></HeartRateBpm><Cadence>55</Cadence></Trackpoint><Trackpoint><Time>2026-05-01T20:22:40.722Z</Time><Position><LatitudeDegrees>60.071297</LatitudeDegrees><LongitudeDegrees>18.757107</LongitudeDegrees></Position><AltitudeMeters>25.94</AltitudeMeters><HeartRateBpm><Value>118</Value></HeartRateBpm><Cadence>55</Cadence></Trackpoint><Trackpoint><Time>2026-05-01T20:22:41.731Z</Time><Position><LatitudeDegrees>60.071285</LatitudeDegrees><LongitudeDegrees>18.757107</LongitudeDegrees></Position><AltitudeMeters>25.937</AltitudeMeters><HeartRateBpm><Value>118</Value></HeartRateBpm><Cadence>55</Cadence></Trackpoint><Trackpoint><Time>2026-05-01T20:22:42.739Z</Time><Position><LatitudeDegrees>60.071274</LatitudeDegrees><LongitudeDegrees>18.75711</LongitudeDegrees></Position><AltitudeMeters>25.993</AltitudeMeters><HeartRateBpm><Value>118</Value></HeartRateBpm><Cadence>55</Cadence></Trackpoint><Trackpoint><Time>2026-05-01T20:22:43.746Z</Time><Position><LatitudeDegrees>60.071262</LatitudeDegrees><LongitudeDegrees>18.757113</LongitudeDegrees></Position><AltitudeMeters>25.963</AltitudeMeters><HeartRateBpm><Value>118</Value></HeartRateBpm><Cadence>56</Cadence></Trackpoint><Trackpoint><Time>2026-05-01T20:22:44.755Z</Time><Position><LatitudeDegrees>60.07125</LatitudeDegrees><LongitudeDegrees>18.757118</LongitudeDegrees></Position><AltitudeMeters>25.882</AltitudeMeters><HeartRateBpm><Value>118</Value></HeartRateBpm><Cadence>56</Cadence></Trackpoint><Trackpoint><Time>2026-05-01T20:22:45.763Z</Time><Position><LatitudeDegrees>60.07124</LatitudeDegrees><LongitudeDegrees>18.757122</LongitudeDegrees></Position><AltitudeMeters>25.821</AltitudeMeters><HeartRateBpm><Value>118</Value></HeartRateBpm><Cadence>56</Cadence></Trackpoint><Trackpoint><Time>2026-05-01T20:22:46.772Z</Time><Position><LatitudeDegrees>60.07123</LatitudeDegrees><LongitudeDegrees>18.757128</LongitudeDegrees></Position><AltitudeMeters>25.73</AltitudeMeters><HeartRateBpm><Value>118</Value></HeartRateBpm><Cadence>57</Cadence></Trackpoint><Trackpoint><Time>2026-05-01T20:22:47.780Z</Time><Position><LatitudeDegrees>60.07122</LatitudeDegrees><LongitudeDegrees>18.757133</LongitudeDegrees></Position><AltitudeMeters>25.653</AltitudeMeters><HeartRateBpm><Value>118</Value></HeartRateBpm><Cadence>57</Cadence></Trackpoint><Trackpoint><Time>2026-05-01T20:22:48.787Z</Time><Position><LatitudeDegrees>60.07121</LatitudeDegrees><LongitudeDegrees>18.757141</LongitudeDegrees></Position><AltitudeMeters>25.629</AltitudeMeters><HeartRateBpm><Value>119</Value></HeartRateBpm><Cadence>57</Cadence></Trackpoint><Trackpoint><Time>2026-05-01T20:22:49.794Z</Time><Position><LatitudeDegrees>60.071198</LatitudeDegrees><LongitudeDegrees>18.757149</LongitudeDegrees></Position><AltitudeMeters>25.631</AltitudeMeters><HeartRateBpm><Value>119</Value></HeartRateBpm><Cadence>57</Cadence></Trackpoint><Trackpoint><Time>2026-05-01T20:22:50.797Z</Time><Position><LatitudeDegrees>60.071186</LatitudeDegrees><LongitudeDegrees>18.757156</LongitudeDegrees></Position><AltitudeMeters>25.559</AltitudeMeters><HeartRateBpm><Value>119</Value></HeartRateBpm><Cadence>57</Cadence></Trackpoint><Trackpoint><Time>2026-05-01T20:22:51.794Z</Time><Position><LatitudeDegrees>60.07118</LatitudeDegrees><LongitudeDegrees>18.757164</LongitudeDegrees></Position><AltitudeMeters>25.519</AltitudeMeters><HeartRateBpm><Value>119</Value></HeartRateBpm><Cadence>57</Cadence></Trackpoint><Trackpoint><Time>2026-05-01T20:22:52.796Z</Time><Position><LatitudeDegrees>60.071167</LatitudeDegrees><LongitudeDegrees>18.757174</LongitudeDegrees></Position><AltitudeMeters>25.521</AltitudeMeters><HeartRateBpm><Value>119</Value></HeartRateBpm><Cadence>57</Cadence></Trackpoint><Trackpoint><Time>2026-05-01T20:22:53.795Z</Time><Position><LatitudeDegrees>60.07116</LatitudeDegrees><LongitudeDegrees>18.757185</LongitudeDegrees></Position><AltitudeMeters>25.503</AltitudeMeters><HeartRateBpm><Value>119</Value></HeartRateBpm><Cadence>57</Cadence></Trackpoint><Trackpoint><Time>2026-05-01T20:22:54.795Z</Time><Position><LatitudeDegrees>60.071148</LatitudeDegrees><LongitudeDegrees>18.757195</LongitudeDegrees></Position><AltitudeMeters>25.617</AltitudeMeters><HeartRateBpm><Value>119</Value></HeartRateBpm><Cadence>57</Cadence></Trackpoint><Trackpoint><Time>2026-05-01T20:22:55.795Z</Time><Position><LatitudeDegrees>60.07114</LatitudeDegrees><LongitudeDegrees>18.757206</LongitudeDegrees></Position><AltitudeMeters>25.697</AltitudeMeters><HeartRateBpm><Value>119</Value></HeartRateBpm><Cadence>57</Cadence></Trackpoint><Trackpoint><Time>2026-05-01T20:22:56.795Z</Time><Position><LatitudeDegrees>60.07113</LatitudeDegrees><LongitudeDegrees>18.757215</LongitudeDegrees></Position><AltitudeMeters>25.727</AltitudeMeters><HeartRateBpm><Value>119</Value></HeartRateBpm><Cadence>57</Cadence></Trackpoint><Trackpoint><Time>2026-05-01T20:22:57.797Z</Time><Position><LatitudeDegrees>60.07112</LatitudeDegrees><LongitudeDegrees>18.757227</LongitudeDegrees></Position><AltitudeMeters>25.783</AltitudeMeters><HeartRateBpm><Value>119</Value></HeartRateBpm><Cadence>57</Cadence></Trackpoint><Trackpoint><Time>2026-05-01T20:22:58.795Z</Time><Position><LatitudeDegrees>60.07111</LatitudeDegrees><LongitudeDegrees>18.757238</LongitudeDegrees></Position><AltitudeMeters>25.762</AltitudeMeters><HeartRateBpm><Value>119</Value></HeartRateBpm><Cadence>57</Cadence></Trackpoint><Trackpoint><Time>2026-05-01T20:22:59.795Z</Time><Position><LatitudeDegrees>60.071102</LatitudeDegrees><LongitudeDegrees>18.75725</LongitudeDegrees></Position><AltitudeMeters>25.733</AltitudeMeters><HeartRateBpm><Value>119</Value></HeartRateBpm><Cadence>56</Cadence></Trackpoint><Trackpoint><Time>2026-05-01T20:23:00.793Z</Time><Position><LatitudeDegrees>60.07109</LatitudeDegrees><LongitudeDegrees>18.757263</LongitudeDegrees></Position><AltitudeMeters>25.758</AltitudeMeters><HeartRateBpm><Value>120</Value></HeartRateBpm><Cadence>56</Cadence></Trackpoint><Trackpoint><Time>2026-05-01T20:23:01.793Z</Time><Position><LatitudeDegrees>60.07108</LatitudeDegrees><LongitudeDegrees>18.757275</LongitudeDegrees></Position><AltitudeMeters>25.731</AltitudeMeters><HeartRateBpm><Value>120</Value></HeartRateBpm><Cadence>56</Cadence></Trackpoint><Trackpoint><Time>2026-05-01T20:23:02.793Z</Time><Position><LatitudeDegrees>60.07107</LatitudeDegrees><LongitudeDegrees>18.757288</LongitudeDegrees></Position><AltitudeMeters>25.78</AltitudeMeters><HeartRateBpm><Value>120</Value></HeartRateBpm><Cadence>56</Cadence></Trackpoint><Trackpoint><Time>2026-05-01T20:23:03.793Z</Time><Position><LatitudeDegrees>60.07106</LatitudeDegrees><LongitudeDegrees>18.757301</LongitudeDegrees></Position><AltitudeMeters>25.787</AltitudeMeters><HeartRateBpm><Value>120</Value></HeartRateBpm><Cadence>56</Cadence></Trackpoint><Trackpoint><Time>2026-05-01T20:23:04.795Z</Time><Position><LatitudeDegrees>60.071053</LatitudeDegrees><LongitudeDegrees>18.757317</LongitudeDegrees></Position><AltitudeMeters>25.812</AltitudeMeters><HeartRateBpm><Value>121</Value></HeartRateBpm><Cadence>56</Cadence></Trackpoint><Trackpoint><Time>2026-05-01T20:23:05.804Z</Time><Position><LatitudeDegrees>60.07104</LatitudeDegrees><LongitudeDegrees>18.75733</LongitudeDegrees></Position><AltitudeMeters>25.882</AltitudeMeters><HeartRateBpm><Value>121</Value></HeartRateBpm><Cadence>56</Cadence></Trackpoint><Trackpoint><Time>2026-05-01T20:23:06.813Z</Time><Position><LatitudeDegrees>60.07103</LatitudeDegrees><LongitudeDegrees>18.757343</LongitudeDegrees></Position><AltitudeMeters>26.01</AltitudeMeters><HeartRateBpm><Value>120</Value></HeartRateBpm><Cadence>56</Cadence></Trackpoint><Trackpoint><Time>2026-05-01T20:23:07.822Z</Time><Position><LatitudeDegrees>60.07102</LatitudeDegrees><LongitudeDegrees>18.757357</LongitudeDegrees></Position><AltitudeMeters>26.162</AltitudeMeters><HeartRateBpm><Value>120</Value></HeartRateBpm><Cadence>56</Cadence></Trackpoint><Trackpoint><Time>2026-05-01T20:23:08.831Z</Time><Position><LatitudeDegrees>60.071007</LatitudeDegrees><LongitudeDegrees>18.75737</LongitudeDegrees></Position><AltitudeMeters>26.2</AltitudeMeters><HeartRateBpm><Value>120</Value></HeartRateBpm><Cadence>56</Cadence></Trackpoint><Trackpoint><Time>2026-05-01T20:23:09.838Z</Time><Position><LatitudeDegrees>60.070995</LatitudeDegrees><LongitudeDegrees>18.757381</LongitudeDegrees></Position><AltitudeMeters>26.249</AltitudeMeters><HeartRateBpm><Value>120</Value></HeartRateBpm><Cadence>56</Cadence></Trackpoint><Trackpoint><Time>2026-05-01T20:23:10.846Z</Time><Position><LatitudeDegrees>60.07098</LatitudeDegrees><LongitudeDegrees>18.757391</LongitudeDegrees></Position><AltitudeMeters>26.404</AltitudeMeters><HeartRateBpm><Value>120</Value></HeartRateBpm><Cadence>56</Cadence></Trackpoint><Trackpoint><Time>2026-05-01T20:23:11.855Z</Time><Position><LatitudeDegrees>60.07097</LatitudeDegrees><LongitudeDegrees>18.757397</LongitudeDegrees></Position><AltitudeMeters>26.449</AltitudeMeters><HeartRateBpm><Value>120</Value></HeartRateBpm><Cadence>57</Cadence></Trackpoint><Trackpoint><Time>2026-05-01T20:23:12.863Z</Time><Position><LatitudeDegrees>60.070957</LatitudeDegrees><LongitudeDegrees>18.757402</LongitudeDegrees></Position><AltitudeMeters>26.449</AltitudeMeters><HeartRateBpm><Value>120</Value></HeartRateBpm><Cadence>57</Cadence></Trackpoint><Trackpoint><Time>2026-05-01T20:23:13.872Z</Time><Position><LatitudeDegrees>60.070942</LatitudeDegrees><LongitudeDegrees>18.757406</LongitudeDegrees></Position><AltitudeMeters>26.406</AltitudeMeters><HeartRateBpm><Value>120</Value></HeartRateBpm><Cadence>57</Cadence></Trackpoint><Trackpoint><Time>2026-05-01T20:23:14.880Z</Time><Position><LatitudeDegrees>60.07093</LatitudeDegrees><LongitudeDegrees>18.757416</LongitudeDegrees></Position><AltitudeMeters>26.4</AltitudeMeters><HeartRateBpm><Value>120</Value></HeartRateBpm><Cadence>57</Cadence></Trackpoint><Trackpoint><Time>2026-05-01T20:23:15.887Z</Time><Position><LatitudeDegrees>60.070915</LatitudeDegrees><LongitudeDegrees>18.757418</LongitudeDegrees></Position><AltitudeMeters>26.382</AltitudeMeters><HeartRateBpm><Value>120</Value></HeartRateBpm><Cadence>57</Cadence></Trackpoint><Trackpoint><Time>2026-05-01T20:23:16.896Z</Time><Position><LatitudeDegrees>60.070904</LatitudeDegrees><LongitudeDegrees>18.757421</LongitudeDegrees></Position><AltitudeMeters>26.29</AltitudeMeters><HeartRateBpm><Value>120</Value></HeartRateBpm><Cadence>57</Cadence></Trackpoint><Trackpoint><Time>2026-05-01T20:23:17.905Z</Time><Position><LatitudeDegrees>60.07089</LatitudeDegrees><LongitudeDegrees>18.757418</LongitudeDegrees></Position><AltitudeMeters>26.198</AltitudeMeters><HeartRateBpm><Value>120</Value></HeartRateBpm><Cadence>57</Cadence></Trackpoint><Trackpoint><Time>2026-05-01T20:23:18.913Z</Time><Position><LatitudeDegrees>60.070877</LatitudeDegrees><LongitudeDegrees>18.757414</LongitudeDegrees></Position><AltitudeMeters>26.084</AltitudeMeters><HeartRateBpm><Value>120</Value></HeartRateBpm><Cadence>57</Cadence></Trackpoint><Trackpoint><Time>2026-05-01T20:23:19.919Z</Time><Position><LatitudeDegrees>60.070866</LatitudeDegrees><LongitudeDegrees>18.757406</LongitudeDegrees></Position><AltitudeMeters>26.07</AltitudeMeters><HeartRateBpm><Value>120</Value></HeartRateBpm><Cadence>57</Cadence></Trackpoint><Trackpoint><Time>2026-05-01T20:23:20.916Z</Time><Position><LatitudeDegrees>60.070854</LatitudeDegrees><LongitudeDegrees>18.757397</LongitudeDegrees></Position><AltitudeMeters>25.982</AltitudeMeters><HeartRateBpm><Value>120</Value></HeartRateBpm><Cadence>57</Cadence></Trackpoint><Trackpoint><Time>2026-05-01T20:23:21.921Z</Time><Position><LatitudeDegrees>60.070847</LatitudeDegrees><LongitudeDegrees>18.757385</LongitudeDegrees></Position><AltitudeMeters>25.851</AltitudeMeters><HeartRateBpm><Value>120</Value></HeartRateBpm><Cadence>57</Cadence></Trackpoint><Trackpoint><Time>2026-05-01T20:23:22.930Z</Time><Position><LatitudeDegrees>60.070835</LatitudeDegrees><LongitudeDegrees>18.757374</LongitudeDegrees></Position><AltitudeMeters>25.781</AltitudeMeters><HeartRateBpm><Value>120</Value></HeartRateBpm><Cadence>57</Cadence></Trackpoint><Trackpoint><Time>2026-05-01T20:23:23.937Z</Time><Position><LatitudeDegrees>60.070824</LatitudeDegrees><LongitudeDegrees>18.757359</LongitudeDegrees></Position><AltitudeMeters>25.685</AltitudeMeters><HeartRateBpm><Value>120</Value></HeartRateBpm><Cadence>58</Cadence></Trackpoint><Trackpoint><Time>2026-05-01T20:23:24.942Z</Time><Position><LatitudeDegrees>60.070812</LatitudeDegrees><LongitudeDegrees>18.757345</LongitudeDegrees></Position><AltitudeMeters>25.539</AltitudeMeters><HeartRateBpm><Value>121</Value></HeartRateBpm><Cadence>58</Cadence></Trackpoint><Trackpoint><Time>2026-05-01T20:23:25.944Z</Time><Position><LatitudeDegrees>60.070805</LatitudeDegrees><LongitudeDegrees>18.75733</LongitudeDegrees></Position><AltitudeMeters>25.397</AltitudeMeters><HeartRateBpm><Value>121</Value></HeartRateBpm><Cadence>58</Cadence></Trackpoint><Trackpoint><Time>2026-05-01T20:23:26.950Z</Time><Position><LatitudeDegrees>60.070793</LatitudeDegrees><LongitudeDegrees>18.757315</LongitudeDegrees></Position><AltitudeMeters>25.33</AltitudeMeters><HeartRateBpm><Value>121</Value></HeartRateBpm><Cadence>58</Cadence></Trackpoint><Trackpoint><Time>2026-05-01T20:23:27.957Z</Time><Position><LatitudeDegrees>60.07078</LatitudeDegrees><LongitudeDegrees>18.757298</LongitudeDegrees></Position><AltitudeMeters>25.278</AltitudeMeters><HeartRateBpm><Value>121</Value></HeartRateBpm><Cadence>58</Cadence></Trackpoint><Trackpoint><Time>2026-05-01T20:23:28.966Z</Time><Position><LatitudeDegrees>60.070774</LatitudeDegrees><LongitudeDegrees>18.75728</LongitudeDegrees></Position><AltitudeMeters>25.262</AltitudeMeters><HeartRateBpm><Value>121</Value></HeartRateBpm><Cadence>58</Cadence></Trackpoint><Trackpoint><Time>2026-05-01T20:23:29.975Z</Time><Position><LatitudeDegrees>60.070763</LatitudeDegrees><LongitudeDegrees>18.757263</LongitudeDegrees></Position><AltitudeMeters>25.302</AltitudeMeters><HeartRateBpm><Value>121</Value></HeartRateBpm><Cadence>58</Cadence></Trackpoint><Trackpoint><Time>2026-05-01T20:23:30.983Z</Time><Position><LatitudeDegrees>60.070755</LatitudeDegrees><LongitudeDegrees>18.757246</LongitudeDegrees></Position><AltitudeMeters>25.216</AltitudeMeters><HeartRateBpm><Value>121</Value></HeartRateBpm><Cadence>58</Cadence></Trackpoint><Trackpoint><Time>2026-05-01T20:23:31.992Z</Time><Position><LatitudeDegrees>60.070744</LatitudeDegrees><LongitudeDegrees>18.757227</LongitudeDegrees></Position><AltitudeMeters>25.122</AltitudeMeters><HeartRateBpm><Value>120</Value></HeartRateBpm><Cadence>58</Cadence></Trackpoint><Trackpoint><Time>2026-05-01T20:23:33.001Z</Time><Position><LatitudeDegrees>60.070736</LatitudeDegrees><LongitudeDegrees>18.757208</LongitudeDegrees></Position><AltitudeMeters>25.102</AltitudeMeters><HeartRateBpm><Value>120</Value></HeartRateBpm><Cadence>58</Cadence></Trackpoint><Trackpoint><Time>2026-05-01T20:23:34.008Z</Time><Position><LatitudeDegrees>60.07073</LatitudeDegrees><LongitudeDegrees>18.757189</LongitudeDegrees></Position><AltitudeMeters>25.056</AltitudeMeters><HeartRateBpm><Value>121</Value></HeartRateBpm><Cadence>58</Cadence></Trackpoint><Trackpoint><Time>2026-05-01T20:23:35.015Z</Time><Position><LatitudeDegrees>60.070717</LatitudeDegrees><LongitudeDegrees>18.75717</LongitudeDegrees></Position><AltitudeMeters>25.06</AltitudeMeters><HeartRateBpm><Value>121</Value></HeartRateBpm><Cadence>58</Cadence></Trackpoint><Trackpoint><Time>2026-05-01T20:23:36.024Z</Time><Position><LatitudeDegrees>60.07071</LatitudeDegrees><LongitudeDegrees>18.757147</LongitudeDegrees></Position><AltitudeMeters>24.979</AltitudeMeters><HeartRateBpm><Value>122</Value></HeartRateBpm><Cadence>58</Cadence></Trackpoint><Trackpoint><Time>2026-05-01T20:23:37.032Z</Time><Position><LatitudeDegrees>60.070705</LatitudeDegrees><LongitudeDegrees>18.757126</LongitudeDegrees></Position><AltitudeMeters>24.92</AltitudeMeters><HeartRateBpm><Value>122</Value></HeartRateBpm><Cadence>58</Cadence></Trackpoint><Trackpoint><Time>2026-05-01T20:23:38.041Z</Time><Position><LatitudeDegrees>60.070698</LatitudeDegrees><LongitudeDegrees>18.757105</LongitudeDegrees></Position><AltitudeMeters>24.931</AltitudeMeters><HeartRateBpm><Value>122</Value></HeartRateBpm><Cadence>59</Cadence></Trackpoint><Trackpoint><Time>2026-05-01T20:23:39.050Z</Time><Position><LatitudeDegrees>60.070694</LatitudeDegrees><LongitudeDegrees>18.757082</LongitudeDegrees></Position><AltitudeMeters>24.98</AltitudeMeters><HeartRateBpm><Value>122</Value></HeartRateBpm><Cadence>59</Cadence></Trackpoint><Trackpoint><Time>2026-05-01T20:23:40.056Z</Time><Position><LatitudeDegrees>60.070686</LatitudeDegrees><LongitudeDegrees>18.757057</LongitudeDegrees></Position><AltitudeMeters>25.002</AltitudeMeters><HeartRateBpm><Value>123</Value></HeartRateBpm><Cadence>59</Cadence></Trackpoint><Trackpoint><Time>2026-05-01T20:23:41.064Z</Time><Position><LatitudeDegrees>60.070683</LatitudeDegrees><LongitudeDegrees>18.757034</LongitudeDegrees></Position><AltitudeMeters>24.969</AltitudeMeters><HeartRateBpm><Value>123</Value></HeartRateBpm><Cadence>59</Cadence></Trackpoint><Trackpoint><Time>2026-05-01T20:23:42.073Z</Time><Position><LatitudeDegrees>60.070683</LatitudeDegrees><LongitudeDegrees>18.75701</LongitudeDegrees></Position><AltitudeMeters>24.955</AltitudeMeters><HeartRateBpm><Value>123</Value></HeartRateBpm><Cadence>59</Cadence></Trackpoint><Trackpoint><Time>2026-05-01T20:23:43.082Z</Time><Position><LatitudeDegrees>60.07068</LatitudeDegrees><LongitudeDegrees>18.756987</LongitudeDegrees></Position><AltitudeMeters>25.01</AltitudeMeters><HeartRateBpm><Value>123</Value></HeartRateBpm><Cadence>59</Cadence></Trackpoint><Trackpoint><Time>2026-05-01T20:23:44.091Z</Time><Position><LatitudeDegrees>60.07068</LatitudeDegrees><LongitudeDegrees>18.756962</LongitudeDegrees></Position><AltitudeMeters>25.074</AltitudeMeters><HeartRateBpm><Value>123</Value></HeartRateBpm><Cadence>58</Cadence></Trackpoint><Trackpoint><Time>2026-05-01T20:23:45.100Z</Time><Position><LatitudeDegrees>60.07068</LatitudeDegrees><LongitudeDegrees>18.756937</LongitudeDegrees></Position><AltitudeMeters>25.143</AltitudeMeters><HeartRateBpm><Value>123</Value></HeartRateBpm><Cadence>58</Cadence></Trackpoint><Trackpoint><Time>2026-05-01T20:23:46.107Z</Time><Position><LatitudeDegrees>60.07068</LatitudeDegrees><LongitudeDegrees>18.756912</LongitudeDegrees></Position><AltitudeMeters>25.184</AltitudeMeters><HeartRateBpm><Value>123</Value></HeartRateBpm><Cadence>58</Cadence></Trackpoint><Trackpoint><Time>2026-05-01T20:23:47.115Z</Time><Position><LatitudeDegrees>60.07068</LatitudeDegrees><LongitudeDegrees>18.756887</LongitudeDegrees></Position><AltitudeMeters>25.228</AltitudeMeters><HeartRateBpm><Value>123</Value></HeartRateBpm><Cadence>58</Cadence></Trackpoint><Trackpoint><Time>2026-05-01T20:23:48.124Z</Time><Position><LatitudeDegrees>60.07068</LatitudeDegrees><LongitudeDegrees>18.756863</LongitudeDegrees></Position><AltitudeMeters>25.258</AltitudeMeters><HeartRateBpm><Value>123</Value></HeartRateBpm><Cadence>58</Cadence></Trackpoint><Trackpoint><Time>2026-05-01T20:23:49.132Z</Time><Position><LatitudeDegrees>60.07068</LatitudeDegrees><LongitudeDegrees>18.756838</LongitudeDegrees></Position><AltitudeMeters>25.3</AltitudeMeters><HeartRateBpm><Value>122</Value></HeartRateBpm><Cadence>58</Cadence></Trackpoint><Trackpoint><Time>2026-05-01T20:23:50.141Z</Time><Position><LatitudeDegrees>60.07068</LatitudeDegrees><LongitudeDegrees>18.756811</LongitudeDegrees></Position><AltitudeMeters>25.313</AltitudeMeters><HeartRateBpm><Value>123</Value></HeartRateBpm><Cadence>58</Cadence></Trackpoint><Trackpoint><Time>2026-05-01T20:23:51.150Z</Time><Position><LatitudeDegrees>60.07068</LatitudeDegrees><LongitudeDegrees>18.756786</LongitudeDegrees></Position><AltitudeMeters>25.283</AltitudeMeters><HeartRateBpm><Value>123</Value></HeartRateBpm><Cadence>57</Cadence></Trackpoint><Trackpoint><Time>2026-05-01T20:23:52.157Z</Time><Position><LatitudeDegrees>60.07068</LatitudeDegrees><LongitudeDegrees>18.756763</LongitudeDegrees></Position><AltitudeMeters>25.323</AltitudeMeters><HeartRateBpm><Value>123</Value></HeartRateBpm><Cadence>57</Cadence></Trackpoint><Trackpoint><Time>2026-05-01T20:23:53.165Z</Time><Position><LatitudeDegrees>60.070683</LatitudeDegrees><LongitudeDegrees>18.756739</LongitudeDegrees></Position><AltitudeMeters>25.39</AltitudeMeters><HeartRateBpm><Value>123</Value></HeartRateBpm><Cadence>57</Cadence></Trackpoint><Trackpoint><Time>2026-05-01T20:23:54.173Z</Time><Position><LatitudeDegrees>60.070683</LatitudeDegrees><LongitudeDegrees>18.756714</LongitudeDegrees></Position><AltitudeMeters>25.404</AltitudeMeters><HeartRateBpm><Value>122</Value></HeartRateBpm><Cadence>57</Cadence></Trackpoint><Trackpoint><Time>2026-05-01T20:23:55.182Z</Time><Position><LatitudeDegrees>60.070683</LatitudeDegrees><LongitudeDegrees>18.75669</LongitudeDegrees></Position><AltitudeMeters>25.435</AltitudeMeters><HeartRateBpm><Value>122</Value></HeartRateBpm><Cadence>57</Cadence></Trackpoint><Trackpoint><Time>2026-05-01T20:23:56.190Z</Time><Position><LatitudeDegrees>60.070686</LatitudeDegrees><LongitudeDegrees>18.756666</LongitudeDegrees></Position><AltitudeMeters>25.501</AltitudeMeters><HeartRateBpm><Value>122</Value></HeartRateBpm><Cadence>57</Cadence></Trackpoint><Trackpoint><Time>2026-05-01T20:23:57.196Z</Time><Position><LatitudeDegrees>60.070686</LatitudeDegrees><LongitudeDegrees>18.756641</LongitudeDegrees></Position><AltitudeMeters>25.543</AltitudeMeters><HeartRateBpm><Value>121</Value></HeartRateBpm><Cadence>57</Cadence></Trackpoint><Trackpoint><Time>2026-05-01T20:23:58.205Z</Time><Position><LatitudeDegrees>60.07069</LatitudeDegrees><LongitudeDegrees>18.756618</LongitudeDegrees></Position><AltitudeMeters>25.556</AltitudeMeters><HeartRateBpm><Value>121</Value></HeartRateBpm><Cadence>57</Cadence></Trackpoint><Trackpoint><Time>2026-05-01T20:23:59.213Z</Time><Position><LatitudeDegrees>60.07069</LatitudeDegrees><LongitudeDegrees>18.756594</LongitudeDegrees></Position><AltitudeMeters>25.63</AltitudeMeters><HeartRateBpm><Value>121</Value></HeartRateBpm><Cadence>57</Cadence></Trackpoint><Trackpoint><Time>2026-05-01T20:24:00.222Z</Time><Position><LatitudeDegrees>60.070694</LatitudeDegrees><LongitudeDegrees>18.75657</LongitudeDegrees></Position><AltitudeMeters>25.696</AltitudeMeters><HeartRateBpm><Value>121</Value></HeartRateBpm><Cadence>57</Cadence></Trackpoint><Trackpoint><Time>2026-05-01T20:24:01.230Z</Time><Position><LatitudeDegrees>60.070694</LatitudeDegrees><LongitudeDegrees>18.756548</LongitudeDegrees></Position><AltitudeMeters>25.802</AltitudeMeters><HeartRateBpm><Value>120</Value></HeartRateBpm><Cadence>57</Cadence></Trackpoint><Trackpoint><Time>2026-05-01T20:24:02.237Z</Time><Position><LatitudeDegrees>60.070698</LatitudeDegrees><LongitudeDegrees>18.756525</LongitudeDegrees></Position><AltitudeMeters>25.889</AltitudeMeters><HeartRateBpm><Value>120</Value></HeartRateBpm><Cadence>57</Cadence></Trackpoint><Trackpoint><Time>2026-05-01T20:24:03.246Z</Time><Position><LatitudeDegrees>60.070698</LatitudeDegrees><LongitudeDegrees>18.756502</LongitudeDegrees></Position><AltitudeMeters>25.982</AltitudeMeters><HeartRateBpm><Value>120</Value></HeartRateBpm><Cadence>56</Cadence></Trackpoint><Trackpoint><Time>2026-05-01T20:24:04.254Z</Time><Position><LatitudeDegrees>60.070698</LatitudeDegrees><LongitudeDegrees>18.75648</LongitudeDegrees></Position><AltitudeMeters>26.052</AltitudeMeters><HeartRateBpm><Value>120</Value></HeartRateBpm><Cadence>56</Cadence></Trackpoint><Trackpoint><Time>2026-05-01T20:24:05.262Z</Time><Position><LatitudeDegrees>60.0707</LatitudeDegrees><LongitudeDegrees>18.756456</LongitudeDegrees></Position><AltitudeMeters>26.037</AltitudeMeters><HeartRateBpm><Value>121</Value></HeartRateBpm><Cadence>56</Cadence></Trackpoint><Trackpoint><Time>2026-05-01T20:24:06.271Z</Time><Position><LatitudeDegrees>60.0707</LatitudeDegrees><LongitudeDegrees>18.756433</LongitudeDegrees></Position><AltitudeMeters>26.004</AltitudeMeters><HeartRateBpm><Value>122</Value></HeartRateBpm><Cadence>56</Cadence></Trackpoint><Trackpoint><Time>2026-05-01T20:24:07.280Z</Time><Position><LatitudeDegrees>60.0707</LatitudeDegrees><LongitudeDegrees>18.75641</LongitudeDegrees></Position><AltitudeMeters>25.954</AltitudeMeters><HeartRateBpm><Value>122</Value></HeartRateBpm><Cadence>56</Cadence></Trackpoint><Trackpoint><Time>2026-05-01T20:24:08.287Z</Time><Position><LatitudeDegrees>60.070705</LatitudeDegrees><LongitudeDegrees>18.756388</LongitudeDegrees></Position><AltitudeMeters>25.947</AltitudeMeters><HeartRateBpm><Value>123</Value></HeartRateBpm><Cadence>56</Cadence></Trackpoint><Trackpoint><Time>2026-05-01T20:24:09.295Z</Time><Position><LatitudeDegrees>60.070705</LatitudeDegrees><LongitudeDegrees>18.756363</LongitudeDegrees></Position><AltitudeMeters>25.952</AltitudeMeters><HeartRateBpm><Value>124</Value></HeartRateBpm><Cadence>56</Cadence></Trackpoint><Trackpoint><Time>2026-05-01T20:24:10.304Z</Time><Position><LatitudeDegrees>60.070705</LatitudeDegrees><LongitudeDegrees>18.75634</LongitudeDegrees></Position><AltitudeMeters>25.94</AltitudeMeters><HeartRateBpm><Value>124</Value></HeartRateBpm><Cadence>56</Cadence></Trackpoint><Trackpoint><Time>2026-05-01T20:24:11.313Z</Time><Position><LatitudeDegrees>60.07071</LatitudeDegrees><LongitudeDegrees>18.756317</LongitudeDegrees></Position><AltitudeMeters>25.945</AltitudeMeters><HeartRateBpm><Value>125</Value></HeartRateBpm><Cadence>56</Cadence></Trackpoint><Trackpoint><Time>2026-05-01T20:24:12.322Z</Time><Position><LatitudeDegrees>60.07071</LatitudeDegrees><LongitudeDegrees>18.756294</LongitudeDegrees></Position><AltitudeMeters>25.905</AltitudeMeters><HeartRateBpm><Value>125</Value></HeartRateBpm><Cadence>56</Cadence></Trackpoint><Trackpoint><Time>2026-05-01T20:24:13.331Z</Time><Position><LatitudeDegrees>60.070713</LatitudeDegrees><LongitudeDegrees>18.756271</LongitudeDegrees></Position><AltitudeMeters>25.907</AltitudeMeters><HeartRateBpm><Value>125</Value></HeartRateBpm><Cadence>57</Cadence></Trackpoint><Trackpoint><Time>2026-05-01T20:24:14.337Z</Time><Position><LatitudeDegrees>60.070713</LatitudeDegrees><LongitudeDegrees>18.756247</LongitudeDegrees></Position><AltitudeMeters>25.882</AltitudeMeters><HeartRateBpm><Value>125</Value></HeartRateBpm><Cadence>57</Cadence></Trackpoint><Trackpoint><Time>2026-05-01T20:24:15.346Z</Time><Position><LatitudeDegrees>60.070713</LatitudeDegrees><LongitudeDegrees>18.756224</LongitudeDegrees></Position><AltitudeMeters>25.79</AltitudeMeters><HeartRateBpm><Value>125</Value></HeartRateBpm><Cadence>57</Cadence></Trackpoint><Trackpoint><Time>2026-05-01T20:24:16.355Z</Time><Position><LatitudeDegrees>60.070713</LatitudeDegrees><LongitudeDegrees>18.7562</LongitudeDegrees></Position><AltitudeMeters>25.711</AltitudeMeters><HeartRateBpm><Value>125</Value></HeartRateBpm><Cadence>57</Cadence></Trackpoint><Trackpoint><Time>2026-05-01T20:24:17.363Z</Time><Position><LatitudeDegrees>60.070717</LatitudeDegrees><LongitudeDegrees>18.756178</LongitudeDegrees></Position><AltitudeMeters>25.717</AltitudeMeters><HeartRateBpm><Value>125</Value></HeartRateBpm><Cadence>57</Cadence></Trackpoint><Trackpoint><Time>2026-05-01T20:24:18.372Z</Time><Position><LatitudeDegrees>60.070717</LatitudeDegrees><LongitudeDegrees>18.756155</LongitudeDegrees></Position><AltitudeMeters>25.7</AltitudeMeters><HeartRateBpm><Value>125</Value></HeartRateBpm><Cadence>57</Cadence></Trackpoint><Trackpoint><Time>2026-05-01T20:24:19.381Z</Time><Position><LatitudeDegrees>60.070717</LatitudeDegrees><LongitudeDegrees>18.756132</LongitudeDegrees></Position><AltitudeMeters>25.751</AltitudeMeters><HeartRateBpm><Value>125</Value></HeartRateBpm><Cadence>57</Cadence></Trackpoint><Trackpoint><Time>2026-05-01T20:24:20.390Z</Time><Position><LatitudeDegrees>60.07072</LatitudeDegrees><LongitudeDegrees>18.756107</LongitudeDegrees></Position><AltitudeMeters>25.768</AltitudeMeters><HeartRateBpm><Value>125</Value></HeartRateBpm><Cadence>57</Cadence></Trackpoint><Trackpoint><Time>2026-05-01T20:24:21.397Z</Time><Position><LatitudeDegrees>60.07072</LatitudeDegrees><LongitudeDegrees>18.756084</LongitudeDegrees></Position><AltitudeMeters>25.821</AltitudeMeters><HeartRateBpm><Value>126</Value></HeartRateBpm><Cadence>57</Cadence></Trackpoint><Trackpoint><Time>2026-05-01T20:24:22.406Z</Time><Position><LatitudeDegrees>60.07072</LatitudeDegrees><LongitudeDegrees>18.756062</LongitudeDegrees></Position><AltitudeMeters>25.832</AltitudeMeters><HeartRateBpm><Value>126</Value></HeartRateBpm><Cadence>57</Cadence></Trackpoint><Trackpoint><Time>2026-05-01T20:24:23.414Z</Time><Position><LatitudeDegrees>60.070724</LatitudeDegrees><LongitudeDegrees>18.756039</LongitudeDegrees></Position><AltitudeMeters>25.795</AltitudeMeters><HeartRateBpm><Value>126</Value></HeartRateBpm><Cadence>57</Cadence></Trackpoint><Trackpoint><Time>2026-05-01T20:24:24.422Z</Time><Position><LatitudeDegrees>60.070724</LatitudeDegrees><LongitudeDegrees>18.756014</LongitudeDegrees></Position><AltitudeMeters>25.756</AltitudeMeters><HeartRateBpm><Value>126</Value></HeartRateBpm><Cadence>57</Cadence></Trackpoint><Trackpoint><Time>2026-05-01T20:24:25.431Z</Time><Position><LatitudeDegrees>60.070724</LatitudeDegrees><LongitudeDegrees>18.755991</LongitudeDegrees></Position><AltitudeMeters>25.73</AltitudeMeters><HeartRateBpm><Value>127</Value></HeartRateBpm><Cadence>58</Cadence></Trackpoint><Trackpoint><Time>2026-05-01T20:24:26.440Z</Time><Position><LatitudeDegrees>60.07073</LatitudeDegrees><LongitudeDegrees>18.755968</LongitudeDegrees></Position><AltitudeMeters>25.787</AltitudeMeters><HeartRateBpm><Value>127</Value></HeartRateBpm><Cadence>58</Cadence></Trackpoint><Trackpoint><Time>2026-05-01T20:24:27.447Z</Time><Position><LatitudeDegrees>60.07073</LatitudeDegrees><LongitudeDegrees>18.755945</LongitudeDegrees></Position><AltitudeMeters>25.783</AltitudeMeters><HeartRateBpm><Value>127</Value></HeartRateBpm><Cadence>58</Cadence></Trackpoint><Trackpoint><Time>2026-05-01T20:24:28.452Z</Time><Position><LatitudeDegrees>60.07073</LatitudeDegrees><LongitudeDegrees>18.75592</LongitudeDegrees></Position><AltitudeMeters>25.85</AltitudeMeters><HeartRateBpm><Value>127</Value></HeartRateBpm><Cadence>58</Cadence></Trackpoint><Trackpoint><Time>2026-05-01T20:24:29.454Z</Time><Position><LatitudeDegrees>60.070732</LatitudeDegrees><LongitudeDegrees>18.755898</LongitudeDegrees></Position><AltitudeMeters>25.859</AltitudeMeters><HeartRateBpm><Value>127</Value></HeartRateBpm><Cadence>58</Cadence></Trackpoint><Trackpoint><Time>2026-05-01T20:24:30.456Z</Time><Position><LatitudeDegrees>60.070732</LatitudeDegrees><LongitudeDegrees>18.755875</LongitudeDegrees></Position><AltitudeMeters>25.846</AltitudeMeters><HeartRateBpm><Value>127</Value></HeartRateBpm><Cadence>58</Cadence></Trackpoint><Trackpoint><Time>2026-05-01T20:24:31.461Z</Time><Position><LatitudeDegrees>60.070732</LatitudeDegrees><LongitudeDegrees>18.755852</LongitudeDegrees></Position><AltitudeMeters>25.901</AltitudeMeters><HeartRateBpm><Value>126</Value></HeartRateBpm><Cadence>58</Cadence></Trackpoint><Trackpoint><Time>2026-05-01T20:24:32.467Z</Time><Position><LatitudeDegrees>60.070736</LatitudeDegrees><LongitudeDegrees>18.755827</LongitudeDegrees></Position><AltitudeMeters>25.912</AltitudeMeters><HeartRateBpm><Value>126</Value></HeartRateBpm><Cadence>58</Cadence></Trackpoint><Trackpoint><Time>2026-05-01T20:24:33.475Z</Time><Position><LatitudeDegrees>60.070736</LatitudeDegrees><LongitudeDegrees>18.755804</LongitudeDegrees></Position><AltitudeMeters>25.93</AltitudeMeters><HeartRateBpm><Value>126</Value></HeartRateBpm><Cadence>58</Cadence></Trackpoint><Trackpoint><Time>2026-05-01T20:24:34.484Z</Time><Position><LatitudeDegrees>60.070736</LatitudeDegrees><LongitudeDegrees>18.755781</LongitudeDegrees></Position><AltitudeMeters>26.016</AltitudeMeters><HeartRateBpm><Value>126</Value></HeartRateBpm><Cadence>57</Cadence></Trackpoint><Trackpoint><Time>2026-05-01T20:24:35.493Z</Time><Position><LatitudeDegrees>60.07074</LatitudeDegrees><LongitudeDegrees>18.755756</LongitudeDegrees></Position><AltitudeMeters>26.072</AltitudeMeters><HeartRateBpm><Value>126</Value></HeartRateBpm><Cadence>57</Cadence></Trackpoint><Trackpoint><Time>2026-05-01T20:24:36.500Z</Time><Position><LatitudeDegrees>60.07074</LatitudeDegrees><LongitudeDegrees>18.755733</LongitudeDegrees></Position><AltitudeMeters>26.094</AltitudeMeters><HeartRateBpm><Value>127</Value></HeartRateBpm><Cadence>57</Cadence></Trackpoint><Trackpoint><Time>2026-05-01T20:24:37.507Z</Time><Position><LatitudeDegrees>60.07074</LatitudeDegrees><LongitudeDegrees>18.75571</LongitudeDegrees></Position><AltitudeMeters>26.108</AltitudeMeters><HeartRateBpm><Value>127</Value></HeartRateBpm><Cadence>56</Cadence></Trackpoint><Trackpoint><Time>2026-05-01T20:24:38.515Z</Time><Position><LatitudeDegrees>60.070744</LatitudeDegrees><LongitudeDegrees>18.755688</LongitudeDegrees></Position><AltitudeMeters>26.159</AltitudeMeters><HeartRateBpm><Value>127</Value></HeartRateBpm><Cadence>56</Cadence></Trackpoint><Trackpoint><Time>2026-05-01T20:24:39.525Z</Time><Position><LatitudeDegrees>60.070744</LatitudeDegrees><LongitudeDegrees>18.755663</LongitudeDegrees></Position><AltitudeMeters>26.186</AltitudeMeters><HeartRateBpm><Value>127</Value></HeartRateBpm><Cadence>56</Cadence></Trackpoint><Trackpoint><Time>2026-05-01T20:24:40.533Z</Time><Position><LatitudeDegrees>60.070744</LatitudeDegrees><LongitudeDegrees>18.755642</LongitudeDegrees></Position><AltitudeMeters>26.217</AltitudeMeters><HeartRateBpm><Value>127</Value></HeartRateBpm><Cadence>56</Cadence></Trackpoint><Trackpoint><Time>2026-05-01T20:24:41.542Z</Time><Position><LatitudeDegrees>60.070744</LatitudeDegrees><LongitudeDegrees>18.755617</LongitudeDegrees></Position><AltitudeMeters>26.2</AltitudeMeters><HeartRateBpm><Value>127</Value></HeartRateBpm><Cadence>56</Cadence></Trackpoint><Trackpoint><Time>2026-05-01T20:24:42.551Z</Time><Position><LatitudeDegrees>60.070747</LatitudeDegrees><LongitudeDegrees>18.755594</LongitudeDegrees></Position><AltitudeMeters>26.252</AltitudeMeters><HeartRateBpm><Value>127</Value></HeartRateBpm><Cadence>56</Cadence></Trackpoint><Trackpoint><Time>2026-05-01T20:24:43.561Z</Time><Position><LatitudeDegrees>60.070747</LatitudeDegrees><LongitudeDegrees>18.755571</LongitudeDegrees></Position><AltitudeMeters>26.251</AltitudeMeters><HeartRateBpm><Value>127</Value></HeartRateBpm><Cadence>57</Cadence></Trackpoint><Trackpoint><Time>2026-05-01T20:24:44.570Z</Time><Position><LatitudeDegrees>60.070747</LatitudeDegrees><LongitudeDegrees>18.755548</LongitudeDegrees></Position><AltitudeMeters>26.322</AltitudeMeters><HeartRateBpm><Value>126</Value></HeartRateBpm><Cadence>57</Cadence></Trackpoint><Trackpoint><Time>2026-05-01T20:24:45.576Z</Time><Position><LatitudeDegrees>60.070747</LatitudeDegrees><LongitudeDegrees>18.755526</LongitudeDegrees></Position><AltitudeMeters>26.308</AltitudeMeters><HeartRateBpm><Value>126</Value></HeartRateBpm><Cadence>57</Cadence></Trackpoint><Trackpoint><Time>2026-05-01T20:24:46.585Z</Time><Position><LatitudeDegrees>60.07075</LatitudeDegrees><LongitudeDegrees>18.755503</LongitudeDegrees></Position><AltitudeMeters>26.339</AltitudeMeters><HeartRateBpm><Value>126</Value></HeartRateBpm><Cadence>58</Cadence></Trackpoint><Trackpoint><Time>2026-05-01T20:24:47.593Z</Time><Position><LatitudeDegrees>60.070755</LatitudeDegrees><LongitudeDegrees>18.75548</LongitudeDegrees></Position><AltitudeMeters>26.279</AltitudeMeters><HeartRateBpm><Value>126</Value></HeartRateBpm><Cadence>58</Cadence></Trackpoint><Trackpoint><Time>2026-05-01T20:24:48.601Z</Time><Position><LatitudeDegrees>60.070755</LatitudeDegrees><LongitudeDegrees>18.755457</LongitudeDegrees></Position><AltitudeMeters>26.334</AltitudeMeters><HeartRateBpm><Value>126</Value></HeartRateBpm><Cadence>59</Cadence></Trackpoint><Trackpoint><Time>2026-05-01T20:24:49.610Z</Time><Position><LatitudeDegrees>60.07076</LatitudeDegrees><LongitudeDegrees>18.755434</LongitudeDegrees></Position><AltitudeMeters>26.407</AltitudeMeters><HeartRateBpm><Value>126</Value></HeartRateBpm><Cadence>60</Cadence></Trackpoint><Trackpoint><Time>2026-05-01T20:24:50.617Z</Time><Position><LatitudeDegrees>60.07076</LatitudeDegrees><LongitudeDegrees>18.755411</LongitudeDegrees></Position><AltitudeMeters>26.431</AltitudeMeters><HeartRateBpm><Value>126</Value></HeartRateBpm><Cadence>60</Cadence></Trackpoint><Trackpoint><Time>2026-05-01T20:24:51.625Z</Time><Position><LatitudeDegrees>60.07076</LatitudeDegrees><LongitudeDegrees>18.755388</LongitudeDegrees></Position><AltitudeMeters>26.515</AltitudeMeters><HeartRateBpm><Value>126</Value></HeartRateBpm><Cadence>60</Cadence></Trackpoint><Trackpoint><Time>2026-05-01T20:24:52.632Z</Time><Position><LatitudeDegrees>60.07076</LatitudeDegrees><LongitudeDegrees>18.755365</LongitudeDegrees></Position><AltitudeMeters>26.566</AltitudeMeters><HeartRateBpm><Value>126</Value></HeartRateBpm><Cadence>60</Cadence></Trackpoint><Trackpoint><Time>2026-05-01T20:24:53.641Z</Time><Position><LatitudeDegrees>60.07076</LatitudeDegrees><LongitudeDegrees>18.755342</LongitudeDegrees></Position><AltitudeMeters>26.522</AltitudeMeters><HeartRateBpm><Value>126</Value></HeartRateBpm><Cadence>61</Cadence></Trackpoint><Trackpoint><Time>2026-05-01T20:24:54.650Z</Time><Position><LatitudeDegrees>60.07076</LatitudeDegrees><LongitudeDegrees>18.755322</LongitudeDegrees></Position><AltitudeMeters>26.466</AltitudeMeters><HeartRateBpm><Value>126</Value></HeartRateBpm><Cadence>60</Cadence></Trackpoint><Trackpoint><Time>2026-05-01T20:24:55.657Z</Time><Position><LatitudeDegrees>60.07076</LatitudeDegrees><LongitudeDegrees>18.755299</LongitudeDegrees></Position><AltitudeMeters>26.408</AltitudeMeters><HeartRateBpm><Value>126</Value></HeartRateBpm><Cadence>60</Cadence></Trackpoint><Trackpoint><Time>2026-05-01T20:24:56.666Z</Time><Position><LatitudeDegrees>60.07076</LatitudeDegrees><LongitudeDegrees>18.755278</LongitudeDegrees></Position><AltitudeMeters>26.403</AltitudeMeters><HeartRateBpm><Value>126</Value></HeartRateBpm><Cadence>59</Cadence></Trackpoint><Trackpoint><Time>2026-05-01T20:24:57.674Z</Time><Position><LatitudeDegrees>60.07076</LatitudeDegrees><LongitudeDegrees>18.755255</LongitudeDegrees></Position><AltitudeMeters>26.474</AltitudeMeters><HeartRateBpm><Value>126</Value></HeartRateBpm><Cadence>59</Cadence></Trackpoint><Trackpoint><Time>2026-05-01T20:24:58.677Z</Time><Position><LatitudeDegrees>60.070755</LatitudeDegrees><LongitudeDegrees>18.755234</LongitudeDegrees></Position><AltitudeMeters>26.513</AltitudeMeters><HeartRateBpm><Value>126</Value></HeartRateBpm><Cadence>58</Cadence></Trackpoint><Trackpoint><Time>2026-05-01T20:24:59.685Z</Time><Position><LatitudeDegrees>60.070755</LatitudeDegrees><LongitudeDegrees>18.75521</LongitudeDegrees></Position><AltitudeMeters>26.467</AltitudeMeters><HeartRateBpm><Value>126</Value></HeartRateBpm><Cadence>58</Cadence></Trackpoint><Trackpoint><Time>2026-05-01T20:25:00.693Z</Time><Position><LatitudeDegrees>60.070755</LatitudeDegrees><LongitudeDegrees>18.75519</LongitudeDegrees></Position><AltitudeMeters>26.492</AltitudeMeters><HeartRateBpm><Value>127</Value></HeartRateBpm><Cadence>57</Cadence></Trackpoint><Trackpoint><Time>2026-05-01T20:25:01.702Z</Time><Position><LatitudeDegrees>60.07075</LatitudeDegrees><LongitudeDegrees>18.755167</LongitudeDegrees></Position><AltitudeMeters>26.505</AltitudeMeters><HeartRateBpm><Value>127</Value></HeartRateBpm><Cadence>57</Cadence></Trackpoint><Trackpoint><Time>2026-05-01T20:25:02.710Z</Time><Position><LatitudeDegrees>60.07075</LatitudeDegrees><LongitudeDegrees>18.755146</LongitudeDegrees></Position><AltitudeMeters>26.603</AltitudeMeters><HeartRateBpm><Value>127</Value></HeartRateBpm><Cadence>57</Cadence></Trackpoint><Trackpoint><Time>2026-05-01T20:25:03.717Z</Time><Position><LatitudeDegrees>60.070747</LatitudeDegrees><LongitudeDegrees>18.755125</LongitudeDegrees></Position><AltitudeMeters>26.63</AltitudeMeters><HeartRateBpm><Value>127</Value></HeartRateBpm><Cadence>56</Cadence></Trackpoint><Trackpoint><Time>2026-05-01T20:25:04.726Z</Time><Position><LatitudeDegrees>60.070747</LatitudeDegrees><LongitudeDegrees>18.755104</LongitudeDegrees></Position><AltitudeMeters>26.747</AltitudeMeters><HeartRateBpm><Value>127</Value></HeartRateBpm><Cadence>56</Cadence></Trackpoint><Trackpoint><Time>2026-05-01T20:25:05.735Z</Time><Position><LatitudeDegrees>60.070744</LatitudeDegrees><LongitudeDegrees>18.755081</LongitudeDegrees></Position><AltitudeMeters>26.84</AltitudeMeters><HeartRateBpm><Value>127</Value></HeartRateBpm><Cadence>56</Cadence></Trackpoint><Trackpoint><Time>2026-05-01T20:25:06.744Z</Time><Position><LatitudeDegrees>60.07074</LatitudeDegrees><LongitudeDegrees>18.75506</LongitudeDegrees></Position><AltitudeMeters>26.88</AltitudeMeters><HeartRateBpm><Value>127</Value></HeartRateBpm><Cadence>56</Cadence></Trackpoint><Trackpoint><Time>2026-05-01T20:25:07.752Z</Time><Position><LatitudeDegrees>60.070736</LatitudeDegrees><LongitudeDegrees>18.75504</LongitudeDegrees></Position><AltitudeMeters>26.891</AltitudeMeters><HeartRateBpm><Value>127</Value></HeartRateBpm><Cadence>56</Cadence></Trackpoint><Trackpoint><Time>2026-05-01T20:25:08.761Z</Time><Position><LatitudeDegrees>60.070732</LatitudeDegrees><LongitudeDegrees>18.755018</LongitudeDegrees></Position><AltitudeMeters>26.885</AltitudeMeters><HeartRateBpm><Value>127</Value></HeartRateBpm><Cadence>56</Cadence></Trackpoint><Trackpoint><Time>2026-05-01T20:25:09.769Z</Time><Position><LatitudeDegrees>60.070732</LatitudeDegrees><LongitudeDegrees>18.754997</LongitudeDegrees></Position><AltitudeMeters>26.866</AltitudeMeters><HeartRateBpm><Value>127</Value></HeartRateBpm><Cadence>56</Cadence></Trackpoint><Trackpoint><Time>2026-05-01T20:25:10.776Z</Time><Position><LatitudeDegrees>60.07073</LatitudeDegrees><LongitudeDegrees>18.754976</LongitudeDegrees></Position><AltitudeMeters>26.805</AltitudeMeters><HeartRateBpm><Value>127</Value></HeartRateBpm><Cadence>56</Cadence></Trackpoint><Trackpoint><Time>2026-05-01T20:25:11.784Z</Time><Position><LatitudeDegrees>60.070724</LatitudeDegrees><LongitudeDegrees>18.754955</LongitudeDegrees></Position><AltitudeMeters>26.812</AltitudeMeters><HeartRateBpm><Value>126</Value></HeartRateBpm><Cadence>56</Cadence></Trackpoint><Trackpoint><Time>2026-05-01T20:25:12.792Z</Time><Position><LatitudeDegrees>60.07072</LatitudeDegrees><LongitudeDegrees>18.754936</LongitudeDegrees></Position><AltitudeMeters>26.806</AltitudeMeters><HeartRateBpm><Value>126</Value></HeartRateBpm><Cadence>56</Cadence></Trackpoint><Trackpoint><Time>2026-05-01T20:25:13.794Z</Time><Position><LatitudeDegrees>60.070713</LatitudeDegrees><LongitudeDegrees>18.754915</LongitudeDegrees></Position><AltitudeMeters>26.78</AltitudeMeters><HeartRateBpm><Value>126</Value></HeartRateBpm><Cadence>56</Cadence></Trackpoint><Trackpoint><Time>2026-05-01T20:25:14.803Z</Time><Position><LatitudeDegrees>60.07071</LatitudeDegrees><LongitudeDegrees>18.754894</LongitudeDegrees></Position><AltitudeMeters>26.72</AltitudeMeters><HeartRateBpm><Value>125</Value></HeartRateBpm><Cadence>56</Cadence></Trackpoint><Trackpoint><Time>2026-05-01T20:25:15.812Z</Time><Position><LatitudeDegrees>60.0707</LatitudeDegrees><LongitudeDegrees>18.754873</LongitudeDegrees></Position><AltitudeMeters>26.624</AltitudeMeters><HeartRateBpm><Value>125</Value></HeartRateBpm><Cadence>56</Cadence></Trackpoint><Trackpoint><Time>2026-05-01T20:25:16.820Z</Time><Position><LatitudeDegrees>60.070698</LatitudeDegrees><LongitudeDegrees>18.75485</LongitudeDegrees></Position><AltitudeMeters>26.559</AltitudeMeters><HeartRateBpm><Value>124</Value></HeartRateBpm><Cadence>56</Cadence></Trackpoint><Trackpoint><Time>2026-05-01T20:25:17.827Z</Time><Position><LatitudeDegrees>60.07069</LatitudeDegrees><LongitudeDegrees>18.75483</LongitudeDegrees></Position><AltitudeMeters>26.474</AltitudeMeters><HeartRateBpm><Value>124</Value></HeartRateBpm><Cadence>57</Cadence></Trackpoint><Trackpoint><Time>2026-05-01T20:25:18.836Z</Time><Position><LatitudeDegrees>60.070686</LatitudeDegrees><LongitudeDegrees>18.754807</LongitudeDegrees></Position><AltitudeMeters>26.344</AltitudeMeters><HeartRateBpm><Value>123</Value></HeartRateBpm><Cadence>57</Cadence></Trackpoint><Trackpoint><Time>2026-05-01T20:25:19.845Z</Time><Position><LatitudeDegrees>60.07068</LatitudeDegrees><LongitudeDegrees>18.754784</LongitudeDegrees></Position><AltitudeMeters>26.285</AltitudeMeters><HeartRateBpm><Value>123</Value></HeartRateBpm><Cadence>57</Cadence></Trackpoint><Trackpoint><Time>2026-05-01T20:25:20.854Z</Time><Position><LatitudeDegrees>60.070675</LatitudeDegrees><LongitudeDegrees>18.75476</LongitudeDegrees></Position><AltitudeMeters>26.262</AltitudeMeters><HeartRateBpm><Value>122</Value></HeartRateBpm><Cadence>57</Cadence></Trackpoint><Trackpoint><Time>2026-05-01T20:25:21.862Z</Time><Position><LatitudeDegrees>60.070667</LatitudeDegrees><LongitudeDegrees>18.754736</LongitudeDegrees></Position><AltitudeMeters>26.239</AltitudeMeters><HeartRateBpm><Value>122</Value></HeartRateBpm><Cadence>57</Cadence></Trackpoint><Trackpoint><Time>2026-05-01T20:25:22.871Z</Time><Position><LatitudeDegrees>60.070663</LatitudeDegrees><LongitudeDegrees>18.754713</LongitudeDegrees></Position><AltitudeMeters>26.227</AltitudeMeters><HeartRateBpm><Value>121</Value></HeartRateBpm><Cadence>57</Cadence></Trackpoint><Trackpoint><Time>2026-05-01T20:25:23.879Z</Time><Position><LatitudeDegrees>60.07066</LatitudeDegrees><LongitudeDegrees>18.754688</LongitudeDegrees></Position><AltitudeMeters>26.142</AltitudeMeters><HeartRateBpm><Value>121</Value></HeartRateBpm><Cadence>57</Cadence></Trackpoint><Trackpoint><Time>2026-05-01T20:25:24.886Z</Time><Position><LatitudeDegrees>60.070652</LatitudeDegrees><LongitudeDegrees>18.754663</LongitudeDegrees></Position><AltitudeMeters>26.128</AltitudeMeters><HeartRateBpm><Value>122</Value></HeartRateBpm><Cadence>57</Cadence></Trackpoint><Trackpoint><Time>2026-05-01T20:25:25.895Z</Time><Position><LatitudeDegrees>60.07065</LatitudeDegrees><LongitudeDegrees>18.75464</LongitudeDegrees></Position><AltitudeMeters>26.196</AltitudeMeters><HeartRateBpm><Value>122</Value></HeartRateBpm><Cadence>57</Cadence></Trackpoint><Trackpoint><Time>2026-05-01T20:25:26.904Z</Time><Position><LatitudeDegrees>60.07064</LatitudeDegrees><LongitudeDegrees>18.754618</LongitudeDegrees></Position><AltitudeMeters>26.198</AltitudeMeters><HeartRateBpm><Value>122</Value></HeartRateBpm><Cadence>57</Cadence></Trackpoint><Trackpoint><Time>2026-05-01T20:25:27.912Z</Time><Position><LatitudeDegrees>60.070633</LatitudeDegrees><LongitudeDegrees>18.754597</LongitudeDegrees></Position><AltitudeMeters>26.372</AltitudeMeters><HeartRateBpm><Value>121</Value></HeartRateBpm><Cadence>57</Cadence></Trackpoint><Trackpoint><Time>2026-05-01T20:25:28.922Z</Time><Position><LatitudeDegrees>60.07063</LatitudeDegrees><LongitudeDegrees>18.75458</LongitudeDegrees></Position><AltitudeMeters>26.544</AltitudeMeters><HeartRateBpm><Value>121</Value></HeartRateBpm><Cadence>57</Cadence></Trackpoint><Trackpoint><Time>2026-05-01T20:25:29.931Z</Time><Position><LatitudeDegrees>60.07062</LatitudeDegrees><LongitudeDegrees>18.75456</LongitudeDegrees></Position><AltitudeMeters>26.61</AltitudeMeters><HeartRateBpm><Value>121</Value></HeartRateBpm><Cadence>57</Cadence></Trackpoint><Trackpoint><Time>2026-05-01T20:25:30.940Z</Time><Position><LatitudeDegrees>60.070614</LatitudeDegrees><LongitudeDegrees>18.754543</LongitudeDegrees></Position><AltitudeMeters>26.432</AltitudeMeters><HeartRateBpm><Value>121</Value></HeartRateBpm><Cadence>56</Cadence></Trackpoint><Trackpoint><Time>2026-05-01T20:25:31.947Z</Time><Position><LatitudeDegrees>60.070606</LatitudeDegrees><LongitudeDegrees>18.754524</LongitudeDegrees></Position><AltitudeMeters>26.263</AltitudeMeters><HeartRateBpm><Value>121</Value></HeartRateBpm><Cadence>56</Cadence></Trackpoint><Trackpoint><Time>2026-05-01T20:25:32.956Z</Time><Position><LatitudeDegrees>60.0706</LatitudeDegrees><LongitudeDegrees>18.754507</LongitudeDegrees></Position><AltitudeMeters>26.178</AltitudeMeters><HeartRateBpm><Value>121</Value></HeartRateBpm><Cadence>56</Cadence></Trackpoint><Trackpoint><Time>2026-05-01T20:25:33.961Z</Time><Position><LatitudeDegrees>60.07059</LatitudeDegrees><LongitudeDegrees>18.754488</LongitudeDegrees></Position><AltitudeMeters>26.11</AltitudeMeters><HeartRateBpm><Value>122</Value></HeartRateBpm><Cadence>56</Cadence></Trackpoint><Trackpoint><Time>2026-05-01T20:25:34.960Z</Time><Position><LatitudeDegrees>60.070583</LatitudeDegrees><LongitudeDegrees>18.75447</LongitudeDegrees></Position><AltitudeMeters>26.168</AltitudeMeters><HeartRateBpm><Value>122</Value></HeartRateBpm><Cadence>56</Cadence></Trackpoint><Trackpoint><Time>2026-05-01T20:25:35.967Z</Time><Position><LatitudeDegrees>60.070576</LatitudeDegrees><LongitudeDegrees>18.754454</LongitudeDegrees></Position><AltitudeMeters>26.124</AltitudeMeters><HeartRateBpm><Value>122</Value></HeartRateBpm><Cadence>56</Cadence></Trackpoint><Trackpoint><Time>2026-05-01T20:25:36.975Z</Time><Position><LatitudeDegrees>60.070568</LatitudeDegrees><LongitudeDegrees>18.754436</LongitudeDegrees></Position><AltitudeMeters>26.152</AltitudeMeters><HeartRateBpm><Value>122</Value></HeartRateBpm><Cadence>56</Cadence></Trackpoint><Trackpoint><Time>2026-05-01T20:25:37.983Z</Time><Position><LatitudeDegrees>60.07056</LatitudeDegrees><LongitudeDegrees>18.75442</LongitudeDegrees></Position><AltitudeMeters>26.086</AltitudeMeters><HeartRateBpm><Value>122</Value></HeartRateBpm><Cadence>56</Cadence></Trackpoint><Trackpoint><Time>2026-05-01T20:25:38.992Z</Time><Position><LatitudeDegrees>60.070553</LatitudeDegrees><LongitudeDegrees>18.754404</LongitudeDegrees></Position><AltitudeMeters>25.992</AltitudeMeters><HeartRateBpm><Value>121</Value></HeartRateBpm><Cadence>56</Cadence></Trackpoint><Trackpoint><Time>2026-05-01T20:25:40.001Z</Time><Position><LatitudeDegrees>60.070545</LatitudeDegrees><LongitudeDegrees>18.754387</LongitudeDegrees></Position><AltitudeMeters>25.928</AltitudeMeters><HeartRateBpm><Value>121</Value></HeartRateBpm><Cadence>57</Cadence></Trackpoint><Trackpoint><Time>2026-05-01T20:25:41.008Z</Time><Position><LatitudeDegrees>60.070538</LatitudeDegrees><LongitudeDegrees>18.75437</LongitudeDegrees></Position><AltitudeMeters>25.841</AltitudeMeters><HeartRateBpm><Value>120</Value></HeartRateBpm><Cadence>57</Cadence></Trackpoint><Trackpoint><Time>2026-05-01T20:25:42.016Z</Time><Position><LatitudeDegrees>60.07053</LatitudeDegrees><LongitudeDegrees>18.754353</LongitudeDegrees></Position><AltitudeMeters>25.821</AltitudeMeters><HeartRateBpm><Value>119</Value></HeartRateBpm><Cadence>57</Cadence></Trackpoint><Trackpoint><Time>2026-05-01T20:25:43.025Z</Time><Position><LatitudeDegrees>60.07052</LatitudeDegrees><LongitudeDegrees>18.754335</LongitudeDegrees></Position><AltitudeMeters>25.829</AltitudeMeters><HeartRateBpm><Value>118</Value></HeartRateBpm><Cadence>57</Cadence></Trackpoint><Trackpoint><Time>2026-05-01T20:25:44.033Z</Time><Position><LatitudeDegrees>60.07051</LatitudeDegrees><LongitudeDegrees>18.754318</LongitudeDegrees></Position><AltitudeMeters>25.77</AltitudeMeters><HeartRateBpm><Value>118</Value></HeartRateBpm><Cadence>57</Cadence></Trackpoint><Trackpoint><Time>2026-05-01T20:25:45.042Z</Time><Position><LatitudeDegrees>60.070503</LatitudeDegrees><LongitudeDegrees>18.754301</LongitudeDegrees></Position><AltitudeMeters>25.697</AltitudeMeters><HeartRateBpm><Value>118</Value></HeartRateBpm><Cadence>57</Cadence></Trackpoint><Trackpoint><Time>2026-05-01T20:25:46.051Z</Time><Position><LatitudeDegrees>60.070496</LatitudeDegrees><LongitudeDegrees>18.754282</LongitudeDegrees></Position><AltitudeMeters>25.602</AltitudeMeters><HeartRateBpm><Value>118</Value></HeartRateBpm><Cadence>57</Cadence></Trackpoint><Trackpoint><Time>2026-05-01T20:25:47.050Z</Time><Position><LatitudeDegrees>60.070488</LatitudeDegrees><LongitudeDegrees>18.754265</LongitudeDegrees></Position><AltitudeMeters>25.536</AltitudeMeters><HeartRateBpm><Value>118</Value></HeartRateBpm><Cadence>57</Cadence></Trackpoint><Trackpoint><Time>2026-05-01T20:25:48.051Z</Time><Position><LatitudeDegrees>60.070477</LatitudeDegrees><LongitudeDegrees>18.754248</LongitudeDegrees></Position><AltitudeMeters>25.429</AltitudeMeters><HeartRateBpm><Value>118</Value></HeartRateBpm><Cadence>57</Cadence></Trackpoint><Trackpoint><Time>2026-05-01T20:25:49.056Z</Time><Position><LatitudeDegrees>60.07047</LatitudeDegrees><LongitudeDegrees>18.75423</LongitudeDegrees></Position><AltitudeMeters>25.293</AltitudeMeters><HeartRateBpm><Value>118</Value></HeartRateBpm><Cadence>58</Cadence></Trackpoint><Trackpoint><Time>2026-05-01T20:25:50.056Z</Time><Position><LatitudeDegrees>60.070457</LatitudeDegrees><LongitudeDegrees>18.754213</LongitudeDegrees></Position><AltitudeMeters>25.16</AltitudeMeters><HeartRateBpm><Value>118</Value></HeartRateBpm><Cadence>58</Cadence></Trackpoint><Trackpoint><Time>2026-05-01T20:25:51.057Z</Time><Position><LatitudeDegrees>60.07045</LatitudeDegrees><LongitudeDegrees>18.754196</LongitudeDegrees></Position><AltitudeMeters>25.108</AltitudeMeters><HeartRateBpm><Value>118</Value></HeartRateBpm><Cadence>58</Cadence></Trackpoint><Trackpoint><Time>2026-05-01T20:25:52.061Z</Time><Position><LatitudeDegrees>60.070442</LatitudeDegrees><LongitudeDegrees>18.754177</LongitudeDegrees></Position><AltitudeMeters>24.918</AltitudeMeters><HeartRateBpm><Value>118</Value></HeartRateBpm><Cadence>58</Cadence></Trackpoint><Trackpoint><Time>2026-05-01T20:25:53.070Z</Time><Position><LatitudeDegrees>60.07043</LatitudeDegrees><LongitudeDegrees>18.75416</LongitudeDegrees></Position><AltitudeMeters>24.864</AltitudeMeters><HeartRateBpm><Value>118</Value></HeartRateBpm><Cadence>58</Cadence></Trackpoint><Trackpoint><Time>2026-05-01T20:25:54.077Z</Time><Position><LatitudeDegrees>60.070423</LatitudeDegrees><LongitudeDegrees>18.754143</LongitudeDegrees></Position><AltitudeMeters>24.864</AltitudeMeters><HeartRateBpm><Value>118</Value></HeartRateBpm><Cadence>58</Cadence></Trackpoint><Trackpoint><Time>2026-05-01T20:25:55.085Z</Time><Position><LatitudeDegrees>60.070415</LatitudeDegrees><LongitudeDegrees>18.754126</LongitudeDegrees></Position><AltitudeMeters>24.799</AltitudeMeters><HeartRateBpm><Value>117</Value></HeartRateBpm><Cadence>59</Cadence></Trackpoint><Trackpoint><Time>2026-05-01T20:25:56.094Z</Time><Position><LatitudeDegrees>60.070404</LatitudeDegrees><LongitudeDegrees>18.754108</LongitudeDegrees></Position><AltitudeMeters>24.742</AltitudeMeters><HeartRateBpm><Value>117</Value></HeartRateBpm><Cadence>59</Cadence></Trackpoint><Trackpoint><Time>2026-05-01T20:25:57.102Z</Time><Position><LatitudeDegrees>60.070396</LatitudeDegrees><LongitudeDegrees>18.754091</LongitudeDegrees></Position><AltitudeMeters>24.676</AltitudeMeters><HeartRateBpm><Value>117</Value></HeartRateBpm><Cadence>59</Cadence></Trackpoint><Trackpoint><Time>2026-05-01T20:25:58.103Z</Time><Position><LatitudeDegrees>60.070385</LatitudeDegrees><LongitudeDegrees>18.754074</LongitudeDegrees></Position><AltitudeMeters>24.648</AltitudeMeters><HeartRateBpm><Value>118</Value></HeartRateBpm><Cadence>59</Cadence></Trackpoint><Trackpoint><Time>2026-05-01T20:25:59.102Z</Time><Position><LatitudeDegrees>60.070377</LatitudeDegrees><LongitudeDegrees>18.754055</LongitudeDegrees></Position><AltitudeMeters>24.622</AltitudeMeters><HeartRateBpm><Value>118</Value></HeartRateBpm><Cadence>59</Cadence></Trackpoint><Trackpoint><Time>2026-05-01T20:26:00.102Z</Time><Position><LatitudeDegrees>60.07037</LatitudeDegrees><LongitudeDegrees>18.754038</LongitudeDegrees></Position><AltitudeMeters>24.593</AltitudeMeters><HeartRateBpm><Value>118</Value></HeartRateBpm><Cadence>58</Cadence></Trackpoint><Trackpoint><Time>2026-05-01T20:26:01.101Z</Time><Position><LatitudeDegrees>60.07036</LatitudeDegrees><LongitudeDegrees>18.75402</LongitudeDegrees></Position><AltitudeMeters>24.546</AltitudeMeters><HeartRateBpm><Value>118</Value></HeartRateBpm><Cadence>58</Cadence></Trackpoint><Trackpoint><Time>2026-05-01T20:26:02.101Z</Time><Position><LatitudeDegrees>60.07035</LatitudeDegrees><LongitudeDegrees>18.754002</LongitudeDegrees></Position><AltitudeMeters>24.566</AltitudeMeters><HeartRateBpm><Value>118</Value></HeartRateBpm><Cadence>58</Cadence></Trackpoint><Trackpoint><Time>2026-05-01T20:26:03.100Z</Time><Position><LatitudeDegrees>60.070343</LatitudeDegrees><LongitudeDegrees>18.753984</LongitudeDegrees></Position><AltitudeMeters>24.55</AltitudeMeters><HeartRateBpm><Value>118</Value></HeartRateBpm><Cadence>58</Cadence></Trackpoint><Trackpoint><Time>2026-05-01T20:26:04.100Z</Time><Position><LatitudeDegrees>60.070335</LatitudeDegrees><LongitudeDegrees>18.753965</LongitudeDegrees></Position><AltitudeMeters>24.566</AltitudeMeters><HeartRateBpm><Value>118</Value></HeartRateBpm><Cadence>59</Cadence></Trackpoint><Trackpoint><Time>2026-05-01T20:26:05.101Z</Time><Position><LatitudeDegrees>60.070328</LatitudeDegrees><LongitudeDegrees>18.753948</LongitudeDegrees></Position><AltitudeMeters>24.579</AltitudeMeters><HeartRateBpm><Value>118</Value></HeartRateBpm><Cadence>59</Cadence></Trackpoint><Trackpoint><Time>2026-05-01T20:26:06.100Z</Time><Position><LatitudeDegrees>60.07032</LatitudeDegrees><LongitudeDegrees>18.75393</LongitudeDegrees></Position><AltitudeMeters>24.528</AltitudeMeters><HeartRateBpm><Value>118</Value></HeartRateBpm><Cadence>59</Cadence></Trackpoint><Trackpoint><Time>2026-05-01T20:26:07.103Z</Time><Position><LatitudeDegrees>60.070312</LatitudeDegrees><LongitudeDegrees>18.753912</LongitudeDegrees></Position><AltitudeMeters>24.531</AltitudeMeters><HeartRateBpm><Value>118</Value></HeartRateBpm><Cadence>59</Cadence></Trackpoint><Trackpoint><Time>2026-05-01T20:26:08.100Z</Time><Position><LatitudeDegrees>60.070305</LatitudeDegrees><LongitudeDegrees>18.753895</LongitudeDegrees></Position><AltitudeMeters>24.513</AltitudeMeters><HeartRateBpm><Value>118</Value></HeartRateBpm><Cadence>59</Cadence></Trackpoint><Trackpoint><Time>2026-05-01T20:26:09.102Z</Time><Position><LatitudeDegrees>60.070297</LatitudeDegrees><LongitudeDegrees>18.753878</LongitudeDegrees></Position><AltitudeMeters>24.498</AltitudeMeters><HeartRateBpm><Value>117</Value></HeartRateBpm><Cadence>58</Cadence></Trackpoint><Trackpoint><Time>2026-05-01T20:26:10.099Z</Time><Position><LatitudeDegrees>60.07029</LatitudeDegrees><LongitudeDegrees>18.75386</LongitudeDegrees></Position><AltitudeMeters>24.478</AltitudeMeters><HeartRateBpm><Value>117</Value></HeartRateBpm><Cadence>58</Cadence></Trackpoint><Trackpoint><Time>2026-05-01T20:26:11.101Z</Time><Position><LatitudeDegrees>60.070282</LatitudeDegrees><LongitudeDegrees>18.753845</LongitudeDegrees></Position><AltitudeMeters>24.458</AltitudeMeters><HeartRateBpm><Value>117</Value></HeartRateBpm><Cadence>58</Cadence></Trackpoint><Trackpoint><Time>2026-05-01T20:26:12.099Z</Time><Position><LatitudeDegrees>60.070274</LatitudeDegrees><LongitudeDegrees>18.753828</LongitudeDegrees></Position><AltitudeMeters>24.455</AltitudeMeters><HeartRateBpm><Value>117</Value></HeartRateBpm><Cadence>58</Cadence></Trackpoint><Trackpoint><Time>2026-05-01T20:26:13.100Z</Time><Position><LatitudeDegrees>60.070267</LatitudeDegrees><LongitudeDegrees>18.753813</LongitudeDegrees></Position><AltitudeMeters>24.325</AltitudeMeters><HeartRateBpm><Value>117</Value></HeartRateBpm><Cadence>57</Cadence></Trackpoint><Trackpoint><Time>2026-05-01T20:26:14.102Z</Time><Position><LatitudeDegrees>60.070255</LatitudeDegrees><LongitudeDegrees>18.753796</LongitudeDegrees></Position><AltitudeMeters>24.261</AltitudeMeters><HeartRateBpm><Value>117</Value></HeartRateBpm><Cadence>57</Cadence></Trackpoint><Trackpoint><Time>2026-05-01T20:26:15.110Z</Time><Position><LatitudeDegrees>60.070248</LatitudeDegrees><LongitudeDegrees>18.75378</LongitudeDegrees></Position><AltitudeMeters>24.186</AltitudeMeters><HeartRateBpm><Value>117</Value></HeartRateBpm><Cadence>57</Cadence></Trackpoint><Trackpoint><Time>2026-05-01T20:26:16.117Z</Time><Position><LatitudeDegrees>60.07024</LatitudeDegrees><LongitudeDegrees>18.753765</LongitudeDegrees></Position><AltitudeMeters>24.149</AltitudeMeters><HeartRateBpm><Value>117</Value></HeartRateBpm><Cadence>56</Cadence></Trackpoint><Trackpoint><Time>2026-05-01T20:26:17.126Z</Time><Position><LatitudeDegrees>60.07023</LatitudeDegrees><LongitudeDegrees>18.75375</LongitudeDegrees></Position><AltitudeMeters>24.134</AltitudeMeters><HeartRateBpm><Value>117</Value></HeartRateBpm><Cadence>56</Cadence></Trackpoint><Trackpoint><Time>2026-05-01T20:26:18.134Z</Time><Position><LatitudeDegrees>60.07022</LatitudeDegrees><LongitudeDegrees>18.753735</LongitudeDegrees></Position><AltitudeMeters>24.069</AltitudeMeters><HeartRateBpm><Value>117</Value></HeartRateBpm><Cadence>56</Cadence></Trackpoint><Trackpoint><Time>2026-05-01T20:26:19.143Z</Time><Position><LatitudeDegrees>60.070213</LatitudeDegrees><LongitudeDegrees>18.753721</LongitudeDegrees></Position><AltitudeMeters>23.969</AltitudeMeters><HeartRateBpm><Value>117</Value></HeartRateBpm><Cadence>56</Cadence></Trackpoint><Trackpoint><Time>2026-05-01T20:26:20.149Z</Time><Position><LatitudeDegrees>60.0702</LatitudeDegrees><LongitudeDegrees>18.753708</LongitudeDegrees></Position><AltitudeMeters>23.853</AltitudeMeters><HeartRateBpm><Value>117</Value></HeartRateBpm><Cadence>57</Cadence></Trackpoint><Trackpoint><Time>2026-05-01T20:26:21.148Z</Time><Position><LatitudeDegrees>60.070194</LatitudeDegrees><LongitudeDegrees>18.753695</LongitudeDegrees></Position><AltitudeMeters>23.758</AltitudeMeters><HeartRateBpm><Value>117</Value></HeartRateBpm><Cadence>57</Cadence></Trackpoint><Trackpoint><Time>2026-05-01T20:26:22.146Z</Time><Position><LatitudeDegrees>60.070187</LatitudeDegrees><LongitudeDegrees>18.753681</LongitudeDegrees></Position><AltitudeMeters>23.693</AltitudeMeters><HeartRateBpm><Value>116</Value></HeartRateBpm><Cadence>57</Cadence></Trackpoint><Trackpoint><Time>2026-05-01T20:26:23.153Z</Time><Position><LatitudeDegrees>60.070175</LatitudeDegrees><LongitudeDegrees>18.753672</LongitudeDegrees></Position><AltitudeMeters>23.594</AltitudeMeters><HeartRateBpm><Value>116</Value></HeartRateBpm><Cadence>57</Cadence></Trackpoint><Trackpoint><Time>2026-05-01T20:26:24.152Z</Time><Position><LatitudeDegrees>60.070168</LatitudeDegrees><LongitudeDegrees>18.75366</LongitudeDegrees></Position><AltitudeMeters>23.547</AltitudeMeters><HeartRateBpm><Value>116</Value></HeartRateBpm><Cadence>57</Cadence></Trackpoint><Trackpoint><Time>2026-05-01T20:26:25.153Z</Time><Position><LatitudeDegrees>60.070156</LatitudeDegrees><LongitudeDegrees>18.75365</LongitudeDegrees></Position><AltitudeMeters>23.442</AltitudeMeters><HeartRateBpm><Value>116</Value></HeartRateBpm><Cadence>57</Cadence></Trackpoint><Trackpoint><Time>2026-05-01T20:26:26.161Z</Time><Position><LatitudeDegrees>60.07015</LatitudeDegrees><LongitudeDegrees>18.753641</LongitudeDegrees></Position><AltitudeMeters>23.292</AltitudeMeters><HeartRateBpm><Value>115</Value></HeartRateBpm><Cadence>57</Cadence></Trackpoint><Trackpoint><Time>2026-05-01T20:26:27.170Z</Time><Position><LatitudeDegrees>60.070137</LatitudeDegrees><LongitudeDegrees>18.753633</LongitudeDegrees></Position><AltitudeMeters>23.181</AltitudeMeters><HeartRateBpm><Value>115</Value></HeartRateBpm><Cadence>57</Cadence></Trackpoint><Trackpoint><Time>2026-05-01T20:26:28.177Z</Time><Position><LatitudeDegrees>60.070126</LatitudeDegrees><LongitudeDegrees>18.753624</LongitudeDegrees></Position><AltitudeMeters>23.175</AltitudeMeters><HeartRateBpm><Value>114</Value></HeartRateBpm><Cadence>57</Cadence></Trackpoint><Trackpoint><Time>2026-05-01T20:26:29.186Z</Time><Position><LatitudeDegrees>60.070118</LatitudeDegrees><LongitudeDegrees>18.753616</LongitudeDegrees></Position><AltitudeMeters>23.216</AltitudeMeters><HeartRateBpm><Value>114</Value></HeartRateBpm><Cadence>57</Cadence></Trackpoint><Trackpoint><Time>2026-05-01T20:26:30.194Z</Time><Position><LatitudeDegrees>60.070107</LatitudeDegrees><LongitudeDegrees>18.753609</LongitudeDegrees></Position><AltitudeMeters>23.212</AltitudeMeters><HeartRateBpm><Value>114</Value></HeartRateBpm><Cadence>57</Cadence></Trackpoint><Trackpoint><Time>2026-05-01T20:26:31.204Z</Time><Position><LatitudeDegrees>60.0701</LatitudeDegrees><LongitudeDegrees>18.753601</LongitudeDegrees></Position><AltitudeMeters>23.274</AltitudeMeters><HeartRateBpm><Value>113</Value></HeartRateBpm><Cadence>57</Cadence></Trackpoint><Trackpoint><Time>2026-05-01T20:26:32.212Z</Time><Position><LatitudeDegrees>60.070087</LatitudeDegrees><LongitudeDegrees>18.753593</LongitudeDegrees></Position><AltitudeMeters>23.328</AltitudeMeters><HeartRateBpm><Value>113</Value></HeartRateBpm><Cadence>57</Cadence></Trackpoint><Trackpoint><Time>2026-05-01T20:26:33.213Z</Time><Position><LatitudeDegrees>60.070076</LatitudeDegrees><LongitudeDegrees>18.753586</LongitudeDegrees></Position><AltitudeMeters>23.155</AltitudeMeters><HeartRateBpm><Value>113</Value></HeartRateBpm><Cadence>57</Cadence></Trackpoint><Trackpoint><Time>2026-05-01T20:26:34.215Z</Time><Position><LatitudeDegrees>60.07007</LatitudeDegrees><LongitudeDegrees>18.753582</LongitudeDegrees></Position><AltitudeMeters>22.92</AltitudeMeters><HeartRateBpm><Value>113</Value></HeartRateBpm><Cadence>57</Cadence></Trackpoint><Trackpoint><Time>2026-05-01T20:26:35.224Z</Time><Position><LatitudeDegrees>60.070057</LatitudeDegrees><LongitudeDegrees>18.753576</LongitudeDegrees></Position><AltitudeMeters>22.728</AltitudeMeters><HeartRateBpm><Value>113</Value></HeartRateBpm><Cadence>57</Cadence></Trackpoint><Trackpoint><Time>2026-05-01T20:26:36.233Z</Time><Position><LatitudeDegrees>60.070045</LatitudeDegrees><LongitudeDegrees>18.753572</LongitudeDegrees></Position><AltitudeMeters>22.542</AltitudeMeters><HeartRateBpm><Value>113</Value></HeartRateBpm><Cadence>57</Cadence></Trackpoint><Trackpoint><Time>2026-05-01T20:26:37.240Z</Time><Position><LatitudeDegrees>60.070038</LatitudeDegrees><LongitudeDegrees>18.753572</LongitudeDegrees></Position><AltitudeMeters>22.461</AltitudeMeters><HeartRateBpm><Value>113</Value></HeartRateBpm><Cadence>57</Cadence></Trackpoint><Trackpoint><Time>2026-05-01T20:26:38.249Z</Time><Position><LatitudeDegrees>60.070026</LatitudeDegrees><LongitudeDegrees>18.753572</LongitudeDegrees></Position><AltitudeMeters>22.35</AltitudeMeters><HeartRateBpm><Value>112</Value></HeartRateBpm><Cadence>58</Cadence></Trackpoint><Trackpoint><Time>2026-05-01T20:26:39.256Z</Time><Position><LatitudeDegrees>60.070015</LatitudeDegrees><LongitudeDegrees>18.753578</LongitudeDegrees></Position><AltitudeMeters>22.327</AltitudeMeters><HeartRateBpm><Value>112</Value></HeartRateBpm><Cadence>58</Cadence></Trackpoint><Trackpoint><Time>2026-05-01T20:26:40.259Z</Time><Position><LatitudeDegrees>60.070007</LatitudeDegrees><LongitudeDegrees>18.753582</LongitudeDegrees></Position><AltitudeMeters>22.319</AltitudeMeters><HeartRateBpm><Value>112</Value></HeartRateBpm><Cadence>58</Cadence></Trackpoint><Trackpoint><Time>2026-05-01T20:26:41.261Z</Time><Position><LatitudeDegrees>60.069996</LatitudeDegrees><LongitudeDegrees>18.75359</LongitudeDegrees></Position><AltitudeMeters>22.281</AltitudeMeters><HeartRateBpm><Value>113</Value></HeartRateBpm><Cadence>58</Cadence></Trackpoint><Trackpoint><Time>2026-05-01T20:26:42.258Z</Time><Position><LatitudeDegrees>60.06999</LatitudeDegrees><LongitudeDegrees>18.753601</LongitudeDegrees></Position><AltitudeMeters>22.286</AltitudeMeters><HeartRateBpm><Value>113</Value></HeartRateBpm><Cadence>58</Cadence></Trackpoint><Trackpoint><Time>2026-05-01T20:26:43.260Z</Time><Position><LatitudeDegrees>60.06998</LatitudeDegrees><LongitudeDegrees>18.753613</LongitudeDegrees></Position><AltitudeMeters>22.256</AltitudeMeters><HeartRateBpm><Value>113</Value></HeartRateBpm><Cadence>59</Cadence></Trackpoint><Trackpoint><Time>2026-05-01T20:26:44.258Z</Time><Position><LatitudeDegrees>60.069973</LatitudeDegrees><LongitudeDegrees>18.753628</LongitudeDegrees></Position><AltitudeMeters>22.187</AltitudeMeters><HeartRateBpm><Value>113</Value></HeartRateBpm><Cadence>59</Cadence></Trackpoint><Trackpoint><Time>2026-05-01T20:26:45.260Z</Time><Position><LatitudeDegrees>60.06996</LatitudeDegrees><LongitudeDegrees>18.753641</LongitudeDegrees></Position><AltitudeMeters>22.145</AltitudeMeters><HeartRateBpm><Value>113</Value></HeartRateBpm><Cadence>59</Cadence></Trackpoint><Trackpoint><Time>2026-05-01T20:26:46.257Z</Time><Position><LatitudeDegrees>60.069954</LatitudeDegrees><LongitudeDegrees>18.75366</LongitudeDegrees></Position><AltitudeMeters>22.112</AltitudeMeters><HeartRateBpm><Value>113</Value></HeartRateBpm><Cadence>59</Cadence></Trackpoint><Trackpoint><Time>2026-05-01T20:26:47.256Z</Time><Position><LatitudeDegrees>60.069946</LatitudeDegrees><LongitudeDegrees>18.753674</LongitudeDegrees></Position><AltitudeMeters>22.025</AltitudeMeters><HeartRateBpm><Value>113</Value></HeartRateBpm><Cadence>59</Cadence></Trackpoint><Trackpoint><Time>2026-05-01T20:26:48.256Z</Time><Position><LatitudeDegrees>60.06994</LatitudeDegrees><LongitudeDegrees>18.753689</LongitudeDegrees></Position><AltitudeMeters>21.947</AltitudeMeters><HeartRateBpm><Value>112</Value></HeartRateBpm><Cadence>59</Cadence></Trackpoint><Trackpoint><Time>2026-05-01T20:26:49.256Z</Time><Position><LatitudeDegrees>60.06993</LatitudeDegrees><LongitudeDegrees>18.753706</LongitudeDegrees></Position><AltitudeMeters>21.863</AltitudeMeters><HeartRateBpm><Value>112</Value></HeartRateBpm><Cadence>58</Cadence></Trackpoint><Trackpoint><Time>2026-05-01T20:26:50.257Z</Time><Position><LatitudeDegrees>60.069923</LatitudeDegrees><LongitudeDegrees>18.753723</LongitudeDegrees></Position><AltitudeMeters>21.754</AltitudeMeters><HeartRateBpm><Value>111</Value></HeartRateBpm><Cadence>58</Cadence></Trackpoint><Trackpoint><Time>2026-05-01T20:26:51.265Z</Time><Position><LatitudeDegrees>60.069916</LatitudeDegrees><LongitudeDegrees>18.75374</LongitudeDegrees></Position><AltitudeMeters>21.763</AltitudeMeters><HeartRateBpm><Value>111</Value></HeartRateBpm><Cadence>58</Cadence></Trackpoint><Trackpoint><Time>2026-05-01T20:26:52.274Z</Time><Position><LatitudeDegrees>60.06991</LatitudeDegrees><LongitudeDegrees>18.75376</LongitudeDegrees></Position><AltitudeMeters>21.682</AltitudeMeters><HeartRateBpm><Value>111</Value></HeartRateBpm><Cadence>58</Cadence></Trackpoint><Trackpoint><Time>2026-05-01T20:26:53.283Z</Time><Position><LatitudeDegrees>60.0699</LatitudeDegrees><LongitudeDegrees>18.753777</LongitudeDegrees></Position><AltitudeMeters>21.62</AltitudeMeters><HeartRateBpm><Value>111</Value></HeartRateBpm><Cadence>58</Cadence></Trackpoint><Trackpoint><Time>2026-05-01T20:26:54.292Z</Time><Position><LatitudeDegrees>60.069893</LatitudeDegrees><LongitudeDegrees>18.753796</LongitudeDegrees></Position><AltitudeMeters>21.595</AltitudeMeters><HeartRateBpm><Value>111</Value></HeartRateBpm><Cadence>58</Cadence></Trackpoint><Trackpoint><Time>2026-05-01T20:26:55.301Z</Time><Position><LatitudeDegrees>60.069885</LatitudeDegrees><LongitudeDegrees>18.753815</LongitudeDegrees></Position><AltitudeMeters>21.605</AltitudeMeters><HeartRateBpm><Value>111</Value></HeartRateBpm><Cadence>58</Cadence></Trackpoint><Trackpoint><Time>2026-05-01T20:26:56.308Z</Time><Position><LatitudeDegrees>60.069878</LatitudeDegrees><LongitudeDegrees>18.753834</LongitudeDegrees></Position><AltitudeMeters>21.612</AltitudeMeters><HeartRateBpm><Value>111</Value></HeartRateBpm><Cadence>58</Cadence></Trackpoint><Trackpoint><Time>2026-05-01T20:26:57.316Z</Time><Position><LatitudeDegrees>60.06987</LatitudeDegrees><LongitudeDegrees>18.753853</LongitudeDegrees></Position><AltitudeMeters>21.714</AltitudeMeters><HeartRateBpm><Value>111</Value></HeartRateBpm><Cadence>58</Cadence></Trackpoint><Trackpoint><Time>2026-05-01T20:26:58.325Z</Time><Position><LatitudeDegrees>60.069862</LatitudeDegrees><LongitudeDegrees>18.753872</LongitudeDegrees></Position><AltitudeMeters>21.74</AltitudeMeters><HeartRateBpm><Value>111</Value></HeartRateBpm><Cadence>58</Cadence></Trackpoint><Trackpoint><Time>2026-05-01T20:26:59.333Z</Time><Position><LatitudeDegrees>60.069855</LatitudeDegrees><LongitudeDegrees>18.753891</LongitudeDegrees></Position><AltitudeMeters>21.699</AltitudeMeters><HeartRateBpm><Value>111</Value></HeartRateBpm><Cadence>58</Cadence></Trackpoint><Trackpoint><Time>2026-05-01T20:27:00.342Z</Time><Position><LatitudeDegrees>60.069843</LatitudeDegrees><LongitudeDegrees>18.753912</LongitudeDegrees></Position><AltitudeMeters>21.783</AltitudeMeters><HeartRateBpm><Value>111</Value></HeartRateBpm><Cadence>58</Cadence></Trackpoint><Trackpoint><Time>2026-05-01T20:27:01.351Z</Time><Position><LatitudeDegrees>60.069836</LatitudeDegrees><LongitudeDegrees>18.753933</LongitudeDegrees></Position><AltitudeMeters>21.83</AltitudeMeters><HeartRateBpm><Value>111</Value></HeartRateBpm><Cadence>58</Cadence></Trackpoint><Trackpoint><Time>2026-05-01T20:27:02.357Z</Time><Position><LatitudeDegrees>60.069828</LatitudeDegrees><LongitudeDegrees>18.753952</LongitudeDegrees></Position><AltitudeMeters>21.85</AltitudeMeters><HeartRateBpm><Value>111</Value></HeartRateBpm><Cadence>58</Cadence></Trackpoint><Trackpoint><Time>2026-05-01T20:27:03.365Z</Time><Position><LatitudeDegrees>60.06982</LatitudeDegrees><LongitudeDegrees>18.753973</LongitudeDegrees></Position><AltitudeMeters>21.821</AltitudeMeters><HeartRateBpm><Value>111</Value></HeartRateBpm><Cadence>58</Cadence></Trackpoint><Trackpoint><Time>2026-05-01T20:27:04.374Z</Time><Position><LatitudeDegrees>60.069813</LatitudeDegrees><LongitudeDegrees>18.753992</LongitudeDegrees></Position><AltitudeMeters>21.786</AltitudeMeters><HeartRateBpm><Value>111</Value></HeartRateBpm><Cadence>59</Cadence></Trackpoint><Trackpoint><Time>2026-05-01T20:27:05.383Z</Time><Position><LatitudeDegrees>60.069805</LatitudeDegrees><LongitudeDegrees>18.754011</LongitudeDegrees></Position><AltitudeMeters>21.756</AltitudeMeters><HeartRateBpm><Value>111</Value></HeartRateBpm><Cadence>59</Cadence></Trackpoint><Trackpoint><Time>2026-05-01T20:27:06.393Z</Time><Position><LatitudeDegrees>60.069798</LatitudeDegrees><LongitudeDegrees>18.754032</LongitudeDegrees></Position><AltitudeMeters>21.655</AltitudeMeters><HeartRateBpm><Value>112</Value></HeartRateBpm><Cadence>59</Cadence></Trackpoint><Trackpoint><Time>2026-05-01T20:27:07.402Z</Time><Position><LatitudeDegrees>60.06979</LatitudeDegrees><LongitudeDegrees>18.754051</LongitudeDegrees></Position><AltitudeMeters>21.572</AltitudeMeters><HeartRateBpm><Value>112</Value></HeartRateBpm><Cadence>59</Cadence></Trackpoint><Trackpoint><Time>2026-05-01T20:27:08.411Z</Time><Position><LatitudeDegrees>60.069782</LatitudeDegrees><LongitudeDegrees>18.754072</LongitudeDegrees></Position><AltitudeMeters>21.518</AltitudeMeters><HeartRateBpm><Value>112</Value></HeartRateBpm><Cadence>59</Cadence></Trackpoint><Trackpoint><Time>2026-05-01T20:27:09.421Z</Time><Position><LatitudeDegrees>60.069775</LatitudeDegrees><LongitudeDegrees>18.754091</LongitudeDegrees></Position><AltitudeMeters>21.398</AltitudeMeters><HeartRateBpm><Value>112</Value></HeartRateBpm><Cadence>59</Cadence></Trackpoint><Trackpoint><Time>2026-05-01T20:27:10.430Z</Time><Position><LatitudeDegrees>60.069767</LatitudeDegrees><LongitudeDegrees>18.754112</LongitudeDegrees></Position><AltitudeMeters>21.36</AltitudeMeters><HeartRateBpm><Value>112</Value></HeartRateBpm><Cadence>59</Cadence></Trackpoint><Trackpoint><Time>2026-05-01T20:27:11.437Z</Time><Position><LatitudeDegrees>60.069763</LatitudeDegrees><LongitudeDegrees>18.754131</LongitudeDegrees></Position><AltitudeMeters>21.405</AltitudeMeters><HeartRateBpm><Value>112</Value></HeartRateBpm><Cadence>59</Cadence></Trackpoint><Trackpoint><Time>2026-05-01T20:27:12.446Z</Time><Position><LatitudeDegrees>60.069756</LatitudeDegrees><LongitudeDegrees>18.754152</LongitudeDegrees></Position><AltitudeMeters>21.404</AltitudeMeters><HeartRateBpm><Value>112</Value></HeartRateBpm><Cadence>58</Cadence></Trackpoint><Trackpoint><Time>2026-05-01T20:27:13.454Z</Time><Position><LatitudeDegrees>60.069748</LatitudeDegrees><LongitudeDegrees>18.754173</LongitudeDegrees></Position><AltitudeMeters>21.384</AltitudeMeters><HeartRateBpm><Value>112</Value></HeartRateBpm><Cadence>58</Cadence></Trackpoint><Trackpoint><Time>2026-05-01T20:27:14.463Z</Time><Position><LatitudeDegrees>60.06974</LatitudeDegrees><LongitudeDegrees>18.754192</LongitudeDegrees></Position><AltitudeMeters>21.408</AltitudeMeters><HeartRateBpm><Value>112</Value></HeartRateBpm><Cadence>58</Cadence></Trackpoint><Trackpoint><Time>2026-05-01T20:27:15.472Z</Time><Position><LatitudeDegrees>60.069733</LatitudeDegrees><LongitudeDegrees>18.754213</LongitudeDegrees></Position><AltitudeMeters>21.408</AltitudeMeters><HeartRateBpm><Value>112</Value></HeartRateBpm><Cadence>58</Cadence></Trackpoint><Trackpoint><Time>2026-05-01T20:27:16.481Z</Time><Position><LatitudeDegrees>60.069725</LatitudeDegrees><LongitudeDegrees>18.754232</LongitudeDegrees></Position><AltitudeMeters>21.423</AltitudeMeters><HeartRateBpm><Value>112</Value></HeartRateBpm><Cadence>58</Cadence></Trackpoint><Trackpoint><Time>2026-05-01T20:27:17.490Z</Time><Position><LatitudeDegrees>60.069717</LatitudeDegrees><LongitudeDegrees>18.754253</LongitudeDegrees></Position><AltitudeMeters>21.475</AltitudeMeters><HeartRateBpm><Value>111</Value></HeartRateBpm><Cadence>59</Cadence></Trackpoint><Trackpoint><Time>2026-05-01T20:27:18.497Z</Time><Position><LatitudeDegrees>60.06971</LatitudeDegrees><LongitudeDegrees>18.754272</LongitudeDegrees></Position><AltitudeMeters>21.533</AltitudeMeters><HeartRateBpm><Value>111</Value></HeartRateBpm><Cadence>59</Cadence></Trackpoint><Trackpoint><Time>2026-05-01T20:27:19.506Z</Time><Position><LatitudeDegrees>60.069706</LatitudeDegrees><LongitudeDegrees>18.754293</LongitudeDegrees></Position><AltitudeMeters>21.666</AltitudeMeters><HeartRateBpm><Value>111</Value></HeartRateBpm><Cadence>59</Cadence></Trackpoint><Trackpoint><Time>2026-05-01T20:27:20.515Z</Time><Position><LatitudeDegrees>60.0697</LatitudeDegrees><LongitudeDegrees>18.754313</LongitudeDegrees></Position><AltitudeMeters>21.775</AltitudeMeters><HeartRateBpm><Value>111</Value></HeartRateBpm><Cadence>59</Cadence></Trackpoint><Trackpoint><Time>2026-05-01T20:27:21.522Z</Time><Position><LatitudeDegrees>60.06969</LatitudeDegrees><LongitudeDegrees>18.754333</LongitudeDegrees></Position><AltitudeMeters>21.877</AltitudeMeters><HeartRateBpm><Value>111</Value></HeartRateBpm><Cadence>59</Cadence></Trackpoint><Trackpoint><Time>2026-05-01T20:27:22.531Z</Time><Position><LatitudeDegrees>60.069683</LatitudeDegrees><LongitudeDegrees>18.754353</LongitudeDegrees></Position><AltitudeMeters>22.021</AltitudeMeters><HeartRateBpm><Value>111</Value></HeartRateBpm><Cadence>59</Cadence></Trackpoint><Trackpoint><Time>2026-05-01T20:27:23.540Z</Time><Position><LatitudeDegrees>60.069675</LatitudeDegrees><LongitudeDegrees>18.754374</LongitudeDegrees></Position><AltitudeMeters>22.13</AltitudeMeters><HeartRateBpm><Value>111</Value></HeartRateBpm><Cadence>59</Cadence></Trackpoint><Trackpoint><Time>2026-05-01T20:27:24.547Z</Time><Position><LatitudeDegrees>60.069668</LatitudeDegrees><LongitudeDegrees>18.754393</LongitudeDegrees></Position><AltitudeMeters>22.276</AltitudeMeters><HeartRateBpm><Value>111</Value></HeartRateBpm><Cadence>59</Cadence></Trackpoint><Trackpoint><Time>2026-05-01T20:27:25.556Z</Time><Position><LatitudeDegrees>60.06966</LatitudeDegrees><LongitudeDegrees>18.754412</LongitudeDegrees></Position><AltitudeMeters>22.367</AltitudeMeters><HeartRateBpm><Value>110</Value></HeartRateBpm><Cadence>59</Cadence></Trackpoint><Trackpoint><Time>2026-05-01T20:27:26.565Z</Time><Position><LatitudeDegrees>60.069656</LatitudeDegrees><LongitudeDegrees>18.754433</LongitudeDegrees></Position><AltitudeMeters>22.458</AltitudeMeters><HeartRateBpm><Value>110</Value></HeartRateBpm><Cadence>59</Cadence></Trackpoint><Trackpoint><Time>2026-05-01T20:27:27.572Z</Time><Position><LatitudeDegrees>60.06965</LatitudeDegrees><LongitudeDegrees>18.754452</LongitudeDegrees></Position><AltitudeMeters>22.584</AltitudeMeters><HeartRateBpm><Value>110</Value></HeartRateBpm><Cadence>58</Cadence></Trackpoint><Trackpoint><Time>2026-05-01T20:27:28.581Z</Time><Position><LatitudeDegrees>60.06964</LatitudeDegrees><LongitudeDegrees>18.75447</LongitudeDegrees></Position><AltitudeMeters>22.711</AltitudeMeters><HeartRateBpm><Value>110</Value></HeartRateBpm><Cadence>58</Cadence></Trackpoint><Trackpoint><Time>2026-05-01T20:27:29.587Z</Time><Position><LatitudeDegrees>60.069633</LatitudeDegrees><LongitudeDegrees>18.754492</LongitudeDegrees></Position><AltitudeMeters>22.808</AltitudeMeters><HeartRateBpm><Value>110</Value></HeartRateBpm><Cadence>58</Cadence></Trackpoint><Trackpoint><Time>2026-05-01T20:27:30.596Z</Time><Position><LatitudeDegrees>60.069626</LatitudeDegrees><LongitudeDegrees>18.75451</LongitudeDegrees></Position><AltitudeMeters>22.981</AltitudeMeters><HeartRateBpm><Value>110</Value></HeartRateBpm><Cadence>57</Cadence></Trackpoint><Trackpoint><Time>2026-05-01T20:27:31.605Z</Time><Position><LatitudeDegrees>60.06962</LatitudeDegrees><LongitudeDegrees>18.75453</LongitudeDegrees></Position><AltitudeMeters>23.12</AltitudeMeters><HeartRateBpm><Value>110</Value></HeartRateBpm><Cadence>57</Cadence></Trackpoint><Trackpoint><Time>2026-05-01T20:27:32.614Z</Time><Position><LatitudeDegrees>60.06961</LatitudeDegrees><LongitudeDegrees>18.75455</LongitudeDegrees></Position><AltitudeMeters>23.265</AltitudeMeters><HeartRateBpm><Value>110</Value></HeartRateBpm><Cadence>57</Cadence></Trackpoint><Trackpoint><Time>2026-05-01T20:27:33.622Z</Time><Position><LatitudeDegrees>60.069603</LatitudeDegrees><LongitudeDegrees>18.75457</LongitudeDegrees></Position><AltitudeMeters>23.456</AltitudeMeters><HeartRateBpm><Value>110</Value></HeartRateBpm><Cadence>56</Cadence></Trackpoint><Trackpoint><Time>2026-05-01T20:27:34.631Z</Time><Position><LatitudeDegrees>60.069595</LatitudeDegrees><LongitudeDegrees>18.754591</LongitudeDegrees></Position><AltitudeMeters>23.582</AltitudeMeters><HeartRateBpm><Value>110</Value></HeartRateBpm><Cadence>56</Cadence></Trackpoint><Trackpoint><Time>2026-05-01T20:27:35.638Z</Time><Position><LatitudeDegrees>60.069588</LatitudeDegrees><LongitudeDegrees>18.75461</LongitudeDegrees></Position><AltitudeMeters>23.705</AltitudeMeters><HeartRateBpm><Value>111</Value></HeartRateBpm><Cadence>56</Cadence></Trackpoint><Trackpoint><Time>2026-05-01T20:27:36.646Z</Time><Position><LatitudeDegrees>60.06958</LatitudeDegrees><LongitudeDegrees>18.754631</LongitudeDegrees></Position><AltitudeMeters>23.814</AltitudeMeters><HeartRateBpm><Value>112</Value></HeartRateBpm><Cadence>56</Cadence></Trackpoint><Trackpoint><Time>2026-05-01T20:27:37.655Z</Time><Position><LatitudeDegrees>60.069572</LatitudeDegrees><LongitudeDegrees>18.75465</LongitudeDegrees></Position><AltitudeMeters>23.949</AltitudeMeters><HeartRateBpm><Value>113</Value></HeartRateBpm><Cadence>56</Cadence></Trackpoint><Trackpoint><Time>2026-05-01T20:27:38.664Z</Time><Position><LatitudeDegrees>60.069565</LatitudeDegrees><LongitudeDegrees>18.754671</LongitudeDegrees></Position><AltitudeMeters>24.065</AltitudeMeters><HeartRateBpm><Value>115</Value></HeartRateBpm><Cadence>56</Cadence></Trackpoint><Trackpoint><Time>2026-05-01T20:27:39.672Z</Time><Position><LatitudeDegrees>60.069557</LatitudeDegrees><LongitudeDegrees>18.75469</LongitudeDegrees></Position><AltitudeMeters>24.299</AltitudeMeters><HeartRateBpm><Value>116</Value></HeartRateBpm><Cadence>56</Cadence></Trackpoint><Trackpoint><Time>2026-05-01T20:27:40.681Z</Time><Position><LatitudeDegrees>60.06955</LatitudeDegrees><LongitudeDegrees>18.75471</LongitudeDegrees></Position><AltitudeMeters>24.51</AltitudeMeters><HeartRateBpm><Value>117</Value></HeartRateBpm><Cadence>56</Cadence></Trackpoint><Trackpoint><Time>2026-05-01T20:27:41.687Z</Time><Position><LatitudeDegrees>60.069546</LatitudeDegrees><LongitudeDegrees>18.754726</LongitudeDegrees></Position><AltitudeMeters>24.606</AltitudeMeters><HeartRateBpm><Value>119</Value></HeartRateBpm><Cadence>56</Cadence></Trackpoint><Trackpoint><Time>2026-05-01T20:27:42.698Z</Time><Position><LatitudeDegrees>60.06954</LatitudeDegrees><LongitudeDegrees>18.754745</LongitudeDegrees></Position><AltitudeMeters>24.726</AltitudeMeters><HeartRateBpm><Value>120</Value></HeartRateBpm><Cadence>56</Cadence></Trackpoint><Trackpoint><Time>2026-05-01T20:27:43.706Z</Time><Position><LatitudeDegrees>60.069527</LatitudeDegrees><LongitudeDegrees>18.754763</LongitudeDegrees></Position><AltitudeMeters>24.875</AltitudeMeters><HeartRateBpm><Value>121</Value></HeartRateBpm><Cadence>56</Cadence></Trackpoint><Trackpoint><Time>2026-05-01T20:27:44.714Z</Time><Position><LatitudeDegrees>60.06952</LatitudeDegrees><LongitudeDegrees>18.754782</LongitudeDegrees></Position><AltitudeMeters>25.002</AltitudeMeters><HeartRateBpm><Value>122</Value></HeartRateBpm><Cadence>56</Cadence></Trackpoint><Trackpoint><Time>2026-05-01T20:27:45.723Z</Time><Position><LatitudeDegrees>60.06951</LatitudeDegrees><LongitudeDegrees>18.7548</LongitudeDegrees></Position><AltitudeMeters>25.128</AltitudeMeters><HeartRateBpm><Value>122</Value></HeartRateBpm><Cadence>56</Cadence></Trackpoint><Trackpoint><Time>2026-05-01T20:27:46.731Z</Time><Position><LatitudeDegrees>60.069504</LatitudeDegrees><LongitudeDegrees>18.754822</LongitudeDegrees></Position><AltitudeMeters>25.226</AltitudeMeters><HeartRateBpm><Value>123</Value></HeartRateBpm><Cadence>56</Cadence></Trackpoint><Trackpoint><Time>2026-05-01T20:27:47.740Z</Time><Position><LatitudeDegrees>60.069492</LatitudeDegrees><LongitudeDegrees>18.754843</LongitudeDegrees></Position><AltitudeMeters>25.254</AltitudeMeters><HeartRateBpm><Value>123</Value></HeartRateBpm><Cadence>56</Cadence></Trackpoint><Trackpoint><Time>2026-05-01T20:27:48.747Z</Time><Position><LatitudeDegrees>60.069485</LatitudeDegrees><LongitudeDegrees>18.754864</LongitudeDegrees></Position><AltitudeMeters>25.28</AltitudeMeters><HeartRateBpm><Value>123</Value></HeartRateBpm><Cadence>56</Cadence></Trackpoint><Trackpoint><Time>2026-05-01T20:27:49.756Z</Time><Position><LatitudeDegrees>60.069477</LatitudeDegrees><LongitudeDegrees>18.754885</LongitudeDegrees></Position><AltitudeMeters>25.374</AltitudeMeters><HeartRateBpm><Value>124</Value></HeartRateBpm><Cadence>56</Cadence></Trackpoint><Trackpoint><Time>2026-05-01T20:27:50.764Z</Time><Position><LatitudeDegrees>60.069466</LatitudeDegrees><LongitudeDegrees>18.754908</LongitudeDegrees></Position><AltitudeMeters>25.438</AltitudeMeters><HeartRateBpm><Value>124</Value></HeartRateBpm><Cadence>57</Cadence></Trackpoint><Trackpoint><Time>2026-05-01T20:27:51.772Z</Time><Position><LatitudeDegrees>60.069458</LatitudeDegrees><LongitudeDegrees>18.75493</LongitudeDegrees></Position><AltitudeMeters>25.451</AltitudeMeters><HeartRateBpm><Value>125</Value></HeartRateBpm><Cadence>57</Cadence></Trackpoint><Trackpoint><Time>2026-05-01T20:27:52.781Z</Time><Position><LatitudeDegrees>60.06945</LatitudeDegrees><LongitudeDegrees>18.754951</LongitudeDegrees></Position><AltitudeMeters>25.373</AltitudeMeters><HeartRateBpm><Value>125</Value></HeartRateBpm><Cadence>57</Cadence></Trackpoint><Trackpoint><Time>2026-05-01T20:27:53.790Z</Time><Position><LatitudeDegrees>60.069443</LatitudeDegrees><LongitudeDegrees>18.754974</LongitudeDegrees></Position><AltitudeMeters>25.348</AltitudeMeters><HeartRateBpm><Value>126</Value></HeartRateBpm><Cadence>57</Cadence></Trackpoint><Trackpoint><Time>2026-05-01T20:27:54.797Z</Time><Position><LatitudeDegrees>60.069435</LatitudeDegrees><LongitudeDegrees>18.754997</LongitudeDegrees></Position><AltitudeMeters>25.351</AltitudeMeters><HeartRateBpm><Value>126</Value></HeartRateBpm><Cadence>57</Cadence></Trackpoint><Trackpoint><Time>2026-05-01T20:27:55.805Z</Time><Position><LatitudeDegrees>60.069427</LatitudeDegrees><LongitudeDegrees>18.75502</LongitudeDegrees></Position><AltitudeMeters>25.43</AltitudeMeters><HeartRateBpm><Value>126</Value></HeartRateBpm><Cadence>57</Cadence></Trackpoint><Trackpoint><Time>2026-05-01T20:27:56.813Z</Time><Position><LatitudeDegrees>60.069416</LatitudeDegrees><LongitudeDegrees>18.755041</LongitudeDegrees></Position><AltitudeMeters>25.492</AltitudeMeters><HeartRateBpm><Value>126</Value></HeartRateBpm><Cadence>57</Cadence></Trackpoint><Trackpoint><Time>2026-05-01T20:27:57.822Z</Time><Position><LatitudeDegrees>60.06941</LatitudeDegrees><LongitudeDegrees>18.755064</LongitudeDegrees></Position><AltitudeMeters>25.349</AltitudeMeters><HeartRateBpm><Value>126</Value></HeartRateBpm><Cadence>57</Cadence></Trackpoint><Trackpoint><Time>2026-05-01T20:27:58.830Z</Time><Position><LatitudeDegrees>60.0694</LatitudeDegrees><LongitudeDegrees>18.755085</LongitudeDegrees></Position><AltitudeMeters>25.213</AltitudeMeters><HeartRateBpm><Value>126</Value></HeartRateBpm><Cadence>57</Cadence></Trackpoint><Trackpoint><Time>2026-05-01T20:27:59.837Z</Time><Position><LatitudeDegrees>60.06939</LatitudeDegrees><LongitudeDegrees>18.755108</LongitudeDegrees></Position><AltitudeMeters>25.112</AltitudeMeters><HeartRateBpm><Value>126</Value></HeartRateBpm><Cadence>58</Cadence></Trackpoint><Trackpoint><Time>2026-05-01T20:28:00.845Z</Time><Position><LatitudeDegrees>60.06938</LatitudeDegrees><LongitudeDegrees>18.755129</LongitudeDegrees></Position><AltitudeMeters>24.981</AltitudeMeters><HeartRateBpm><Value>125</Value></HeartRateBpm><Cadence>58</Cadence></Trackpoint><Trackpoint><Time>2026-05-01T20:28:01.853Z</Time><Position><LatitudeDegrees>60.069374</LatitudeDegrees><LongitudeDegrees>18.75515</LongitudeDegrees></Position><AltitudeMeters>24.903</AltitudeMeters><HeartRateBpm><Value>125</Value></HeartRateBpm><Cadence>58</Cadence></Trackpoint><Trackpoint><Time>2026-05-01T20:28:02.862Z</Time><Position><LatitudeDegrees>60.069363</LatitudeDegrees><LongitudeDegrees>18.75517</LongitudeDegrees></Position><AltitudeMeters>24.851</AltitudeMeters><HeartRateBpm><Value>124</Value></HeartRateBpm><Cadence>58</Cadence></Trackpoint><Trackpoint><Time>2026-05-01T20:28:03.871Z</Time><Position><LatitudeDegrees>60.069355</LatitudeDegrees><LongitudeDegrees>18.755192</LongitudeDegrees></Position><AltitudeMeters>24.822</AltitudeMeters><HeartRateBpm><Value>123</Value></HeartRateBpm><Cadence>59</Cadence></Trackpoint><Trackpoint><Time>2026-05-01T20:28:04.880Z</Time><Position><LatitudeDegrees>60.069344</LatitudeDegrees><LongitudeDegrees>18.75521</LongitudeDegrees></Position><AltitudeMeters>24.857</AltitudeMeters><HeartRateBpm><Value>122</Value></HeartRateBpm><Cadence>59</Cadence></Trackpoint><Trackpoint><Time>2026-05-01T20:28:05.886Z</Time><Position><LatitudeDegrees>60.069336</LatitudeDegrees><LongitudeDegrees>18.75523</LongitudeDegrees></Position><AltitudeMeters>24.918</AltitudeMeters><HeartRateBpm><Value>121</Value></HeartRateBpm><Cadence>59</Cadence></Trackpoint><Trackpoint><Time>2026-05-01T20:28:06.890Z</Time><Position><LatitudeDegrees>60.069324</LatitudeDegrees><LongitudeDegrees>18.75525</LongitudeDegrees></Position><AltitudeMeters>24.882</AltitudeMeters><HeartRateBpm><Value>121</Value></HeartRateBpm><Cadence>59</Cadence></Trackpoint><Trackpoint><Time>2026-05-01T20:28:07.888Z</Time><Position><LatitudeDegrees>60.069313</LatitudeDegrees><LongitudeDegrees>18.755268</LongitudeDegrees></Position><AltitudeMeters>24.845</AltitudeMeters><HeartRateBpm><Value>120</Value></HeartRateBpm><Cadence>59</Cadence></Trackpoint><Trackpoint><Time>2026-05-01T20:28:08.889Z</Time><Position><LatitudeDegrees>60.069305</LatitudeDegrees><LongitudeDegrees>18.755287</LongitudeDegrees></Position><AltitudeMeters>24.836</AltitudeMeters><HeartRateBpm><Value>120</Value></HeartRateBpm><Cadence>59</Cadence></Trackpoint><Trackpoint><Time>2026-05-01T20:28:09.891Z</Time><Position><LatitudeDegrees>60.069294</LatitudeDegrees><LongitudeDegrees>18.755304</LongitudeDegrees></Position><AltitudeMeters>24.811</AltitudeMeters><HeartRateBpm><Value>120</Value></HeartRateBpm><Cadence>59</Cadence></Trackpoint><Trackpoint><Time>2026-05-01T20:28:10.900Z</Time><Position><LatitudeDegrees>60.069286</LatitudeDegrees><LongitudeDegrees>18.755322</LongitudeDegrees></Position><AltitudeMeters>24.755</AltitudeMeters><HeartRateBpm><Value>119</Value></HeartRateBpm><Cadence>59</Cadence></Trackpoint><Trackpoint><Time>2026-05-01T20:28:11.903Z</Time><Position><LatitudeDegrees>60.069275</LatitudeDegrees><LongitudeDegrees>18.755339</LongitudeDegrees></Position><AltitudeMeters>24.671</AltitudeMeters><HeartRateBpm><Value>119</Value></HeartRateBpm><Cadence>59</Cadence></Trackpoint><Trackpoint><Time>2026-05-01T20:28:12.901Z</Time><Position><LatitudeDegrees>60.069267</LatitudeDegrees><LongitudeDegrees>18.755354</LongitudeDegrees></Position><AltitudeMeters>24.598</AltitudeMeters><HeartRateBpm><Value>119</Value></HeartRateBpm><Cadence>59</Cadence></Trackpoint><Trackpoint><Time>2026-05-01T20:28:13.907Z</Time><Position><LatitudeDegrees>60.069256</LatitudeDegrees><LongitudeDegrees>18.75537</LongitudeDegrees></Position><AltitudeMeters>24.575</AltitudeMeters><HeartRateBpm><Value>119</Value></HeartRateBpm><Cadence>59</Cadence></Trackpoint><Trackpoint><Time>2026-05-01T20:28:14.916Z</Time><Position><LatitudeDegrees>60.06925</LatitudeDegrees><LongitudeDegrees>18.755384</LongitudeDegrees></Position><AltitudeMeters>24.528</AltitudeMeters><HeartRateBpm><Value>119</Value></HeartRateBpm><Cadence>59</Cadence></Trackpoint><Trackpoint><Time>2026-05-01T20:28:15.920Z</Time><Position><LatitudeDegrees>60.069237</LatitudeDegrees><LongitudeDegrees>18.7554</LongitudeDegrees></Position><AltitudeMeters>24.411</AltitudeMeters><HeartRateBpm><Value>119</Value></HeartRateBpm><Cadence>59</Cadence></Trackpoint><Trackpoint><Time>2026-05-01T20:28:16.917Z</Time><Position><LatitudeDegrees>60.06923</LatitudeDegrees><LongitudeDegrees>18.755415</LongitudeDegrees></Position><AltitudeMeters>24.276</AltitudeMeters><HeartRateBpm><Value>119</Value></HeartRateBpm><Cadence>59</Cadence></Trackpoint><Trackpoint><Time>2026-05-01T20:28:17.920Z</Time><Position><LatitudeDegrees>60.069218</LatitudeDegrees><LongitudeDegrees>18.75543</LongitudeDegrees></Position><AltitudeMeters>24.192</AltitudeMeters><HeartRateBpm><Value>119</Value></HeartRateBpm><Cadence>59</Cadence></Trackpoint><Trackpoint><Time>2026-05-01T20:28:18.918Z</Time><Position><LatitudeDegrees>60.069206</LatitudeDegrees><LongitudeDegrees>18.755444</LongitudeDegrees></Position><AltitudeMeters>24.041</AltitudeMeters><HeartRateBpm><Value>119</Value></HeartRateBpm><Cadence>59</Cadence></Trackpoint><Trackpoint><Time>2026-05-01T20:28:19.918Z</Time><Position><LatitudeDegrees>60.0692</LatitudeDegrees><LongitudeDegrees>18.755457</LongitudeDegrees></Position><AltitudeMeters>23.953</AltitudeMeters><HeartRateBpm><Value>119</Value></HeartRateBpm><Cadence>59</Cadence></Trackpoint><Trackpoint><Time>2026-05-01T20:28:20.916Z</Time><Position><LatitudeDegrees>60.069187</LatitudeDegrees><LongitudeDegrees>18.75547</LongitudeDegrees></Position><AltitudeMeters>23.787</AltitudeMeters><HeartRateBpm><Value>119</Value></HeartRateBpm><Cadence>59</Cadence></Trackpoint><Trackpoint><Time>2026-05-01T20:28:21.917Z</Time><Position><LatitudeDegrees>60.069176</LatitudeDegrees><LongitudeDegrees>18.755484</LongitudeDegrees></Position><AltitudeMeters>23.618</AltitudeMeters><HeartRateBpm><Value>119</Value></HeartRateBpm><Cadence>59</Cadence></Trackpoint><Trackpoint><Time>2026-05-01T20:28:22.925Z</Time><Position><LatitudeDegrees>60.069168</LatitudeDegrees><LongitudeDegrees>18.755497</LongitudeDegrees></Position><AltitudeMeters>23.531</AltitudeMeters><HeartRateBpm><Value>119</Value></HeartRateBpm><Cadence>58</Cadence></Trackpoint><Trackpoint><Time>2026-05-01T20:28:23.924Z</Time><Position><LatitudeDegrees>60.069157</LatitudeDegrees><LongitudeDegrees>18.755512</LongitudeDegrees></Position><AltitudeMeters>23.478</AltitudeMeters><HeartRateBpm><Value>120</Value></HeartRateBpm><Cadence>58</Cadence></Trackpoint><Trackpoint><Time>2026-05-01T20:28:24.923Z</Time><Position><LatitudeDegrees>60.06915</LatitudeDegrees><LongitudeDegrees>18.755526</LongitudeDegrees></Position><AltitudeMeters>23.397</AltitudeMeters><HeartRateBpm><Value>120</Value></HeartRateBpm><Cadence>58</Cadence></Trackpoint><Trackpoint><Time>2026-05-01T20:28:25.925Z</Time><Position><LatitudeDegrees>60.069138</LatitudeDegrees><LongitudeDegrees>18.75554</LongitudeDegrees></Position><AltitudeMeters>23.344</AltitudeMeters><HeartRateBpm><Value>121</Value></HeartRateBpm><Cadence>58</Cadence></Trackpoint><Trackpoint><Time>2026-05-01T20:28:26.934Z</Time><Position><LatitudeDegrees>60.06913</LatitudeDegrees><LongitudeDegrees>18.755554</LongitudeDegrees></Position><AltitudeMeters>23.216</AltitudeMeters><HeartRateBpm><Value>121</Value></HeartRateBpm><Cadence>58</Cadence></Trackpoint><Trackpoint><Time>2026-05-01T20:28:27.942Z</Time><Position><LatitudeDegrees>60.06912</LatitudeDegrees><LongitudeDegrees>18.75557</LongitudeDegrees></Position><AltitudeMeters>23.147</AltitudeMeters><HeartRateBpm><Value>121</Value></HeartRateBpm><Cadence>58</Cadence></Trackpoint><Trackpoint><Time>2026-05-01T20:28:28.951Z</Time><Position><LatitudeDegrees>60.069107</LatitudeDegrees><LongitudeDegrees>18.755583</LongitudeDegrees></Position><AltitudeMeters>23.101</AltitudeMeters><HeartRateBpm><Value>122</Value></HeartRateBpm><Cadence>58</Cadence></Trackpoint><Trackpoint><Time>2026-05-01T20:28:29.958Z</Time><Position><LatitudeDegrees>60.0691</LatitudeDegrees><LongitudeDegrees>18.755596</LongitudeDegrees></Position><AltitudeMeters>23.034</AltitudeMeters><HeartRateBpm><Value>122</Value></HeartRateBpm><Cadence>58</Cadence></Trackpoint><Trackpoint><Time>2026-05-01T20:28:30.966Z</Time><Position><LatitudeDegrees>60.069088</LatitudeDegrees><LongitudeDegrees>18.75561</LongitudeDegrees></Position><AltitudeMeters>22.939</AltitudeMeters><HeartRateBpm><Value>123</Value></HeartRateBpm><Cadence>58</Cadence></Trackpoint><Trackpoint><Time>2026-05-01T20:28:31.974Z</Time><Position><LatitudeDegrees>60.06908</LatitudeDegrees><LongitudeDegrees>18.755625</LongitudeDegrees></Position><AltitudeMeters>22.84</AltitudeMeters><HeartRateBpm><Value>123</Value></HeartRateBpm><Cadence>58</Cadence></Trackpoint><Trackpoint><Time>2026-05-01T20:28:32.976Z</Time><Position><LatitudeDegrees>60.06907</LatitudeDegrees><LongitudeDegrees>18.755638</LongitudeDegrees></Position><AltitudeMeters>22.781</AltitudeMeters><HeartRateBpm><Value>124</Value></HeartRateBpm><Cadence>58</Cadence></Trackpoint><Trackpoint><Time>2026-05-01T20:28:33.973Z</Time><Position><LatitudeDegrees>60.069057</LatitudeDegrees><LongitudeDegrees>18.755651</LongitudeDegrees></Position><AltitudeMeters>22.665</AltitudeMeters><HeartRateBpm><Value>124</Value></HeartRateBpm><Cadence>58</Cadence></Trackpoint><Trackpoint><Time>2026-05-01T20:28:34.974Z</Time><Position><LatitudeDegrees>60.06905</LatitudeDegrees><LongitudeDegrees>18.755665</LongitudeDegrees></Position><AltitudeMeters>22.644</AltitudeMeters><HeartRateBpm><Value>126</Value></HeartRateBpm><Cadence>57</Cadence></Trackpoint><Trackpoint><Time>2026-05-01T20:28:35.973Z</Time><Position><LatitudeDegrees>60.06904</LatitudeDegrees><LongitudeDegrees>18.755676</LongitudeDegrees></Position><AltitudeMeters>22.443</AltitudeMeters><HeartRateBpm><Value>126</Value></HeartRateBpm><Cadence>57</Cadence></Trackpoint><Trackpoint><Time>2026-05-01T20:28:36.973Z</Time><Position><LatitudeDegrees>60.069027</LatitudeDegrees><LongitudeDegrees>18.755692</LongitudeDegrees></Position><AltitudeMeters>22.3</AltitudeMeters><HeartRateBpm><Value>127</Value></HeartRateBpm><Cadence>57</Cadence></Trackpoint><Trackpoint><Time>2026-05-01T20:28:37.982Z</Time><Position><LatitudeDegrees>60.06902</LatitudeDegrees><LongitudeDegrees>18.755703</LongitudeDegrees></Position><AltitudeMeters>22.182</AltitudeMeters><HeartRateBpm><Value>127</Value></HeartRateBpm><Cadence>57</Cadence></Trackpoint><Trackpoint><Time>2026-05-01T20:28:38.990Z</Time><Position><LatitudeDegrees>60.069008</LatitudeDegrees><LongitudeDegrees>18.755716</LongitudeDegrees></Position><AltitudeMeters>22.161</AltitudeMeters><HeartRateBpm><Value>128</Value></HeartRateBpm><Cadence>57</Cadence></Trackpoint><Trackpoint><Time>2026-05-01T20:28:39.997Z</Time><Position><LatitudeDegrees>60.068996</LatitudeDegrees><LongitudeDegrees>18.75573</LongitudeDegrees></Position><AltitudeMeters>22.118</AltitudeMeters><HeartRateBpm><Value>128</Value></HeartRateBpm><Cadence>57</Cadence></Trackpoint><Trackpoint><Time>2026-05-01T20:28:41.006Z</Time><Position><LatitudeDegrees>60.068985</LatitudeDegrees><LongitudeDegrees>18.755743</LongitudeDegrees></Position><AltitudeMeters>22.013</AltitudeMeters><HeartRateBpm><Value>129</Value></HeartRateBpm><Cadence>57</Cadence></Trackpoint><Trackpoint><Time>2026-05-01T20:28:42.015Z</Time><Position><LatitudeDegrees>60.068977</LatitudeDegrees><LongitudeDegrees>18.755756</LongitudeDegrees></Position><AltitudeMeters>21.893</AltitudeMeters><HeartRateBpm><Value>129</Value></HeartRateBpm><Cadence>57</Cadence></Trackpoint><Trackpoint><Time>2026-05-01T20:28:43.023Z</Time><Position><LatitudeDegrees>60.068966</LatitudeDegrees><LongitudeDegrees>18.755768</LongitudeDegrees></Position><AltitudeMeters>21.905</AltitudeMeters><HeartRateBpm><Value>129</Value></HeartRateBpm><Cadence>57</Cadence></Trackpoint><Trackpoint><Time>2026-05-01T20:28:44.032Z</Time><Position><LatitudeDegrees>60.068954</LatitudeDegrees><LongitudeDegrees>18.755781</LongitudeDegrees></Position><AltitudeMeters>21.957</AltitudeMeters><HeartRateBpm><Value>129</Value></HeartRateBpm><Cadence>57</Cadence></Trackpoint><Trackpoint><Time>2026-05-01T20:28:45.041Z</Time><Position><LatitudeDegrees>60.068947</LatitudeDegrees><LongitudeDegrees>18.755795</LongitudeDegrees></Position><AltitudeMeters>21.888</AltitudeMeters><HeartRateBpm><Value>130</Value></HeartRateBpm><Cadence>57</Cadence></Trackpoint><Trackpoint><Time>2026-05-01T20:28:46.050Z</Time><Position><LatitudeDegrees>60.068935</LatitudeDegrees><LongitudeDegrees>18.755808</LongitudeDegrees></Position><AltitudeMeters>21.756</AltitudeMeters><HeartRateBpm><Value>130</Value></HeartRateBpm><Cadence>57</Cadence></Trackpoint><Trackpoint><Time>2026-05-01T20:28:47.056Z</Time><Position><LatitudeDegrees>60.068928</LatitudeDegrees><LongitudeDegrees>18.755821</LongitudeDegrees></Position><AltitudeMeters>21.654</AltitudeMeters><HeartRateBpm><Value>130</Value></HeartRateBpm><Cadence>57</Cadence></Trackpoint><Trackpoint><Time>2026-05-01T20:28:48.065Z</Time><Position><LatitudeDegrees>60.068916</LatitudeDegrees><LongitudeDegrees>18.755835</LongitudeDegrees></Position><AltitudeMeters>21.556</AltitudeMeters><HeartRateBpm><Value>130</Value></HeartRateBpm><Cadence>57</Cadence></Trackpoint><Trackpoint><Time>2026-05-01T20:28:49.074Z</Time><Position><LatitudeDegrees>60.068905</LatitudeDegrees><LongitudeDegrees>18.755846</LongitudeDegrees></Position><AltitudeMeters>21.71</AltitudeMeters><HeartRateBpm><Value>130</Value></HeartRateBpm><Cadence>57</Cadence></Trackpoint><Trackpoint><Time>2026-05-01T20:28:50.083Z</Time><Position><LatitudeDegrees>60.068893</LatitudeDegrees><LongitudeDegrees>18.755857</LongitudeDegrees></Position><AltitudeMeters>21.737</AltitudeMeters><HeartRateBpm><Value>130</Value></HeartRateBpm><Cadence>57</Cadence></Trackpoint><Trackpoint><Time>2026-05-01T20:28:51.092Z</Time><Position><LatitudeDegrees>60.068882</LatitudeDegrees><LongitudeDegrees>18.755869</LongitudeDegrees></Position><AltitudeMeters>21.709</AltitudeMeters><HeartRateBpm><Value>130</Value></HeartRateBpm><Cadence>57</Cadence></Trackpoint><Trackpoint><Time>2026-05-01T20:28:52.101Z</Time><Position><LatitudeDegrees>60.06887</LatitudeDegrees><LongitudeDegrees>18.75588</LongitudeDegrees></Position><AltitudeMeters>21.659</AltitudeMeters><HeartRateBpm><Value>130</Value></HeartRateBpm><Cadence>57</Cadence></Trackpoint><Trackpoint><Time>2026-05-01T20:28:53.110Z</Time><Position><LatitudeDegrees>60.06886</LatitudeDegrees><LongitudeDegrees>18.755892</LongitudeDegrees></Position><AltitudeMeters>21.451</AltitudeMeters><HeartRateBpm><Value>130</Value></HeartRateBpm><Cadence>57</Cadence></Trackpoint><Trackpoint><Time>2026-05-01T20:28:54.117Z</Time><Position><LatitudeDegrees>60.06885</LatitudeDegrees><LongitudeDegrees>18.755903</LongitudeDegrees></Position><AltitudeMeters>21.305</AltitudeMeters><HeartRateBpm><Value>130</Value></HeartRateBpm><Cadence>57</Cadence></Trackpoint><Trackpoint><Time>2026-05-01T20:28:55.124Z</Time><Position><LatitudeDegrees>60.06884</LatitudeDegrees><LongitudeDegrees>18.755917</LongitudeDegrees></Position><AltitudeMeters>21.135</AltitudeMeters><HeartRateBpm><Value>131</Value></HeartRateBpm><Cadence>57</Cadence></Trackpoint><Trackpoint><Time>2026-05-01T20:28:56.126Z</Time><Position><LatitudeDegrees>60.06883</LatitudeDegrees><LongitudeDegrees>18.75593</LongitudeDegrees></Position><AltitudeMeters>20.994</AltitudeMeters><HeartRateBpm><Value>131</Value></HeartRateBpm><Cadence>57</Cadence></Trackpoint><Trackpoint><Time>2026-05-01T20:28:57.124Z</Time><Position><LatitudeDegrees>60.06882</LatitudeDegrees><LongitudeDegrees>18.755943</LongitudeDegrees></Position><AltitudeMeters>20.847</AltitudeMeters><HeartRateBpm><Value>131</Value></HeartRateBpm><Cadence>57</Cadence></Trackpoint><Trackpoint><Time>2026-05-01T20:28:58.124Z</Time><Position><LatitudeDegrees>60.06881</LatitudeDegrees><LongitudeDegrees>18.755957</LongitudeDegrees></Position><AltitudeMeters>20.683</AltitudeMeters><HeartRateBpm><Value>131</Value></HeartRateBpm><Cadence>57</Cadence></Trackpoint><Trackpoint><Time>2026-05-01T20:28:59.132Z</Time><Position><LatitudeDegrees>60.0688</LatitudeDegrees><LongitudeDegrees>18.755972</LongitudeDegrees></Position><AltitudeMeters>20.561</AltitudeMeters><HeartRateBpm><Value>131</Value></HeartRateBpm><Cadence>57</Cadence></Trackpoint><Trackpoint><Time>2026-05-01T20:29:00.140Z</Time><Position><LatitudeDegrees>60.068794</LatitudeDegrees><LongitudeDegrees>18.755987</LongitudeDegrees></Position><AltitudeMeters>20.469</AltitudeMeters><HeartRateBpm><Value>132</Value></HeartRateBpm><Cadence>57</Cadence></Trackpoint><Trackpoint><Time>2026-05-01T20:29:01.147Z</Time><Position><LatitudeDegrees>60.068787</LatitudeDegrees><LongitudeDegrees>18.756002</LongitudeDegrees></Position><AltitudeMeters>20.316</AltitudeMeters><HeartRateBpm><Value>132</Value></HeartRateBpm><Cadence>57</Cadence></Trackpoint><Trackpoint><Time>2026-05-01T20:29:02.156Z</Time><Position><LatitudeDegrees>60.06878</LatitudeDegrees><LongitudeDegrees>18.75602</LongitudeDegrees></Position><AltitudeMeters>20.207</AltitudeMeters><HeartRateBpm><Value>133</Value></HeartRateBpm><Cadence>57</Cadence></Trackpoint><Trackpoint><Time>2026-05-01T20:29:03.165Z</Time><Position><LatitudeDegrees>60.06877</LatitudeDegrees><LongitudeDegrees>18.756037</LongitudeDegrees></Position><AltitudeMeters>20.053</AltitudeMeters><HeartRateBpm><Value>134</Value></HeartRateBpm><Cadence>57</Cadence></Trackpoint><Trackpoint><Time>2026-05-01T20:29:04.173Z</Time><Position><LatitudeDegrees>60.068768</LatitudeDegrees><LongitudeDegrees>18.756056</LongitudeDegrees></Position><AltitudeMeters>19.967</AltitudeMeters><HeartRateBpm><Value>134</Value></HeartRateBpm><Cadence>57</Cadence></Trackpoint><Trackpoint><Time>2026-05-01T20:29:05.182Z</Time><Position><LatitudeDegrees>60.06876</LatitudeDegrees><LongitudeDegrees>18.756073</LongitudeDegrees></Position><AltitudeMeters>19.947</AltitudeMeters><HeartRateBpm><Value>134</Value></HeartRateBpm><Cadence>57</Cadence></Trackpoint><Trackpoint><Time>2026-05-01T20:29:06.190Z</Time><Position><LatitudeDegrees>60.06876</LatitudeDegrees><LongitudeDegrees>18.756092</LongitudeDegrees></Position><AltitudeMeters>19.861</AltitudeMeters><HeartRateBpm><Value>134</Value></HeartRateBpm><Cadence>57</Cadence></Trackpoint><Trackpoint><Time>2026-05-01T20:29:07.197Z</Time><Position><LatitudeDegrees>60.068752</LatitudeDegrees><LongitudeDegrees>18.756111</LongitudeDegrees></Position><AltitudeMeters>19.746</AltitudeMeters><HeartRateBpm><Value>134</Value></HeartRateBpm><Cadence>57</Cadence></Trackpoint><Trackpoint><Time>2026-05-01T20:29:08.209Z</Time><Position><LatitudeDegrees>60.068752</LatitudeDegrees><LongitudeDegrees>18.756132</LongitudeDegrees></Position><AltitudeMeters>19.747</AltitudeMeters><HeartRateBpm><Value>134</Value></HeartRateBpm><Cadence>57</Cadence></Trackpoint><Trackpoint><Time>2026-05-01T20:29:09.215Z</Time><Position><LatitudeDegrees>60.06875</LatitudeDegrees><LongitudeDegrees>18.756153</LongitudeDegrees></Position><AltitudeMeters>19.767</AltitudeMeters><HeartRateBpm><Value>134</Value></HeartRateBpm><Cadence>57</Cadence></Trackpoint><Trackpoint><Time>2026-05-01T20:29:10.225Z</Time><Position><LatitudeDegrees>60.068745</LatitudeDegrees><LongitudeDegrees>18.756174</LongitudeDegrees></Position><AltitudeMeters>19.763</AltitudeMeters><HeartRateBpm><Value>133</Value></HeartRateBpm><Cadence>57</Cadence></Trackpoint><Trackpoint><Time>2026-05-01T20:29:11.234Z</Time><Position><LatitudeDegrees>60.068745</LatitudeDegrees><LongitudeDegrees>18.756197</LongitudeDegrees></Position><AltitudeMeters>19.741</AltitudeMeters><HeartRateBpm><Value>133</Value></HeartRateBpm><Cadence>57</Cadence></Trackpoint><Trackpoint><Time>2026-05-01T20:29:12.242Z</Time><Position><LatitudeDegrees>60.068745</LatitudeDegrees><LongitudeDegrees>18.75622</LongitudeDegrees></Position><AltitudeMeters>19.642</AltitudeMeters><HeartRateBpm><Value>133</Value></HeartRateBpm><Cadence>57</Cadence></Trackpoint><Trackpoint><Time>2026-05-01T20:29:13.249Z</Time><Position><LatitudeDegrees>60.068745</LatitudeDegrees><LongitudeDegrees>18.756243</LongitudeDegrees></Position><AltitudeMeters>19.501</AltitudeMeters><HeartRateBpm><Value>133</Value></HeartRateBpm><Cadence>57</Cadence></Trackpoint><Trackpoint><Time>2026-05-01T20:29:14.248Z</Time><Position><LatitudeDegrees>60.06874</LatitudeDegrees><LongitudeDegrees>18.756266</LongitudeDegrees></Position><AltitudeMeters>19.487</AltitudeMeters><HeartRateBpm><Value>133</Value></HeartRateBpm><Cadence>57</Cadence></Trackpoint><Trackpoint><Time>2026-05-01T20:29:15.249Z</Time><Position><LatitudeDegrees>60.06874</LatitudeDegrees><LongitudeDegrees>18.756289</LongitudeDegrees></Position><AltitudeMeters>19.417</AltitudeMeters><HeartRateBpm><Value>133</Value></HeartRateBpm><Cadence>57</Cadence></Trackpoint><Trackpoint><Time>2026-05-01T20:29:16.253Z</Time><Position><LatitudeDegrees>60.06874</LatitudeDegrees><LongitudeDegrees>18.756311</LongitudeDegrees></Position><AltitudeMeters>19.374</AltitudeMeters><HeartRateBpm><Value>133</Value></HeartRateBpm><Cadence>57</Cadence></Trackpoint><Trackpoint><Time>2026-05-01T20:29:17.262Z</Time><Position><LatitudeDegrees>60.06874</LatitudeDegrees><LongitudeDegrees>18.756336</LongitudeDegrees></Position><AltitudeMeters>19.338</AltitudeMeters><HeartRateBpm><Value>133</Value></HeartRateBpm><Cadence>57</Cadence></Trackpoint><Trackpoint><Time>2026-05-01T20:29:18.272Z</Time><Position><LatitudeDegrees>60.06874</LatitudeDegrees><LongitudeDegrees>18.75636</LongitudeDegrees></Position><AltitudeMeters>19.284</AltitudeMeters><HeartRateBpm><Value>133</Value></HeartRateBpm><Cadence>57</Cadence></Trackpoint><Trackpoint><Time>2026-05-01T20:29:19.281Z</Time><Position><LatitudeDegrees>60.068737</LatitudeDegrees><LongitudeDegrees>18.756382</LongitudeDegrees></Position><AltitudeMeters>19.145</AltitudeMeters><HeartRateBpm><Value>133</Value></HeartRateBpm><Cadence>57</Cadence></Trackpoint><Trackpoint><Time>2026-05-01T20:29:20.289Z</Time><Position><LatitudeDegrees>60.068737</LatitudeDegrees><LongitudeDegrees>18.756405</LongitudeDegrees></Position><AltitudeMeters>19.085</AltitudeMeters><HeartRateBpm><Value>133</Value></HeartRateBpm><Cadence>58</Cadence></Trackpoint><Trackpoint><Time>2026-05-01T20:29:21.296Z</Time><Position><LatitudeDegrees>60.068737</LatitudeDegrees><LongitudeDegrees>18.756428</LongitudeDegrees></Position><AltitudeMeters>19.118</AltitudeMeters><HeartRateBpm><Value>133</Value></HeartRateBpm><Cadence>58</Cadence></Trackpoint><Trackpoint><Time>2026-05-01T20:29:22.305Z</Time><Position><LatitudeDegrees>60.068733</LatitudeDegrees><LongitudeDegrees>18.756453</LongitudeDegrees></Position><AltitudeMeters>19.158</AltitudeMeters><HeartRateBpm><Value>133</Value></HeartRateBpm><Cadence>58</Cadence></Trackpoint><Trackpoint><Time>2026-05-01T20:29:23.314Z</Time><Position><LatitudeDegrees>60.06873</LatitudeDegrees><LongitudeDegrees>18.756475</LongitudeDegrees></Position><AltitudeMeters>19.138</AltitudeMeters><HeartRateBpm><Value>133</Value></HeartRateBpm><Cadence>58</Cadence></Trackpoint><Trackpoint><Time>2026-05-01T20:29:24.323Z</Time><Position><LatitudeDegrees>60.068726</LatitudeDegrees><LongitudeDegrees>18.7565</LongitudeDegrees></Position><AltitudeMeters>19.147</AltitudeMeters><HeartRateBpm><Value>133</Value></HeartRateBpm><Cadence>58</Cadence></Trackpoint><Trackpoint><Time>2026-05-01T20:29:25.331Z</Time><Position><LatitudeDegrees>60.06872</LatitudeDegrees><LongitudeDegrees>18.756525</LongitudeDegrees></Position><AltitudeMeters>19.246</AltitudeMeters><HeartRateBpm><Value>134</Value></HeartRateBpm><Cadence>58</Cadence></Trackpoint><Trackpoint><Time>2026-05-01T20:29:26.341Z</Time><Position><LatitudeDegrees>60.068718</LatitudeDegrees><LongitudeDegrees>18.75655</LongitudeDegrees></Position><AltitudeMeters>19.313</AltitudeMeters><HeartRateBpm><Value>134</Value></HeartRateBpm><Cadence>58</Cadence></Trackpoint><Trackpoint><Time>2026-05-01T20:29:27.348Z</Time><Position><LatitudeDegrees>60.068714</LatitudeDegrees><LongitudeDegrees>18.756575</LongitudeDegrees></Position><AltitudeMeters>19.336</AltitudeMeters><HeartRateBpm><Value>134</Value></HeartRateBpm><Cadence>58</Cadence></Trackpoint><Trackpoint><Time>2026-05-01T20:29:28.356Z</Time><Position><LatitudeDegrees>60.06871</LatitudeDegrees><LongitudeDegrees>18.756598</LongitudeDegrees></Position><AltitudeMeters>19.415</AltitudeMeters><HeartRateBpm><Value>134</Value></HeartRateBpm><Cadence>58</Cadence></Trackpoint><Trackpoint><Time>2026-05-01T20:29:29.361Z</Time><Position><LatitudeDegrees>60.068707</LatitudeDegrees><LongitudeDegrees>18.756622</LongitudeDegrees></Position><AltitudeMeters>19.45</AltitudeMeters><HeartRateBpm><Value>135</Value></HeartRateBpm><Cadence>58</Cadence></Trackpoint><Trackpoint><Time>2026-05-01T20:29:30.364Z</Time><Position><LatitudeDegrees>60.068707</LatitudeDegrees><LongitudeDegrees>18.756647</LongitudeDegrees></Position><AltitudeMeters>19.457</AltitudeMeters><HeartRateBpm><Value>135</Value></HeartRateBpm><Cadence>57</Cadence></Trackpoint><Trackpoint><Time>2026-05-01T20:29:31.368Z</Time><Position><LatitudeDegrees>60.068703</LatitudeDegrees><LongitudeDegrees>18.75667</LongitudeDegrees></Position><AltitudeMeters>19.294</AltitudeMeters><HeartRateBpm><Value>135</Value></HeartRateBpm><Cadence>57</Cadence></Trackpoint><Trackpoint><Time>2026-05-01T20:29:32.373Z</Time><Position><LatitudeDegrees>60.0687</LatitudeDegrees><LongitudeDegrees>18.756695</LongitudeDegrees></Position><AltitudeMeters>19.175</AltitudeMeters><HeartRateBpm><Value>135</Value></HeartRateBpm><Cadence>57</Cadence></Trackpoint><Trackpoint><Time>2026-05-01T20:29:33.377Z</Time><Position><LatitudeDegrees>60.068695</LatitudeDegrees><LongitudeDegrees>18.756718</LongitudeDegrees></Position><AltitudeMeters>19.101</AltitudeMeters><HeartRateBpm><Value>135</Value></HeartRateBpm><Cadence>57</Cadence></Trackpoint><Trackpoint><Time>2026-05-01T20:29:34.386Z</Time><Position><LatitudeDegrees>60.06869</LatitudeDegrees><LongitudeDegrees>18.756742</LongitudeDegrees></Position><AltitudeMeters>19.043</AltitudeMeters><HeartRateBpm><Value>135</Value></HeartRateBpm><Cadence>57</Cadence></Trackpoint><Trackpoint><Time>2026-05-01T20:29:35.395Z</Time><Position><LatitudeDegrees>60.06869</LatitudeDegrees><LongitudeDegrees>18.756767</LongitudeDegrees></Position><AltitudeMeters>18.979</AltitudeMeters><HeartRateBpm><Value>135</Value></HeartRateBpm><Cadence>57</Cadence></Trackpoint><Trackpoint><Time>2026-05-01T20:29:36.404Z</Time><Position><LatitudeDegrees>60.068687</LatitudeDegrees><LongitudeDegrees>18.75679</LongitudeDegrees></Position><AltitudeMeters>18.857</AltitudeMeters><HeartRateBpm><Value>135</Value></HeartRateBpm><Cadence>57</Cadence></Trackpoint><Trackpoint><Time>2026-05-01T20:29:37.413Z</Time><Position><LatitudeDegrees>60.068684</LatitudeDegrees><LongitudeDegrees>18.756815</LongitudeDegrees></Position><AltitudeMeters>18.73</AltitudeMeters><HeartRateBpm><Value>134</Value></HeartRateBpm><Cadence>57</Cadence></Trackpoint><Trackpoint><Time>2026-05-01T20:29:38.421Z</Time><Position><LatitudeDegrees>60.06868</LatitudeDegrees><LongitudeDegrees>18.756838</LongitudeDegrees></Position><AltitudeMeters>18.639</AltitudeMeters><HeartRateBpm><Value>134</Value></HeartRateBpm><Cadence>57</Cadence></Trackpoint><Trackpoint><Time>2026-05-01T20:29:39.430Z</Time><Position><LatitudeDegrees>60.068676</LatitudeDegrees><LongitudeDegrees>18.756863</LongitudeDegrees></Position><AltitudeMeters>18.531</AltitudeMeters><HeartRateBpm><Value>135</Value></HeartRateBpm><Cadence>57</Cadence></Trackpoint><Trackpoint><Time>2026-05-01T20:29:40.439Z</Time><Position><LatitudeDegrees>60.068672</LatitudeDegrees><LongitudeDegrees>18.756887</LongitudeDegrees></Position><AltitudeMeters>18.439</AltitudeMeters><HeartRateBpm><Value>134</Value></HeartRateBpm><Cadence>57</Cadence></Trackpoint><Trackpoint><Time>2026-05-01T20:29:41.446Z</Time><Position><LatitudeDegrees>60.06867</LatitudeDegrees><LongitudeDegrees>18.75691</LongitudeDegrees></Position><AltitudeMeters>18.373</AltitudeMeters><HeartRateBpm><Value>134</Value></HeartRateBpm><Cadence>57</Cadence></Trackpoint><Trackpoint><Time>2026-05-01T20:29:42.454Z</Time><Position><LatitudeDegrees>60.068665</LatitudeDegrees><LongitudeDegrees>18.756935</LongitudeDegrees></Position><AltitudeMeters>18.348</AltitudeMeters><HeartRateBpm><Value>134</Value></HeartRateBpm><Cadence>57</Cadence></Trackpoint><Trackpoint><Time>2026-05-01T20:29:43.462Z</Time><Position><LatitudeDegrees>60.06866</LatitudeDegrees><LongitudeDegrees>18.75696</LongitudeDegrees></Position><AltitudeMeters>18.311</AltitudeMeters><HeartRateBpm><Value>133</Value></HeartRateBpm><Cadence>57</Cadence></Trackpoint><Trackpoint><Time>2026-05-01T20:29:44.471Z</Time><Position><LatitudeDegrees>60.06866</LatitudeDegrees><LongitudeDegrees>18.756983</LongitudeDegrees></Position><AltitudeMeters>18.286</AltitudeMeters><HeartRateBpm><Value>133</Value></HeartRateBpm><Cadence>57</Cadence></Trackpoint><Trackpoint><Time>2026-05-01T20:29:45.479Z</Time><Position><LatitudeDegrees>60.068657</LatitudeDegrees><LongitudeDegrees>18.757008</LongitudeDegrees></Position><AltitudeMeters>18.297</AltitudeMeters><HeartRateBpm><Value>132</Value></HeartRateBpm><Cadence>57</Cadence></Trackpoint><Trackpoint><Time>2026-05-01T20:29:46.486Z</Time><Position><LatitudeDegrees>60.068653</LatitudeDegrees><LongitudeDegrees>18.75703</LongitudeDegrees></Position><AltitudeMeters>18.29</AltitudeMeters><HeartRateBpm><Value>132</Value></HeartRateBpm><Cadence>57</Cadence></Trackpoint><Trackpoint><Time>2026-05-01T20:29:47.495Z</Time><Position><LatitudeDegrees>60.06865</LatitudeDegrees><LongitudeDegrees>18.757055</LongitudeDegrees></Position><AltitudeMeters>18.314</AltitudeMeters><HeartRateBpm><Value>131</Value></HeartRateBpm><Cadence>57</Cadence></Trackpoint><Trackpoint><Time>2026-05-01T20:29:48.503Z</Time><Position><LatitudeDegrees>60.068645</LatitudeDegrees><LongitudeDegrees>18.757078</LongitudeDegrees></Position><AltitudeMeters>18.312</AltitudeMeters><HeartRateBpm><Value>130</Value></HeartRateBpm><Cadence>57</Cadence></Trackpoint><Trackpoint><Time>2026-05-01T20:29:49.513Z</Time><Position><LatitudeDegrees>60.068645</LatitudeDegrees><LongitudeDegrees>18.757101</LongitudeDegrees></Position><AltitudeMeters>18.289</AltitudeMeters><HeartRateBpm><Value>130</Value></HeartRateBpm><Cadence>57</Cadence></Trackpoint><Trackpoint><Time>2026-05-01T20:29:50.521Z</Time><Position><LatitudeDegrees>60.06864</LatitudeDegrees><LongitudeDegrees>18.757126</LongitudeDegrees></Position><AltitudeMeters>18.296</AltitudeMeters><HeartRateBpm><Value>130</Value></HeartRateBpm><Cadence>57</Cadence></Trackpoint><Trackpoint><Time>2026-05-01T20:29:51.530Z</Time><Position><LatitudeDegrees>60.068638</LatitudeDegrees><LongitudeDegrees>18.757149</LongitudeDegrees></Position><AltitudeMeters>18.245</AltitudeMeters><HeartRateBpm><Value>129</Value></HeartRateBpm><Cadence>57</Cadence></Trackpoint><Trackpoint><Time>2026-05-01T20:29:52.537Z</Time><Position><LatitudeDegrees>60.068634</LatitudeDegrees><LongitudeDegrees>18.757172</LongitudeDegrees></Position><AltitudeMeters>18.253</AltitudeMeters><HeartRateBpm><Value>129</Value></HeartRateBpm><Cadence>57</Cadence></Trackpoint><Trackpoint><Time>2026-05-01T20:29:53.545Z</Time><Position><LatitudeDegrees>60.068634</LatitudeDegrees><LongitudeDegrees>18.757196</LongitudeDegrees></Position><AltitudeMeters>18.249</AltitudeMeters><HeartRateBpm><Value>129</Value></HeartRateBpm><Cadence>57</Cadence></Trackpoint><Trackpoint><Time>2026-05-01T20:29:54.554Z</Time><Position><LatitudeDegrees>60.06863</LatitudeDegrees><LongitudeDegrees>18.75722</LongitudeDegrees></Position><AltitudeMeters>18.254</AltitudeMeters><HeartRateBpm><Value>129</Value></HeartRateBpm><Cadence>57</Cadence></Trackpoint><Trackpoint><Time>2026-05-01T20:29:55.556Z</Time><Position><LatitudeDegrees>60.068626</LatitudeDegrees><LongitudeDegrees>18.757242</LongitudeDegrees></Position><AltitudeMeters>18.227</AltitudeMeters><HeartRateBpm><Value>129</Value></HeartRateBpm><Cadence>57</Cadence></Trackpoint><Trackpoint><Time>2026-05-01T20:29:56.555Z</Time><Position><LatitudeDegrees>60.068626</LatitudeDegrees><LongitudeDegrees>18.757267</LongitudeDegrees></Position><AltitudeMeters>18.188</AltitudeMeters><HeartRateBpm><Value>128</Value></HeartRateBpm><Cadence>57</Cadence></Trackpoint><Trackpoint><Time>2026-05-01T20:29:57.562Z</Time><Position><LatitudeDegrees>60.068623</LatitudeDegrees><LongitudeDegrees>18.75729</LongitudeDegrees></Position><AltitudeMeters>18.15</AltitudeMeters><HeartRateBpm><Value>128</Value></HeartRateBpm><Cadence>57</Cadence></Trackpoint><Trackpoint><Time>2026-05-01T20:29:58.571Z</Time><Position><LatitudeDegrees>60.068623</LatitudeDegrees><LongitudeDegrees>18.757313</LongitudeDegrees></Position><AltitudeMeters>18.074</AltitudeMeters><HeartRateBpm><Value>128</Value></HeartRateBpm><Cadence>57</Cadence></Trackpoint><Trackpoint><Time>2026-05-01T20:29:59.577Z</Time><Position><LatitudeDegrees>60.06862</LatitudeDegrees><LongitudeDegrees>18.757336</LongitudeDegrees></Position><AltitudeMeters>18.049</AltitudeMeters><HeartRateBpm><Value>128</Value></HeartRateBpm><Cadence>58</Cadence></Trackpoint><Trackpoint><Time>2026-05-01T20:30:00.586Z</Time><Position><LatitudeDegrees>60.068615</LatitudeDegrees><LongitudeDegrees>18.75736</LongitudeDegrees></Position><AltitudeMeters>18.05</AltitudeMeters><HeartRateBpm><Value>128</Value></HeartRateBpm><Cadence>58</Cadence></Trackpoint><Trackpoint><Time>2026-05-01T20:30:01.594Z</Time><Position><LatitudeDegrees>60.068615</LatitudeDegrees><LongitudeDegrees>18.757383</LongitudeDegrees></Position><AltitudeMeters>18.027</AltitudeMeters><HeartRateBpm><Value>128</Value></HeartRateBpm><Cadence>58</Cadence></Trackpoint><Trackpoint><Time>2026-05-01T20:30:02.604Z</Time><Position><LatitudeDegrees>60.06861</LatitudeDegrees><LongitudeDegrees>18.757406</LongitudeDegrees></Position><AltitudeMeters>17.979</AltitudeMeters><HeartRateBpm><Value>127</Value></HeartRateBpm><Cadence>58</Cadence></Trackpoint><Trackpoint><Time>2026-05-01T20:30:03.613Z</Time><Position><LatitudeDegrees>60.06861</LatitudeDegrees><LongitudeDegrees>18.75743</LongitudeDegrees></Position><AltitudeMeters>17.933</AltitudeMeters><HeartRateBpm><Value>127</Value></HeartRateBpm><Cadence>58</Cadence></Trackpoint><Trackpoint><Time>2026-05-01T20:30:04.622Z</Time><Position><LatitudeDegrees>60.068607</LatitudeDegrees><LongitudeDegrees>18.757452</LongitudeDegrees></Position><AltitudeMeters>17.866</AltitudeMeters><HeartRateBpm><Value>126</Value></HeartRateBpm><Cadence>58</Cadence></Trackpoint><Trackpoint><Time>2026-05-01T20:30:05.630Z</Time><Position><LatitudeDegrees>60.068604</LatitudeDegrees><LongitudeDegrees>18.757475</LongitudeDegrees></Position><AltitudeMeters>17.793</AltitudeMeters><HeartRateBpm><Value>126</Value></HeartRateBpm><Cadence>58</Cadence></Trackpoint><Trackpoint><Time>2026-05-01T20:30:06.637Z</Time><Position><LatitudeDegrees>60.068604</LatitudeDegrees><LongitudeDegrees>18.757498</LongitudeDegrees></Position><AltitudeMeters>17.719</AltitudeMeters><HeartRateBpm><Value>125</Value></HeartRateBpm><Cadence>58</Cadence></Trackpoint><Trackpoint><Time>2026-05-01T20:30:07.646Z</Time><Position><LatitudeDegrees>60.0686</LatitudeDegrees><LongitudeDegrees>18.75752</LongitudeDegrees></Position><AltitudeMeters>17.694</AltitudeMeters><HeartRateBpm><Value>125</Value></HeartRateBpm><Cadence>58</Cadence></Trackpoint><Trackpoint><Time>2026-05-01T20:30:08.649Z</Time><Position><LatitudeDegrees>60.0686</LatitudeDegrees><LongitudeDegrees>18.757544</LongitudeDegrees></Position><AltitudeMeters>17.667</AltitudeMeters><HeartRateBpm><Value>124</Value></HeartRateBpm><Cadence>58</Cadence></Trackpoint><Trackpoint><Time>2026-05-01T20:30:09.649Z</Time><Position><LatitudeDegrees>60.068596</LatitudeDegrees><LongitudeDegrees>18.757566</LongitudeDegrees></Position><AltitudeMeters>17.644</AltitudeMeters><HeartRateBpm><Value>123</Value></HeartRateBpm><Cadence>58</Cadence></Trackpoint><Trackpoint><Time>2026-05-01T20:30:10.649Z</Time><Position><LatitudeDegrees>60.068596</LatitudeDegrees><LongitudeDegrees>18.75759</LongitudeDegrees></Position><AltitudeMeters>17.605</AltitudeMeters><HeartRateBpm><Value>123</Value></HeartRateBpm><Cadence>58</Cadence></Trackpoint><Trackpoint><Time>2026-05-01T20:30:11.648Z</Time><Position><LatitudeDegrees>60.068592</LatitudeDegrees><LongitudeDegrees>18.757612</LongitudeDegrees></Position><AltitudeMeters>17.587</AltitudeMeters><HeartRateBpm><Value>122</Value></HeartRateBpm><Cadence>58</Cadence></Trackpoint><Trackpoint><Time>2026-05-01T20:30:12.647Z</Time><Position><LatitudeDegrees>60.06859</LatitudeDegrees><LongitudeDegrees>18.757635</LongitudeDegrees></Position><AltitudeMeters>17.58</AltitudeMeters><HeartRateBpm><Value>122</Value></HeartRateBpm><Cadence>58</Cadence></Trackpoint><Trackpoint><Time>2026-05-01T20:30:13.647Z</Time><Position><LatitudeDegrees>60.06859</LatitudeDegrees><LongitudeDegrees>18.757658</LongitudeDegrees></Position><AltitudeMeters>17.507</AltitudeMeters><HeartRateBpm><Value>122</Value></HeartRateBpm><Cadence>57</Cadence></Trackpoint><Trackpoint><Time>2026-05-01T20:30:14.652Z</Time><Position><LatitudeDegrees>60.068584</LatitudeDegrees><LongitudeDegrees>18.75768</LongitudeDegrees></Position><AltitudeMeters>17.489</AltitudeMeters><HeartRateBpm><Value>121</Value></HeartRateBpm><Cadence>57</Cadence></Trackpoint><Trackpoint><Time>2026-05-01T20:30:15.661Z</Time><Position><LatitudeDegrees>60.068584</LatitudeDegrees><LongitudeDegrees>18.757704</LongitudeDegrees></Position><AltitudeMeters>17.507</AltitudeMeters><HeartRateBpm><Value>121</Value></HeartRateBpm><Cadence>57</Cadence></Trackpoint><Trackpoint><Time>2026-05-01T20:30:16.670Z</Time><Position><LatitudeDegrees>60.06858</LatitudeDegrees><LongitudeDegrees>18.757727</LongitudeDegrees></Position><AltitudeMeters>17.441</AltitudeMeters><HeartRateBpm><Value>120</Value></HeartRateBpm><Cadence>57</Cadence></Trackpoint><Trackpoint><Time>2026-05-01T20:30:17.676Z</Time><Position><LatitudeDegrees>60.068577</LatitudeDegrees><LongitudeDegrees>18.75775</LongitudeDegrees></Position><AltitudeMeters>17.462</AltitudeMeters><HeartRateBpm><Value>120</Value></HeartRateBpm><Cadence>57</Cadence></Trackpoint><Trackpoint><Time>2026-05-01T20:30:18.685Z</Time><Position><LatitudeDegrees>60.068577</LatitudeDegrees><LongitudeDegrees>18.757772</LongitudeDegrees></Position><AltitudeMeters>17.538</AltitudeMeters><HeartRateBpm><Value>119</Value></HeartRateBpm><Cadence>57</Cadence></Trackpoint><Trackpoint><Time>2026-05-01T20:30:19.693Z</Time><Position><LatitudeDegrees>60.068573</LatitudeDegrees><LongitudeDegrees>18.757795</LongitudeDegrees></Position><AltitudeMeters>17.527</AltitudeMeters><HeartRateBpm><Value>119</Value></HeartRateBpm><Cadence>57</Cadence></Trackpoint><Trackpoint><Time>2026-05-01T20:30:20.702Z</Time><Position><LatitudeDegrees>60.06857</LatitudeDegrees><LongitudeDegrees>18.757818</LongitudeDegrees></Position><AltitudeMeters>17.566</AltitudeMeters><HeartRateBpm><Value>119</Value></HeartRateBpm><Cadence>57</Cadence></Trackpoint><Trackpoint><Time>2026-05-01T20:30:21.711Z</Time><Position><LatitudeDegrees>60.06857</LatitudeDegrees><LongitudeDegrees>18.757841</LongitudeDegrees></Position><AltitudeMeters>17.527</AltitudeMeters><HeartRateBpm><Value>119</Value></HeartRateBpm><Cadence>57</Cadence></Trackpoint><Trackpoint><Time>2026-05-01T20:30:22.720Z</Time><Position><LatitudeDegrees>60.068565</LatitudeDegrees><LongitudeDegrees>18.757862</LongitudeDegrees></Position><AltitudeMeters>17.466</AltitudeMeters><HeartRateBpm><Value>119</Value></HeartRateBpm><Cadence>57</Cadence></Trackpoint><Trackpoint><Time>2026-05-01T20:30:23.729Z</Time><Position><LatitudeDegrees>60.06856</LatitudeDegrees><LongitudeDegrees>18.757885</LongitudeDegrees></Position><AltitudeMeters>17.339</AltitudeMeters><HeartRateBpm><Value>119</Value></HeartRateBpm><Cadence>57</Cadence></Trackpoint><Trackpoint><Time>2026-05-01T20:30:24.736Z</Time><Position><LatitudeDegrees>60.068558</LatitudeDegrees><LongitudeDegrees>18.757908</LongitudeDegrees></Position><AltitudeMeters>17.144</AltitudeMeters><HeartRateBpm><Value>119</Value></HeartRateBpm><Cadence>57</Cadence></Trackpoint><Trackpoint><Time>2026-05-01T20:30:25.745Z</Time><Position><LatitudeDegrees>60.068558</LatitudeDegrees><LongitudeDegrees>18.75793</LongitudeDegrees></Position><AltitudeMeters>17.022</AltitudeMeters><HeartRateBpm><Value>119</Value></HeartRateBpm><Cadence>57</Cadence></Trackpoint><Trackpoint><Time>2026-05-01T20:30:26.754Z</Time><Position><LatitudeDegrees>60.068554</LatitudeDegrees><LongitudeDegrees>18.757954</LongitudeDegrees></Position><AltitudeMeters>16.902</AltitudeMeters><HeartRateBpm><Value>120</Value></HeartRateBpm><Cadence>57</Cadence></Trackpoint><Trackpoint><Time>2026-05-01T20:30:27.762Z</Time><Position><LatitudeDegrees>60.06855</LatitudeDegrees><LongitudeDegrees>18.757977</LongitudeDegrees></Position><AltitudeMeters>16.85</AltitudeMeters><HeartRateBpm><Value>120</Value></HeartRateBpm><Cadence>57</Cadence></Trackpoint><Trackpoint><Time>2026-05-01T20:30:28.771Z</Time><Position><LatitudeDegrees>60.068546</LatitudeDegrees><LongitudeDegrees>18.758</LongitudeDegrees></Position><AltitudeMeters>16.733</AltitudeMeters><HeartRateBpm><Value>120</Value></HeartRateBpm><Cadence>57</Cadence></Trackpoint><Trackpoint><Time>2026-05-01T20:30:29.780Z</Time><Position><LatitudeDegrees>60.068546</LatitudeDegrees><LongitudeDegrees>18.758022</LongitudeDegrees></Position><AltitudeMeters>16.664</AltitudeMeters><HeartRateBpm><Value>120</Value></HeartRateBpm><Cadence>57</Cadence></Trackpoint><Trackpoint><Time>2026-05-01T20:30:30.787Z</Time><Position><LatitudeDegrees>60.068542</LatitudeDegrees><LongitudeDegrees>18.758045</LongitudeDegrees></Position><AltitudeMeters>16.644</AltitudeMeters><HeartRateBpm><Value>121</Value></HeartRateBpm><Cadence>57</Cadence></Trackpoint><Trackpoint><Time>2026-05-01T20:30:31.786Z</Time><Position><LatitudeDegrees>60.06854</LatitudeDegrees><LongitudeDegrees>18.758068</LongitudeDegrees></Position><AltitudeMeters>16.665</AltitudeMeters><HeartRateBpm><Value>121</Value></HeartRateBpm><Cadence>57</Cadence></Trackpoint><Trackpoint><Time>2026-05-01T20:30:32.790Z</Time><Position><LatitudeDegrees>60.068535</LatitudeDegrees><LongitudeDegrees>18.758091</LongitudeDegrees></Position><AltitudeMeters>16.641</AltitudeMeters><HeartRateBpm><Value>121</Value></HeartRateBpm><Cadence>57</Cadence></Trackpoint><Trackpoint><Time>2026-05-01T20:30:33.797Z</Time><Position><LatitudeDegrees>60.06853</LatitudeDegrees><LongitudeDegrees>18.758114</LongitudeDegrees></Position><AltitudeMeters>16.542</AltitudeMeters><HeartRateBpm><Value>122</Value></HeartRateBpm><Cadence>57</Cadence></Trackpoint><Trackpoint><Time>2026-05-01T20:30:34.806Z</Time><Position><LatitudeDegrees>60.068527</LatitudeDegrees><LongitudeDegrees>18.758137</LongitudeDegrees></Position><AltitudeMeters>16.516</AltitudeMeters><HeartRateBpm><Value>122</Value></HeartRateBpm><Cadence>57</Cadence></Trackpoint><Trackpoint><Time>2026-05-01T20:30:35.806Z</Time><Position><LatitudeDegrees>60.068527</LatitudeDegrees><LongitudeDegrees>18.75816</LongitudeDegrees></Position><AltitudeMeters>16.47</AltitudeMeters><HeartRateBpm><Value>122</Value></HeartRateBpm><Cadence>57</Cadence></Trackpoint><Trackpoint><Time>2026-05-01T20:30:36.808Z</Time><Position><LatitudeDegrees>60.068523</LatitudeDegrees><LongitudeDegrees>18.758183</LongitudeDegrees></Position><AltitudeMeters>16.326</AltitudeMeters><HeartRateBpm><Value>122</Value></HeartRateBpm><Cadence>57</Cadence></Trackpoint><Trackpoint><Time>2026-05-01T20:30:37.813Z</Time><Position><LatitudeDegrees>60.06852</LatitudeDegrees><LongitudeDegrees>18.758205</LongitudeDegrees></Position><AltitudeMeters>16.17</AltitudeMeters><HeartRateBpm><Value>122</Value></HeartRateBpm><Cadence>57</Cadence></Trackpoint><Trackpoint><Time>2026-05-01T20:30:38.822Z</Time><Position><LatitudeDegrees>60.068516</LatitudeDegrees><LongitudeDegrees>18.758228</LongitudeDegrees></Position><AltitudeMeters>16.081</AltitudeMeters><HeartRateBpm><Value>122</Value></HeartRateBpm><Cadence>58</Cadence></Trackpoint><Trackpoint><Time>2026-05-01T20:30:39.831Z</Time><Position><LatitudeDegrees>60.068512</LatitudeDegrees><LongitudeDegrees>18.758253</LongitudeDegrees></Position><AltitudeMeters>15.999</AltitudeMeters><HeartRateBpm><Value>122</Value></HeartRateBpm><Cadence>58</Cadence></Trackpoint><Trackpoint><Time>2026-05-01T20:30:40.839Z</Time><Position><LatitudeDegrees>60.06851</LatitudeDegrees><LongitudeDegrees>18.758276</LongitudeDegrees></Position><AltitudeMeters>15.988</AltitudeMeters><HeartRateBpm><Value>122</Value></HeartRateBpm><Cadence>58</Cadence></Trackpoint><Trackpoint><Time>2026-05-01T20:30:41.846Z</Time><Position><LatitudeDegrees>60.06851</LatitudeDegrees><LongitudeDegrees>18.758299</LongitudeDegrees></Position><AltitudeMeters>15.839</AltitudeMeters><HeartRateBpm><Value>121</Value></HeartRateBpm><Cadence>58</Cadence></Trackpoint><Trackpoint><Time>2026-05-01T20:30:42.855Z</Time><Position><LatitudeDegrees>60.068504</LatitudeDegrees><LongitudeDegrees>18.758322</LongitudeDegrees></Position><AltitudeMeters>15.761</AltitudeMeters><HeartRateBpm><Value>121</Value></HeartRateBpm><Cadence>59</Cadence></Trackpoint><Trackpoint><Time>2026-05-01T20:30:43.863Z</Time><Position><LatitudeDegrees>60.0685</LatitudeDegrees><LongitudeDegrees>18.758347</LongitudeDegrees></Position><AltitudeMeters>15.704</AltitudeMeters><HeartRateBpm><Value>121</Value></HeartRateBpm><Cadence>59</Cadence></Trackpoint><Trackpoint><Time>2026-05-01T20:30:44.865Z</Time><Position><LatitudeDegrees>60.068497</LatitudeDegrees><LongitudeDegrees>18.75837</LongitudeDegrees></Position><AltitudeMeters>15.586</AltitudeMeters><HeartRateBpm><Value>120</Value></HeartRateBpm><Cadence>59</Cadence></Trackpoint><Trackpoint><Time>2026-05-01T20:30:45.865Z</Time><Position><LatitudeDegrees>60.068493</LatitudeDegrees><LongitudeDegrees>18.758394</LongitudeDegrees></Position><AltitudeMeters>15.548</AltitudeMeters><HeartRateBpm><Value>120</Value></HeartRateBpm><Cadence>59</Cadence></Trackpoint><Trackpoint><Time>2026-05-01T20:30:46.866Z</Time><Position><LatitudeDegrees>60.06849</LatitudeDegrees><LongitudeDegrees>18.758417</LongitudeDegrees></Position><AltitudeMeters>15.415</AltitudeMeters><HeartRateBpm><Value>120</Value></HeartRateBpm><Cadence>59</Cadence></Trackpoint><Trackpoint><Time>2026-05-01T20:30:47.865Z</Time><Position><LatitudeDegrees>60.06849</LatitudeDegrees><LongitudeDegrees>18.758442</LongitudeDegrees></Position><AltitudeMeters>15.36</AltitudeMeters><HeartRateBpm><Value>120</Value></HeartRateBpm><Cadence>59</Cadence></Trackpoint><Trackpoint><Time>2026-05-01T20:30:48.868Z</Time><Position><LatitudeDegrees>60.068485</LatitudeDegrees><LongitudeDegrees>18.758465</LongitudeDegrees></Position><AltitudeMeters>15.264</AltitudeMeters><HeartRateBpm><Value>120</Value></HeartRateBpm><Cadence>58</Cadence></Trackpoint><Trackpoint><Time>2026-05-01T20:30:49.867Z</Time><Position><LatitudeDegrees>60.06848</LatitudeDegrees><LongitudeDegrees>18.75849</LongitudeDegrees></Position><AltitudeMeters>15.243</AltitudeMeters><HeartRateBpm><Value>119</Value></HeartRateBpm><Cadence>58</Cadence></Trackpoint><Trackpoint><Time>2026-05-01T20:30:50.867Z</Time><Position><LatitudeDegrees>60.068478</LatitudeDegrees><LongitudeDegrees>18.758512</LongitudeDegrees></Position><AltitudeMeters>15.195</AltitudeMeters><HeartRateBpm><Value>119</Value></HeartRateBpm><Cadence>58</Cadence></Trackpoint><Trackpoint><Time>2026-05-01T20:30:51.864Z</Time><Position><LatitudeDegrees>60.068478</LatitudeDegrees><LongitudeDegrees>18.758537</LongitudeDegrees></Position><AltitudeMeters>15.186</AltitudeMeters><HeartRateBpm><Value>119</Value></HeartRateBpm><Cadence>57</Cadence></Trackpoint><Trackpoint><Time>2026-05-01T20:30:52.865Z</Time><Position><LatitudeDegrees>60.068474</LatitudeDegrees><LongitudeDegrees>18.758562</LongitudeDegrees></Position><AltitudeMeters>15.101</AltitudeMeters><HeartRateBpm><Value>119</Value></HeartRateBpm><Cadence>57</Cadence></Trackpoint><Trackpoint><Time>2026-05-01T20:30:53.870Z</Time><Position><LatitudeDegrees>60.06847</LatitudeDegrees><LongitudeDegrees>18.758587</LongitudeDegrees></Position><AltitudeMeters>15.028</AltitudeMeters><HeartRateBpm><Value>118</Value></HeartRateBpm><Cadence>56</Cadence></Trackpoint><Trackpoint><Time>2026-05-01T20:30:54.877Z</Time><Position><LatitudeDegrees>60.06847</LatitudeDegrees><LongitudeDegrees>18.758612</LongitudeDegrees></Position><AltitudeMeters>14.977</AltitudeMeters><HeartRateBpm><Value>118</Value></HeartRateBpm><Cadence>56</Cadence></Trackpoint><Trackpoint><Time>2026-05-01T20:30:55.886Z</Time><Position><LatitudeDegrees>60.068466</LatitudeDegrees><LongitudeDegrees>18.758635</LongitudeDegrees></Position><AltitudeMeters>14.907</AltitudeMeters><HeartRateBpm><Value>118</Value></HeartRateBpm><Cadence>56</Cadence></Trackpoint><Trackpoint><Time>2026-05-01T20:30:56.895Z</Time><Position><LatitudeDegrees>60.068462</LatitudeDegrees><LongitudeDegrees>18.75866</LongitudeDegrees></Position><AltitudeMeters>14.802</AltitudeMeters><HeartRateBpm><Value>118</Value></HeartRateBpm><Cadence>56</Cadence></Trackpoint><Trackpoint><Time>2026-05-01T20:30:57.903Z</Time><Position><LatitudeDegrees>60.068462</LatitudeDegrees><LongitudeDegrees>18.758684</LongitudeDegrees></Position><AltitudeMeters>14.705</AltitudeMeters><HeartRateBpm><Value>118</Value></HeartRateBpm><Cadence>56</Cadence></Trackpoint><Trackpoint><Time>2026-05-01T20:30:58.912Z</Time><Position><LatitudeDegrees>60.06846</LatitudeDegrees><LongitudeDegrees>18.758709</LongitudeDegrees></Position><AltitudeMeters>14.615</AltitudeMeters><HeartRateBpm><Value>118</Value></HeartRateBpm><Cadence>56</Cadence></Trackpoint><Trackpoint><Time>2026-05-01T20:30:59.920Z</Time><Position><LatitudeDegrees>60.068455</LatitudeDegrees><LongitudeDegrees>18.758734</LongitudeDegrees></Position><AltitudeMeters>14.523</AltitudeMeters><HeartRateBpm><Value>118</Value></HeartRateBpm><Cadence>57</Cadence></Trackpoint><Trackpoint><Time>2026-05-01T20:31:00.927Z</Time><Position><LatitudeDegrees>60.068455</LatitudeDegrees><LongitudeDegrees>18.758759</LongitudeDegrees></Position><AltitudeMeters>14.432</AltitudeMeters><HeartRateBpm><Value>118</Value></HeartRateBpm><Cadence>57</Cadence></Trackpoint><Trackpoint><Time>2026-05-01T20:31:01.936Z</Time><Position><LatitudeDegrees>60.06845</LatitudeDegrees><LongitudeDegrees>18.758783</LongitudeDegrees></Position><AltitudeMeters>14.344</AltitudeMeters><HeartRateBpm><Value>118</Value></HeartRateBpm><Cadence>57</Cadence></Trackpoint><Trackpoint><Time>2026-05-01T20:31:02.944Z</Time><Position><LatitudeDegrees>60.068447</LatitudeDegrees><LongitudeDegrees>18.758808</LongitudeDegrees></Position><AltitudeMeters>14.329</AltitudeMeters><HeartRateBpm><Value>118</Value></HeartRateBpm><Cadence>57</Cadence></Trackpoint><Trackpoint><Time>2026-05-01T20:31:03.953Z</Time><Position><LatitudeDegrees>60.068447</LatitudeDegrees><LongitudeDegrees>18.758833</LongitudeDegrees></Position><AltitudeMeters>14.366</AltitudeMeters><HeartRateBpm><Value>118</Value></HeartRateBpm><Cadence>58</Cadence></Trackpoint><Trackpoint><Time>2026-05-01T20:31:04.962Z</Time><Position><LatitudeDegrees>60.068443</LatitudeDegrees><LongitudeDegrees>18.758858</LongitudeDegrees></Position><AltitudeMeters>14.213</AltitudeMeters><HeartRateBpm><Value>118</Value></HeartRateBpm><Cadence>58</Cadence></Trackpoint><Trackpoint><Time>2026-05-01T20:31:05.970Z</Time><Position><LatitudeDegrees>60.068443</LatitudeDegrees><LongitudeDegrees>18.758883</LongitudeDegrees></Position><AltitudeMeters>14.074</AltitudeMeters><HeartRateBpm><Value>118</Value></HeartRateBpm><Cadence>58</Cadence></Trackpoint><Trackpoint><Time>2026-05-01T20:31:06.981Z</Time><Position><LatitudeDegrees>60.06844</LatitudeDegrees><LongitudeDegrees>18.758907</LongitudeDegrees></Position><AltitudeMeters>13.996</AltitudeMeters><HeartRateBpm><Value>118</Value></HeartRateBpm><Cadence>58</Cadence></Trackpoint><Trackpoint><Time>2026-05-01T20:31:07.989Z</Time><Position><LatitudeDegrees>60.068436</LatitudeDegrees><LongitudeDegrees>18.758932</LongitudeDegrees></Position><AltitudeMeters>13.956</AltitudeMeters><HeartRateBpm><Value>118</Value></HeartRateBpm><Cadence>58</Cadence></Trackpoint><Trackpoint><Time>2026-05-01T20:31:08.995Z</Time><Position><LatitudeDegrees>60.068436</LatitudeDegrees><LongitudeDegrees>18.758957</LongitudeDegrees></Position><AltitudeMeters>13.959</AltitudeMeters><HeartRateBpm><Value>118</Value></HeartRateBpm><Cadence>58</Cadence></Trackpoint><Trackpoint><Time>2026-05-01T20:31:10.004Z</Time><Position><LatitudeDegrees>60.06843</LatitudeDegrees><LongitudeDegrees>18.758982</LongitudeDegrees></Position><AltitudeMeters>13.945</AltitudeMeters><HeartRateBpm><Value>119</Value></HeartRateBpm><Cadence>58</Cadence></Trackpoint><Trackpoint><Time>2026-05-01T20:31:11.013Z</Time><Position><LatitudeDegrees>60.06843</LatitudeDegrees><LongitudeDegrees>18.759007</LongitudeDegrees></Position><AltitudeMeters>13.887</AltitudeMeters><HeartRateBpm><Value>119</Value></HeartRateBpm><Cadence>58</Cadence></Trackpoint><Trackpoint><Time>2026-05-01T20:31:12.022Z</Time><Position><LatitudeDegrees>60.068428</LatitudeDegrees><LongitudeDegrees>18.759031</LongitudeDegrees></Position><AltitudeMeters>13.853</AltitudeMeters><HeartRateBpm><Value>118</Value></HeartRateBpm><Cadence>58</Cadence></Trackpoint><Trackpoint><Time>2026-05-01T20:31:13.024Z</Time><Position><LatitudeDegrees>60.068424</LatitudeDegrees><LongitudeDegrees>18.759056</LongitudeDegrees></Position><AltitudeMeters>13.867</AltitudeMeters><HeartRateBpm><Value>118</Value></HeartRateBpm><Cadence>58</Cadence></Trackpoint><Trackpoint><Time>2026-05-01T20:31:14.024Z</Time><Position><LatitudeDegrees>60.068424</LatitudeDegrees><LongitudeDegrees>18.75908</LongitudeDegrees></Position><AltitudeMeters>13.793</AltitudeMeters><HeartRateBpm><Value>118</Value></HeartRateBpm><Cadence>58</Cadence></Trackpoint><Trackpoint><Time>2026-05-01T20:31:15.027Z</Time><Position><LatitudeDegrees>60.06842</LatitudeDegrees><LongitudeDegrees>18.759104</LongitudeDegrees></Position><AltitudeMeters>13.812</AltitudeMeters><HeartRateBpm><Value>118</Value></HeartRateBpm><Cadence>58</Cadence></Trackpoint><Trackpoint><Time>2026-05-01T20:31:16.038Z</Time><Position><LatitudeDegrees>60.06842</LatitudeDegrees><LongitudeDegrees>18.759129</LongitudeDegrees></Position><AltitudeMeters>13.794</AltitudeMeters><HeartRateBpm><Value>118</Value></HeartRateBpm><Cadence>58</Cadence></Trackpoint><Trackpoint><Time>2026-05-01T20:31:17.045Z</Time><Position><LatitudeDegrees>60.068417</LatitudeDegrees><LongitudeDegrees>18.759153</LongitudeDegrees></Position><AltitudeMeters>13.68</AltitudeMeters><HeartRateBpm><Value>118</Value></HeartRateBpm><Cadence>58</Cadence></Trackpoint><Trackpoint><Time>2026-05-01T20:31:18.053Z</Time><Position><LatitudeDegrees>60.068417</LatitudeDegrees><LongitudeDegrees>18.759178</LongitudeDegrees></Position><AltitudeMeters>13.632</AltitudeMeters><HeartRateBpm><Value>117</Value></HeartRateBpm><Cadence>58</Cadence></Trackpoint><Trackpoint><Time>2026-05-01T20:31:19.062Z</Time><Position><LatitudeDegrees>60.068413</LatitudeDegrees><LongitudeDegrees>18.759201</LongitudeDegrees></Position><AltitudeMeters>13.594</AltitudeMeters><HeartRateBpm><Value>117</Value></HeartRateBpm><Cadence>58</Cadence></Trackpoint><Trackpoint><Time>2026-05-01T20:31:20.071Z</Time><Position><LatitudeDegrees>60.068413</LatitudeDegrees><LongitudeDegrees>18.759226</LongitudeDegrees></Position><AltitudeMeters>13.541</AltitudeMeters><HeartRateBpm><Value>117</Value></HeartRateBpm><Cadence>58</Cadence></Trackpoint><Trackpoint><Time>2026-05-01T20:31:21.079Z</Time><Position><LatitudeDegrees>60.06841</LatitudeDegrees><LongitudeDegrees>18.759249</LongitudeDegrees></Position><AltitudeMeters>13.482</AltitudeMeters><HeartRateBpm><Value>117</Value></HeartRateBpm><Cadence>58</Cadence></Trackpoint><Trackpoint><Time>2026-05-01T20:31:22.083Z</Time><Position><LatitudeDegrees>60.06841</LatitudeDegrees><LongitudeDegrees>18.759274</LongitudeDegrees></Position><AltitudeMeters>13.45</AltitudeMeters><HeartRateBpm><Value>117</Value></HeartRateBpm><Cadence>58</Cadence></Trackpoint><Trackpoint><Time>2026-05-01T20:31:23.082Z</Time><Position><LatitudeDegrees>60.068405</LatitudeDegrees><LongitudeDegrees>18.759298</LongitudeDegrees></Position><AltitudeMeters>13.386</AltitudeMeters><HeartRateBpm><Value>117</Value></HeartRateBpm><Cadence>58</Cadence></Trackpoint><Trackpoint><Time>2026-05-01T20:31:24.082Z</Time><Position><LatitudeDegrees>60.0684</LatitudeDegrees><LongitudeDegrees>18.759321</LongitudeDegrees></Position><AltitudeMeters>13.237</AltitudeMeters><HeartRateBpm><Value>117</Value></HeartRateBpm><Cadence>58</Cadence></Trackpoint><Trackpoint><Time>2026-05-01T20:31:25.081Z</Time><Position><LatitudeDegrees>60.0684</LatitudeDegrees><LongitudeDegrees>18.759344</LongitudeDegrees></Position><AltitudeMeters>13.173</AltitudeMeters><HeartRateBpm><Value>117</Value></HeartRateBpm><Cadence>58</Cadence></Trackpoint><Trackpoint><Time>2026-05-01T20:31:26.080Z</Time><Position><LatitudeDegrees>60.068398</LatitudeDegrees><LongitudeDegrees>18.759369</LongitudeDegrees></Position><AltitudeMeters>13.109</AltitudeMeters><HeartRateBpm><Value>117</Value></HeartRateBpm><Cadence>58</Cadence></Trackpoint><Trackpoint><Time>2026-05-01T20:31:27.083Z</Time><Position><LatitudeDegrees>60.068398</LatitudeDegrees><LongitudeDegrees>18.759392</LongitudeDegrees></Position><AltitudeMeters>13.061</AltitudeMeters><HeartRateBpm><Value>117</Value></HeartRateBpm><Cadence>58</Cadence></Trackpoint><Trackpoint><Time>2026-05-01T20:31:28.092Z</Time><Position><LatitudeDegrees>60.068394</LatitudeDegrees><LongitudeDegrees>18.759417</LongitudeDegrees></Position><AltitudeMeters>13.05</AltitudeMeters><HeartRateBpm><Value>117</Value></HeartRateBpm><Cadence>58</Cadence></Trackpoint><Trackpoint><Time>2026-05-01T20:31:29.100Z</Time><Position><LatitudeDegrees>60.06839</LatitudeDegrees><LongitudeDegrees>18.75944</LongitudeDegrees></Position><AltitudeMeters>13.064</AltitudeMeters><HeartRateBpm><Value>117</Value></HeartRateBpm><Cadence>58</Cadence></Trackpoint><Trackpoint><Time>2026-05-01T20:31:30.107Z</Time><Position><LatitudeDegrees>60.06839</LatitudeDegrees><LongitudeDegrees>18.759462</LongitudeDegrees></Position><AltitudeMeters>13.002</AltitudeMeters><HeartRateBpm><Value>117</Value></HeartRateBpm><Cadence>58</Cadence></Trackpoint><Trackpoint><Time>2026-05-01T20:31:31.116Z</Time><Position><LatitudeDegrees>60.06839</LatitudeDegrees><LongitudeDegrees>18.759485</LongitudeDegrees></Position><AltitudeMeters>12.956</AltitudeMeters><HeartRateBpm><Value>117</Value></HeartRateBpm><Cadence>58</Cadence></Trackpoint><Trackpoint><Time>2026-05-01T20:31:32.124Z</Time><Position><LatitudeDegrees>60.068386</LatitudeDegrees><LongitudeDegrees>18.75951</LongitudeDegrees></Position><AltitudeMeters>12.935</AltitudeMeters><HeartRateBpm><Value>117</Value></HeartRateBpm><Cadence>58</Cadence></Trackpoint><Trackpoint><Time>2026-05-01T20:31:33.132Z</Time><Position><LatitudeDegrees>60.068386</LatitudeDegrees><LongitudeDegrees>18.759533</LongitudeDegrees></Position><AltitudeMeters>12.984</AltitudeMeters><HeartRateBpm><Value>117</Value></HeartRateBpm><Cadence>58</Cadence></Trackpoint><Trackpoint><Time>2026-05-01T20:31:34.140Z</Time><Position><LatitudeDegrees>60.068382</LatitudeDegrees><LongitudeDegrees>18.759556</LongitudeDegrees></Position><AltitudeMeters>13.032</AltitudeMeters><HeartRateBpm><Value>117</Value></HeartRateBpm><Cadence>58</Cadence></Trackpoint><Trackpoint><Time>2026-05-01T20:31:35.147Z</Time><Position><LatitudeDegrees>60.06838</LatitudeDegrees><LongitudeDegrees>18.759579</LongitudeDegrees></Position><AltitudeMeters>12.944</AltitudeMeters><HeartRateBpm><Value>117</Value></HeartRateBpm><Cadence>58</Cadence></Trackpoint><Trackpoint><Time>2026-05-01T20:31:36.155Z</Time><Position><LatitudeDegrees>60.068375</LatitudeDegrees><LongitudeDegrees>18.759602</LongitudeDegrees></Position><AltitudeMeters>12.888</AltitudeMeters><HeartRateBpm><Value>116</Value></HeartRateBpm><Cadence>57</Cadence></Trackpoint><Trackpoint><Time>2026-05-01T20:31:37.164Z</Time><Position><LatitudeDegrees>60.068375</LatitudeDegrees><LongitudeDegrees>18.759624</LongitudeDegrees></Position><AltitudeMeters>12.888</AltitudeMeters><HeartRateBpm><Value>116</Value></HeartRateBpm><Cadence>57</Cadence></Trackpoint><Trackpoint><Time>2026-05-01T20:31:38.172Z</Time><Position><LatitudeDegrees>60.06837</LatitudeDegrees><LongitudeDegrees>18.75965</LongitudeDegrees></Position><AltitudeMeters>12.857</AltitudeMeters><HeartRateBpm><Value>116</Value></HeartRateBpm><Cadence>57</Cadence></Trackpoint><Trackpoint><Time>2026-05-01T20:31:39.181Z</Time><Position><LatitudeDegrees>60.068367</LatitudeDegrees><LongitudeDegrees>18.759672</LongitudeDegrees></Position><AltitudeMeters>12.924</AltitudeMeters><HeartRateBpm><Value>116</Value></HeartRateBpm><Cadence>57</Cadence></Trackpoint><Trackpoint><Time>2026-05-01T20:31:40.190Z</Time><Position><LatitudeDegrees>60.068363</LatitudeDegrees><LongitudeDegrees>18.759695</LongitudeDegrees></Position><AltitudeMeters>12.878</AltitudeMeters><HeartRateBpm><Value>116</Value></HeartRateBpm><Cadence>57</Cadence></Trackpoint><Trackpoint><Time>2026-05-01T20:31:41.199Z</Time><Position><LatitudeDegrees>60.06836</LatitudeDegrees><LongitudeDegrees>18.759718</LongitudeDegrees></Position><AltitudeMeters>12.866</AltitudeMeters><HeartRateBpm><Value>116</Value></HeartRateBpm><Cadence>57</Cadence></Trackpoint><Trackpoint><Time>2026-05-01T20:31:42.206Z</Time><Position><LatitudeDegrees>60.06836</LatitudeDegrees><LongitudeDegrees>18.75974</LongitudeDegrees></Position><AltitudeMeters>12.833</AltitudeMeters><HeartRateBpm><Value>116</Value></HeartRateBpm><Cadence>57</Cadence></Trackpoint><Trackpoint><Time>2026-05-01T20:31:43.215Z</Time><Position><LatitudeDegrees>60.068356</LatitudeDegrees><LongitudeDegrees>18.759764</LongitudeDegrees></Position><AltitudeMeters>12.887</AltitudeMeters><HeartRateBpm><Value>116</Value></HeartRateBpm><Cadence>57</Cadence></Trackpoint><Trackpoint><Time>2026-05-01T20:31:44.223Z</Time><Position><LatitudeDegrees>60.06835</LatitudeDegrees><LongitudeDegrees>18.759785</LongitudeDegrees></Position><AltitudeMeters>12.724</AltitudeMeters><HeartRateBpm><Value>117</Value></HeartRateBpm><Cadence>57</Cadence></Trackpoint><Trackpoint><Time>2026-05-01T20:31:45.232Z</Time><Position><LatitudeDegrees>60.06835</LatitudeDegrees><LongitudeDegrees>18.759808</LongitudeDegrees></Position><AltitudeMeters>12.611</AltitudeMeters><HeartRateBpm><Value>117</Value></HeartRateBpm><Cadence>57</Cadence></Trackpoint><Trackpoint><Time>2026-05-01T20:31:46.240Z</Time><Position><LatitudeDegrees>60.068348</LatitudeDegrees><LongitudeDegrees>18.75983</LongitudeDegrees></Position><AltitudeMeters>12.465</AltitudeMeters><HeartRateBpm><Value>117</Value></HeartRateBpm><Cadence>57</Cadence></Trackpoint><Trackpoint><Time>2026-05-01T20:31:47.247Z</Time><Position><LatitudeDegrees>60.068348</LatitudeDegrees><LongitudeDegrees>18.759853</LongitudeDegrees></Position><AltitudeMeters>12.387</AltitudeMeters><HeartRateBpm><Value>117</Value></HeartRateBpm><Cadence>57</Cadence></Trackpoint><Trackpoint><Time>2026-05-01T20:31:48.256Z</Time><Position><LatitudeDegrees>60.068348</LatitudeDegrees><LongitudeDegrees>18.759874</LongitudeDegrees></Position><AltitudeMeters>12.283</AltitudeMeters><HeartRateBpm><Value>117</Value></HeartRateBpm><Cadence>57</Cadence></Trackpoint><Trackpoint><Time>2026-05-01T20:31:49.264Z</Time><Position><LatitudeDegrees>60.068348</LatitudeDegrees><LongitudeDegrees>18.759895</LongitudeDegrees></Position><AltitudeMeters>12.242</AltitudeMeters><HeartRateBpm><Value>117</Value></HeartRateBpm><Cadence>57</Cadence></Trackpoint><Trackpoint><Time>2026-05-01T20:31:50.273Z</Time><Position><LatitudeDegrees>60.068348</LatitudeDegrees><LongitudeDegrees>18.759916</LongitudeDegrees></Position><AltitudeMeters>12.232</AltitudeMeters><HeartRateBpm><Value>117</Value></HeartRateBpm><Cadence>57</Cadence></Trackpoint><Trackpoint><Time>2026-05-01T20:31:51.282Z</Time><Position><LatitudeDegrees>60.068348</LatitudeDegrees><LongitudeDegrees>18.759937</LongitudeDegrees></Position><AltitudeMeters>12.131</AltitudeMeters><HeartRateBpm><Value>117</Value></HeartRateBpm><Cadence>57</Cadence></Trackpoint><Trackpoint><Time>2026-05-01T20:31:52.291Z</Time><Position><LatitudeDegrees>60.06835</LatitudeDegrees><LongitudeDegrees>18.759956</LongitudeDegrees></Position><AltitudeMeters>12.038</AltitudeMeters><HeartRateBpm><Value>117</Value></HeartRateBpm><Cadence>57</Cadence></Trackpoint><Trackpoint><Time>2026-05-01T20:31:53.300Z</Time><Position><LatitudeDegrees>60.06835</LatitudeDegrees><LongitudeDegrees>18.759974</LongitudeDegrees></Position><AltitudeMeters>11.979</AltitudeMeters><HeartRateBpm><Value>116</Value></HeartRateBpm><Cadence>57</Cadence></Trackpoint><Trackpoint><Time>2026-05-01T20:31:54.307Z</Time><Position><LatitudeDegrees>60.06836</LatitudeDegrees><LongitudeDegrees>18.759989</LongitudeDegrees></Position><AltitudeMeters>11.994</AltitudeMeters><HeartRateBpm><Value>116</Value></HeartRateBpm><Cadence>57</Cadence></Trackpoint><Trackpoint><Time>2026-05-01T20:31:55.316Z</Time><Position><LatitudeDegrees>60.068363</LatitudeDegrees><LongitudeDegrees>18.759998</LongitudeDegrees></Position><AltitudeMeters>12.0</AltitudeMeters><HeartRateBpm><Value>116</Value></HeartRateBpm><Cadence>58</Cadence></Trackpoint><Trackpoint><Time>2026-05-01T20:31:56.324Z</Time><Position><LatitudeDegrees>60.06837</LatitudeDegrees><LongitudeDegrees>18.760004</LongitudeDegrees></Position><AltitudeMeters>12.177</AltitudeMeters><HeartRateBpm><Value>116</Value></HeartRateBpm><Cadence>58</Cadence></Trackpoint><Trackpoint><Time>2026-05-01T20:31:57.333Z</Time><Position><LatitudeDegrees>60.06838</LatitudeDegrees><LongitudeDegrees>18.76001</LongitudeDegrees></Position><AltitudeMeters>12.303</AltitudeMeters><HeartRateBpm><Value>116</Value></HeartRateBpm><Cadence>57</Cadence></Trackpoint><Trackpoint><Time>2026-05-01T20:31:58.341Z</Time><Position><LatitudeDegrees>60.068382</LatitudeDegrees><LongitudeDegrees>18.760017</LongitudeDegrees></Position><AltitudeMeters>12.323</AltitudeMeters><HeartRateBpm><Value>116</Value></HeartRateBpm><Cadence>57</Cadence></Trackpoint><Trackpoint><Time>2026-05-01T20:31:59.350Z</Time><Position><LatitudeDegrees>60.068386</LatitudeDegrees><LongitudeDegrees>18.76003</LongitudeDegrees></Position><AltitudeMeters>12.245</AltitudeMeters><HeartRateBpm><Value>116</Value></HeartRateBpm><Cadence>57</Cadence></Trackpoint><Trackpoint><Time>2026-05-01T20:32:00.357Z</Time><Position><LatitudeDegrees>60.06839</LatitudeDegrees><LongitudeDegrees>18.760046</LongitudeDegrees></Position><AltitudeMeters>12.238</AltitudeMeters><HeartRateBpm><Value>116</Value></HeartRateBpm><Cadence>57</Cadence></Trackpoint><Trackpoint><Time>2026-05-01T20:32:01.366Z</Time><Position><LatitudeDegrees>60.06839</LatitudeDegrees><LongitudeDegrees>18.760063</LongitudeDegrees></Position><AltitudeMeters>12.327</AltitudeMeters><HeartRateBpm><Value>116</Value></HeartRateBpm><Cadence>57</Cadence></Trackpoint><Trackpoint><Time>2026-05-01T20:32:02.375Z</Time><Position><LatitudeDegrees>60.068394</LatitudeDegrees><LongitudeDegrees>18.760073</LongitudeDegrees></Position><AltitudeMeters>12.522</AltitudeMeters><HeartRateBpm><Value>116</Value></HeartRateBpm><Cadence>56</Cadence></Trackpoint><Trackpoint><Time>2026-05-01T20:32:03.383Z</Time><Position><LatitudeDegrees>60.068398</LatitudeDegrees><LongitudeDegrees>18.760086</LongitudeDegrees></Position><AltitudeMeters>12.705</AltitudeMeters><HeartRateBpm><Value>116</Value></HeartRateBpm><Cadence>56</Cadence></Trackpoint><Trackpoint><Time>2026-05-01T20:32:04.392Z</Time><Position><LatitudeDegrees>60.0684</LatitudeDegrees><LongitudeDegrees>18.760096</LongitudeDegrees></Position><AltitudeMeters>12.813</AltitudeMeters><HeartRateBpm><Value>116</Value></HeartRateBpm><Cadence>56</Cadence></Trackpoint><Trackpoint><Time>2026-05-01T20:32:05.401Z</Time><Position><LatitudeDegrees>60.068405</LatitudeDegrees><LongitudeDegrees>18.760109</LongitudeDegrees></Position><AltitudeMeters>12.809</AltitudeMeters><HeartRateBpm><Value>117</Value></HeartRateBpm><Cadence>55</Cadence></Trackpoint><Trackpoint><Time>2026-05-01T20:32:06.410Z</Time><Position><LatitudeDegrees>60.06841</LatitudeDegrees><LongitudeDegrees>18.760118</LongitudeDegrees></Position><AltitudeMeters>12.699</AltitudeMeters><HeartRateBpm><Value>117</Value></HeartRateBpm><Cadence>55</Cadence></Trackpoint><Trackpoint><Time>2026-05-01T20:32:07.417Z</Time><Position><LatitudeDegrees>60.068413</LatitudeDegrees><LongitudeDegrees>18.760128</LongitudeDegrees></Position><AltitudeMeters>12.75</AltitudeMeters><HeartRateBpm><Value>117</Value></HeartRateBpm><Cadence>54</Cadence></Trackpoint><Trackpoint><Time>2026-05-01T20:32:08.426Z</Time><Position><LatitudeDegrees>60.068417</LatitudeDegrees><LongitudeDegrees>18.76014</LongitudeDegrees></Position><AltitudeMeters>12.65</AltitudeMeters><HeartRateBpm><Value>117</Value></HeartRateBpm><Cadence>53</Cadence></Trackpoint><Trackpoint><Time>2026-05-01T20:32:09.434Z</Time><Position><LatitudeDegrees>60.06842</LatitudeDegrees><LongitudeDegrees>18.760149</LongitudeDegrees></Position><AltitudeMeters>12.698</AltitudeMeters><HeartRateBpm><Value>117</Value></HeartRateBpm><Cadence>52</Cadence></Trackpoint><Trackpoint><Time>2026-05-01T20:32:10.444Z</Time><Position><LatitudeDegrees>60.068424</LatitudeDegrees><LongitudeDegrees>18.76016</LongitudeDegrees></Position><AltitudeMeters>12.68</AltitudeMeters><HeartRateBpm><Value>116</Value></HeartRateBpm><Cadence>51</Cadence></Trackpoint><Trackpoint><Time>2026-05-01T20:32:11.452Z</Time><Position><LatitudeDegrees>60.068428</LatitudeDegrees><LongitudeDegrees>18.76017</LongitudeDegrees></Position><AltitudeMeters>12.758</AltitudeMeters><HeartRateBpm><Value>116</Value></HeartRateBpm><Cadence>50</Cadence></Trackpoint><Trackpoint><Time>2026-05-01T20:32:12.461Z</Time><Position><LatitudeDegrees>60.06843</LatitudeDegrees><LongitudeDegrees>18.76018</LongitudeDegrees></Position><AltitudeMeters>12.863</AltitudeMeters><HeartRateBpm><Value>116</Value></HeartRateBpm><Cadence>47</Cadence></Trackpoint><Trackpoint><Time>2026-05-01T20:32:13.470Z</Time><Position><LatitudeDegrees>60.06843</LatitudeDegrees><LongitudeDegrees>18.76019</LongitudeDegrees></Position><AltitudeMeters>12.906</AltitudeMeters><HeartRateBpm><Value>116</Value></HeartRateBpm><Cadence>44</Cadence></Trackpoint><Trackpoint><Time>2026-05-01T20:32:14.480Z</Time><Position><LatitudeDegrees>60.068436</LatitudeDegrees><LongitudeDegrees>18.760199</LongitudeDegrees></Position><AltitudeMeters>13.0</AltitudeMeters><HeartRateBpm><Value>116</Value></HeartRateBpm><Cadence>41</Cadence></Trackpoint><Trackpoint><Time>2026-05-01T20:32:15.489Z</Time><Position><LatitudeDegrees>60.06844</LatitudeDegrees><LongitudeDegrees>18.76021</LongitudeDegrees></Position><AltitudeMeters>13.077</AltitudeMeters><HeartRateBpm><Value>116</Value></HeartRateBpm><Cadence>38</Cadence></Trackpoint><Trackpoint><Time>2026-05-01T20:32:16.496Z</Time><Position><LatitudeDegrees>60.068443</LatitudeDegrees><LongitudeDegrees>18.76022</LongitudeDegrees></Position><AltitudeMeters>13.134</AltitudeMeters><HeartRateBpm><Value>117</Value></HeartRateBpm><Cadence>33</Cadence></Trackpoint><Trackpoint><Time>2026-05-01T20:32:17.505Z</Time><Position><LatitudeDegrees>60.068443</LatitudeDegrees><LongitudeDegrees>18.76023</LongitudeDegrees></Position><AltitudeMeters>13.15</AltitudeMeters><HeartRateBpm><Value>116</Value></HeartRateBpm><Cadence>28</Cadence></Trackpoint><Trackpoint><Time>2026-05-01T20:32:18.514Z</Time><Position><LatitudeDegrees>60.068447</LatitudeDegrees><LongitudeDegrees>18.760239</LongitudeDegrees></Position><AltitudeMeters>13.129</AltitudeMeters><HeartRateBpm><Value>116</Value></HeartRateBpm><Cadence>23</Cadence></Trackpoint><Trackpoint><Time>2026-05-01T20:32:19.523Z</Time><Position><LatitudeDegrees>60.068447</LatitudeDegrees><LongitudeDegrees>18.760248</LongitudeDegrees></Position><AltitudeMeters>13.125</AltitudeMeters><HeartRateBpm><Value>115</Value></HeartRateBpm><Cadence>18</Cadence></Trackpoint><Trackpoint><Time>2026-05-01T20:32:20.532Z</Time><Position><LatitudeDegrees>60.06845</LatitudeDegrees><LongitudeDegrees>18.760258</LongitudeDegrees></Position><AltitudeMeters>13.108</AltitudeMeters><HeartRateBpm><Value>113</Value></HeartRateBpm><Cadence>13</Cadence></Trackpoint><Trackpoint><Time>2026-05-01T20:32:21.541Z</Time><Position><LatitudeDegrees>60.068455</LatitudeDegrees><LongitudeDegrees>18.760267</LongitudeDegrees></Position><AltitudeMeters>13.077</AltitudeMeters><HeartRateBpm><Value>112</Value></HeartRateBpm><Cadence>12</Cadence></Trackpoint><Trackpoint><Time>2026-05-01T20:32:22.549Z</Time><Position><LatitudeDegrees>60.068455</LatitudeDegrees><LongitudeDegrees>18.760275</LongitudeDegrees></Position><AltitudeMeters>13.067</AltitudeMeters><HeartRateBpm><Value>111</Value></HeartRateBpm><Cadence>11</Cadence></Trackpoint><Trackpoint><Time>2026-05-01T20:32:23.556Z</Time><Position><LatitudeDegrees>60.068455</LatitudeDegrees><LongitudeDegrees>18.760283</LongitudeDegrees></Position><AltitudeMeters>13.019</AltitudeMeters><HeartRateBpm><Value>110</Value></HeartRateBpm><Cadence>10</Cadence></Trackpoint><Trackpoint><Time>2026-05-01T20:32:24.565Z</Time><Position><LatitudeDegrees>60.06846</LatitudeDegrees><LongitudeDegrees>18.760292</LongitudeDegrees></Position><AltitudeMeters>12.983</AltitudeMeters><HeartRateBpm><Value>109</Value></HeartRateBpm><Cadence>9</Cadence></Trackpoint><Trackpoint><Time>2026-05-01T20:32:25.573Z</Time><Position><LatitudeDegrees>60.06846</LatitudeDegrees><LongitudeDegrees>18.760303</LongitudeDegrees></Position><AltitudeMeters>13.02</AltitudeMeters><HeartRateBpm><Value>108</Value></HeartRateBpm><Cadence>8</Cadence></Trackpoint><Trackpoint><Time>2026-05-01T20:32:26.582Z</Time><Position><LatitudeDegrees>60.068462</LatitudeDegrees><LongitudeDegrees>18.760313</LongitudeDegrees></Position><AltitudeMeters>13.023</AltitudeMeters><HeartRateBpm><Value>108</Value></HeartRateBpm><Cadence>7</Cadence></Trackpoint><Trackpoint><Time>2026-05-01T20:32:27.592Z</Time><Position><LatitudeDegrees>60.068462</LatitudeDegrees><LongitudeDegrees>18.76032</LongitudeDegrees></Position><AltitudeMeters>13.019</AltitudeMeters><HeartRateBpm><Value>107</Value></HeartRateBpm><Cadence>6</Cadence></Trackpoint><Trackpoint><Time>2026-05-01T20:32:28.601Z</Time><Position><LatitudeDegrees>60.068462</LatitudeDegrees><LongitudeDegrees>18.76033</LongitudeDegrees></Position><AltitudeMeters>13.012</AltitudeMeters><HeartRateBpm><Value>106</Value></HeartRateBpm><Cadence>5</Cadence></Trackpoint><Trackpoint><Time>2026-05-01T20:32:29.610Z</Time><Position><LatitudeDegrees>60.068462</LatitudeDegrees><LongitudeDegrees>18.760338</LongitudeDegrees></Position><AltitudeMeters>12.986</AltitudeMeters><HeartRateBpm><Value>106</Value></HeartRateBpm><Cadence>4</Cadence></Trackpoint><Trackpoint><Time>2026-05-01T20:32:30.617Z</Time><Position><LatitudeDegrees>60.068462</LatitudeDegrees><LongitudeDegrees>18.76034</LongitudeDegrees></Position><AltitudeMeters>13.002</AltitudeMeters><HeartRateBpm><Value>106</Value></HeartRateBpm><Cadence>3</Cadence></Trackpoint><Trackpoint><Time>2026-05-01T20:32:31.625Z</Time><Position><LatitudeDegrees>60.068462</LatitudeDegrees><LongitudeDegrees>18.760342</LongitudeDegrees></Position><AltitudeMeters>12.994</AltitudeMeters><HeartRateBpm><Value>105</Value></HeartRateBpm><Cadence>7</Cadence></Trackpoint><Trackpoint><Time>2026-05-01T20:32:32.634Z</Time><Position><LatitudeDegrees>60.06846</LatitudeDegrees><LongitudeDegrees>18.760334</LongitudeDegrees></Position><AltitudeMeters>13.052</AltitudeMeters><HeartRateBpm><Value>105</Value></HeartRateBpm><Cadence>11</Cadence></Trackpoint><Trackpoint><Time>2026-05-01T20:32:33.642Z</Time><Position><LatitudeDegrees>60.06846</LatitudeDegrees><LongitudeDegrees>18.760324</LongitudeDegrees></Position><AltitudeMeters>13.094</AltitudeMeters><HeartRateBpm><Value>105</Value></HeartRateBpm><Cadence>15</Cadence></Trackpoint><Trackpoint><Time>2026-05-01T20:32:34.651Z</Time><Position><LatitudeDegrees>60.06846</LatitudeDegrees><LongitudeDegrees>18.76032</LongitudeDegrees></Position><AltitudeMeters>13.129</AltitudeMeters><HeartRateBpm><Value>104</Value></HeartRateBpm><Cadence>19</Cadence></Trackpoint><Trackpoint><Time>2026-05-01T20:32:35.658Z</Time><Position><LatitudeDegrees>60.068455</LatitudeDegrees><LongitudeDegrees>18.76031</LongitudeDegrees></Position><AltitudeMeters>13.265</AltitudeMeters><HeartRateBpm><Value>104</Value></HeartRateBpm><Cadence>23</Cadence></Trackpoint><Trackpoint><Time>2026-05-01T20:32:36.668Z</Time><Position><LatitudeDegrees>60.068455</LatitudeDegrees><LongitudeDegrees>18.760307</LongitudeDegrees></Position><AltitudeMeters>13.225</AltitudeMeters><HeartRateBpm><Value>104</Value></HeartRateBpm><Cadence>26</Cadence></Trackpoint><Trackpoint><Time>2026-05-01T20:32:37.675Z</Time><Position><LatitudeDegrees>60.06845</LatitudeDegrees><LongitudeDegrees>18.7603</LongitudeDegrees></Position><AltitudeMeters>13.189</AltitudeMeters><HeartRateBpm><Value>103</Value></HeartRateBpm><Cadence>30</Cadence></Trackpoint><Trackpoint><Time>2026-05-01T20:32:38.684Z</Time><Position><LatitudeDegrees>60.06845</LatitudeDegrees><LongitudeDegrees>18.760305</LongitudeDegrees></Position><AltitudeMeters>13.19</AltitudeMeters><HeartRateBpm><Value>103</Value></HeartRateBpm><Cadence>33</Cadence></Trackpoint><Trackpoint><Time>2026-05-01T20:32:39.693Z</Time><Position><LatitudeDegrees>60.068447</LatitudeDegrees><LongitudeDegrees>18.760298</LongitudeDegrees></Position><AltitudeMeters>13.105</AltitudeMeters><HeartRateBpm><Value>103</Value></HeartRateBpm><Cadence>37</Cadence></Trackpoint><Trackpoint><Time>2026-05-01T20:32:40.702Z</Time><Position><LatitudeDegrees>60.068447</LatitudeDegrees><LongitudeDegrees>18.760302</LongitudeDegrees></Position><AltitudeMeters>13.056</AltitudeMeters><HeartRateBpm><Value>103</Value></HeartRateBpm><Cadence>40</Cadence></Trackpoint><Trackpoint><Time>2026-05-01T20:32:41.712Z</Time><Position><LatitudeDegrees>60.068447</LatitudeDegrees><LongitudeDegrees>18.760303</LongitudeDegrees></Position><AltitudeMeters>13.068</AltitudeMeters><HeartRateBpm><Value>103</Value></HeartRateBpm><Cadence>41</Cadence></Trackpoint><Trackpoint><Time>2026-05-01T20:32:42.721Z</Time><Position><LatitudeDegrees>60.068447</LatitudeDegrees><LongitudeDegrees>18.760305</LongitudeDegrees></Position><AltitudeMeters>13.053</AltitudeMeters><HeartRateBpm><Value>103</Value></HeartRateBpm><Cadence>41</Cadence></Trackpoint><Trackpoint><Time>2026-05-01T20:32:43.729Z</Time><Position><LatitudeDegrees>60.068447</LatitudeDegrees><LongitudeDegrees>18.760305</LongitudeDegrees></Position><AltitudeMeters>13.016</AltitudeMeters><HeartRateBpm><Value>102</Value></HeartRateBpm><Cadence>42</Cadence></Trackpoint><Trackpoint><Time>2026-05-01T20:32:44.736Z</Time><Position><LatitudeDegrees>60.068447</LatitudeDegrees><LongitudeDegrees>18.760305</LongitudeDegrees></Position><AltitudeMeters>13.045</AltitudeMeters><HeartRateBpm><Value>102</Value></HeartRateBpm><Cadence>42</Cadence></Trackpoint><Trackpoint><Time>2026-05-01T20:32:45.743Z</Time><Position><LatitudeDegrees>60.068443</LatitudeDegrees><LongitudeDegrees>18.760303</LongitudeDegrees></Position><AltitudeMeters>13.059</AltitudeMeters><HeartRateBpm><Value>101</Value></HeartRateBpm><Cadence>43</Cadence></Trackpoint><Trackpoint><Time>2026-05-01T20:32:46.742Z</Time><Position><LatitudeDegrees>60.068443</LatitudeDegrees><LongitudeDegrees>18.760302</LongitudeDegrees></Position><AltitudeMeters>13.053</AltitudeMeters><HeartRateBpm><Value>101</Value></HeartRateBpm><Cadence>43</Cadence></Trackpoint><Trackpoint><Time>2026-05-01T20:32:47.744Z</Time><Position><LatitudeDegrees>60.06844</LatitudeDegrees><LongitudeDegrees>18.760296</LongitudeDegrees></Position><AltitudeMeters>13.056</AltitudeMeters><HeartRateBpm><Value>101</Value></HeartRateBpm><Cadence>44</Cadence></Trackpoint><Trackpoint><Time>2026-05-01T20:32:48.740Z</Time><Position><LatitudeDegrees>60.06844</LatitudeDegrees><LongitudeDegrees>18.760288</LongitudeDegrees></Position><AltitudeMeters>13.022</AltitudeMeters><HeartRateBpm><Value>101</Value></HeartRateBpm><Cadence>44</Cadence></Trackpoint><Trackpoint><Time>2026-05-01T20:32:49.741Z</Time><Position><LatitudeDegrees>60.068436</LatitudeDegrees><LongitudeDegrees>18.760279</LongitudeDegrees></Position><AltitudeMeters>13.046</AltitudeMeters><HeartRateBpm><Value>100</Value></HeartRateBpm><Cadence>45</Cadence></Trackpoint><Trackpoint><Time>2026-05-01T20:32:50.750Z</Time><Position><LatitudeDegrees>60.068436</LatitudeDegrees><LongitudeDegrees>18.760267</LongitudeDegrees></Position><AltitudeMeters>13.046</AltitudeMeters><HeartRateBpm><Value>100</Value></HeartRateBpm><Cadence>46</Cadence></Trackpoint><Trackpoint><Time>2026-05-01T20:32:51.759Z</Time><Position><LatitudeDegrees>60.06843</LatitudeDegrees><LongitudeDegrees>18.760256</LongitudeDegrees></Position><AltitudeMeters>13.112</AltitudeMeters><HeartRateBpm><Value>100</Value></HeartRateBpm><Cadence>43</Cadence></Trackpoint><Trackpoint><Time>2026-05-01T20:32:52.768Z</Time><Position><LatitudeDegrees>60.06843</LatitudeDegrees><LongitudeDegrees>18.760242</LongitudeDegrees></Position><AltitudeMeters>13.167</AltitudeMeters><HeartRateBpm><Value>100</Value></HeartRateBpm><Cadence>40</Cadence></Trackpoint><Trackpoint><Time>2026-05-01T20:32:53.772Z</Time><Position><LatitudeDegrees>60.068428</LatitudeDegrees><LongitudeDegrees>18.760231</LongitudeDegrees></Position><AltitudeMeters>13.182</AltitudeMeters><HeartRateBpm><Value>100</Value></HeartRateBpm><Cadence>38</Cadence></Trackpoint><Trackpoint><Time>2026-05-01T20:32:54.771Z</Time><Position><LatitudeDegrees>60.068424</LatitudeDegrees><LongitudeDegrees>18.760218</LongitudeDegrees></Position><AltitudeMeters>13.191</AltitudeMeters><HeartRateBpm><Value>100</Value></HeartRateBpm><Cadence>33</Cadence></Trackpoint><Trackpoint><Time>2026-05-01T20:32:55.770Z</Time><Position><LatitudeDegrees>60.06842</LatitudeDegrees><LongitudeDegrees>18.760204</LongitudeDegrees></Position><AltitudeMeters>13.171</AltitudeMeters><HeartRateBpm><Value>100</Value></HeartRateBpm><Cadence>33</Cadence></Trackpoint><Trackpoint><Time>2026-05-01T20:32:56.769Z</Time><Position><LatitudeDegrees>60.068413</LatitudeDegrees><LongitudeDegrees>18.760193</LongitudeDegrees></Position><AltitudeMeters>13.2</AltitudeMeters><HeartRateBpm><Value>99</Value></HeartRateBpm><Cadence>33</Cadence></Trackpoint><Trackpoint><Time>2026-05-01T20:32:57.768Z</Time><Position><LatitudeDegrees>60.06841</LatitudeDegrees><LongitudeDegrees>18.760181</LongitudeDegrees></Position><AltitudeMeters>13.194</AltitudeMeters><HeartRateBpm><Value>99</Value></HeartRateBpm><Cadence>31</Cadence></Trackpoint><Trackpoint><Time>2026-05-01T20:32:58.767Z</Time><Position><LatitudeDegrees>60.0684</LatitudeDegrees><LongitudeDegrees>18.760168</LongitudeDegrees></Position><AltitudeMeters>13.182</AltitudeMeters><HeartRateBpm><Value>98</Value></HeartRateBpm><Cadence>30</Cadence></Trackpoint><Trackpoint><Time>2026-05-01T20:33:19.320Z</Time><Position><LatitudeDegrees>60.068398</LatitudeDegrees><LongitudeDegrees>18.760157</LongitudeDegrees></Position><AltitudeMeters>13.257</AltitudeMeters><HeartRateBpm><Value>96</Value></HeartRateBpm><Cadence>14</Cadence></Trackpoint><Trackpoint><Time>2026-05-01T20:33:20.322Z</Time><Position><LatitudeDegrees>60.068394</LatitudeDegrees><LongitudeDegrees>18.760143</LongitudeDegrees></Position><AltitudeMeters>13.283</AltitudeMeters><HeartRateBpm><Value>96</Value></HeartRateBpm><Cadence>12</Cadence></Trackpoint><Trackpoint><Time>2026-05-01T20:33:21.319Z</Time><Position><LatitudeDegrees>60.06839</LatitudeDegrees><LongitudeDegrees>18.760128</LongitudeDegrees></Position><AltitudeMeters>13.132</AltitudeMeters><HeartRateBpm><Value>96</Value></HeartRateBpm><Cadence>11</Cadence></Trackpoint><Trackpoint><Time>2026-05-01T20:33:22.319Z</Time><Position><LatitudeDegrees>60.068386</LatitudeDegrees><LongitudeDegrees>18.760113</LongitudeDegrees></Position><AltitudeMeters>13.038</AltitudeMeters><HeartRateBpm><Value>96</Value></HeartRateBpm><Cadence>10</Cadence></Trackpoint><Trackpoint><Time>2026-05-01T20:33:23.320Z</Time><Position><LatitudeDegrees>60.068382</LatitudeDegrees><LongitudeDegrees>18.760103</LongitudeDegrees></Position><AltitudeMeters>13.028</AltitudeMeters><HeartRateBpm><Value>96</Value></HeartRateBpm><Cadence>9</Cadence></Trackpoint><Trackpoint><Time>2026-05-01T20:33:24.321Z</Time><Position><LatitudeDegrees>60.068382</LatitudeDegrees><LongitudeDegrees>18.760107</LongitudeDegrees></Position><AltitudeMeters>13.089</AltitudeMeters><HeartRateBpm><Value>96</Value></HeartRateBpm><Cadence>8</Cadence></Trackpoint><Trackpoint><Time>2026-05-01T20:33:25.320Z</Time><Position><LatitudeDegrees>60.068382</LatitudeDegrees><LongitudeDegrees>18.760117</LongitudeDegrees></Position><AltitudeMeters>13.089</AltitudeMeters><HeartRateBpm><Value>96</Value></HeartRateBpm><Cadence>8</Cadence></Trackpoint></Track></Lap></Activity></Activities></TrainingCenterDatabase>